3e+10  0  1  5.62037  0  0  12.6786  0  2.63601  9.63934e-06  0  0  0.000100713  0  5.14324e-07
3.9e+10  0  1.3  5.62037  0  0  12.6786  0  2.63601  1.25312e-05  0  0  0.000130928  0  6.68623e-07
4.8e+10  0  1.6  5.62037  0  0  12.6786  0  2.63601  1.5423e-05  0  0  0.000161143  0  8.22922e-07
5.7e+10  0  1.9  5.62038  0  0  12.6786  0  2.63601  1.83149e-05  0  0  0.000191359  0  9.77222e-07
6.6e+10  0  2.2  5.62038  0  0  12.6787  0  2.63601  2.12068e-05  0  0  0.000221575  0  1.13152e-06
7.5e+10  0  2.5  5.62038  0  0  12.6787  0  2.63602  2.40987e-05  0  0  0.000251792  0  1.28583e-06
8.4e+10  0  2.8  5.62039  0  0  12.6787  0  2.63602  2.69907e-05  0  0  0.00028201  0  1.44013e-06
9.3e+10  0  3.1  5.62039  0  0  12.6788  0  2.63602  2.98827e-05  0  0  0.00031223  0  1.59444e-06
1.02e+11  0  3.4  5.6204  0  0  12.6788  0  2.63602  3.27748e-05  0  0  0.00034245  0  1.74874e-06
1.11e+11  0  3.7  5.6204  0  0  12.6789  0  2.63602  3.56669e-05  0  0  0.000372671  0  1.90305e-06
1.2e+11  0  4  5.62041  0  0  12.6789  0  2.63602  3.85591e-05  0  0  0.000402894  0  2.05736e-06
1.29e+11  0  4.3  5.62041  0  0  12.679  0  2.63602  4.14513e-05  0  0  0.000433118  0  2.21168e-06
1.38e+11  0  4.6  5.62042  0  0  12.6791  0  2.63602  4.43436e-05  0  0  0.000463344  0  2.366e-06
1.47e+11  0  4.9  5.62043  0  0  12.6792  0  2.63602  4.7236e-05  0  0  0.000493572  0  2.52032e-06
1.56e+11  0  5.2  5.62043  0  0  12.6792  0  2.63602  5.01285e-05  0  0  0.000523801  0  2.67464e-06
1.65e+11  0  5.5  5.62044  0  0  12.6793  0  2.63602  5.3021e-05  0  0  0.000554033  0  2.82896e-06
1.74e+11  0  5.8  5.62045  0  0  12.6794  0  2.63602  5.59136e-05  0  0  0.000584266  0  2.98329e-06
1.83e+11  0  6.1  5.62046  0  0  12.6795  0  2.63602  5.88063e-05  0  0  0.000614501  0  3.13763e-06
1.92e+11  0  6.4  5.62047  0  0  12.6796  0  2.63602  6.16991e-05  0  0  0.000644739  0  3.29196e-06
2.01e+11  0  6.7  5.62048  0  0  12.6797  0  2.63603  6.4592e-05  0  0  0.000674979  0  3.4463e-06
2.1e+11  0  7  5.62049  0  0  12.6798  0  2.63603  6.7485e-05  0  0  0.000705221  0  3.60065e-06
2.19e+11  0  7.3  5.6205  0  0  12.6799  0  2.63603  7.03782e-05  0  0  0.000735466  0  3.75499e-06
2.28e+11  0  7.6  5.62051  0  0  12.68  0  2.63603  7.32714e-05  0  0  0.000765714  0  3.90935e-06
2.37e+11  0  7.9  5.62052  0  0  12.6801  0  2.63603  7.61647e-05  0  0  0.000795965  0  4.06371e-06
2.46e+11  0  8.2  5.62053  0  0  12.6802  0  2.63603  7.90582e-05  0  0  0.000826218  0  4.21807e-06
2.55e+11  0  8.5  5.62054  0  0  12.6804  0  2.63603  8.19518e-05  0  0  0.000856474  0  4.37243e-06
2.64e+11  0  8.8  5.62056  0  0  12.6805  0  2.63603  8.48455e-05  0  0  0.000886734  0  4.52681e-06
2.73e+11  0  9.1  5.62057  0  0  12.6806  0  2.63603  8.77394e-05  0  0  0.000916997  0  4.68118e-06
2.82e+11  0  9.4  5.62058  0  0  12.6808  0  2.63604  9.06334e-05  0  0  0.000947263  0  4.83557e-06
2.91e+11  0  9.7  5.6206  0  0  12.6809  0  2.63604  9.35275e-05  0  0  0.000977532  0  4.98996e-06
3e+11  0  10  5.62061  0  0  12.6811  0  2.63604  9.64218e-05  0  0  0.00100781  0  5.14435e-06
3.09e+11  0  10.3  5.62062  0  0  12.6812  0  2.63604  9.93163e-05  0  0  0.00103808  0  5.29875e-06
3.18e+11  0  10.6  5.62064  0  0  12.6814  0  2.63604  0.000102211  0  0  0.00106836  0  5.45316e-06
3.27e+11  0  10.9  5.62066  0  0  12.6815  0  2.63604  0.000105106  0  0  0.00109865  0  5.60757e-06
3.36e+11  0  11.2  5.62067  0  0  12.6817  0  2.63605  0.000108001  0  0  0.00112894  0  5.76199e-06
3.45e+11  0  11.5  5.62069  0  0  12.6819  0  2.63605  0.000110896  0  0  0.00115923  0  5.91642e-06
3.54e+11  0  11.8  5.6207  0  0  12.6821  0  2.63605  0.000113791  0  0  0.00118952  0  6.07085e-06
3.63e+11  0  12.1  5.62072  0  0  12.6822  0  2.63605  0.000116687  0  0  0.00121983  0  6.2253e-06
3.72e+11  0  12.4  5.62074  0  0  12.6824  0  2.63605  0.000119582  0  0  0.00125013  0  6.37974e-06
3.81e+11  0  12.7  5.62076  0  0  12.6826  0  2.63606  0.000122478  0  0  0.00128044  0  6.5342e-06
3.9e+11  0  13  5.62078  0  0  12.6828  0  2.63606  0.000125374  0  0  0.00131076  0  6.68866e-06
3.99e+11  0  13.3  5.6208  0  0  12.683  0  2.63606  0.00012827  0  0  0.00134108  0  6.84313e-06
4.08e+11  0  13.6  5.62081  0  0  12.6832  0  2.63606  0.000131167  0  0  0.0013714  0  6.99761e-06
4.17e+11  0  13.9  5.62083  0  0  12.6834  0  2.63606  0.000134064  0  0  0.00140173  0  7.1521e-06
4.26e+11  0  14.2  5.62085  0  0  12.6836  0  2.63607  0.00013696  0  0  0.00143206  0  7.3066e-06
4.35e+11  0  14.5  5.62088  0  0  12.6838  0  2.63607  0.000139858  0  0  0.0014624  0  7.4611e-06
4.44e+11  0  14.8  5.6209  0  0  12.6841  0  2.63607  0.000142755  0  0  0.00149275  0  7.61562e-06
4.53e+11  0  15.1  5.62092  0  0  12.6843  0  2.63607  0.000145652  0  0  0.0015231  0  7.77014e-06
4.62e+11  0  15.4  5.62094  0  0  12.6845  0  2.63607  0.00014855  0  0  0.00155345  0  7.92467e-06
4.71e+11  0  15.7  5.62096  0  0  12.6848  0  2.63608  0.000151448  0  0  0.00158382  0  8.07921e-06
4.8e+11  0  16  5.62099  0  0  12.685  0  2.63608  0.000154347  0  0  0.00161418  0  8.23376e-06
4.89e+11  0  16.3  5.62101  0  0  12.6852  0  2.63608  0.000157245  0  0  0.00164456  0  8.38832e-06
4.98e+11  0  16.6  5.62103  0  0  12.6855  0  2.63608  0.000160144  0  0  0.00167494  0  8.54289e-06
5.07e+11  0  16.9  5.62106  0  0  12.6857  0  2.63609  0.000163043  0  0  0.00170532  0  8.69747e-06
5.16e+11  0  17.2  5.62108  0  0  12.686  0  2.63609  0.000165942  0  0  0.00173571  0  8.85206e-06
5.25e+11  0  17.5  5.62111  0  0  12.6863  0  2.63609  0.000168842  0  0  0.00176611  0  9.00666e-06
5.34e+11  0  17.8  5.62113  0  0  12.6865  0  2.6361  0.000171742  0  0  0.00179652  0  9.16128e-06
5.43e+11  0  18.1  5.62116  0  0  12.6868  0  2.6361  0.000174642  0  0  0.00182693  0  9.3159e-06
5.52e+11  0  18.4  5.62119  0  0  12.6871  0  2.6361  0.000177542  0  0  0.00185735  0  9.47053e-06
5.61e+11  0  18.7  5.62121  0  0  12.6874  0  2.6361  0.000180443  0  0  0.00188777  0  9.62518e-06
5.7e+11  0  19  5.62124  0  0  12.6876  0  2.63611  0.000183344  0  0  0.0019182  0  9.77983e-06
5.79e+11  0  19.3  5.62127  0  0  12.6879  0  2.63611  0.000186245  0  0  0.00194864  0  9.9345e-06
5.88e+11  0  19.6  5.6213  0  0  12.6882  0  2.63611  0.000189147  0  0  0.00197908  0  1.00892e-05
5.97e+11  0  19.9  5.62132  0  0  12.6885  0  2.63612  0.000192049  0  0  0.00200954  0  1.02439e-05
6.06e+11  0  20.2  5.62135  0  0  12.6888  0  2.63612  0.000194951  0  0  0.00204  0  1.03986e-05
6.15e+11  0  20.5  5.62138  0  0  12.6891  0  2.63612  0.000197853  0  0  0.00207046  0  1.05533e-05
6.24e+11  0  20.8  5.62141  0  0  12.6895  0  2.63612  0.000200756  0  0  0.00210094  0  1.0708e-05
6.33e+11  0  21.1  5.62144  0  0  12.6898  0  2.63613  0.000203659  0  0  0.00213142  0  1.08628e-05
6.42e+11  0  21.4  5.62147  0  0  12.6901  0  2.63613  0.000206563  0  0  0.00216191  0  1.10175e-05
6.51e+11  0  21.7  5.6215  0  0  12.6904  0  2.63613  0.000209466  0  0  0.00219241  0  1.11723e-05
6.6e+11  0  22  5.62154  0  0  12.6908  0  2.63614  0.000212371  0  0  0.00222292  0  1.13271e-05
6.69e+11  0  22.3  5.62157  0  0  12.6911  0  2.63614  0.000215275  0  0  0.00225343  0  1.14818e-05
6.78e+11  0  22.6  5.6216  0  0  12.6914  0  2.63615  0.00021818  0  0  0.00228395  0  1.16367e-05
6.87e+11  0  22.9  5.62163  0  0  12.6918  0  2.63615  0.000221085  0  0  0.00231449  0  1.17915e-05
6.96e+11  0  23.2  5.62167  0  0  12.6921  0  2.63615  0.000223991  0  0  0.00234503  0  1.19463e-05
7.05e+11  0  23.5  5.6217  0  0  12.6925  0  2.63616  0.000226896  0  0  0.00237557  0  1.21012e-05
7.14e+11  0  23.8  5.62173  0  0  12.6928  0  2.63616  0.000229803  0  0  0.00240613  0  1.2256e-05
7.23e+11  0  24.1  5.62177  0  0  12.6932  0  2.63616  0.000232709  0  0  0.0024367  0  1.24109e-05
7.32e+11  0  24.4  5.6218  0  0  12.6936  0  2.63617  0.000235616  0  0  0.00246727  0  1.25658e-05
7.41e+11  0  24.7  5.62184  0  0  12.6939  0  2.63617  0.000238524  0  0  0.00249785  0  1.27207e-05
7.5e+11  0  25  5.62188  0  0  12.6943  0  2.63617  0.000241431  0  0  0.00252845  0  1.28756e-05
7.59e+11  0  25.3  5.62191  0  0  12.6947  0  2.63618  0.00024434  0  0  0.00255905  0  1.30305e-05
7.68e+11  0  25.6  5.62195  0  0  12.6951  0  2.63618  0.000247248  0  0  0.00258966  0  1.31855e-05
7.77e+11  0  25.9  5.62199  0  0  12.6955  0  2.63619  0.000250157  0  0  0.00262028  0  1.33405e-05
7.86e+11  0  26.2  5.62202  0  0  12.6959  0  2.63619  0.000253066  0  0  0.00265091  0  1.34954e-05
7.95e+11  0  26.5  5.62206  0  0  12.6963  0  2.63619  0.000255976  0  0  0.00268155  0  1.36504e-05
8.04e+11  0  26.8  5.6221  0  0  12.6967  0  2.6362  0.000258886  0  0  0.0027122  0  1.38055e-05
8.13e+11  0  27.1  5.62214  0  0  12.6971  0  2.6362  0.000261797  0  0  0.00274286  0  1.39605e-05
8.22e+11  0  27.4  5.62218  0  0  12.6975  0  2.63621  0.000264708  0  0  0.00277353  0  1.41155e-05
8.31e+11  0  27.7  5.62222  0  0  12.6979  0  2.63621  0.000267619  0  0  0.00280421  0  1.42706e-05
8.4e+11  0  28  5.62226  0  0  12.6983  0  2.63622  0.000270531  0  0  0.0028349  0  1.44257e-05
8.49e+11  0  28.3  5.6223  0  0  12.6988  0  2.63622  0.000273444  0  0  0.0028656  0  1.45808e-05
8.58e+11  0  28.6  5.62234  0  0  12.6992  0  2.63622  0.000276356  0  0  0.00289631  0  1.47359e-05
8.67e+11  0  28.9  5.62238  0  0  12.6996  0  2.63623  0.00027927  0  0  0.00292703  0  1.4891e-05
8.76e+11  0  29.2  5.62243  0  0  12.7001  0  2.63623  0.000282183  0  0  0.00295777  0  1.50462e-05
8.85e+11  0  29.5  5.62247  0  0  12.7005  0  2.63624  0.000285097  0  0  0.00298851  0  1.52013e-05
8.94e+11  0  29.8  5.62251  0  0  12.701  0  2.63624  0.000288012  0  0  0.00301926  0  1.53565e-05
9.03e+11  0  30.1  5.62256  0  0  12.7014  0  2.63625  0.000290927  0  0  0.00305003  0  1.55117e-05
9.12e+11  0  30.4  5.6226  0  0  12.7019  0  2.63625  0.000293842  0  0  0.00308081  0  1.5667e-05
9.21e+11  0  30.7  5.62264  0  0  12.7024  0  2.63626  0.000296758  0  0  0.00311159  0  1.58222e-05
9.3e+11  0  31  5.62269  0  0  12.7028  0  2.63626  0.000299675  0  0  0.00314239  0  1.59775e-05
9.39e+11  0  31.3  5.62273  0  0  12.7033  0  2.63627  0.000302592  0  0  0.0031732  0  1.61327e-05
9.48e+11  0  31.6  5.62278  0  0  12.7038  0  2.63627  0.000305509  0  0  0.00320403  0  1.6288e-05
9.57e+11  0  31.9  5.62282  0  0  12.7043  0  2.63628  0.000308427  0  0  0.00323486  0  1.64434e-05
9.66e+11  0  32.2  5.62287  0  0  12.7047  0  2.63628  0.000311345  0  0  0.00326571  0  1.65987e-05
9.75e+11  0  32.5  5.62292  0  0  12.7052  0  2.63629  0.000314264  0  0  0.00329657  0  1.6754e-05
9.84e+11  0  32.8  5.62297  0  0  12.7057  0  2.63629  0.000317184  0  0  0.00332744  0  1.69094e-05
9.93e+11  0  33.1  5.62301  0  0  12.7062  0  2.6363  0.000320104  0  0  0.00335832  0  1.70648e-05
1.002e+12  0  33.4  5.62306  0  0  12.7067  0  2.6363  0.000323024  0  0  0.00338921  0  1.72202e-05
1.011e+12  0  33.7  5.62311  0  0  12.7072  0  2.63631  0.000325945  0  0  0.00342012  0  1.73757e-05
1.02e+12  0  34  5.62316  0  0  12.7078  0  2.63631  0.000328867  0  0  0.00345104  0  1.75311e-05
1.029e+12  0  34.3  5.62321  0  0  12.7083  0  2.63632  0.000331789  0  0  0.00348197  0  1.76866e-05
1.038e+12  0  34.6  5.62326  0  0  12.7088  0  2.63632  0.000334711  0  0  0.00351292  0  1.78421e-05
1.047e+12  0  34.9  5.62331  0  0  12.7093  0  2.63633  0.000337634  0  0  0.00354388  0  1.79976e-05
1.056e+12  0  35.2  5.62336  0  0  12.7099  0  2.63633  0.000340558  0  0  0.00357485  0  1.81532e-05
1.065e+12  0  35.5  5.62341  0  0  12.7104  0  2.63634  0.000343482  0  0  0.00360583  0  1.83087e-05
1.074e+12  0  35.8  5.62346  0  0  12.711  0  2.63634  0.000346407  0  0  0.00363683  0  1.84643e-05
1.083e+12  0  36.1  5.62352  0  0  12.7115  0  2.63635  0.000349332  0  0  0.00366784  0  1.86199e-05
1.092e+12  0  36.4  5.62357  0  0  12.7121  0  2.63635  0.000352258  0  0  0.00369887  0  1.87755e-05
1.101e+12  0  36.7  5.62362  0  0  12.7126  0  2.63636  0.000355184  0  0  0.00372991  0  1.89312e-05
1.11e+12  0  37  5.62367  0  0  12.7132  0  2.63637  0.000358111  0  0  0.00376096  0  1.90869e-05
1.119e+12  0  37.3  5.62373  0  0  12.7137  0  2.63637  0.000361039  0  0  0.00379202  0  1.92425e-05
1.128e+12  0  37.6  5.62378  0  0  12.7143  0  2.63638  0.000363967  0  0  0.0038231  0  1.93983e-05
1.137e+12  0  37.9  5.62384  0  0  12.7149  0  2.63638  0.000366896  0  0  0.0038542  0  1.9554e-05
1.146e+12  0  38.2  5.62389  0  0  12.7155  0  2.63639  0.000369825  0  0  0.00388531  0  1.97098e-05
1.155e+12  0  38.5  5.62395  0  0  12.7161  0  2.6364  0.000372755  0  0  0.00391643  0  1.98656e-05
1.164e+12  0  38.8  5.624  0  0  12.7166  0  2.6364  0.000375686  0  0  0.00394757  0  2.00214e-05
1.173e+12  0  39.1  5.62406  0  0  12.7172  0  2.63641  0.000378617  0  0  0.00397872  0  2.01772e-05
1.182e+12  0  39.4  5.62412  0  0  12.7178  0  2.63641  0.000381549  0  0  0.00400988  0  2.03331e-05
1.191e+12  0  39.7  5.62418  0  0  12.7184  0  2.63642  0.000384481  0  0  0.00404106  0  2.04889e-05
1.2e+12  0  40  5.62423  0  0  12.719  0  2.63643  0.000387414  0  0  0.00407226  0  2.06448e-05
1.209e+12  0  40.3  5.62429  0  0  12.7197  0  2.63643  0.000390348  0  0  0.00410347  0  2.08008e-05
1.218e+12  0  40.6  5.62435  0  0  12.7203  0  2.63644  0.000393282  0  0  0.0041347  0  2.09567e-05
1.227e+12  0  40.9  5.62441  0  0  12.7209  0  2.63644  0.000396217  0  0  0.00416594  0  2.11127e-05
1.236e+12  0  41.2  5.62447  0  0  12.7215  0  2.63645  0.000399152  0  0  0.0041972  0  2.12687e-05
1.245e+12  0  41.5  5.62453  0  0  12.7222  0  2.63646  0.000402089  0  0  0.00422847  0  2.14247e-05
1.254e+12  0  41.8  5.62459  0  0  12.7228  0  2.63646  0.000405026  0  0  0.00425976  0  2.15808e-05
1.263e+12  0  42.1  5.62465  0  0  12.7234  0  2.63647  0.000407963  0  0  0.00429106  0  2.17369e-05
1.272e+12  0  42.4  5.62471  0  0  12.7241  0  2.63648  0.000410901  0  0  0.00432238  0  2.1893e-05
1.281e+12  0  42.7  5.62477  0  0  12.7247  0  2.63648  0.00041384  0  0  0.00435372  0  2.20491e-05
1.29e+12  0  43  5.62484  0  0  12.7254  0  2.63649  0.00041678  0  0  0.00438507  0  2.22053e-05
1.299e+12  0  43.3  5.6249  0  0  12.726  0  2.6365  0.00041972  0  0  0.00441644  0  2.23615e-05
1.308e+12  0  43.6  5.62496  0  0  12.7267  0  2.6365  0.000422661  0  0  0.00444782  0  2.25177e-05
1.317e+12  0  43.9  5.62503  0  0  12.7274  0  2.63651  0.000425602  0  0  0.00447922  0  2.26739e-05
1.326e+12  0  44.2  5.62509  0  0  12.7281  0  2.63652  0.000428544  0  0  0.00451064  0  2.28302e-05
1.335e+12  0  44.5  5.62515  0  0  12.7287  0  2.63652  0.000431487  0  0  0.00454207  0  2.29865e-05
1.344e+12  0  44.8  5.62522  0  0  12.7294  0  2.63653  0.000434431  0  0  0.00457353  0  2.31428e-05
1.353e+12  0  45.1  5.62529  0  0  12.7301  0  2.63654  0.000437375  0  0  0.00460499  0  2.32991e-05
1.362e+12  0  45.4  5.62535  0  0  12.7308  0  2.63654  0.00044032  0  0  0.00463648  0  2.34555e-05
1.371e+12  0  45.7  5.62542  0  0  12.7315  0  2.63655  0.000443266  0  0  0.00466798  0  2.36119e-05
1.38e+12  0  46  5.62548  0  0  12.7322  0  2.63656  0.000446212  0  0  0.0046995  0  2.37683e-05
1.389e+12  0  46.3  5.62555  0  0  12.7329  0  2.63657  0.00044916  0  0  0.00473104  0  2.39248e-05
1.398e+12  0  46.6  5.62562  0  0  12.7336  0  2.63657  0.000452108  0  0  0.00476259  0  2.40813e-05
1.407e+12  0  46.9  5.62569  0  0  12.7343  0  2.63658  0.000455056  0  0  0.00479417  0  2.42378e-05
1.416e+12  0  47.2  5.62576  0  0  12.7351  0  2.63659  0.000458006  0  0  0.00482576  0  2.43943e-05
1.425e+12  0  47.5  5.62582  0  0  12.7358  0  2.6366  0.000460956  0  0  0.00485736  0  2.45509e-05
1.434e+12  0  47.8  5.62589  0  0  12.7365  0  2.6366  0.000463907  0  0  0.00488899  0  2.47075e-05
1.443e+12  0  48.1  5.62596  0  0  12.7373  0  2.63661  0.000466858  0  0  0.00492064  0  2.48641e-05
1.452e+12  0  48.4  5.62603  0  0  12.738  0  2.63662  0.000469811  0  0  0.0049523  0  2.50208e-05
1.461e+12  0  48.7  5.6261  0  0  12.7387  0  2.63663  0.000472764  0  0  0.00498398  0  2.51775e-05
1.47e+12  0  49  5.62618  0  0  12.7395  0  2.63663  0.000475718  0  0  0.00501568  0  2.53342e-05
1.479e+12  0  49.3  5.62625  0  0  12.7402  0  2.63664  0.000478672  0  0  0.0050474  0  2.5491e-05
1.488e+12  0  49.6  5.62632  0  0  12.741  0  2.63665  0.000481628  0  0  0.00507914  0  2.56477e-05
1.497e+12  0  49.9  5.62639  0  0  12.7418  0  2.63666  0.000484584  0  0  0.00511089  0  2.58046e-05
1.506e+12  0  50.2  5.62646  0  0  12.7425  0  2.63666  0.000487541  0  0  0.00514267  0  2.59614e-05
1.515e+12  0  50.5  5.62654  0  0  12.7433  0  2.63667  0.000490499  0  0  0.00517446  0  2.61183e-05
1.524e+12  0  50.8  5.62661  0  0  12.7441  0  2.63668  0.000493458  0  0  0.00520628  0  2.62752e-05
1.533e+12  0  51.1  5.62669  0  0  12.7449  0  2.63669  0.000496417  0  0  0.00523811  0  2.64321e-05
1.542e+12  0  51.4  5.62676  0  0  12.7457  0  2.63669  0.000499377  0  0  0.00526996  0  2.65891e-05
1.551e+12  0  51.7  5.62684  0  0  12.7465  0  2.6367  0.000502338  0  0  0.00530183  0  2.67461e-05
1.56e+12  0  52  5.62691  0  0  12.7472  0  2.63671  0.0005053  0  0  0.00533373  0  2.69031e-05
1.569e+12  0  52.3  5.62699  0  0  12.7481  0  2.63672  0.000508263  0  0  0.00536564  0  2.70602e-05
1.578e+12  0  52.6  5.62706  0  0  12.7489  0  2.63673  0.000511226  0  0  0.00539757  0  2.72172e-05
1.587e+12  0  52.9  5.62714  0  0  12.7497  0  2.63674  0.000514191  0  0  0.00542952  0  2.73744e-05
1.596e+12  0  53.2  5.62722  0  0  12.7505  0  2.63674  0.000517156  0  0  0.0054615  0  2.75315e-05
1.605e+12  0  53.5  5.6273  0  0  12.7513  0  2.63675  0.000520122  0  0  0.00549349  0  2.76887e-05
1.614e+12  0  53.8  5.62737  0  0  12.7521  0  2.63676  0.000523089  0  0  0.0055255  0  2.78459e-05
1.623e+12  0  54.1  5.62745  0  0  12.753  0  2.63677  0.000526057  0  0  0.00555754  0  2.80032e-05
1.632e+12  0  54.4  5.62753  0  0  12.7538  0  2.63678  0.000529025  0  0  0.00558959  0  2.81605e-05
1.641e+12  0  54.7  5.62761  0  0  12.7546  0  2.63679  0.000531995  0  0  0.00562167  0  2.83178e-05
1.65e+12  0  55  5.62769  0  0  12.7555  0  2.63679  0.000534965  0  0  0.00565377  0  2.84752e-05
1.659e+12  0  55.3  5.62777  0  0  12.7563  0  2.6368  0.000537936  0  0  0.00568589  0  2.86326e-05
1.668e+12  0  55.6  5.62785  0  0  12.7572  0  2.63681  0.000540908  0  0  0.00571803  0  2.879e-05
1.677e+12  0  55.9  5.62793  0  0  12.7581  0  2.63682  0.000543881  0  0  0.00575019  0  2.89474e-05
1.686e+12  0  56.2  5.62802  0  0  12.7589  0  2.63683  0.000546855  0  0  0.00578237  0  2.91049e-05
1.695e+12  0  56.5  5.6281  0  0  12.7598  0  2.63684  0.00054983  0  0  0.00581457  0  2.92625e-05
1.704e+12  0  56.8  5.62818  0  0  12.7607  0  2.63685  0.000552805  0  0  0.0058468  0  2.942e-05
1.713e+12  0  57.1  5.62826  0  0  12.7615  0  2.63686  0.000555782  0  0  0.00587905  0  2.95776e-05
1.722e+12  0  57.4  5.62835  0  0  12.7624  0  2.63686  0.000558759  0  0  0.00591132  0  2.97353e-05
1.731e+12  0  57.7  5.62843  0  0  12.7633  0  2.63687  0.000561737  0  0  0.00594361  0  2.98929e-05
1.74e+12  0  58  5.62852  0  0  12.7642  0  2.63688  0.000564717  0  0  0.00597593  0  3.00506e-05
1.749e+12  0  58.3  5.6286  0  0  12.7651  0  2.63689  0.000567697  0  0  0.00600827  0  3.02084e-05
1.758e+12  0  58.6  5.62869  0  0  12.766  0  2.6369  0.000570678  0  0  0.00604063  0  3.03661e-05
1.767e+12  0  58.9  5.62877  0  0  12.7669  0  2.63691  0.00057366  0  0  0.00607301  0  3.0524e-05
1.776e+12  0  59.2  5.62886  0  0  12.7678  0  2.63692  0.000576643  0  0  0.00610541  0  3.06818e-05
1.785e+12  0  59.5  5.62895  0  0  12.7688  0  2.63693  0.000579627  0  0  0.00613784  0  3.08397e-05
1.794e+12  0  59.8  5.62903  0  0  12.7697  0  2.63694  0.000582612  0  0  0.00617029  0  3.09976e-05
1.803e+12  0  60.1  5.62912  0  0  12.7706  0  2.63695  0.000585597  0  0  0.00620277  0  3.11556e-05
1.812e+12  0  60.4  5.62921  0  0  12.7715  0  2.63696  0.000588584  0  0  0.00623527  0  3.13136e-05
1.821e+12  0  60.7  5.6293  0  0  12.7725  0  2.63696  0.000591572  0  0  0.00626779  0  3.14716e-05
1.83e+12  0  61  5.62939  0  0  12.7734  0  2.63697  0.00059456  0  0  0.00630034  0  3.16297e-05
1.839e+12  0  61.3  5.62947  0  0  12.7744  0  2.63698  0.00059755  0  0  0.00633291  0  3.17878e-05
1.848e+12  0  61.6  5.62956  0  0  12.7753  0  2.63699  0.000600541  0  0  0.0063655  0  3.19459e-05
1.857e+12  0  61.9  5.62966  0  0  12.7763  0  2.637  0.000603532  0  0  0.00639812  0  3.21041e-05
1.866e+12  0  62.2  5.62975  0  0  12.7772  0  2.63701  0.000606525  0  0  0.00643076  0  3.22623e-05
1.875e+12  0  62.5  5.62984  0  0  12.7782  0  2.63702  0.000609518  0  0  0.00646342  0  3.24206e-05
1.884e+12  0  62.8  5.62993  0  0  12.7792  0  2.63703  0.000612513  0  0  0.00649611  0  3.25789e-05
1.893e+12  0  63.1  5.63002  0  0  12.7802  0  2.63704  0.000615509  0  0  0.00652883  0  3.27372e-05
1.902e+12  0  63.4  5.63011  0  0  12.7811  0  2.63705  0.000618505  0  0  0.00656157  0  3.28956e-05
1.911e+12  0  63.7  5.63021  0  0  12.7821  0  2.63706  0.000621503  0  0  0.00659433  0  3.3054e-05
1.92e+12  0  64  5.6303  0  0  12.7831  0  2.63707  0.000624501  0  0  0.00662712  0  3.32125e-05
1.929e+12  0  64.3  5.63039  0  0  12.7841  0  2.63708  0.000627501  0  0  0.00665994  0  3.3371e-05
1.938e+12  0  64.6  5.63049  0  0  12.7851  0  2.63709  0.000630502  0  0  0.00669278  0  3.35295e-05
1.947e+12  0  64.9  5.63058  0  0  12.7861  0  2.6371  0.000633503  0  0  0.00672564  0  3.36881e-05
1.956e+12  0  65.2  5.63068  0  0  12.7871  0  2.63711  0.000636506  0  0  0.00675853  0  3.38467e-05
1.965e+12  0  65.5  5.63077  0  0  12.7881  0  2.63712  0.00063951  0  0  0.00679145  0  3.40053e-05
1.974e+12  0  65.8  5.63087  0  0  12.7892  0  2.63713  0.000642515  0  0  0.00682439  0  3.4164e-05
1.983e+12  0  66.1  5.63097  0  0  12.7902  0  2.63714  0.00064552  0  0  0.00685736  0  3.43228e-05
1.992e+12  0  66.4  5.63106  0  0  12.7912  0  2.63715  0.000648527  0  0  0.00689036  0  3.44816e-05
2.001e+12  0  66.7  5.63116  0  0  12.7923  0  2.63716  0.000651535  0  0  0.00692338  0  3.46404e-05
2.01e+12  0  67  5.63126  0  0  12.7933  0  2.63717  0.000654544  0  0  0.00695642  0  3.47992e-05
2.019e+12  0  67.3  5.63136  0  0  12.7943  0  2.63718  0.000657555  0  0  0.0069895  0  3.49581e-05
2.028e+12  0  67.6  5.63146  0  0  12.7954  0  2.63719  0.000660566  0  0  0.0070226  0  3.51171e-05
2.037e+12  0  67.9  5.63156  0  0  12.7965  0  2.63721  0.000663578  0  0  0.00705572  0  3.52761e-05
2.046e+12  0  68.2  5.63166  0  0  12.7975  0  2.63722  0.000666591  0  0  0.00708888  0  3.54351e-05
2.055e+12  0  68.5  5.63176  0  0  12.7986  0  2.63723  0.000669606  0  0  0.00712206  0  3.55942e-05
2.064e+12  0  68.8  5.63186  0  0  12.7996  0  2.63724  0.000672621  0  0  0.00715526  0  3.57533e-05
2.073e+12  0  69.1  5.63196  0  0  12.8007  0  2.63725  0.000675638  0  0  0.0071885  0  3.59124e-05
2.082e+12  0  69.4  5.63206  0  0  12.8018  0  2.63726  0.000678656  0  0  0.00722176  0  3.60716e-05
2.091e+12  0  69.7  5.63216  0  0  12.8029  0  2.63727  0.000681675  0  0  0.00725505  0  3.62309e-05
2.1e+12  0  70  5.63226  0  0  12.804  0  2.63728  0.000684695  0  0  0.00728837  0  3.63902e-05
2.109e+12  0  70.3  5.63237  0  0  12.8051  0  2.63729  0.000687716  0  0  0.00732171  0  3.65495e-05
2.118e+12  0  70.6  5.63247  0  0  12.8062  0  2.6373  0.000690738  0  0  0.00735509  0  3.67089e-05
2.127e+12  0  70.9  5.63257  0  0  12.8073  0  2.63731  0.000693762  0  0  0.00738849  0  3.68683e-05
2.136e+12  0  71.2  5.63268  0  0  12.8084  0  2.63732  0.000696786  0  0  0.00742192  0  3.70277e-05
2.145e+12  0  71.5  5.63278  0  0  12.8095  0  2.63734  0.000699812  0  0  0.00745538  0  3.71872e-05
2.154e+12  0  71.8  5.63289  0  0  12.8106  0  2.63735  0.000702839  0  0  0.00748886  0  3.73468e-05
2.163e+12  0  72.1  5.63299  0  0  12.8118  0  2.63736  0.000705867  0  0  0.00752238  0  3.75064e-05
2.172e+12  0  72.4  5.6331  0  0  12.8129  0  2.63737  0.000708896  0  0  0.00755592  0  3.7666e-05
2.181e+12  0  72.7  5.63321  0  0  12.814  0  2.63738  0.000711926  0  0  0.0075895  0  3.78257e-05
2.19e+12  0  73  5.63331  0  0  12.8152  0  2.63739  0.000714958  0  0  0.0076231  0  3.79854e-05
2.199e+12  0  73.3  5.63342  0  0  12.8163  0  2.6374  0.00071799  0  0  0.00765673  0  3.81452e-05
2.208e+12  0  73.6  5.63353  0  0  12.8175  0  2.63741  0.000721024  0  0  0.00769039  0  3.8305e-05
2.217e+12  0  73.9  5.63364  0  0  12.8186  0  2.63743  0.000724059  0  0  0.00772408  0  3.84649e-05
2.226e+12  0  74.2  5.63375  0  0  12.8198  0  2.63744  0.000727095  0  0  0.0077578  0  3.86248e-05
2.235e+12  0  74.5  5.63385  0  0  12.8209  0  2.63745  0.000730133  0  0  0.00779155  0  3.87848e-05
2.244e+12  0  74.8  5.63396  0  0  12.8221  0  2.63746  0.000733171  0  0  0.00782533  0  3.89448e-05
2.253e+12  0  75.1  5.63407  0  0  12.8233  0  2.63747  0.000736211  0  0  0.00785915  0  3.91048e-05
2.262e+12  0  75.4  5.63419  0  0  12.8245  0  2.63748  0.000739252  0  0  0.00789299  0  3.92649e-05
2.271e+12  0  75.7  5.6343  0  0  12.8257  0  2.6375  0.000742294  0  0  0.00792686  0  3.94251e-05
2.28e+12  0  76  5.63441  0  0  12.8269  0  2.63751  0.000745338  0  0  0.00796076  0  3.95853e-05
2.289e+12  0  76.3  5.63452  0  0  12.828  0  2.63752  0.000748383  0  0  0.00799469  0  3.97455e-05
2.298e+12  0  76.6  5.63463  0  0  12.8292  0  2.63753  0.000751429  0  0  0.00802865  0  3.99058e-05
2.307e+12  0  76.9  5.63475  0  0  12.8305  0  2.63754  0.000754476  0  0  0.00806265  0  4.00661e-05
2.316e+12  0  77.2  5.63486  0  0  12.8317  0  2.63756  0.000757524  0  0  0.00809667  0  4.02265e-05
2.325e+12  0  77.5  5.63497  0  0  12.8329  0  2.63757  0.000760574  0  0  0.00813073  0  4.03869e-05
2.334e+12  0  77.8  5.63509  0  0  12.8341  0  2.63758  0.000763625  0  0  0.00816482  0  4.05474e-05
2.343e+12  0  78.1  5.6352  0  0  12.8353  0  2.63759  0.000766677  0  0  0.00819894  0  4.07079e-05
2.352e+12  0  78.4  5.63532  0  0  12.8366  0  2.6376  0.00076973  0  0  0.00823309  0  4.08685e-05
2.361e+12  0  78.7  5.63543  0  0  12.8378  0  2.63762  0.000772785  0  0  0.00826727  0  4.10291e-05
2.37e+12  0  79  5.63555  0  0  12.839  0  2.63763  0.000775841  0  0  0.00830148  0  4.11898e-05
2.379e+12  0  79.3  5.63567  0  0  12.8403  0  2.63764  0.000778898  0  0  0.00833573  0  4.13505e-05
2.388e+12  0  79.6  5.63578  0  0  12.8415  0  2.63765  0.000781957  0  0  0.00837001  0  4.15113e-05
2.397e+12  0  79.9  5.6359  0  0  12.8428  0  2.63767  0.000785017  0  0  0.00840432  0  4.16721e-05
2.406e+12  0  80.2  5.63602  0  0  12.8441  0  2.63768  0.000788078  0  0  0.00843867  0  4.1833e-05
2.415e+12  0  80.5  5.63614  0  0  12.8453  0  2.63769  0.00079114  0  0  0.00847304  0  4.19939e-05
2.424e+12  0  80.8  5.63626  0  0  12.8466  0  2.6377  0.000794204  0  0  0.00850745  0  4.21549e-05
2.433e+12  0  81.1  5.63637  0  0  12.8479  0  2.63772  0.000797269  0  0  0.0085419  0  4.23159e-05
2.442e+12  0  81.4  5.63649  0  0  12.8492  0  2.63773  0.000800336  0  0  0.00857637  0  4.2477e-05
2.451e+12  0  81.7  5.63662  0  0  12.8505  0  2.63774  0.000803403  0  0  0.00861088  0  4.26382e-05
2.46e+12  0  82  5.63674  0  0  12.8518  0  2.63776  0.000806472  0  0  0.00864543  0  4.27993e-05
2.469e+12  0  82.3  5.63686  0  0  12.8531  0  2.63777  0.000809543  0  0  0.00868  0  4.29606e-05
2.478e+12  0  82.6  5.63698  0  0  12.8544  0  2.63778  0.000812615  0  0  0.00871461  0  4.31218e-05
2.487e+12  0  82.9  5.6371  0  0  12.8557  0  2.63779  0.000815688  0  0  0.00874926  0  4.32832e-05
2.496e+12  0  83.2  5.63722  0  0  12.857  0  2.63781  0.000818762  0  0  0.00878394  0  4.34446e-05
2.505e+12  0  83.5  5.63735  0  0  12.8583  0  2.63782  0.000821838  0  0  0.00881865  0  4.3606e-05
2.514e+12  0  83.8  5.63747  0  0  12.8596  0  2.63783  0.000824915  0  0  0.0088534  0  4.37675e-05
2.523e+12  0  84.1  5.63759  0  0  12.861  0  2.63785  0.000827993  0  0  0.00888818  0  4.3929e-05
2.532e+12  0  84.4  5.63772  0  0  12.8623  0  2.63786  0.000831073  0  0  0.008923  0  4.40906e-05
2.541e+12  0  84.7  5.63784  0  0  12.8636  0  2.63787  0.000834155  0  0  0.00895785  0  4.42523e-05
2.55e+12  0  85  5.63797  0  0  12.865  0  2.63789  0.000837237  0  0  0.00899273  0  4.4414e-05
2.559e+12  0  85.3  5.63809  0  0  12.8663  0  2.6379  0.000840321  0  0  0.00902766  0  4.45758e-05
2.568e+12  0  85.6  5.63822  0  0  12.8677  0  2.63791  0.000843407  0  0  0.00906261  0  4.47376e-05
2.577e+12  0  85.9  5.63835  0  0  12.8691  0  2.63793  0.000846494  0  0  0.00909761  0  4.48994e-05
2.586e+12  0  86.2  5.63847  0  0  12.8704  0  2.63794  0.000849582  0  0  0.00913263  0  4.50614e-05
2.595e+12  0  86.5  5.6386  0  0  12.8718  0  2.63795  0.000852671  0  0  0.0091677  0  4.52233e-05
2.604e+12  0  86.8  5.63873  0  0  12.8732  0  2.63797  0.000855762  0  0  0.0092028  0  4.53854e-05
2.613e+12  0  87.1  5.63886  0  0  12.8746  0  2.63798  0.000858855  0  0  0.00923793  0  4.55474e-05
2.622e+12  0  87.4  5.63899  0  0  12.8759  0  2.63799  0.000861949  0  0  0.00927311  0  4.57096e-05
2.631e+12  0  87.7  5.63912  0  0  12.8773  0  2.63801  0.000865044  0  0  0.00930831  0  4.58718e-05
2.64e+12  0  88  5.63925  0  0  12.8787  0  2.63802  0.000868141  0  0  0.00934356  0  4.6034e-05
2.649e+12  0  88.3  5.63938  0  0  12.8801  0  2.63804  0.000871239  0  0  0.00937884  0  4.61963e-05
2.658e+12  0  88.6  5.63951  0  0  12.8815  0  2.63805  0.000874339  0  0  0.00941416  0  4.63587e-05
2.667e+12  0  88.9  5.63964  0  0  12.883  0  2.63806  0.00087744  0  0  0.00944952  0  4.65211e-05
2.676e+12  0  89.2  5.63977  0  0  12.8844  0  2.63808  0.000880543  0  0  0.00948491  0  4.66836e-05
2.685e+12  0  89.5  5.6399  0  0  12.8858  0  2.63809  0.000883647  0  0  0.00952034  0  4.68461e-05
2.694e+12  0  89.8  5.64004  0  0  12.8872  0  2.63811  0.000886752  0  0  0.00955581  0  4.70087e-05
2.703e+12  0  90.1  5.64017  0  0  12.8887  0  2.63812  0.000889859  0  0  0.00959132  0  4.71713e-05
2.712e+12  0  90.4  5.6403  0  0  12.8901  0  2.63813  0.000892968  0  0  0.00962686  0  4.7334e-05
2.721e+12  0  90.7  5.64044  0  0  12.8916  0  2.63815  0.000896078  0  0  0.00966244  0  4.74968e-05
2.73e+12  0  91  5.64057  0  0  12.893  0  2.63816  0.000899189  0  0  0.00969806  0  4.76596e-05
2.739e+12  0  91.3  5.64071  0  0  12.8945  0  2.63818  0.000902302  0  0  0.00973372  0  4.78225e-05
2.748e+12  0  91.6  5.64084  0  0  12.8959  0  2.63819  0.000905417  0  0  0.00976942  0  4.79854e-05
2.757e+12  0  91.9  5.64098  0  0  12.8974  0  2.63821  0.000908532  0  0  0.00980515  0  4.81484e-05
2.766e+12  0  92.2  5.64112  0  0  12.8989  0  2.63822  0.00091165  0  0  0.00984093  0  4.83114e-05
2.775e+12  0  92.5  5.64125  0  0  12.9004  0  2.63823  0.000914769  0  0  0.00987674  0  4.84745e-05
2.784e+12  0  92.8  5.64139  0  0  12.9018  0  2.63825  0.00091789  0  0  0.00991259  0  4.86377e-05
2.793e+12  0  93.1  5.64153  0  0  12.9033  0  2.63826  0.000921012  0  0  0.00994849  0  4.88009e-05
2.802e+12  0  93.4  5.64167  0  0  12.9048  0  2.63828  0.000924135  0  0  0.00998442  0  4.89642e-05
2.811e+12  0  93.7  5.64181  0  0  12.9063  0  2.63829  0.00092726  0  0  0.0100204  0  4.91275e-05
2.82e+12  0  94  5.64195  0  0  12.9078  0  2.63831  0.000930387  0  0  0.0100564  0  4.92909e-05
2.829e+12  0  94.3  5.64208  0  0  12.9093  0  2.63832  0.000933515  0  0  0.0100924  0  4.94544e-05
2.838e+12  0  94.6  5.64223  0  0  12.9109  0  2.63834  0.000936645  0  0  0.0101285  0  4.96179e-05
2.847e+12  0  94.9  5.64237  0  0  12.9124  0  2.63835  0.000939776  0  0  0.0101647  0  4.97815e-05
2.856e+12  0  95.2  5.64251  0  0  12.9139  0  2.63837  0.000942909  0  0  0.0102008  0  4.99451e-05
2.865e+12  0  95.5  5.64265  0  0  12.9154  0  2.63838  0.000946044  0  0  0.0102371  0  5.01088e-05
2.874e+12  0  95.8  5.64279  0  0  12.917  0  2.6384  0.00094918  0  0  0.0102733  0  5.02726e-05
2.883e+12  0  96.1  5.64293  0  0  12.9185  0  2.63841  0.000952318  0  0  0.0103096  0  5.04364e-05
2.892e+12  0  96.4  5.64308  0  0  12.9201  0  2.63843  0.000955457  0  0  0.0103459  0  5.06003e-05
2.901e+12  0  96.7  5.64322  0  0  12.9216  0  2.63844  0.000958598  0  0  0.0103823  0  5.07642e-05
2.91e+12  0  97  5.64336  0  0  12.9232  0  2.63846  0.00096174  0  0  0.0104187  0  5.09282e-05
2.919e+12  0  97.3  5.64351  0  0  12.9247  0  2.63847  0.000964885  0  0  0.0104552  0  5.10923e-05
2.928e+12  0  97.6  5.64365  0  0  12.9263  0  2.63849  0.00096803  0  0  0.0104917  0  5.12564e-05
2.937e+12  0  97.9  5.6438  0  0  12.9279  0  2.6385  0.000971178  0  0  0.0105282  0  5.14206e-05
2.946e+12  0  98.2  5.64394  0  0  12.9295  0  2.63852  0.000974327  0  0  0.0105648  0  5.15849e-05
2.955e+12  0  98.5  5.64409  0  0  12.9311  0  2.63854  0.000977477  0  0  0.0106015  0  5.17492e-05
2.964e+12  0  98.8  5.64424  0  0  12.9327  0  2.63855  0.00098063  0  0  0.0106381  0  5.19136e-05
2.973e+12  0  99.1  5.64439  0  0  12.9343  0  2.63857  0.000983783  0  0  0.0106748  0  5.2078e-05
2.982e+12  0  99.4  5.64453  0  0  12.9359  0  2.63858  0.000986939  0  0  0.0107116  0  5.22425e-05
2.991e+12  0  99.7  5.64468  0  0  12.9375  0  2.6386  0.000990096  0  0  0.0107484  0  5.24071e-05
3e+12  0  100  5.64483  0  0  12.9391  0  2.63861  0.000993255  0  0  0.0107852  0  5.25717e-05
3.009e+12  0  100.3  5.64498  0  0  12.9407  0  2.63863  0.000996416  0  0  0.0108221  0  5.27364e-05
3.018e+12  0  100.6  5.64513  0  0  12.9423  0  2.63865  0.000999578  0  0  0.0108591  0  5.29012e-05
3.027e+12  0  100.9  5.64528  0  0  12.944  0  2.63866  0.00100274  0  0  0.010896  0  5.3066e-05
3.036e+12  0  101.2  5.64543  0  0  12.9456  0  2.63868  0.00100591  0  0  0.010933  0  5.32309e-05
3.045e+12  0  101.5  5.64558  0  0  12.9472  0  2.63869  0.00100907  0  0  0.0109701  0  5.33958e-05
3.054e+12  0  101.8  5.64573  0  0  12.9489  0  2.63871  0.00101224  0  0  0.0110072  0  5.35609e-05
3.063e+12  0  102.1  5.64588  0  0  12.9505  0  2.63873  0.00101541  0  0  0.0110444  0  5.37259e-05
3.072e+12  0  102.4  5.64604  0  0  12.9522  0  2.63874  0.00101859  0  0  0.0110816  0  5.38911e-05
3.081e+12  0  102.7  5.64619  0  0  12.9539  0  2.63876  0.00102176  0  0  0.0111188  0  5.40563e-05
3.09e+12  0  103  5.64634  0  0  12.9555  0  2.63877  0.00102494  0  0  0.0111561  0  5.42216e-05
3.099e+12  0  103.3  5.6465  0  0  12.9572  0  2.63879  0.00102811  0  0  0.0111934  0  5.43869e-05
3.108e+12  0  103.6  5.64665  0  0  12.9589  0  2.63881  0.00103129  0  0  0.0112308  0  5.45524e-05
3.117e+12  0  103.9  5.64681  0  0  12.9606  0  2.63882  0.00103447  0  0  0.0112682  0  5.47178e-05
3.126e+12  0  104.2  5.64696  0  0  12.9623  0  2.63884  0.00103766  0  0  0.0113057  0  5.48834e-05
3.135e+12  0  104.5  5.64712  0  0  12.964  0  2.63886  0.00104084  0  0  0.0113432  0  5.5049e-05
3.144e+12  0  104.8  5.64727  0  0  12.9657  0  2.63887  0.00104403  0  0  0.0113808  0  5.52147e-05
3.153e+12  0  105.1  5.64743  0  0  12.9674  0  2.63889  0.00104722  0  0  0.0114184  0  5.53804e-05
3.162e+12  0  105.4  5.64759  0  0  12.9691  0  2.63891  0.00105041  0  0  0.011456  0  5.55462e-05
3.171e+12  0  105.7  5.64775  0  0  12.9708  0  2.63892  0.0010536  0  0  0.0114937  0  5.57121e-05
3.18e+12  0  106  5.64791  0  0  12.9726  0  2.63894  0.00105679  0  0  0.0115315  0  5.58781e-05
3.189e+12  0  106.3  5.64806  0  0  12.9743  0  2.63896  0.00105999  0  0  0.0115692  0  5.60441e-05
3.198e+12  0  106.6  5.64822  0  0  12.976  0  2.63897  0.00106318  0  0  0.0116071  0  5.62102e-05
3.207e+12  0  106.9  5.64838  0  0  12.9778  0  2.63899  0.00106638  0  0  0.011645  0  5.63763e-05
3.216e+12  0  107.2  5.64854  0  0  12.9795  0  2.63901  0.00106958  0  0  0.0116829  0  5.65426e-05
3.225e+12  0  107.5  5.6487  0  0  12.9813  0  2.63902  0.00107278  0  0  0.0117209  0  5.67089e-05
3.234e+12  0  107.8  5.64886  0  0  12.983  0  2.63904  0.00107599  0  0  0.0117589  0  5.68752e-05
3.243e+12  0  108.1  5.64903  0  0  12.9848  0  2.63906  0.00107919  0  0  0.011797  0  5.70417e-05
3.252e+12  0  108.4  5.64919  0  0  12.9866  0  2.63907  0.0010824  0  0  0.0118351  0  5.72082e-05
3.261e+12  0  108.7  5.64935  0  0  12.9884  0  2.63909  0.00108561  0  0  0.0118733  0  5.73747e-05
3.27e+12  0  109  5.64951  0  0  12.9901  0  2.63911  0.00108882  0  0  0.0119115  0  5.75414e-05
3.279e+12  0  109.3  5.64968  0  0  12.9919  0  2.63913  0.00109204  0  0  0.0119498  0  5.77081e-05
3.288e+12  0  109.6  5.64984  0  0  12.9937  0  2.63914  0.00109525  0  0  0.0119881  0  5.78749e-05
3.297e+12  0  109.9  5.65001  0  0  12.9955  0  2.63916  0.00109847  0  0  0.0120265  0  5.80417e-05
3.306e+12  0  110.2  5.65017  0  0  12.9973  0  2.63918  0.00110169  0  0  0.0120649  0  5.82087e-05
3.315e+12  0  110.5  5.65034  0  0  12.9991  0  2.6392  0.00110491  0  0  0.0121034  0  5.83757e-05
3.324e+12  0  110.8  5.6505  0  0  13.001  0  2.63921  0.00110813  0  0  0.0121419  0  5.85427e-05
3.333e+12  0  111.1  5.65067  0  0  13.0028  0  2.63923  0.00111136  0  0  0.0121805  0  5.87099e-05
3.342e+12  0  111.4  5.65084  0  0  13.0046  0  2.63925  0.00111458  0  0  0.0122191  0  5.88771e-05
3.351e+12  0  111.7  5.651  0  0  13.0064  0  2.63927  0.00111781  0  0  0.0122578  0  5.90444e-05
3.36e+12  0  112  5.65117  0  0  13.0083  0  2.63928  0.00112104  0  0  0.0122965  0  5.92117e-05
3.369e+12  0  112.3  5.65134  0  0  13.0101  0  2.6393  0.00112427  0  0  0.0123352  0  5.93792e-05
3.378e+12  0  112.6  5.65151  0  0  13.012  0  2.63932  0.00112751  0  0  0.0123741  0  5.95467e-05
3.387e+12  0  112.9  5.65168  0  0  13.0138  0  2.63934  0.00113074  0  0  0.0124129  0  5.97142e-05
3.396e+12  0  113.2  5.65185  0  0  13.0157  0  2.63936  0.00113398  0  0  0.0124519  0  5.98819e-05
3.405e+12  0  113.5  5.65202  0  0  13.0176  0  2.63937  0.00113722  0  0  0.0124908  0  6.00496e-05
3.414e+12  0  113.8  5.65219  0  0  13.0195  0  2.63939  0.00114046  0  0  0.0125299  0  6.02174e-05
3.423e+12  0  114.1  5.65236  0  0  13.0213  0  2.63941  0.0011437  0  0  0.012569  0  6.03853e-05
3.432e+12  0  114.4  5.65253  0  0  13.0232  0  2.63943  0.00114695  0  0  0.0126081  0  6.05532e-05
3.441e+12  0  114.7  5.6527  0  0  13.0251  0  2.63945  0.0011502  0  0  0.0126473  0  6.07212e-05
3.45e+12  0  115  5.65288  0  0  13.027  0  2.63946  0.00115345  0  0  0.0126865  0  6.08893e-05
3.459e+12  0  115.3  5.65305  0  0  13.0289  0  2.63948  0.0011567  0  0  0.0127258  0  6.10575e-05
3.468e+12  0  115.6  5.65322  0  0  13.0308  0  2.6395  0.00115995  0  0  0.0127651  0  6.12258e-05
3.477e+12  0  115.9  5.6534  0  0  13.0328  0  2.63952  0.00116321  0  0  0.0128045  0  6.13941e-05
3.486e+12  0  116.2  5.65357  0  0  13.0347  0  2.63954  0.00116646  0  0  0.012844  0  6.15625e-05
3.495e+12  0  116.5  5.65375  0  0  13.0366  0  2.63956  0.00116972  0  0  0.0128835  0  6.17309e-05
3.504e+12  0  116.8  5.65392  0  0  13.0385  0  2.63957  0.00117299  0  0  0.012923  0  6.18995e-05
3.513e+12  0  117.1  5.6541  0  0  13.0405  0  2.63959  0.00117625  0  0  0.0129627  0  6.20681e-05
3.522e+12  0  117.4  5.65428  0  0  13.0424  0  2.63961  0.00117951  0  0  0.0130023  0  6.22368e-05
3.531e+12  0  117.7  5.65445  0  0  13.0444  0  2.63963  0.00118278  0  0  0.013042  0  6.24056e-05
3.54e+12  0  118  5.65463  0  0  13.0463  0  2.63965  0.00118605  0  0  0.0130818  0  6.25744e-05
3.549e+12  0  118.3  5.65481  0  0  13.0483  0  2.63967  0.00118932  0  0  0.0131216  0  6.27434e-05
3.558e+12  0  118.6  5.65499  0  0  13.0503  0  2.63969  0.0011926  0  0  0.0131615  0  6.29124e-05
3.567e+12  0  118.9  5.65517  0  0  13.0523  0  2.63971  0.00119587  0  0  0.0132015  0  6.30815e-05
3.576e+12  0  119.2  5.65535  0  0  13.0542  0  2.63972  0.00119915  0  0  0.0132415  0  6.32506e-05
3.585e+12  0  119.5  5.65553  0  0  13.0562  0  2.63974  0.00120243  0  0  0.0132815  0  6.34199e-05
3.594e+12  0  119.8  5.65571  0  0  13.0582  0  2.63976  0.00120571  0  0  0.0133216  0  6.35892e-05
3.603e+12  0  120.1  5.65589  0  0  13.0602  0  2.63978  0.00120899  0  0  0.0133618  0  6.37586e-05
3.612e+12  0  120.4  5.65607  0  0  13.0622  0  2.6398  0.00121228  0  0  0.013402  0  6.3928e-05
3.621e+12  0  120.7  5.65625  0  0  13.0643  0  2.63982  0.00121557  0  0  0.0134423  0  6.40976e-05
3.63e+12  0  121  5.65644  0  0  13.0663  0  2.63984  0.00121886  0  0  0.0134826  0  6.42672e-05
3.639e+12  0  121.3  5.65662  0  0  13.0683  0  2.63986  0.00122215  0  0  0.013523  0  6.44369e-05
3.648e+12  0  121.6  5.6568  0  0  13.0703  0  2.63988  0.00122544  0  0  0.0135634  0  6.46067e-05
3.657e+12  0  121.9  5.65699  0  0  13.0724  0  2.6399  0.00122874  0  0  0.013604  0  6.47766e-05
3.666e+12  0  122.2  5.65717  0  0  13.0744  0  2.63992  0.00123204  0  0  0.0136445  0  6.49466e-05
3.675e+12  0  122.5  5.65736  0  0  13.0765  0  2.63994  0.00123534  0  0  0.0136851  0  6.51166e-05
3.684e+12  0  122.8  5.65754  0  0  13.0785  0  2.63996  0.00123864  0  0  0.0137258  0  6.52867e-05
3.693e+12  0  123.1  5.65773  0  0  13.0806  0  2.63998  0.00124195  0  0  0.0137665  0  6.54569e-05
3.702e+12  0  123.4  5.65791  0  0  13.0826  0  2.64  0.00124525  0  0  0.0138073  0  6.56272e-05
3.711e+12  0  123.7  5.6581  0  0  13.0847  0  2.64002  0.00124856  0  0  0.0138482  0  6.57975e-05
3.72e+12  0  124  5.65829  0  0  13.0868  0  2.64004  0.00125187  0  0  0.0138891  0  6.5968e-05
3.729e+12  0  124.3  5.65848  0  0  13.0889  0  2.64005  0.00125519  0  0  0.0139301  0  6.61385e-05
3.738e+12  0  124.6  5.65867  0  0  13.091  0  2.64007  0.0012585  0  0  0.0139711  0  6.63091e-05
3.747e+12  0  124.9  5.65885  0  0  13.0931  0  2.64009  0.00126182  0  0  0.0140122  0  6.64798e-05
3.756e+12  0  125.2  5.65904  0  0  13.0952  0  2.64011  0.00126514  0  0  0.0140533  0  6.66505e-05
3.765e+12  0  125.5  5.65923  0  0  13.0973  0  2.64013  0.00126846  0  0  0.0140945  0  6.68214e-05
3.774e+12  0  125.8  5.65942  0  0  13.0994  0  2.64015  0.00127179  0  0  0.0141358  0  6.69923e-05
3.783e+12  0  126.1  5.65962  0  0  13.1015  0  2.64017  0.00127511  0  0  0.0141771  0  6.71633e-05
3.792e+12  0  126.4  5.65981  0  0  13.1037  0  2.6402  0.00127844  0  0  0.0142185  0  6.73344e-05
3.801e+12  0  126.7  5.66  0  0  13.1058  0  2.64022  0.00128177  0  0  0.01426  0  6.75056e-05
3.81e+12  0  127  5.66019  0  0  13.1079  0  2.64024  0.0012851  0  0  0.0143015  0  6.76769e-05
3.819e+12  0  127.3  5.66038  0  0  13.1101  0  2.64026  0.00128844  0  0  0.0143431  0  6.78482e-05
3.828e+12  0  127.6  5.66058  0  0  13.1122  0  2.64028  0.00129178  0  0  0.0143847  0  6.80196e-05
3.837e+12  0  127.9  5.66077  0  0  13.1144  0  2.6403  0.00129512  0  0  0.0144264  0  6.81912e-05
3.846e+12  0  128.2  5.66097  0  0  13.1166  0  2.64032  0.00129846  0  0  0.0144682  0  6.83628e-05
3.855e+12  0  128.5  5.66116  0  0  13.1187  0  2.64034  0.0013018  0  0  0.01451  0  6.85344e-05
3.864e+12  0  128.8  5.66136  0  0  13.1209  0  2.64036  0.00130515  0  0  0.0145519  0  6.87062e-05
3.873e+12  0  129.1  5.66155  0  0  13.1231  0  2.64038  0.0013085  0  0  0.0145938  0  6.88781e-05
3.882e+12  0  129.4  5.66175  0  0  13.1253  0  2.6404  0.00131185  0  0  0.0146358  0  6.905e-05
3.891e+12  0  129.7  5.66195  0  0  13.1275  0  2.64042  0.0013152  0  0  0.0146779  0  6.9222e-05
3.9e+12  0  130  5.66214  0  0  13.1297  0  2.64044  0.00131856  0  0  0.01472  0  6.93942e-05
3.909e+12  0  130.3  5.66234  0  0  13.1319  0  2.64046  0.00132192  0  0  0.0147622  0  6.95664e-05
3.918e+12  0  130.6  5.66254  0  0  13.1341  0  2.64048  0.00132528  0  0  0.0148045  0  6.97386e-05
3.927e+12  0  130.9  5.66274  0  0  13.1364  0  2.6405  0.00132864  0  0  0.0148468  0  6.9911e-05
3.936e+12  0  131.2  5.66294  0  0  13.1386  0  2.64052  0.001332  0  0  0.0148892  0  7.00835e-05
3.945e+12  0  131.5  5.66314  0  0  13.1408  0  2.64055  0.00133537  0  0  0.0149316  0  7.0256e-05
3.954e+12  0  131.8  5.66334  0  0  13.1431  0  2.64057  0.00133874  0  0  0.0149742  0  7.04287e-05
3.963e+12  0  132.1  5.66354  0  0  13.1453  0  2.64059  0.00134211  0  0  0.0150168  0  7.06014e-05
3.972e+12  0  132.4  5.66374  0  0  13.1476  0  2.64061  0.00134548  0  0  0.0150594  0  7.07742e-05
3.981e+12  0  132.7  5.66394  0  0  13.1498  0  2.64063  0.00134886  0  0  0.0151021  0  7.09471e-05
3.99e+12  0  133  5.66415  0  0  13.1521  0  2.64065  0.00135224  0  0  0.0151449  0  7.11201e-05
3.999e+12  0  133.3  5.66435  0  0  13.1544  0  2.64067  0.00135562  0  0  0.0151877  0  7.12932e-05
4.008e+12  0  133.6  5.66455  0  0  13.1567  0  2.64069  0.001359  0  0  0.0152307  0  7.14663e-05
4.017e+12  0  133.9  5.66476  0  0  13.1589  0  2.64072  0.00136239  0  0  0.0152736  0  7.16396e-05
4.026e+12  0  134.2  5.66496  0  0  13.1612  0  2.64074  0.00136578  0  0  0.0153167  0  7.18129e-05
4.035e+12  0  134.5  5.66517  0  0  13.1635  0  2.64076  0.00136917  0  0  0.0153598  0  7.19864e-05
4.044e+12  0  134.8  5.66537  0  0  13.1658  0  2.64078  0.00137256  0  0  0.015403  0  7.21599e-05
4.053e+12  0  135.1  5.66558  0  0  13.1682  0  2.6408  0.00137596  0  0  0.0154462  0  7.23335e-05
4.062e+12  0  135.4  5.66579  0  0  13.1705  0  2.64082  0.00137935  0  0  0.0154895  0  7.25072e-05
4.071e+12  0  135.7  5.66599  0  0  13.1728  0  2.64085  0.00138275  0  0  0.0155329  0  7.2681e-05
4.08e+12  0  136  5.6662  0  0  13.1751  0  2.64087  0.00138616  0  0  0.0155764  0  7.28549e-05
4.089e+12  0  136.3  5.66641  0  0  13.1775  0  2.64089  0.00138956  0  0  0.0156199  0  7.30289e-05
4.098e+12  0  136.6  5.66662  0  0  13.1798  0  2.64091  0.00139297  0  0  0.0156635  0  7.32029e-05
4.107e+12  0  136.9  5.66683  0  0  13.1822  0  2.64093  0.00139638  0  0  0.0157071  0  7.33771e-05
4.116e+12  0  137.2  5.66704  0  0  13.1845  0  2.64096  0.00139979  0  0  0.0157509  0  7.35513e-05
4.125e+12  0  137.5  5.66725  0  0  13.1869  0  2.64098  0.0014032  0  0  0.0157947  0  7.37257e-05
4.134e+12  0  137.8  5.66746  0  0  13.1893  0  2.641  0.00140662  0  0  0.0158385  0  7.39001e-05
4.143e+12  0  138.1  5.66767  0  0  13.1917  0  2.64102  0.00141004  0  0  0.0158825  0  7.40746e-05
4.152e+12  0  138.4  5.66788  0  0  13.194  0  2.64104  0.00141346  0  0  0.0159265  0  7.42493e-05
4.161e+12  0  138.7  5.66809  0  0  13.1964  0  2.64107  0.00141689  0  0  0.0159706  0  7.4424e-05
4.17e+12  0  139  5.66831  0  0  13.1988  0  2.64109  0.00142031  0  0  0.0160147  0  7.45988e-05
4.179e+12  0  139.3  5.66852  0  0  13.2012  0  2.64111  0.00142374  0  0  0.0160589  0  7.47737e-05
4.188e+12  0  139.6  5.66873  0  0  13.2036  0  2.64113  0.00142718  0  0  0.0161032  0  7.49487e-05
4.197e+12  0  139.9  5.66895  0  0  13.2061  0  2.64116  0.00143061  0  0  0.0161476  0  7.51238e-05
4.206e+12  0  140.2  5.66916  0  0  13.2085  0  2.64118  0.00143405  0  0  0.016192  0  7.5299e-05
4.215e+12  0  140.5  5.66938  0  0  13.2109  0  2.6412  0.00143749  0  0  0.0162365  0  7.54742e-05
4.224e+12  0  140.8  5.66959  0  0  13.2134  0  2.64122  0.00144093  0  0  0.0162811  0  7.56496e-05
4.233e+12  0  141.1  5.66981  0  0  13.2158  0  2.64125  0.00144437  0  0  0.0163257  0  7.58251e-05
4.242e+12  0  141.4  5.67003  0  0  13.2183  0  2.64127  0.00144782  0  0  0.0163705  0  7.60006e-05
4.251e+12  0  141.7  5.67024  0  0  13.2207  0  2.64129  0.00145127  0  0  0.0164153  0  7.61763e-05
4.26e+12  0  142  5.67046  0  0  13.2232  0  2.64132  0.00145472  0  0  0.0164601  0  7.6352e-05
4.269e+12  0  142.3  5.67068  0  0  13.2257  0  2.64134  0.00145818  0  0  0.0165051  0  7.65279e-05
4.278e+12  0  142.6  5.6709  0  0  13.2281  0  2.64136  0.00146163  0  0  0.0165501  0  7.67038e-05
4.287e+12  0  142.9  5.67112  0  0  13.2306  0  2.64138  0.00146509  0  0  0.0165952  0  7.68799e-05
4.296e+12  0  143.2  5.67134  0  0  13.2331  0  2.64141  0.00146856  0  0  0.0166403  0  7.7056e-05
4.305e+12  0  143.5  5.67156  0  0  13.2356  0  2.64143  0.00147202  0  0  0.0166856  0  7.72323e-05
4.314e+12  0  143.8  5.67178  0  0  13.2381  0  2.64145  0.00147549  0  0  0.0167309  0  7.74086e-05
4.323e+12  0  144.1  5.672  0  0  13.2406  0  2.64148  0.00147896  0  0  0.0167763  0  7.7585e-05
4.332e+12  0  144.4  5.67222  0  0  13.2431  0  2.6415  0.00148243  0  0  0.0168217  0  7.77616e-05
4.341e+12  0  144.7  5.67245  0  0  13.2457  0  2.64152  0.00148591  0  0  0.0168673  0  7.79382e-05
4.35e+12  0  145  5.67267  0  0  13.2482  0  2.64155  0.00148939  0  0  0.0169129  0  7.81149e-05
4.359e+12  0  145.3  5.67289  0  0  13.2507  0  2.64157  0.00149287  0  0  0.0169586  0  7.82917e-05
4.368e+12  0  145.6  5.67312  0  0  13.2533  0  2.64159  0.00149635  0  0  0.0170044  0  7.84687e-05
4.377e+12  0  145.9  5.67334  0  0  13.2558  0  2.64162  0.00149984  0  0  0.0170502  0  7.86457e-05
4.386e+12  0  146.2  5.67357  0  0  13.2584  0  2.64164  0.00150332  0  0  0.0170961  0  7.88228e-05
4.395e+12  0  146.5  5.67379  0  0  13.261  0  2.64167  0.00150681  0  0  0.0171421  0  7.9e-05
4.404e+12  0  146.8  5.67402  0  0  13.2636  0  2.64169  0.00151031  0  0  0.0171882  0  7.91773e-05
4.413e+12  0  147.1  5.67425  0  0  13.2661  0  2.64171  0.00151381  0  0  0.0172344  0  7.93548e-05
4.422e+12  0  147.4  5.67447  0  0  13.2687  0  2.64174  0.0015173  0  0  0.0172806  0  7.95323e-05
4.431e+12  0  147.7  5.6747  0  0  13.2713  0  2.64176  0.00152081  0  0  0.0173269  0  7.97099e-05
4.44e+12  0  148  5.67493  0  0  13.2739  0  2.64178  0.00152431  0  0  0.0173733  0  7.98876e-05
4.449e+12  0  148.3  5.67516  0  0  13.2765  0  2.64181  0.00152782  0  0  0.0174198  0  8.00654e-05
4.458e+12  0  148.6  5.67539  0  0  13.2791  0  2.64183  0.00153133  0  0  0.0174663  0  8.02434e-05
4.467e+12  0  148.9  5.67562  0  0  13.2818  0  2.64186  0.00153484  0  0  0.017513  0  8.04214e-05
4.476e+12  0  149.2  5.67585  0  0  13.2844  0  2.64188  0.00153836  0  0  0.0175597  0  8.05995e-05
4.485e+12  0  149.5  5.67608  0  0  13.287  0  2.6419  0.00154188  0  0  0.0176065  0  8.07777e-05
4.494e+12  0  149.8  5.67631  0  0  13.2897  0  2.64193  0.0015454  0  0  0.0176533  0  8.09561e-05
4.503e+12  0  150.1  5.67654  0  0  13.2923  0  2.64195  0.00154892  0  0  0.0177003  0  8.11345e-05
4.512e+12  0  150.4  5.67678  0  0  13.295  0  2.64198  0.00155245  0  0  0.0177473  0  8.1313e-05
4.521e+12  0  150.7  5.67701  0  0  13.2977  0  2.642  0.00155598  0  0  0.0177944  0  8.14917e-05
4.53e+12  0  151  5.67724  0  0  13.3003  0  2.64203  0.00155951  0  0  0.0178416  0  8.16704e-05
4.539e+12  0  151.3  5.67748  0  0  13.303  0  2.64205  0.00156304  0  0  0.0178889  0  8.18493e-05
4.548e+12  0  151.6  5.67771  0  0  13.3057  0  2.64208  0.00156658  0  0  0.0179362  0  8.20282e-05
4.557e+12  0  151.9  5.67795  0  0  13.3084  0  2.6421  0.00157012  0  0  0.0179837  0  8.22073e-05
4.566e+12  0  152.2  5.67818  0  0  13.3111  0  2.64212  0.00157366  0  0  0.0180312  0  8.23864e-05
4.575e+12  0  152.5  5.67842  0  0  13.3138  0  2.64215  0.00157721  0  0  0.0180788  0  8.25657e-05
4.584e+12  0  152.8  5.67866  0  0  13.3165  0  2.64217  0.00158076  0  0  0.0181265  0  8.27451e-05
4.593e+12  0  153.1  5.67889  0  0  13.3192  0  2.6422  0.00158431  0  0  0.0181743  0  8.29245e-05
4.602e+12  0  153.4  5.67913  0  0  13.322  0  2.64222  0.00158786  0  0  0.0182221  0  8.31041e-05
4.611e+12  0  153.7  5.67937  0  0  13.3247  0  2.64225  0.00159142  0  0  0.0182701  0  8.32838e-05
4.62e+12  0  154  5.67961  0  0  13.3274  0  2.64227  0.00159498  0  0  0.0183181  0  8.34636e-05
4.629e+12  0  154.3  5.67985  0  0  13.3302  0  2.6423  0.00159854  0  0  0.0183662  0  8.36435e-05
4.638e+12  0  154.6  5.68009  0  0  13.333  0  2.64232  0.00160211  0  0  0.0184144  0  8.38235e-05
4.647e+12  0  154.9  5.68033  0  0  13.3357  0  2.64235  0.00160568  0  0  0.0184627  0  8.40036e-05
4.656e+12  0  155.2  5.68057  0  0  13.3385  0  2.64237  0.00160925  0  0  0.0185111  0  8.41838e-05
4.665e+12  0  155.5  5.68081  0  0  13.3413  0  2.6424  0.00161282  0  0  0.0185595  0  8.43641e-05
4.674e+12  0  155.8  5.68105  0  0  13.3441  0  2.64243  0.0016164  0  0  0.0186081  0  8.45446e-05
4.683e+12  0  156.1  5.6813  0  0  13.3469  0  2.64245  0.00161998  0  0  0.0186567  0  8.47251e-05
4.692e+12  0  156.4  5.68154  0  0  13.3497  0  2.64248  0.00162356  0  0  0.0187054  0  8.49058e-05
4.701e+12  0  156.7  5.68178  0  0  13.3525  0  2.6425  0.00162715  0  0  0.0187542  0  8.50865e-05
4.71e+12  0  157  5.68203  0  0  13.3553  0  2.64253  0.00163074  0  0  0.0188031  0  8.52674e-05
4.719e+12  0  157.3  5.68227  0  0  13.3581  0  2.64255  0.00163433  0  0  0.0188521  0  8.54483e-05
4.728e+12  0  157.6  5.68252  0  0  13.3609  0  2.64258  0.00163793  0  0  0.0189012  0  8.56294e-05
4.737e+12  0  157.9  5.68276  0  0  13.3638  0  2.6426  0.00164152  0  0  0.0189503  0  8.58106e-05
4.746e+12  0  158.2  5.68301  0  0  13.3666  0  2.64263  0.00164512  0  0  0.0189996  0  8.59919e-05
4.755e+12  0  158.5  5.68326  0  0  13.3695  0  2.64266  0.00164873  0  0  0.0190489  0  8.61733e-05
4.764e+12  0  158.8  5.6835  0  0  13.3723  0  2.64268  0.00165233  0  0  0.0190983  0  8.63549e-05
4.773e+12  0  159.1  5.68375  0  0  13.3752  0  2.64271  0.00165594  0  0  0.0191478  0  8.65365e-05
4.782e+12  0  159.4  5.684  0  0  13.3781  0  2.64273  0.00165956  0  0  0.0191974  0  8.67182e-05
4.791e+12  0  159.7  5.68425  0  0  13.381  0  2.64276  0.00166317  0  0  0.0192471  0  8.69001e-05
4.8e+12  0  160  5.6845  0  0  13.3839  0  2.64279  0.00166679  0  0  0.0192969  0  8.7082e-05
4.809e+12  0  160.3  5.68475  0  0  13.3868  0  2.64281  0.00167041  0  0  0.0193468  0  8.72641e-05
4.818e+12  0  160.6  5.685  0  0  13.3897  0  2.64284  0.00167404  0  0  0.0193968  0  8.74463e-05
4.827e+12  0  160.9  5.68525  0  0  13.3926  0  2.64286  0.00167766  0  0  0.0194468  0  8.76286e-05
4.836e+12  0  161.2  5.6855  0  0  13.3955  0  2.64289  0.00168129  0  0  0.019497  0  8.7811e-05
4.845e+12  0  161.5  5.68576  0  0  13.3984  0  2.64292  0.00168493  0  0  0.0195472  0  8.79935e-05
4.854e+12  0  161.8  5.68601  0  0  13.4014  0  2.64294  0.00168857  0  0  0.0195976  0  8.81762e-05
4.863e+12  0  162.1  5.68626  0  0  13.4043  0  2.64297  0.0016922  0  0  0.019648  0  8.83589e-05
4.872e+12  0  162.4  5.68652  0  0  13.4073  0  2.643  0.00169585  0  0  0.0196985  0  8.85418e-05
4.881e+12  0  162.7  5.68677  0  0  13.4102  0  2.64302  0.00169949  0  0  0.0197491  0  8.87248e-05
4.89e+12  0  163  5.68703  0  0  13.4132  0  2.64305  0.00170314  0  0  0.0197999  0  8.89079e-05
4.899e+12  0  163.3  5.68728  0  0  13.4161  0  2.64308  0.00170679  0  0  0.0198507  0  8.90911e-05
4.908e+12  0  163.6  5.68754  0  0  13.4191  0  2.6431  0.00171045  0  0  0.0199016  0  8.92744e-05
4.917e+12  0  163.9  5.6878  0  0  13.4221  0  2.64313  0.00171411  0  0  0.0199526  0  8.94578e-05
4.926e+12  0  164.2  5.68805  0  0  13.4251  0  2.64316  0.00171777  0  0  0.0200037  0  8.96414e-05
4.935e+12  0  164.5  5.68831  0  0  13.4281  0  2.64318  0.00172143  0  0  0.0200548  0  8.9825e-05
4.944e+12  0  164.8  5.68857  0  0  13.4311  0  2.64321  0.0017251  0  0  0.0201061  0  9.00088e-05
4.953e+12  0  165.1  5.68883  0  0  13.4342  0  2.64324  0.00172877  0  0  0.0201575  0  9.01927e-05
4.962e+12  0  165.4  5.68909  0  0  13.4372  0  2.64326  0.00173245  0  0  0.020209  0  9.03767e-05
4.971e+12  0  165.7  5.68935  0  0  13.4402  0  2.64329  0.00173612  0  0  0.0202606  0  9.05608e-05
4.98e+12  0  166  5.68961  0  0  13.4433  0  2.64332  0.0017398  0  0  0.0203122  0  9.07451e-05
4.989e+12  0  166.3  5.68987  0  0  13.4463  0  2.64335  0.00174349  0  0  0.020364  0  9.09294e-05
4.998e+12  0  166.6  5.69013  0  0  13.4494  0  2.64337  0.00174717  0  0  0.0204159  0  9.11139e-05
5.007e+12  0  166.9  5.6904  0  0  13.4524  0  2.6434  0.00175086  0  0  0.0204679  0  9.12985e-05
5.016e+12  0  167.2  5.69066  0  0  13.4555  0  2.64343  0.00175455  0  0  0.0205199  0  9.14832e-05
5.025e+12  0  167.5  5.69092  0  0  13.4586  0  2.64346  0.00175825  0  0  0.0205721  0  9.16681e-05
5.034e+12  0  167.8  5.69119  0  0  13.4617  0  2.64348  0.00176195  0  0  0.0206244  0  9.1853e-05
5.043e+12  0  168.1  5.69145  0  0  13.4648  0  2.64351  0.00176565  0  0  0.0206767  0  9.20381e-05
5.052e+12  0  168.4  5.69172  0  0  13.4679  0  2.64354  0.00176936  0  0  0.0207292  0  9.22233e-05
5.061e+12  0  168.7  5.69198  0  0  13.471  0  2.64357  0.00177307  0  0  0.0207818  0  9.24086e-05
5.07e+12  0  169  5.69225  0  0  13.4741  0  2.64359  0.00177678  0  0  0.0208344  0  9.2594e-05
5.079e+12  0  169.3  5.69251  0  0  13.4772  0  2.64362  0.00178049  0  0  0.0208872  0  9.27796e-05
5.088e+12  0  169.6  5.69278  0  0  13.4804  0  2.64365  0.00178421  0  0  0.0209401  0  9.29652e-05
5.097e+12  0  169.9  5.69305  0  0  13.4835  0  2.64368  0.00178793  0  0  0.0209931  0  9.3151e-05
5.106e+12  0  170.2  5.69332  0  0  13.4867  0  2.64371  0.00179166  0  0  0.0210462  0  9.33369e-05
5.115e+12  0  170.5  5.69359  0  0  13.4898  0  2.64373  0.00179539  0  0  0.0210993  0  9.35229e-05
5.124e+12  0  170.8  5.69386  0  0  13.493  0  2.64376  0.00179912  0  0  0.0211526  0  9.37091e-05
5.133e+12  0  171.1  5.69413  0  0  13.4962  0  2.64379  0.00180285  0  0  0.021206  0  9.38954e-05
5.142e+12  0  171.4  5.6944  0  0  13.4994  0  2.64382  0.00180659  0  0  0.0212595  0  9.40817e-05
5.151e+12  0  171.7  5.69467  0  0  13.5026  0  2.64385  0.00181033  0  0  0.0213131  0  9.42683e-05
5.16e+12  0  172  5.69494  0  0  13.5058  0  2.64387  0.00181408  0  0  0.0213668  0  9.44549e-05
5.169e+12  0  172.3  5.69521  0  0  13.509  0  2.6439  0.00181783  0  0  0.0214206  0  9.46417e-05
5.178e+12  0  172.6  5.69549  0  0  13.5122  0  2.64393  0.00182158  0  0  0.0214745  0  9.48285e-05
5.187e+12  0  172.9  5.69576  0  0  13.5154  0  2.64396  0.00182533  0  0  0.0215286  0  9.50155e-05
5.196e+12  0  173.2  5.69603  0  0  13.5186  0  2.64399  0.00182909  0  0  0.0215827  0  9.52027e-05
5.205e+12  0  173.5  5.69631  0  0  13.5219  0  2.64402  0.00183285  0  0  0.0216369  0  9.53899e-05
5.214e+12  0  173.8  5.69658  0  0  13.5251  0  2.64405  0.00183662  0  0  0.0216913  0  9.55773e-05
5.223e+12  0  174.1  5.69686  0  0  13.5284  0  2.64407  0.00184039  0  0  0.0217457  0  9.57648e-05
5.232e+12  0  174.4  5.69714  0  0  13.5317  0  2.6441  0.00184416  0  0  0.0218003  0  9.59524e-05
5.241e+12  0  174.7  5.69741  0  0  13.5349  0  2.64413  0.00184793  0  0  0.0218549  0  9.61402e-05
5.25e+12  0  175  5.69769  0  0  13.5382  0  2.64416  0.00185171  0  0  0.0219097  0  9.6328e-05
5.259e+12  0  175.3  5.69797  0  0  13.5415  0  2.64419  0.00185549  0  0  0.0219646  0  9.6516e-05
5.268e+12  0  175.6  5.69825  0  0  13.5448  0  2.64422  0.00185928  0  0  0.0220196  0  9.67042e-05
5.277e+12  0  175.9  5.69853  0  0  13.5481  0  2.64425  0.00186307  0  0  0.0220747  0  9.68924e-05
5.286e+12  0  176.2  5.69881  0  0  13.5514  0  2.64428  0.00186686  0  0  0.0221299  0  9.70808e-05
5.295e+12  0  176.5  5.69909  0  0  13.5547  0  2.64431  0.00187066  0  0  0.0221852  0  9.72693e-05
5.304e+12  0  176.8  5.69937  0  0  13.5581  0  2.64434  0.00187446  0  0  0.0222407  0  9.74579e-05
5.313e+12  0  177.1  5.69965  0  0  13.5614  0  2.64436  0.00187826  0  0  0.0222962  0  9.76467e-05
5.322e+12  0  177.4  5.69993  0  0  13.5648  0  2.64439  0.00188206  0  0  0.0223519  0  9.78356e-05
5.331e+12  0  177.7  5.70021  0  0  13.5681  0  2.64442  0.00188587  0  0  0.0224077  0  9.80246e-05
5.34e+12  0  178  5.7005  0  0  13.5715  0  2.64445  0.00188969  0  0  0.0224635  0  9.82137e-05
5.349e+12  0  178.3  5.70078  0  0  13.5749  0  2.64448  0.0018935  0  0  0.0225195  0  9.8403e-05
5.358e+12  0  178.6  5.70106  0  0  13.5782  0  2.64451  0.00189732  0  0  0.0225757  0  9.85924e-05
5.367e+12  0  178.9  5.70135  0  0  13.5816  0  2.64454  0.00190115  0  0  0.0226319  0  9.87819e-05
5.376e+12  0  179.2  5.70163  0  0  13.585  0  2.64457  0.00190497  0  0  0.0226882  0  9.89716e-05
5.385e+12  0  179.5  5.70192  0  0  13.5884  0  2.6446  0.00190881  0  0  0.0227447  0  9.91613e-05
5.394e+12  0  179.8  5.70221  0  0  13.5919  0  2.64463  0.00191264  0  0  0.0228013  0  9.93513e-05
5.403e+12  0  180.1  5.70249  0  0  13.5953  0  2.64466  0.00191648  0  0  0.0228579  0  9.95413e-05
5.412e+12  0  180.4  5.70278  0  0  13.5987  0  2.64469  0.00192032  0  0  0.0229147  0  9.97315e-05
5.421e+12  0  180.7  5.70307  0  0  13.6022  0  2.64472  0.00192416  0  0  0.0229717  0  9.99218e-05
5.43e+12  0  181  5.70336  0  0  13.6056  0  2.64475  0.00192801  0  0  0.0230287  0  0.000100112
5.439e+12  0  181.3  5.70365  0  0  13.6091  0  2.64478  0.00193186  0  0  0.0230859  0  0.000100303
5.448e+12  0  181.6  5.70394  0  0  13.6125  0  2.64481  0.00193572  0  0  0.0231431  0  0.000100493
5.457e+12  0  181.9  5.70423  0  0  13.616  0  2.64484  0.00193958  0  0  0.0232005  0  0.000100684
5.466e+12  0  182.2  5.70452  0  0  13.6195  0  2.64487  0.00194344  0  0  0.023258  0  0.000100875
5.475e+12  0  182.5  5.70481  0  0  13.623  0  2.6449  0.00194731  0  0  0.0233157  0  0.000101066
5.484e+12  0  182.8  5.7051  0  0  13.6265  0  2.64493  0.00195118  0  0  0.0233734  0  0.000101258
5.493e+12  0  183.1  5.7054  0  0  13.63  0  2.64496  0.00195505  0  0  0.0234313  0  0.000101449
5.502e+12  0  183.4  5.70569  0  0  13.6335  0  2.64499  0.00195893  0  0  0.0234893  0  0.00010164
5.511e+12  0  183.7  5.70598  0  0  13.637  0  2.64502  0.00196281  0  0  0.0235474  0  0.000101832
5.52e+12  0  184  5.70628  0  0  13.6406  0  2.64505  0.0019667  0  0  0.0236056  0  0.000102024
5.529e+12  0  184.3  5.70657  0  0  13.6441  0  2.64508  0.00197058  0  0  0.023664  0  0.000102216
5.538e+12  0  184.6  5.70687  0  0  13.6477  0  2.64511  0.00197448  0  0  0.0237224  0  0.000102408
5.547e+12  0  184.9  5.70717  0  0  13.6512  0  2.64515  0.00197837  0  0  0.023781  0  0.0001026
5.556e+12  0  185.2  5.70746  0  0  13.6548  0  2.64518  0.00198227  0  0  0.0238398  0  0.000102792
5.565e+12  0  185.5  5.70776  0  0  13.6584  0  2.64521  0.00198617  0  0  0.0238986  0  0.000102985
5.574e+12  0  185.8  5.70806  0  0  13.662  0  2.64524  0.00199008  0  0  0.0239576  0  0.000103177
5.583e+12  0  186.1  5.70836  0  0  13.6656  0  2.64527  0.00199399  0  0  0.0240167  0  0.00010337
5.592e+12  0  186.4  5.70866  0  0  13.6692  0  2.6453  0.00199791  0  0  0.0240759  0  0.000103563
5.601e+12  0  186.7  5.70896  0  0  13.6728  0  2.64533  0.00200183  0  0  0.0241352  0  0.000103756
5.61e+12  0  187  5.70926  0  0  13.6764  0  2.64536  0.00200575  0  0  0.0241947  0  0.000103949
5.619e+12  0  187.3  5.70956  0  0  13.6801  0  2.64539  0.00200967  0  0  0.0242543  0  0.000104142
5.628e+12  0  187.6  5.70986  0  0  13.6837  0  2.64542  0.0020136  0  0  0.024314  0  0.000104336
5.637e+12  0  187.9  5.71016  0  0  13.6873  0  2.64546  0.00201754  0  0  0.0243739  0  0.000104529
5.646e+12  0  188.2  5.71047  0  0  13.691  0  2.64549  0.00202147  0  0  0.0244338  0  0.000104723
5.655e+12  0  188.5  5.71077  0  0  13.6947  0  2.64552  0.00202541  0  0  0.0244939  0  0.000104917
5.664e+12  0  188.8  5.71107  0  0  13.6984  0  2.64555  0.00202936  0  0  0.0245542  0  0.00010511
5.673e+12  0  189.1  5.71138  0  0  13.702  0  2.64558  0.00203331  0  0  0.0246145  0  0.000105305
5.682e+12  0  189.4  5.71168  0  0  13.7057  0  2.64561  0.00203726  0  0  0.024675  0  0.000105499
5.691e+12  0  189.7  5.71199  0  0  13.7094  0  2.64565  0.00204122  0  0  0.0247357  0  0.000105693
5.7e+12  0  190  5.7123  0  0  13.7132  0  2.64568  0.00204518  0  0  0.0247964  0  0.000105888
5.709e+12  0  190.3  5.7126  0  0  13.7169  0  2.64571  0.00204914  0  0  0.0248573  0  0.000106082
5.718e+12  0  190.6  5.71291  0  0  13.7206  0  2.64574  0.00205311  0  0  0.0249183  0  0.000106277
5.727e+12  0  190.9  5.71322  0  0  13.7244  0  2.64577  0.00205708  0  0  0.0249795  0  0.000106472
5.736e+12  0  191.2  5.71353  0  0  13.7281  0  2.6458  0.00206106  0  0  0.0250407  0  0.000106667
5.745e+12  0  191.5  5.71384  0  0  13.7319  0  2.64584  0.00206503  0  0  0.0251021  0  0.000106862
5.754e+12  0  191.8  5.71415  0  0  13.7356  0  2.64587  0.00206902  0  0  0.0251637  0  0.000107058
5.763e+12  0  192.1  5.71446  0  0  13.7394  0  2.6459  0.00207301  0  0  0.0252254  0  0.000107253
5.772e+12  0  192.4  5.71477  0  0  13.7432  0  2.64593  0.002077  0  0  0.0252872  0  0.000107449
5.781e+12  0  192.7  5.71508  0  0  13.747  0  2.64597  0.00208099  0  0  0.0253491  0  0.000107645
5.79e+12  0  193  5.71539  0  0  13.7508  0  2.646  0.00208499  0  0  0.0254112  0  0.00010784
5.799e+12  0  193.3  5.71571  0  0  13.7546  0  2.64603  0.00208899  0  0  0.0254734  0  0.000108037
5.808e+12  0  193.6  5.71602  0  0  13.7585  0  2.64606  0.002093  0  0  0.0255358  0  0.000108233
5.817e+12  0  193.9  5.71634  0  0  13.7623  0  2.6461  0.00209701  0  0  0.0255983  0  0.000108429
5.826e+12  0  194.2  5.71665  0  0  13.7661  0  2.64613  0.00210103  0  0  0.0256609  0  0.000108626
5.835e+12  0  194.5  5.71697  0  0  13.77  0  2.64616  0.00210505  0  0  0.0257237  0  0.000108822
5.844e+12  0  194.8  5.71728  0  0  13.7738  0  2.64619  0.00210907  0  0  0.0257866  0  0.000109019
5.853e+12  0  195.1  5.7176  0  0  13.7777  0  2.64623  0.0021131  0  0  0.0258497  0  0.000109216
5.862e+12  0  195.4  5.71792  0  0  13.7816  0  2.64626  0.00211713  0  0  0.0259128  0  0.000109413
5.871e+12  0  195.7  5.71823  0  0  13.7855  0  2.64629  0.00212116  0  0  0.0259762  0  0.00010961
5.88e+12  0  196  5.71855  0  0  13.7894  0  2.64632  0.0021252  0  0  0.0260396  0  0.000109808
5.889e+12  0  196.3  5.71887  0  0  13.7933  0  2.64636  0.00212925  0  0  0.0261032  0  0.000110005
5.898e+12  0  196.6  5.71919  0  0  13.7972  0  2.64639  0.00213329  0  0  0.026167  0  0.000110203
5.907e+12  0  196.9  5.71951  0  0  13.8012  0  2.64642  0.00213734  0  0  0.0262309  0  0.000110401
5.916e+12  0  197.2  5.71983  0  0  13.8051  0  2.64646  0.0021414  0  0  0.0262949  0  0.000110599
5.925e+12  0  197.5  5.72015  0  0  13.809  0  2.64649  0.00214546  0  0  0.0263591  0  0.000110797
5.934e+12  0  197.8  5.72048  0  0  13.813  0  2.64652  0.00214952  0  0  0.0264234  0  0.000110995
5.943e+12  0  198.1  5.7208  0  0  13.817  0  2.64656  0.00215359  0  0  0.0264879  0  0.000111193
5.952e+12  0  198.4  5.72112  0  0  13.8209  0  2.64659  0.00215766  0  0  0.0265525  0  0.000111392
5.961e+12  0  198.7  5.72145  0  0  13.8249  0  2.64662  0.00216174  0  0  0.0266173  0  0.000111591
5.97e+12  0  199  5.72177  0  0  13.8289  0  2.64666  0.00216582  0  0  0.0266822  0  0.000111789
5.979e+12  0  199.3  5.7221  0  0  13.8329  0  2.64669  0.0021699  0  0  0.0267472  0  0.000111988
5.988e+12  0  199.6  5.72242  0  0  13.837  0  2.64672  0.00217399  0  0  0.0268124  0  0.000112188
5.997e+12  0  199.9  5.72275  0  0  13.841  0  2.64676  0.00217809  0  0  0.0268777  0  0.000112387
6.006e+12  0  200.2  5.72307  0  0  13.845  0  2.64679  0.00218218  0  0  0.0269432  0  0.000112586
6.015e+12  0  200.5  5.7234  0  0  13.8491  0  2.64683  0.00218628  0  0  0.0270089  0  0.000112786
6.024e+12  0  200.8  5.72373  0  0  13.8531  0  2.64686  0.00219039  0  0  0.0270747  0  0.000112986
6.033e+12  0  201.1  5.72406  0  0  13.8572  0  2.64689  0.0021945  0  0  0.0271406  0  0.000113186
6.042e+12  0  201.4  5.72439  0  0  13.8613  0  2.64693  0.00219861  0  0  0.0272067  0  0.000113386
6.051e+12  0  201.7  5.72472  0  0  13.8653  0  2.64696  0.00220273  0  0  0.0272729  0  0.000113586
6.06e+12  0  202  5.72505  0  0  13.8694  0  2.647  0.00220685  0  0  0.0273393  0  0.000113786
6.069e+12  0  202.3  5.72538  0  0  13.8735  0  2.64703  0.00221098  0  0  0.0274059  0  0.000113987
6.078e+12  0  202.6  5.72571  0  0  13.8777  0  2.64706  0.00221511  0  0  0.0274726  0  0.000114187
6.087e+12  0  202.9  5.72605  0  0  13.8818  0  2.6471  0.00221925  0  0  0.0275394  0  0.000114388
6.096e+12  0  203.2  5.72638  0  0  13.8859  0  2.64713  0.00222339  0  0  0.0276064  0  0.000114589
6.105e+12  0  203.5  5.72671  0  0  13.8901  0  2.64717  0.00222753  0  0  0.0276736  0  0.00011479
6.114e+12  0  203.8  5.72705  0  0  13.8942  0  2.6472  0.00223168  0  0  0.0277409  0  0.000114992
6.123e+12  0  204.1  5.72738  0  0  13.8984  0  2.64724  0.00223583  0  0  0.0278083  0  0.000115193
6.132e+12  0  204.4  5.72772  0  0  13.9026  0  2.64727  0.00223999  0  0  0.027876  0  0.000115395
6.141e+12  0  204.7  5.72805  0  0  13.9068  0  2.6473  0.00224415  0  0  0.0279437  0  0.000115596
6.15e+12  0  205  5.72839  0  0  13.9109  0  2.64734  0.00224831  0  0  0.0280117  0  0.000115798
6.159e+12  0  205.3  5.72873  0  0  13.9152  0  2.64737  0.00225248  0  0  0.0280798  0  0.000116
6.168e+12  0  205.6  5.72907  0  0  13.9194  0  2.64741  0.00225666  0  0  0.028148  0  0.000116203
6.177e+12  0  205.9  5.72941  0  0  13.9236  0  2.64744  0.00226084  0  0  0.0282164  0  0.000116405
6.186e+12  0  206.2  5.72974  0  0  13.9278  0  2.64748  0.00226502  0  0  0.028285  0  0.000116608
6.195e+12  0  206.5  5.73008  0  0  13.9321  0  2.64751  0.00226921  0  0  0.0283537  0  0.00011681
6.204e+12  0  206.8  5.73043  0  0  13.9363  0  2.64755  0.0022734  0  0  0.0284226  0  0.000117013
6.213e+12  0  207.1  5.73077  0  0  13.9406  0  2.64758  0.00227759  0  0  0.0284917  0  0.000117216
6.222e+12  0  207.4  5.73111  0  0  13.9449  0  2.64762  0.00228179  0  0  0.0285609  0  0.000117419
6.231e+12  0  207.7  5.73145  0  0  13.9492  0  2.64765  0.002286  0  0  0.0286303  0  0.000117623
6.24e+12  0  208  5.73179  0  0  13.9535  0  2.64769  0.00229021  0  0  0.0286998  0  0.000117826
6.249e+12  0  208.3  5.73214  0  0  13.9578  0  2.64773  0.00229442  0  0  0.0287695  0  0.00011803
6.258e+12  0  208.6  5.73248  0  0  13.9621  0  2.64776  0.00229864  0  0  0.0288394  0  0.000118234
6.267e+12  0  208.9  5.73283  0  0  13.9664  0  2.6478  0.00230286  0  0  0.0289094  0  0.000118438
6.276e+12  0  209.2  5.73317  0  0  13.9708  0  2.64783  0.00230709  0  0  0.0289796  0  0.000118642
6.285e+12  0  209.5  5.73352  0  0  13.9751  0  2.64787  0.00231132  0  0  0.02905  0  0.000118846
6.294e+12  0  209.8  5.73387  0  0  13.9795  0  2.6479  0.00231556  0  0  0.0291205  0  0.00011905
6.303e+12  0  210.1  5.73421  0  0  13.9839  0  2.64794  0.0023198  0  0  0.0291912  0  0.000119255
6.312e+12  0  210.4  5.73456  0  0  13.9883  0  2.64797  0.00232405  0  0  0.0292621  0  0.00011946
6.321e+12  0  210.7  5.73491  0  0  13.9926  0  2.64801  0.0023283  0  0  0.0293331  0  0.000119665
6.33e+12  0  211  5.73526  0  0  13.9971  0  2.64805  0.00233255  0  0  0.0294043  0  0.00011987
6.339e+12  0  211.3  5.73561  0  0  14.0015  0  2.64808  0.00233681  0  0  0.0294757  0  0.000120075
6.348e+12  0  211.6  5.73596  0  0  14.0059  0  2.64812  0.00234108  0  0  0.0295473  0  0.000120281
6.357e+12  0  211.9  5.73631  0  0  14.0103  0  2.64815  0.00234534  0  0  0.029619  0  0.000120486
6.366e+12  0  212.2  5.73667  0  0  14.0148  0  2.64819  0.00234962  0  0  0.0296909  0  0.000120692
6.375e+12  0  212.5  5.73702  0  0  14.0192  0  2.64823  0.00235389  0  0  0.0297629  0  0.000120898
6.384e+12  0  212.8  5.73737  0  0  14.0237  0  2.64826  0.00235818  0  0  0.0298352  0  0.000121104
6.393e+12  0  213.1  5.73773  0  0  14.0282  0  2.6483  0.00236246  0  0  0.0299076  0  0.00012131
6.402e+12  0  213.4  5.73808  0  0  14.0327  0  2.64834  0.00236676  0  0  0.0299802  0  0.000121517
6.411e+12  0  213.7  5.73844  0  0  14.0372  0  2.64837  0.00237105  0  0  0.0300529  0  0.000121723
6.42e+12  0  214  5.73879  0  0  14.0417  0  2.64841  0.00237535  0  0  0.0301259  0  0.00012193
6.429e+12  0  214.3  5.73915  0  0  14.0462  0  2.64845  0.00237966  0  0  0.030199  0  0.000122137
6.438e+12  0  214.6  5.73951  0  0  14.0508  0  2.64848  0.00238397  0  0  0.0302723  0  0.000122344
6.447e+12  0  214.9  5.73986  0  0  14.0553  0  2.64852  0.00238828  0  0  0.0303457  0  0.000122551
6.456e+12  0  215.2  5.74022  0  0  14.0599  0  2.64856  0.0023926  0  0  0.0304194  0  0.000122759
6.465e+12  0  215.5  5.74058  0  0  14.0644  0  2.64859  0.00239693  0  0  0.0304932  0  0.000122966
6.474e+12  0  215.8  5.74094  0  0  14.069  0  2.64863  0.00240126  0  0  0.0305672  0  0.000123174
6.483e+12  0  216.1  5.7413  0  0  14.0736  0  2.64867  0.00240559  0  0  0.0306414  0  0.000123382
6.492e+12  0  216.4  5.74166  0  0  14.0782  0  2.6487  0.00240993  0  0  0.0307158  0  0.00012359
6.501e+12  0  216.7  5.74202  0  0  14.0828  0  2.64874  0.00241428  0  0  0.0307903  0  0.000123798
6.51e+12  0  217  5.74239  0  0  14.0874  0  2.64878  0.00241862  0  0  0.0308651  0  0.000124007
6.519e+12  0  217.3  5.74275  0  0  14.0921  0  2.64882  0.00242298  0  0  0.03094  0  0.000124215
6.528e+12  0  217.6  5.74311  0  0  14.0967  0  2.64885  0.00242734  0  0  0.0310151  0  0.000124424
6.537e+12  0  217.9  5.74348  0  0  14.1014  0  2.64889  0.0024317  0  0  0.0310904  0  0.000124633
6.546e+12  0  218.2  5.74384  0  0  14.106  0  2.64893  0.00243607  0  0  0.0311658  0  0.000124842
6.555e+12  0  218.5  5.74421  0  0  14.1107  0  2.64896  0.00244044  0  0  0.0312415  0  0.000125052
6.564e+12  0  218.8  5.74458  0  0  14.1154  0  2.649  0.00244482  0  0  0.0313173  0  0.000125261
6.573e+12  0  219.1  5.74494  0  0  14.1201  0  2.64904  0.0024492  0  0  0.0313934  0  0.000125471
6.582e+12  0  219.4  5.74531  0  0  14.1248  0  2.64908  0.00245359  0  0  0.0314696  0  0.000125681
6.591e+12  0  219.7  5.74568  0  0  14.1296  0  2.64912  0.00245798  0  0  0.031546  0  0.00012589
6.6e+12  0  220  5.74605  0  0  14.1343  0  2.64915  0.00246238  0  0  0.0316226  0  0.000126101
6.609e+12  0  220.3  5.74642  0  0  14.139  0  2.64919  0.00246678  0  0  0.0316994  0  0.000126311
6.618e+12  0  220.6  5.74679  0  0  14.1438  0  2.64923  0.00247118  0  0  0.0317764  0  0.000126521
6.627e+12  0  220.9  5.74716  0  0  14.1486  0  2.64927  0.0024756  0  0  0.0318536  0  0.000126732
6.636e+12  0  221.2  5.74753  0  0  14.1534  0  2.6493  0.00248001  0  0  0.0319309  0  0.000126943
6.645e+12  0  221.5  5.7479  0  0  14.1581  0  2.64934  0.00248443  0  0  0.0320085  0  0.000127154
6.654e+12  0  221.8  5.74828  0  0  14.163  0  2.64938  0.00248886  0  0  0.0320863  0  0.000127365
6.663e+12  0  222.1  5.74865  0  0  14.1678  0  2.64942  0.00249329  0  0  0.0321642  0  0.000127577
6.672e+12  0  222.4  5.74902  0  0  14.1726  0  2.64946  0.00249773  0  0  0.0322424  0  0.000127788
6.681e+12  0  222.7  5.7494  0  0  14.1774  0  2.6495  0.00250217  0  0  0.0323207  0  0.000128
6.69e+12  0  223  5.74977  0  0  14.1823  0  2.64953  0.00250662  0  0  0.0323993  0  0.000128212
6.699e+12  0  223.3  5.75015  0  0  14.1872  0  2.64957  0.00251107  0  0  0.032478  0  0.000128424
6.708e+12  0  223.6  5.75053  0  0  14.192  0  2.64961  0.00251553  0  0  0.032557  0  0.000128636
6.717e+12  0  223.9  5.75091  0  0  14.1969  0  2.64965  0.00251999  0  0  0.0326361  0  0.000128849
6.726e+12  0  224.2  5.75128  0  0  14.2018  0  2.64969  0.00252446  0  0  0.0327154  0  0.000129061
6.735e+12  0  224.5  5.75166  0  0  14.2067  0  2.64973  0.00252893  0  0  0.032795  0  0.000129274
6.744e+12  0  224.8  5.75204  0  0  14.2117  0  2.64977  0.00253341  0  0  0.0328747  0  0.000129487
6.753e+12  0  225.1  5.75242  0  0  14.2166  0  2.64981  0.00253789  0  0  0.0329547  0  0.0001297
6.762e+12  0  225.4  5.7528  0  0  14.2216  0  2.64984  0.00254238  0  0  0.0330348  0  0.000129914
6.771e+12  0  225.7  5.75319  0  0  14.2265  0  2.64988  0.00254687  0  0  0.0331152  0  0.000130127
6.78e+12  0  226  5.75357  0  0  14.2315  0  2.64992  0.00255137  0  0  0.0331958  0  0.000130341
6.789e+12  0  226.3  5.75395  0  0  14.2365  0  2.64996  0.00255587  0  0  0.0332765  0  0.000130555
6.798e+12  0  226.6  5.75433  0  0  14.2415  0  2.65  0.00256038  0  0  0.0333575  0  0.000130769
6.807e+12  0  226.9  5.75472  0  0  14.2465  0  2.65004  0.00256489  0  0  0.0334387  0  0.000130983
6.816e+12  0  227.2  5.7551  0  0  14.2515  0  2.65008  0.00256941  0  0  0.0335201  0  0.000131198
6.825e+12  0  227.5  5.75549  0  0  14.2565  0  2.65012  0.00257393  0  0  0.0336017  0  0.000131412
6.834e+12  0  227.8  5.75588  0  0  14.2616  0  2.65016  0.00257846  0  0  0.0336835  0  0.000131627
6.843e+12  0  228.1  5.75626  0  0  14.2666  0  2.6502  0.002583  0  0  0.0337655  0  0.000131842
6.852e+12  0  228.4  5.75665  0  0  14.2717  0  2.65024  0.00258754  0  0  0.0338478  0  0.000132057
6.861e+12  0  228.7  5.75704  0  0  14.2768  0  2.65028  0.00259208  0  0  0.0339302  0  0.000132273
6.87e+12  0  229  5.75743  0  0  14.2819  0  2.65032  0.00259663  0  0  0.0340129  0  0.000132488
6.879e+12  0  229.3  5.75782  0  0  14.287  0  2.65036  0.00260119  0  0  0.0340958  0  0.000132704
6.888e+12  0  229.6  5.75821  0  0  14.2921  0  2.6504  0.00260575  0  0  0.0341789  0  0.00013292
6.897e+12  0  229.9  5.7586  0  0  14.2972  0  2.65044  0.00261031  0  0  0.0342622  0  0.000133136
6.906e+12  0  230.2  5.75899  0  0  14.3024  0  2.65048  0.00261488  0  0  0.0343457  0  0.000133352
6.915e+12  0  230.5  5.75938  0  0  14.3075  0  2.65052  0.00261946  0  0  0.0344294  0  0.000133569
6.924e+12  0  230.8  5.75978  0  0  14.3127  0  2.65056  0.00262404  0  0  0.0345134  0  0.000133785
6.933e+12  0  231.1  5.76017  0  0  14.3179  0  2.6506  0.00262863  0  0  0.0345976  0  0.000134002
6.942e+12  0  231.4  5.76057  0  0  14.3231  0  2.65064  0.00263322  0  0  0.034682  0  0.000134219
6.951e+12  0  231.7  5.76096  0  0  14.3283  0  2.65068  0.00263782  0  0  0.0347666  0  0.000134436
6.96e+12  0  232  5.76136  0  0  14.3335  0  2.65072  0.00264242  0  0  0.0348515  0  0.000134654
6.969e+12  0  232.3  5.76175  0  0  14.3388  0  2.65076  0.00264703  0  0  0.0349365  0  0.000134871
6.978e+12  0  232.6  5.76215  0  0  14.344  0  2.6508  0.00265165  0  0  0.0350218  0  0.000135089
6.987e+12  0  232.9  5.76255  0  0  14.3493  0  2.65084  0.00265627  0  0  0.0351074  0  0.000135307
6.996e+12  0  233.2  5.76295  0  0  14.3545  0  2.65088  0.00266089  0  0  0.0351931  0  0.000135525
7.005e+12  0  233.5  5.76335  0  0  14.3598  0  2.65092  0.00266552  0  0  0.0352791  0  0.000135744
7.014e+12  0  233.8  5.76375  0  0  14.3651  0  2.65096  0.00267016  0  0  0.0353653  0  0.000135962
7.023e+12  0  234.1  5.76415  0  0  14.3704  0  2.651  0.0026748  0  0  0.0354517  0  0.000136181
7.032e+12  0  234.4  5.76455  0  0  14.3758  0  2.65104  0.00267945  0  0  0.0355384  0  0.0001364
7.041e+12  0  234.7  5.76495  0  0  14.3811  0  2.65108  0.0026841  0  0  0.0356253  0  0.000136619
7.05e+12  0  235  5.76536  0  0  14.3864  0  2.65112  0.00268876  0  0  0.0357124  0  0.000136839
7.059e+12  0  235.3  5.76576  0  0  14.3918  0  2.65117  0.00269342  0  0  0.0357997  0  0.000137058
7.068e+12  0  235.6  5.76616  0  0  14.3972  0  2.65121  0.00269809  0  0  0.0358873  0  0.000137278
7.077e+12  0  235.9  5.76657  0  0  14.4026  0  2.65125  0.00270277  0  0  0.0359752  0  0.000137498
7.086e+12  0  236.2  5.76697  0  0  14.408  0  2.65129  0.00270745  0  0  0.0360632  0  0.000137718
7.095e+12  0  236.5  5.76738  0  0  14.4134  0  2.65133  0.00271213  0  0  0.0361515  0  0.000137938
7.104e+12  0  236.8  5.76779  0  0  14.4188  0  2.65137  0.00271682  0  0  0.03624  0  0.000138159
7.113e+12  0  237.1  5.7682  0  0  14.4243  0  2.65141  0.00272152  0  0  0.0363288  0  0.000138379
7.122e+12  0  237.4  5.7686  0  0  14.4297  0  2.65146  0.00272622  0  0  0.0364178  0  0.0001386
7.131e+12  0  237.7  5.76901  0  0  14.4352  0  2.6515  0.00273093  0  0  0.0365071  0  0.000138821
7.14e+12  0  238  5.76942  0  0  14.4407  0  2.65154  0.00273565  0  0  0.0365965  0  0.000139042
7.149e+12  0  238.3  5.76983  0  0  14.4462  0  2.65158  0.00274037  0  0  0.0366863  0  0.000139264
7.158e+12  0  238.6  5.77025  0  0  14.4517  0  2.65162  0.00274509  0  0  0.0367762  0  0.000139486
7.167e+12  0  238.9  5.77066  0  0  14.4572  0  2.65166  0.00274982  0  0  0.0368665  0  0.000139708
7.176e+12  0  239.2  5.77107  0  0  14.4627  0  2.65171  0.00275456  0  0  0.0369569  0  0.00013993
7.185e+12  0  239.5  5.77148  0  0  14.4683  0  2.65175  0.0027593  0  0  0.0370476  0  0.000140152
7.194e+12  0  239.8  5.7719  0  0  14.4738  0  2.65179  0.00276405  0  0  0.0371386  0  0.000140374
7.203e+12  0  240.1  5.77231  0  0  14.4794  0  2.65183  0.00276881  0  0  0.0372298  0  0.000140597
7.212e+12  0  240.4  5.77273  0  0  14.485  0  2.65187  0.00277357  0  0  0.0373212  0  0.00014082
7.221e+12  0  240.7  5.77315  0  0  14.4906  0  2.65192  0.00277833  0  0  0.0374129  0  0.000141043
7.23e+12  0  241  5.77356  0  0  14.4962  0  2.65196  0.00278311  0  0  0.0375049  0  0.000141266
7.239e+12  0  241.3  5.77398  0  0  14.5019  0  2.652  0.00278788  0  0  0.0375971  0  0.00014149
7.248e+12  0  241.6  5.7744  0  0  14.5075  0  2.65204  0.00279267  0  0  0.0376895  0  0.000141713
7.257e+12  0  241.9  5.77482  0  0  14.5132  0  2.65209  0.00279746  0  0  0.0377823  0  0.000141937
7.266e+12  0  242.2  5.77524  0  0  14.5188  0  2.65213  0.00280225  0  0  0.0378752  0  0.000142161
7.275e+12  0  242.5  5.77566  0  0  14.5245  0  2.65217  0.00280705  0  0  0.0379684  0  0.000142386
7.284e+12  0  242.8  5.77608  0  0  14.5302  0  2.65221  0.00281186  0  0  0.0380619  0  0.00014261
7.293e+12  0  243.1  5.7765  0  0  14.5359  0  2.65226  0.00281667  0  0  0.0381557  0  0.000142835
7.302e+12  0  243.4  5.77693  0  0  14.5417  0  2.6523  0.00282149  0  0  0.0382497  0  0.00014306
7.311e+12  0  243.7  5.77735  0  0  14.5474  0  2.65234  0.00282631  0  0  0.0383439  0  0.000143285
7.32e+12  0  244  5.77777  0  0  14.5532  0  2.65239  0.00283114  0  0  0.0384384  0  0.00014351
7.329e+12  0  244.3  5.7782  0  0  14.559  0  2.65243  0.00283598  0  0  0.0385332  0  0.000143736
7.338e+12  0  244.6  5.77862  0  0  14.5647  0  2.65247  0.00284082  0  0  0.0386283  0  0.000143961
7.347e+12  0  244.9  5.77905  0  0  14.5705  0  2.65252  0.00284567  0  0  0.0387236  0  0.000144187
7.356e+12  0  245.2  5.77948  0  0  14.5764  0  2.65256  0.00285053  0  0  0.0388191  0  0.000144413
7.365e+12  0  245.5  5.77991  0  0  14.5822  0  2.6526  0.00285539  0  0  0.038915  0  0.00014464
7.374e+12  0  245.8  5.78033  0  0  14.588  0  2.65265  0.00286025  0  0  0.0390111  0  0.000144866
7.383e+12  0  246.1  5.78076  0  0  14.5939  0  2.65269  0.00286513  0  0  0.0391075  0  0.000145093
7.392e+12  0  246.4  5.78119  0  0  14.5998  0  2.65273  0.00287  0  0  0.0392041  0  0.00014532
7.401e+12  0  246.7  5.78162  0  0  14.6056  0  2.65278  0.00287489  0  0  0.039301  0  0.000145547
7.41e+12  0  247  5.78206  0  0  14.6115  0  2.65282  0.00287978  0  0  0.0393982  0  0.000145775
7.419e+12  0  247.3  5.78249  0  0  14.6175  0  2.65286  0.00288468  0  0  0.0394957  0  0.000146002
7.428e+12  0  247.6  5.78292  0  0  14.6234  0  2.65291  0.00288958  0  0  0.0395934  0  0.00014623
7.437e+12  0  247.9  5.78336  0  0  14.6293  0  2.65295  0.00289449  0  0  0.0396914  0  0.000146458
7.446e+12  0  248.2  5.78379  0  0  14.6353  0  2.653  0.0028994  0  0  0.0397897  0  0.000146686
7.455e+12  0  248.5  5.78423  0  0  14.6413  0  2.65304  0.00290433  0  0  0.0398883  0  0.000146915
7.464e+12  0  248.8  5.78466  0  0  14.6473  0  2.65308  0.00290925  0  0  0.0399872  0  0.000147143
7.473e+12  0  249.1  5.7851  0  0  14.6533  0  2.65313  0.00291419  0  0  0.0400863  0  0.000147372
7.482e+12  0  249.4  5.78554  0  0  14.6593  0  2.65317  0.00291913  0  0  0.0401857  0  0.000147601
7.491e+12  0  249.7  5.78597  0  0  14.6653  0  2.65322  0.00292407  0  0  0.0402854  0  0.00014783
7.5e+12  0  250  5.78641  0  0  14.6714  0  2.65326  0.00292903  0  0  0.0403854  0  0.00014806
7.509e+12  0  250.3  5.78685  0  0  14.6774  0  2.65331  0.00293398  0  0  0.0404856  0  0.00014829
7.518e+12  0  250.6  5.78729  0  0  14.6835  0  2.65335  0.00293895  0  0  0.0405862  0  0.00014852
7.527e+12  0  250.9  5.78773  0  0  14.6896  0  2.65339  0.00294392  0  0  0.040687  0  0.00014875
7.536e+12  0  251.2  5.78818  0  0  14.6957  0  2.65344  0.0029489  0  0  0.0407881  0  0.00014898
7.545e+12  0  251.5  5.78862  0  0  14.7019  0  2.65348  0.00295388  0  0  0.0408896  0  0.000149211
7.554e+12  0  251.8  5.78906  0  0  14.708  0  2.65353  0.00295887  0  0  0.0409913  0  0.000149441
7.563e+12  0  252.1  5.78951  0  0  14.7141  0  2.65357  0.00296387  0  0  0.0410933  0  0.000149672
7.572e+12  0  252.4  5.78995  0  0  14.7203  0  2.65362  0.00296887  0  0  0.0411955  0  0.000149904
7.581e+12  0  252.7  5.7904  0  0  14.7265  0  2.65366  0.00297388  0  0  0.0412981  0  0.000150135
7.59e+12  0  253  5.79084  0  0  14.7327  0  2.65371  0.0029789  0  0  0.041401  0  0.000150367
7.599e+12  0  253.3  5.79129  0  0  14.7389  0  2.65375  0.00298392  0  0  0.0415042  0  0.000150599
7.608e+12  0  253.6  5.79174  0  0  14.7452  0  2.6538  0.00298895  0  0  0.0416077  0  0.000150831
7.617e+12  0  253.9  5.79219  0  0  14.7514  0  2.65384  0.00299398  0  0  0.0417115  0  0.000151063
7.626e+12  0  254.2  5.79264  0  0  14.7577  0  2.65389  0.00299902  0  0  0.0418155  0  0.000151296
7.635e+12  0  254.5  5.79309  0  0  14.7639  0  2.65393  0.00300407  0  0  0.0419199  0  0.000151528
7.644e+12  0  254.8  5.79354  0  0  14.7702  0  2.65398  0.00300912  0  0  0.0420246  0  0.000151761
7.653e+12  0  255.1  5.79399  0  0  14.7766  0  2.65403  0.00301419  0  0  0.0421296  0  0.000151995
7.662e+12  0  255.4  5.79444  0  0  14.7829  0  2.65407  0.00301925  0  0  0.0422349  0  0.000152228
7.671e+12  0  255.7  5.7949  0  0  14.7892  0  2.65412  0.00302433  0  0  0.0423405  0  0.000152462
7.68e+12  0  256  5.79535  0  0  14.7956  0  2.65416  0.00302941  0  0  0.0424464  0  0.000152696
7.689e+12  0  256.3  5.7958  0  0  14.802  0  2.65421  0.00303449  0  0  0.0425526  0  0.00015293
7.698e+12  0  256.6  5.79626  0  0  14.8083  0  2.65425  0.00303959  0  0  0.0426592  0  0.000153164
7.707e+12  0  256.9  5.79672  0  0  14.8148  0  2.6543  0.00304469  0  0  0.042766  0  0.000153398
7.716e+12  0  257.2  5.79717  0  0  14.8212  0  2.65435  0.00304979  0  0  0.0428732  0  0.000153633
7.725e+12  0  257.5  5.79763  0  0  14.8276  0  2.65439  0.00305491  0  0  0.0429806  0  0.000153868
7.734e+12  0  257.8  5.79809  0  0  14.8341  0  2.65444  0.00306003  0  0  0.0430884  0  0.000154103
7.743e+12  0  258.1  5.79855  0  0  14.8405  0  2.65449  0.00306515  0  0  0.0431966  0  0.000154339
7.752e+12  0  258.4  5.79901  0  0  14.847  0  2.65453  0.00307029  0  0  0.043305  0  0.000154575
7.761e+12  0  258.7  5.79947  0  0  14.8535  0  2.65458  0.00307543  0  0  0.0434137  0  0.00015481
7.77e+12  0  259  5.79993  0  0  14.86  0  2.65462  0.00308057  0  0  0.0435228  0  0.000155047
7.779e+12  0  259.3  5.80039  0  0  14.8666  0  2.65467  0.00308573  0  0  0.0436322  0  0.000155283
7.788e+12  0  259.6  5.80086  0  0  14.8731  0  2.65472  0.00309089  0  0  0.0437419  0  0.00015552
7.797e+12  0  259.9  5.80132  0  0  14.8797  0  2.65476  0.00309605  0  0  0.043852  0  0.000155756
7.806e+12  0  260.2  5.80179  0  0  14.8863  0  2.65481  0.00310123  0  0  0.0439624  0  0.000155993
7.815e+12  0  260.5  5.80225  0  0  14.8929  0  2.65486  0.00310641  0  0  0.0440731  0  0.000156231
7.824e+12  0  260.8  5.80272  0  0  14.8995  0  2.6549  0.00311159  0  0  0.0441841  0  0.000156468
7.833e+12  0  261.1  5.80319  0  0  14.9061  0  2.65495  0.00311679  0  0  0.0442955  0  0.000156706
7.842e+12  0  261.4  5.80365  0  0  14.9128  0  2.655  0.00312199  0  0  0.0444072  0  0.000156944
7.851e+12  0  261.7  5.80412  0  0  14.9195  0  2.65505  0.0031272  0  0  0.0445192  0  0.000157182
7.86e+12  0  262  5.80459  0  0  14.9262  0  2.65509  0.00313241  0  0  0.0446316  0  0.00015742
7.869e+12  0  262.3  5.80506  0  0  14.9329  0  2.65514  0.00313763  0  0  0.0447443  0  0.000157659
7.878e+12  0  262.6  5.80553  0  0  14.9396  0  2.65519  0.00314286  0  0  0.0448574  0  0.000157898
7.887e+12  0  262.9  5.806  0  0  14.9463  0  2.65524  0.00314809  0  0  0.0449708  0  0.000158137
7.896e+12  0  263.2  5.80648  0  0  14.9531  0  2.65528  0.00315334  0  0  0.0450845  0  0.000158376
7.905e+12  0  263.5  5.80695  0  0  14.9598  0  2.65533  0.00315859  0  0  0.0451986  0  0.000158616
7.914e+12  0  263.8  5.80742  0  0  14.9666  0  2.65538  0.00316384  0  0  0.045313  0  0.000158856
7.923e+12  0  264.1  5.8079  0  0  14.9734  0  2.65543  0.0031691  0  0  0.0454278  0  0.000159096
7.932e+12  0  264.4  5.80838  0  0  14.9802  0  2.65547  0.00317437  0  0  0.0455429  0  0.000159336
7.941e+12  0  264.7  5.80885  0  0  14.9871  0  2.65552  0.00317965  0  0  0.0456583  0  0.000159577
7.95e+12  0  265  5.80933  0  0  14.9939  0  2.65557  0.00318494  0  0  0.0457742  0  0.000159818
7.959e+12  0  265.3  5.80981  0  0  15.0008  0  2.65562  0.00319023  0  0  0.0458903  0  0.000160059
7.968e+12  0  265.6  5.81029  0  0  15.0077  0  2.65567  0.00319552  0  0  0.0460069  0  0.0001603
7.977e+12  0  265.9  5.81077  0  0  15.0146  0  2.65571  0.00320083  0  0  0.0461238  0  0.000160541
7.986e+12  0  266.2  5.81125  0  0  15.0215  0  2.65576  0.00320614  0  0  0.046241  0  0.000160783
7.995e+12  0  266.5  5.81173  0  0  15.0285  0  2.65581  0.00321146  0  0  0.0463586  0  0.000161025
8.004e+12  0  266.8  5.81221  0  0  15.0355  0  2.65586  0.00321679  0  0  0.0464766  0  0.000161267
8.013e+12  0  267.1  5.81269  0  0  15.0424  0  2.65591  0.00322212  0  0  0.0465949  0  0.00016151
8.022e+12  0  267.4  5.81318  0  0  15.0494  0  2.65595  0.00322746  0  0  0.0467136  0  0.000161752
8.031e+12  0  267.7  5.81366  0  0  15.0564  0  2.656  0.00323281  0  0  0.0468326  0  0.000161995
8.04e+12  0  268  5.81415  0  0  15.0635  0  2.65605  0.00323817  0  0  0.046952  0  0.000162238
8.049e+12  0  268.3  5.81463  0  0  15.0705  0  2.6561  0.00324353  0  0  0.0470718  0  0.000162482
8.058e+12  0  268.6  5.81512  0  0  15.0776  0  2.65615  0.0032489  0  0  0.047192  0  0.000162725
8.067e+12  0  268.9  5.81561  0  0  15.0847  0  2.6562  0.00325427  0  0  0.0473125  0  0.000162969
8.076e+12  0  269.2  5.8161  0  0  15.0918  0  2.65625  0.00325966  0  0  0.0474334  0  0.000163213
8.085e+12  0  269.5  5.81658  0  0  15.0989  0  2.6563  0.00326505  0  0  0.0475547  0  0.000163458
8.094e+12  0  269.8  5.81707  0  0  15.1061  0  2.65635  0.00327045  0  0  0.0476764  0  0.000163702
8.103e+12  0  270.1  5.81757  0  0  15.1132  0  2.65639  0.00327585  0  0  0.0477984  0  0.000163947
8.112e+12  0  270.4  5.81806  0  0  15.1204  0  2.65644  0.00328127  0  0  0.0479208  0  0.000164192
8.121e+12  0  270.7  5.81855  0  0  15.1276  0  2.65649  0.00328669  0  0  0.0480436  0  0.000164438
8.13e+12  0  271  5.81904  0  0  15.1348  0  2.65654  0.00329212  0  0  0.0481668  0  0.000164683
8.139e+12  0  271.3  5.81954  0  0  15.142  0  2.65659  0.00329755  0  0  0.0482904  0  0.000164929
8.148e+12  0  271.6  5.82003  0  0  15.1493  0  2.65664  0.003303  0  0  0.0484143  0  0.000165175
8.157e+12  0  271.9  5.82053  0  0  15.1566  0  2.65669  0.00330845  0  0  0.0485387  0  0.000165422
8.166e+12  0  272.2  5.82103  0  0  15.1638  0  2.65674  0.0033139  0  0  0.0486634  0  0.000165668
8.175e+12  0  272.5  5.82152  0  0  15.1712  0  2.65679  0.00331937  0  0  0.0487885  0  0.000165915
8.184e+12  0  272.8  5.82202  0  0  15.1785  0  2.65684  0.00332484  0  0  0.0489141  0  0.000166162
8.193e+12  0  273.1  5.82252  0  0  15.1858  0  2.65689  0.00333032  0  0  0.04904  0  0.00016641
8.202e+12  0  273.4  5.82302  0  0  15.1932  0  2.65694  0.00333581  0  0  0.0491663  0  0.000166657
8.211e+12  0  273.7  5.82352  0  0  15.2006  0  2.65699  0.0033413  0  0  0.049293  0  0.000166905
8.22e+12  0  274  5.82402  0  0  15.208  0  2.65704  0.00334681  0  0  0.0494201  0  0.000167153
8.229e+12  0  274.3  5.82452  0  0  15.2154  0  2.65709  0.00335232  0  0  0.0495476  0  0.000167402
8.238e+12  0  274.6  5.82503  0  0  15.2228  0  2.65714  0.00335784  0  0  0.0496756  0  0.00016765
8.247e+12  0  274.9  5.82553  0  0  15.2303  0  2.65719  0.00336336  0  0  0.0498039  0  0.000167899
8.256e+12  0  275.2  5.82604  0  0  15.2378  0  2.65724  0.00336889  0  0  0.0499326  0  0.000168148
8.265e+12  0  275.5  5.82654  0  0  15.2453  0  2.65729  0.00337444  0  0  0.0500618  0  0.000168398
8.274e+12  0  275.8  5.82705  0  0  15.2528  0  2.65734  0.00337998  0  0  0.0501913  0  0.000168647
8.283e+12  0  276.1  5.82756  0  0  15.2603  0  2.65739  0.00338554  0  0  0.0503213  0  0.000168897
8.292e+12  0  276.4  5.82806  0  0  15.2679  0  2.65744  0.0033911  0  0  0.0504517  0  0.000169147
8.301e+12  0  276.7  5.82857  0  0  15.2755  0  2.65749  0.00339668  0  0  0.0505825  0  0.000169398
8.31e+12  0  277  5.82908  0  0  15.2831  0  2.65755  0.00340226  0  0  0.0507138  0  0.000169648
8.319e+12  0  277.3  5.82959  0  0  15.2907  0  2.6576  0.00340784  0  0  0.0508454  0  0.000169899
8.328e+12  0  277.6  5.83011  0  0  15.2983  0  2.65765  0.00341344  0  0  0.0509775  0  0.00017015
8.337e+12  0  277.9  5.83062  0  0  15.306  0  2.6577  0.00341904  0  0  0.05111  0  0.000170402
8.346e+12  0  278.2  5.83113  0  0  15.3136  0  2.65775  0.00342465  0  0  0.0512429  0  0.000170654
8.355e+12  0  278.5  5.83165  0  0  15.3213  0  2.6578  0.00343027  0  0  0.0513763  0  0.000170905
8.364e+12  0  278.8  5.83216  0  0  15.3291  0  2.65785  0.0034359  0  0  0.0515101  0  0.000171158
8.373e+12  0  279.1  5.83268  0  0  15.3368  0  2.6579  0.00344153  0  0  0.0516443  0  0.00017141
8.382e+12  0  279.4  5.83319  0  0  15.3446  0  2.65795  0.00344717  0  0  0.0517789  0  0.000171663
8.391e+12  0  279.7  5.83371  0  0  15.3523  0  2.65801  0.00345282  0  0  0.051914  0  0.000171916
8.4e+12  0  280  5.83423  0  0  15.3601  0  2.65806  0.00345848  0  0  0.0520496  0  0.000172169
8.409e+12  0  280.3  5.83475  0  0  15.3679  0  2.65811  0.00346415  0  0  0.0521856  0  0.000172423
8.418e+12  0  280.6  5.83527  0  0  15.3758  0  2.65816  0.00346982  0  0  0.052322  0  0.000172676
8.427e+12  0  280.9  5.83579  0  0  15.3836  0  2.65821  0.0034755  0  0  0.0524588  0  0.00017293
8.436e+12  0  281.2  5.83631  0  0  15.3915  0  2.65827  0.00348119  0  0  0.0525962  0  0.000173185
8.445e+12  0  281.5  5.83683  0  0  15.3994  0  2.65832  0.00348689  0  0  0.0527339  0  0.000173439
8.454e+12  0  281.8  5.83736  0  0  15.4073  0  2.65837  0.00349259  0  0  0.0528721  0  0.000173694
8.463e+12  0  282.1  5.83788  0  0  15.4153  0  2.65842  0.00349831  0  0  0.0530108  0  0.000173949
8.472e+12  0  282.4  5.83841  0  0  15.4232  0  2.65847  0.00350403  0  0  0.0531499  0  0.000174205
8.481e+12  0  282.7  5.83893  0  0  15.4312  0  2.65853  0.00350976  0  0  0.0532895  0  0.00017446
8.49e+12  0  283  5.83946  0  0  15.4392  0  2.65858  0.0035155  0  0  0.0534296  0  0.000174716
8.499e+12  0  283.3  5.83999  0  0  15.4472  0  2.65863  0.00352124  0  0  0.0535701  0  0.000174972
8.508e+12  0  283.6  5.84052  0  0  15.4553  0  2.65868  0.003527  0  0  0.053711  0  0.000175229
8.517e+12  0  283.9  5.84105  0  0  15.4634  0  2.65874  0.00353276  0  0  0.0538525  0  0.000175486
8.526e+12  0  284.2  5.84158  0  0  15.4714  0  2.65879  0.00353853  0  0  0.0539944  0  0.000175743
8.535e+12  0  284.5  5.84211  0  0  15.4795  0  2.65884  0.00354431  0  0  0.0541367  0  0.000176
8.544e+12  0  284.8  5.84264  0  0  15.4877  0  2.65889  0.0035501  0  0  0.0542796  0  0.000176257
8.553e+12  0  285.1  5.84317  0  0  15.4958  0  2.65895  0.00355589  0  0  0.0544229  0  0.000176515
8.562e+12  0  285.4  5.84371  0  0  15.504  0  2.659  0.0035617  0  0  0.0545667  0  0.000176773
8.571e+12  0  285.7  5.84424  0  0  15.5122  0  2.65905  0.00356751  0  0  0.054711  0  0.000177032
8.58e+12  0  286  5.84478  0  0  15.5204  0  2.65911  0.00357333  0  0  0.0548558  0  0.00017729
8.589e+12  0  286.3  5.84531  0  0  15.5287  0  2.65916  0.00357916  0  0  0.055001  0  0.000177549
8.598e+12  0  286.6  5.84585  0  0  15.5369  0  2.65921  0.003585  0  0  0.0551468  0  0.000177808
8.607e+12  0  286.9  5.84639  0  0  15.5452  0  2.65927  0.00359084  0  0  0.055293  0  0.000178068
8.616e+12  0  287.2  5.84693  0  0  15.5535  0  2.65932  0.0035967  0  0  0.0554397  0  0.000178327
8.625e+12  0  287.5  5.84747  0  0  15.5618  0  2.65937  0.00360256  0  0  0.0555869  0  0.000178587
8.634e+12  0  287.8  5.84801  0  0  15.5702  0  2.65943  0.00360843  0  0  0.0557346  0  0.000178848
8.643e+12  0  288.1  5.84855  0  0  15.5785  0  2.65948  0.00361431  0  0  0.0558828  0  0.000179108
8.652e+12  0  288.4  5.84909  0  0  15.5869  0  2.65953  0.0036202  0  0  0.0560315  0  0.000179369
8.661e+12  0  288.7  5.84964  0  0  15.5953  0  2.65959  0.00362609  0  0  0.0561807  0  0.00017963
8.67e+12  0  289  5.85018  0  0  15.6038  0  2.65964  0.003632  0  0  0.0563305  0  0.000179891
8.679e+12  0  289.3  5.85072  0  0  15.6122  0  2.6597  0.00363791  0  0  0.0564807  0  0.000180153
8.688e+12  0  289.6  5.85127  0  0  15.6207  0  2.65975  0.00364383  0  0  0.0566314  0  0.000180415
8.697e+12  0  289.9  5.85182  0  0  15.6292  0  2.6598  0.00364976  0  0  0.0567827  0  0.000180677
8.706e+12  0  290.2  5.85237  0  0  15.6378  0  2.65986  0.0036557  0  0  0.0569344  0  0.00018094
8.715e+12  0  290.5  5.85291  0  0  15.6463  0  2.65991  0.00366165  0  0  0.0570867  0  0.000181203
8.724e+12  0  290.8  5.85346  0  0  15.6549  0  2.65997  0.00366761  0  0  0.0572395  0  0.000181466
8.733e+12  0  291.1  5.85401  0  0  15.6635  0  2.66002  0.00367357  0  0  0.0573928  0  0.000181729
8.742e+12  0  291.4  5.85457  0  0  15.6721  0  2.66008  0.00367955  0  0  0.0575467  0  0.000181993
8.751e+12  0  291.7  5.85512  0  0  15.6807  0  2.66013  0.00368553  0  0  0.057701  0  0.000182257
8.76e+12  0  292  5.85567  0  0  15.6894  0  2.66019  0.00369152  0  0  0.0578559  0  0.000182521
8.769e+12  0  292.3  5.85623  0  0  15.6981  0  2.66024  0.00369752  0  0  0.0580114  0  0.000182785
8.778e+12  0  292.6  5.85678  0  0  15.7068  0  2.6603  0.00370353  0  0  0.0581673  0  0.00018305
8.787e+12  0  292.9  5.85734  0  0  15.7155  0  2.66035  0.00370955  0  0  0.0583238  0  0.000183315
8.796e+12  0  293.2  5.85789  0  0  15.7243  0  2.66041  0.00371557  0  0  0.0584809  0  0.00018358
8.805e+12  0  293.5  5.85845  0  0  15.7331  0  2.66046  0.00372161  0  0  0.0586385  0  0.000183846
8.814e+12  0  293.8  5.85901  0  0  15.7419  0  2.66052  0.00372765  0  0  0.0587966  0  0.000184112
8.823e+12  0  294.1  5.85957  0  0  15.7507  0  2.66057  0.00373371  0  0  0.0589553  0  0.000184378
8.832e+12  0  294.4  5.86013  0  0  15.7596  0  2.66063  0.00373977  0  0  0.0591145  0  0.000184645
8.841e+12  0  294.7  5.86069  0  0  15.7685  0  2.66068  0.00374584  0  0  0.0592743  0  0.000184911
8.85e+12  0  295  5.86125  0  0  15.7774  0  2.66074  0.00375192  0  0  0.0594347  0  0.000185179
8.859e+12  0  295.3  5.86182  0  0  15.7863  0  2.66079  0.00375801  0  0  0.0595956  0  0.000185446
8.868e+12  0  295.6  5.86238  0  0  15.7952  0  2.66085  0.00376411  0  0  0.059757  0  0.000185714
8.877e+12  0  295.9  5.86295  0  0  15.8042  0  2.6609  0.00377021  0  0  0.0599191  0  0.000185982
8.886e+12  0  296.2  5.86351  0  0  15.8132  0  2.66096  0.00377633  0  0  0.0600817  0  0.00018625
8.895e+12  0  296.5  5.86408  0  0  15.8222  0  2.66102  0.00378245  0  0  0.0602448  0  0.000186518
8.904e+12  0  296.8  5.86465  0  0  15.8313  0  2.66107  0.00378859  0  0  0.0604086  0  0.000186787
8.913e+12  0  297.1  5.86522  0  0  15.8404  0  2.66113  0.00379473  0  0  0.0605729  0  0.000187056
8.922e+12  0  297.4  5.86579  0  0  15.8494  0  2.66118  0.00380088  0  0  0.0607378  0  0.000187326
8.931e+12  0  297.7  5.86636  0  0  15.8586  0  2.66124  0.00380705  0  0  0.0609033  0  0.000187595
8.94e+12  0  298  5.86693  0  0  15.8677  0  2.6613  0.00381322  0  0  0.0610693  0  0.000187865
8.949e+12  0  298.3  5.8675  0  0  15.8769  0  2.66135  0.0038194  0  0  0.061236  0  0.000188136
8.958e+12  0  298.6  5.86807  0  0  15.8861  0  2.66141  0.00382559  0  0  0.0614032  0  0.000188406
8.967e+12  0  298.9  5.86865  0  0  15.8953  0  2.66147  0.00383178  0  0  0.061571  0  0.000188677
8.976e+12  0  299.2  5.86922  0  0  15.9046  0  2.66152  0.00383799  0  0  0.0617395  0  0.000188949
8.985e+12  0  299.5  5.8698  0  0  15.9138  0  2.66158  0.00384421  0  0  0.0619085  0  0.00018922
8.994e+12  0  299.8  5.87038  0  0  15.9231  0  2.66164  0.00385043  0  0  0.0620781  0  0.000189492
9.003e+12  0  300.1  5.87095  0  0  15.9324  0  2.66169  0.00385667  0  0  0.0622483  0  0.000189764
9.012e+12  0  300.4  5.87153  0  0  15.9418  0  2.66175  0.00386292  0  0  0.0624192  0  0.000190036
9.021e+12  0  300.7  5.87211  0  0  15.9512  0  2.66181  0.00386917  0  0  0.0625906  0  0.000190309
9.03e+12  0  301  5.87269  0  0  15.9606  0  2.66186  0.00387543  0  0  0.0627627  0  0.000190582
9.039e+12  0  301.3  5.87328  0  0  15.97  0  2.66192  0.00388171  0  0  0.0629354  0  0.000190855
9.048e+12  0  301.6  5.87386  0  0  15.9794  0  2.66198  0.00388799  0  0  0.0631087  0  0.000191129
9.057e+12  0  301.9  5.87444  0  0  15.9889  0  2.66204  0.00389428  0  0  0.0632826  0  0.000191403
9.066e+12  0  302.2  5.87503  0  0  15.9984  0  2.66209  0.00390058  0  0  0.0634571  0  0.000191677
9.075e+12  0  302.5  5.87561  0  0  16.008  0  2.66215  0.00390689  0  0  0.0636323  0  0.000191952
9.084e+12  0  302.8  5.8762  0  0  16.0175  0  2.66221  0.00391322  0  0  0.0638081  0  0.000192227
9.093e+12  0  303.1  5.87679  0  0  16.0271  0  2.66227  0.00391955  0  0  0.0639845  0  0.000192502
9.102e+12  0  303.4  5.87737  0  0  16.0367  0  2.66232  0.00392589  0  0  0.0641616  0  0.000192777
9.111e+12  0  303.7  5.87796  0  0  16.0463  0  2.66238  0.00393223  0  0  0.0643393  0  0.000193053
9.12e+12  0  304  5.87855  0  0  16.056  0  2.66244  0.00393859  0  0  0.0645177  0  0.000193329
9.129e+12  0  304.3  5.87915  0  0  16.0657  0  2.6625  0.00394496  0  0  0.0646967  0  0.000193605
9.138e+12  0  304.6  5.87974  0  0  16.0754  0  2.66256  0.00395134  0  0  0.0648764  0  0.000193882
9.147e+12  0  304.9  5.88033  0  0  16.0852  0  2.66261  0.00395773  0  0  0.0650567  0  0.000194159
9.156e+12  0  305.2  5.88092  0  0  16.0949  0  2.66267  0.00396413  0  0  0.0652377  0  0.000194437
9.165e+12  0  305.5  5.88152  0  0  16.1047  0  2.66273  0.00397054  0  0  0.0654193  0  0.000194714
9.174e+12  0  305.8  5.88212  0  0  16.1146  0  2.66279  0.00397695  0  0  0.0656016  0  0.000194992
9.183e+12  0  306.1  5.88271  0  0  16.1244  0  2.66285  0.00398338  0  0  0.0657846  0  0.00019527
9.192e+12  0  306.4  5.88331  0  0  16.1343  0  2.66291  0.00398982  0  0  0.0659682  0  0.000195549
9.201e+12  0  306.7  5.88391  0  0  16.1442  0  2.66297  0.00399627  0  0  0.0661526  0  0.000195828
9.21e+12  0  307  5.88451  0  0  16.1541  0  2.66302  0.00400272  0  0  0.0663376  0  0.000196107
9.219e+12  0  307.3  5.88511  0  0  16.1641  0  2.66308  0.00400919  0  0  0.0665232  0  0.000196387
9.228e+12  0  307.6  5.88571  0  0  16.1741  0  2.66314  0.00401567  0  0  0.0667096  0  0.000196666
9.237e+12  0  307.9  5.88632  0  0  16.1841  0  2.6632  0.00402215  0  0  0.0668967  0  0.000196947
9.246e+12  0  308.2  5.88692  0  0  16.1941  0  2.66326  0.00402865  0  0  0.0670844  0  0.000197227
9.255e+12  0  308.5  5.88752  0  0  16.2042  0  2.66332  0.00403516  0  0  0.0672728  0  0.000197508
9.264e+12  0  308.8  5.88813  0  0  16.2143  0  2.66338  0.00404167  0  0  0.067462  0  0.000197789
9.273e+12  0  309.1  5.88874  0  0  16.2245  0  2.66344  0.0040482  0  0  0.0676518  0  0.00019807
9.282e+12  0  309.4  5.88934  0  0  16.2346  0  2.6635  0.00405474  0  0  0.0678424  0  0.000198352
9.291e+12  0  309.7  5.88995  0  0  16.2448  0  2.66356  0.00406128  0  0  0.0680336  0  0.000198634
9.3e+12  0  310  5.89056  0  0  16.255  0  2.66362  0.00406784  0  0  0.0682256  0  0.000198917
9.309e+12  0  310.3  5.89117  0  0  16.2653  0  2.66368  0.00407441  0  0  0.0684183  0  0.000199199
9.318e+12  0  310.6  5.89178  0  0  16.2755  0  2.66374  0.00408099  0  0  0.0686117  0  0.000199482
9.327e+12  0  310.9  5.8924  0  0  16.2859  0  2.6638  0.00408757  0  0  0.0688058  0  0.000199766
9.336e+12  0  311.2  5.89301  0  0  16.2962  0  2.66386  0.00409417  0  0  0.0690007  0  0.000200049
9.345e+12  0  311.5  5.89363  0  0  16.3065  0  2.66392  0.00410078  0  0  0.0691963  0  0.000200333
9.354e+12  0  311.8  5.89424  0  0  16.3169  0  2.66398  0.0041074  0  0  0.0693926  0  0.000200618
9.363e+12  0  312.1  5.89486  0  0  16.3274  0  2.66404  0.00411403  0  0  0.0695897  0  0.000200902
9.372e+12  0  312.4  5.89547  0  0  16.3378  0  2.6641  0.00412067  0  0  0.0697875  0  0.000201187
9.381e+12  0  312.7  5.89609  0  0  16.3483  0  2.66416  0.00412732  0  0  0.0699861  0  0.000201473
9.39e+12  0  313  5.89671  0  0  16.3588  0  2.66422  0.00413398  0  0  0.0701854  0  0.000201758
9.399e+12  0  313.3  5.89733  0  0  16.3693  0  2.66428  0.00414065  0  0  0.0703855  0  0.000202044
9.408e+12  0  313.6  5.89796  0  0  16.3799  0  2.66434  0.00414733  0  0  0.0705863  0  0.000202331
9.417e+12  0  313.9  5.89858  0  0  16.3905  0  2.6644  0.00415402  0  0  0.0707879  0  0.000202617
9.426e+12  0  314.2  5.8992  0  0  16.4012  0  2.66446  0.00416072  0  0  0.0709903  0  0.000202904
9.435e+12  0  314.5  5.89983  0  0  16.4118  0  2.66452  0.00416743  0  0  0.0711934  0  0.000203192
9.444e+12  0  314.8  5.90045  0  0  16.4225  0  2.66458  0.00417416  0  0  0.0713973  0  0.000203479
9.453e+12  0  315.1  5.90108  0  0  16.4332  0  2.66464  0.00418089  0  0  0.071602  0  0.000203767
9.462e+12  0  315.4  5.90171  0  0  16.444  0  2.66471  0.00418764  0  0  0.0718075  0  0.000204056
9.471e+12  0  315.7  5.90233  0  0  16.4548  0  2.66477  0.00419439  0  0  0.0720137  0  0.000204344
9.48e+12  0  316  5.90296  0  0  16.4656  0  2.66483  0.00420116  0  0  0.0722208  0  0.000204633
9.489e+12  0  316.3  5.90359  0  0  16.4764  0  2.66489  0.00420793  0  0  0.0724286  0  0.000204922
9.498e+12  0  316.6  5.90423  0  0  16.4873  0  2.66495  0.00421472  0  0  0.0726373  0  0.000205212
9.507e+12  0  316.9  5.90486  0  0  16.4982  0  2.66501  0.00422152  0  0  0.0728467  0  0.000205502
9.516e+12  0  317.2  5.90549  0  0  16.5092  0  2.66507  0.00422833  0  0  0.073057  0  0.000205792
9.525e+12  0  317.5  5.90613  0  0  16.5201  0  2.66514  0.00423514  0  0  0.0732681  0  0.000206083
9.534e+12  0  317.8  5.90676  0  0  16.5311  0  2.6652  0.00424197  0  0  0.07348  0  0.000206374
9.543e+12  0  318.1  5.9074  0  0  16.5422  0  2.66526  0.00424882  0  0  0.0736927  0  0.000206665
9.552e+12  0  318.4  5.90804  0  0  16.5532  0  2.66532  0.00425567  0  0  0.0739062  0  0.000206957
9.561e+12  0  318.7  5.90868  0  0  16.5643  0  2.66538  0.00426253  0  0  0.0741206  0  0.000207249
9.57e+12  0  319  5.90932  0  0  16.5755  0  2.66545  0.0042694  0  0  0.0743358  0  0.000207542
9.579e+12  0  319.3  5.90996  0  0  16.5866  0  2.66551  0.00427629  0  0  0.0745518  0  0.000207834
9.588e+12  0  319.6  5.9106  0  0  16.5978  0  2.66557  0.00428318  0  0  0.0747687  0  0.000208127
9.597e+12  0  319.9  5.91124  0  0  16.6091  0  2.66563  0.00429009  0  0  0.0749865  0  0.000208421
9.606e+12  0  320.2  5.91189  0  0  16.6203  0  2.6657  0.00429701  0  0  0.0752051  0  0.000208714
9.615e+12  0  320.5  5.91253  0  0  16.6316  0  2.66576  0.00430394  0  0  0.0754245  0  0.000209009
9.624e+12  0  320.8  5.91318  0  0  16.643  0  2.66582  0.00431088  0  0  0.0756448  0  0.000209303
9.633e+12  0  321.1  5.91382  0  0  16.6543  0  2.66588  0.00431783  0  0  0.075866  0  0.000209598
9.642e+12  0  321.4  5.91447  0  0  16.6657  0  2.66595  0.00432479  0  0  0.076088  0  0.000209893
9.651e+12  0  321.7  5.91512  0  0  16.6771  0  2.66601  0.00433176  0  0  0.076311  0  0.000210188
9.66e+12  0  322  5.91577  0  0  16.6886  0  2.66607  0.00433875  0  0  0.0765348  0  0.000210484
9.669e+12  0  322.3  5.91642  0  0  16.7001  0  2.66614  0.00434574  0  0  0.0767595  0  0.00021078
9.678e+12  0  322.6  5.91708  0  0  16.7116  0  2.6662  0.00435275  0  0  0.0769851  0  0.000211077
9.687e+12  0  322.9  5.91773  0  0  16.7232  0  2.66626  0.00435977  0  0  0.0772115  0  0.000211374
9.696e+12  0  323.2  5.91838  0  0  16.7348  0  2.66633  0.0043668  0  0  0.0774389  0  0.000211671
9.705e+12  0  323.5  5.91904  0  0  16.7464  0  2.66639  0.00437384  0  0  0.0776672  0  0.000211969
9.714e+12  0  323.8  5.9197  0  0  16.7581  0  2.66645  0.00438089  0  0  0.0778964  0  0.000212267
9.723e+12  0  324.1  5.92035  0  0  16.7698  0  2.66652  0.00438795  0  0  0.0781265  0  0.000212565
9.732e+12  0  324.4  5.92101  0  0  16.7815  0  2.66658  0.00439503  0  0  0.0783576  0  0.000212864
9.741e+12  0  324.7  5.92167  0  0  16.7933  0  2.66664  0.00440212  0  0  0.0785895  0  0.000213163
9.75e+12  0  325  5.92233  0  0  16.8051  0  2.66671  0.00440922  0  0  0.0788224  0  0.000213462
9.759e+12  0  325.3  5.92299  0  0  16.8169  0  2.66677  0.00441632  0  0  0.0790562  0  0.000213762
9.768e+12  0  325.6  5.92366  0  0  16.8288  0  2.66684  0.00442345  0  0  0.079291  0  0.000214062
9.777e+12  0  325.9  5.92432  0  0  16.8407  0  2.6669  0.00443058  0  0  0.0795267  0  0.000214362
9.786e+12  0  326.2  5.92499  0  0  16.8526  0  2.66697  0.00443772  0  0  0.0797634  0  0.000214663
9.795e+12  0  326.5  5.92565  0  0  16.8646  0  2.66703  0.00444488  0  0  0.080001  0  0.000214964
9.804e+12  0  326.8  5.92632  0  0  16.8766  0  2.66709  0.00445205  0  0  0.0802396  0  0.000215266
9.813e+12  0  327.1  5.92699  0  0  16.8887  0  2.66716  0.00445923  0  0  0.0804791  0  0.000215568
9.822e+12  0  327.4  5.92766  0  0  16.9008  0  2.66722  0.00446642  0  0  0.0807196  0  0.00021587
9.831e+12  0  327.7  5.92833  0  0  16.9129  0  2.66729  0.00447362  0  0  0.0809611  0  0.000216172
9.84e+12  0  328  5.929  0  0  16.9251  0  2.66735  0.00448084  0  0  0.0812036  0  0.000216475
9.849e+12  0  328.3  5.92967  0  0  16.9373  0  2.66742  0.00448806  0  0  0.0814471  0  0.000216779
9.858e+12  0  328.6  5.93035  0  0  16.9495  0  2.66748  0.0044953  0  0  0.0816915  0  0.000217082
9.867e+12  0  328.9  5.93102  0  0  16.9618  0  2.66755  0.00450255  0  0  0.081937  0  0.000217387
9.876e+12  0  329.2  5.9317  0  0  16.9741  0  2.66761  0.00450981  0  0  0.0821834  0  0.000217691
9.885e+12  0  329.5  5.93237  0  0  16.9864  0  2.66768  0.00451709  0  0  0.0824309  0  0.000217996
9.894e+12  0  329.8  5.93305  0  0  16.9988  0  2.66775  0.00452438  0  0  0.0826794  0  0.000218301
9.903e+12  0  330.1  5.93373  0  0  17.0112  0  2.66781  0.00453167  0  0  0.0829289  0  0.000218607
9.912e+12  0  330.4  5.93441  0  0  17.0237  0  2.66788  0.00453898  0  0  0.0831795  0  0.000218912
9.921e+12  0  330.7  5.93509  0  0  17.0362  0  2.66794  0.00454631  0  0  0.0834311  0  0.000219219
9.93e+12  0  331  5.93578  0  0  17.0487  0  2.66801  0.00455364  0  0  0.0836837  0  0.000219525
9.939e+12  0  331.3  5.93646  0  0  17.0613  0  2.66807  0.00456099  0  0  0.0839373  0  0.000219832
9.948e+12  0  331.6  5.93714  0  0  17.0739  0  2.66814  0.00456835  0  0  0.0841921  0  0.00022014
9.957e+12  0  331.9  5.93783  0  0  17.0865  0  2.66821  0.00457572  0  0  0.0844478  0  0.000220448
9.966e+12  0  332.2  5.93852  0  0  17.0992  0  2.66827  0.0045831  0  0  0.0847047  0  0.000220756
9.975e+12  0  332.5  5.9392  0  0  17.1119  0  2.66834  0.0045905  0  0  0.0849626  0  0.000221064
9.984e+12  0  332.8  5.93989  0  0  17.1247  0  2.6684  0.0045979  0  0  0.0852215  0  0.000221373
9.993e+12  0  333.1  5.94058  0  0  17.1375  0  2.66847  0.00460532  0  0  0.0854816  0  0.000221683
1.0002e+13  0  333.4  5.94128  0  0  17.1503  0  2.66854  0.00461276  0  0  0.0857428  0  0.000221992
1.0011e+13  0  333.7  5.94197  0  0  17.1632  0  2.6686  0.0046202  0  0  0.086005  0  0.000222302
1.002e+13  0  334  5.94266  0  0  17.1761  0  2.66867  0.00462766  0  0  0.0862683  0  0.000222613
1.0029e+13  0  334.3  5.94336  0  0  17.1891  0  2.66874  0.00463513  0  0  0.0865328  0  0.000222924
1.0038e+13  0  334.6  5.94405  0  0  17.2021  0  2.6688  0.00464261  0  0  0.0867984  0  0.000223235
1.0047e+13  0  334.9  5.94475  0  0  17.2151  0  2.66887  0.00465011  0  0  0.087065  0  0.000223546
1.0056e+13  0  335.2  5.94545  0  0  17.2282  0  2.66894  0.00465761  0  0  0.0873328  0  0.000223858
1.0065e+13  0  335.5  5.94615  0  0  17.2413  0  2.66901  0.00466513  0  0  0.0876018  0  0.000224171
1.0074e+13  0  335.8  5.94685  0  0  17.2545  0  2.66907  0.00467267  0  0  0.0878719  0  0.000224483
1.0083e+13  0  336.1  5.94755  0  0  17.2677  0  2.66914  0.00468021  0  0  0.0881431  0  0.000224796
1.0092e+13  0  336.4  5.94825  0  0  17.2809  0  2.66921  0.00468777  0  0  0.0884155  0  0.00022511
1.0101e+13  0  336.7  5.94895  0  0  17.2942  0  2.66928  0.00469534  0  0  0.088689  0  0.000225424
1.011e+13  0  337  5.94966  0  0  17.3075  0  2.66934  0.00470292  0  0  0.0889637  0  0.000225738
1.0119e+13  0  337.3  5.95036  0  0  17.3209  0  2.66941  0.00471052  0  0  0.0892396  0  0.000226053
1.0128e+13  0  337.6  5.95107  0  0  17.3343  0  2.66948  0.00471813  0  0  0.0895166  0  0.000226368
1.0137e+13  0  337.9  5.95178  0  0  17.3477  0  2.66955  0.00472575  0  0  0.0897948  0  0.000226683
1.0146e+13  0  338.2  5.95249  0  0  17.3612  0  2.66962  0.00473339  0  0  0.0900743  0  0.000226999
1.0155e+13  0  338.5  5.9532  0  0  17.3747  0  2.66968  0.00474103  0  0  0.0903549  0  0.000227315
1.0164e+13  0  338.8  5.95391  0  0  17.3883  0  2.66975  0.00474869  0  0  0.0906367  0  0.000227632
1.0173e+13  0  339.1  5.95462  0  0  17.4019  0  2.66982  0.00475637  0  0  0.0909198  0  0.000227949
1.0182e+13  0  339.4  5.95534  0  0  17.4156  0  2.66989  0.00476405  0  0  0.091204  0  0.000228266
1.0191e+13  0  339.7  5.95605  0  0  17.4293  0  2.66996  0.00477175  0  0  0.0914895  0  0.000228584
1.02e+13  0  340  5.95677  0  0  17.443  0  2.67003  0.00477947  0  0  0.0917763  0  0.000228902
1.0209e+13  0  340.3  5.95749  0  0  17.4568  0  2.67009  0.00478719  0  0  0.0920642  0  0.000229221
1.0218e+13  0  340.6  5.95821  0  0  17.4706  0  2.67016  0.00479493  0  0  0.0923535  0  0.00022954
1.0227e+13  0  340.9  5.95893  0  0  17.4845  0  2.67023  0.00480268  0  0  0.092644  0  0.000229859
1.0236e+13  0  341.2  5.95965  0  0  17.4984  0  2.6703  0.00481045  0  0  0.0929357  0  0.000230179
1.0245e+13  0  341.5  5.96037  0  0  17.5124  0  2.67037  0.00481823  0  0  0.0932287  0  0.000230499
1.0254e+13  0  341.8  5.96109  0  0  17.5264  0  2.67044  0.00482602  0  0  0.093523  0  0.00023082
1.0263e+13  0  342.1  5.96182  0  0  17.5404  0  2.67051  0.00483383  0  0  0.0938186  0  0.000231141
1.0272e+13  0  342.4  5.96254  0  0  17.5545  0  2.67058  0.00484164  0  0  0.0941155  0  0.000231462
1.0281e+13  0  342.7  5.96327  0  0  17.5687  0  2.67065  0.00484948  0  0  0.0944136  0  0.000231784
1.029e+13  0  343  5.964  0  0  17.5828  0  2.67072  0.00485732  0  0  0.0947131  0  0.000232106
1.0299e+13  0  343.3  5.96473  0  0  17.5971  0  2.67079  0.00486518  0  0  0.0950139  0  0.000232429
1.0308e+13  0  343.6  5.96546  0  0  17.6113  0  2.67086  0.00487305  0  0  0.0953161  0  0.000232752
1.0317e+13  0  343.9  5.96619  0  0  17.6257  0  2.67093  0.00488094  0  0  0.0956195  0  0.000233075
1.0326e+13  0  344.2  5.96692  0  0  17.64  0  2.671  0.00488884  0  0  0.0959244  0  0.000233399
1.0335e+13  0  344.5  5.96765  0  0  17.6544  0  2.67107  0.00489675  0  0  0.0962305  0  0.000233723
1.0344e+13  0  344.8  5.96839  0  0  17.6689  0  2.67114  0.00490468  0  0  0.096538  0  0.000234048
1.0353e+13  0  345.1  5.96913  0  0  17.6834  0  2.67121  0.00491262  0  0  0.0968469  0  0.000234373
1.0362e+13  0  345.4  5.96986  0  0  17.6979  0  2.67128  0.00492057  0  0  0.0971572  0  0.000234699
1.0371e+13  0  345.7  5.9706  0  0  17.7125  0  2.67135  0.00492854  0  0  0.0974688  0  0.000235025
1.038e+13  0  346  5.97134  0  0  17.7272  0  2.67142  0.00493652  0  0  0.0977819  0  0.000235351
1.0389e+13  0  346.3  5.97208  0  0  17.7419  0  2.67149  0.00494452  0  0  0.0980963  0  0.000235678
1.0398e+13  0  346.6  5.97283  0  0  17.7566  0  2.67156  0.00495253  0  0  0.0984121  0  0.000236005
1.0407e+13  0  346.9  5.97357  0  0  17.7714  0  2.67163  0.00496055  0  0  0.0987294  0  0.000236332
1.0416e+13  0  347.2  5.97431  0  0  17.7862  0  2.6717  0.00496859  0  0  0.0990481  0  0.00023666
1.0425e+13  0  347.5  5.97506  0  0  17.8011  0  2.67177  0.00497664  0  0  0.0993682  0  0.000236989
1.0434e+13  0  347.8  5.97581  0  0  17.816  0  2.67184  0.00498471  0  0  0.0996897  0  0.000237317
1.0443e+13  0  348.1  5.97655  0  0  17.831  0  2.67191  0.00499278  0  0  0.100013  0  0.000237647
1.0452e+13  0  348.4  5.9773  0  0  17.846  0  2.67199  0.00500088  0  0  0.100337  0  0.000237976
1.0461e+13  0  348.7  5.97805  0  0  17.8611  0  2.67206  0.00500899  0  0  0.100663  0  0.000238306
1.047e+13  0  349  5.97881  0  0  17.8762  0  2.67213  0.00501711  0  0  0.100991  0  0.000238637
1.0479e+13  0  349.3  5.97956  0  0  17.8914  0  2.6722  0.00502524  0  0  0.101319  0  0.000238968
1.0488e+13  0  349.6  5.98031  0  0  17.9066  0  2.67227  0.00503339  0  0  0.10165  0  0.000239299
1.0497e+13  0  349.9  5.98107  0  0  17.9219  0  2.67234  0.00504156  0  0  0.101982  0  0.000239631
1.0506e+13  0  350.2  5.98183  0  0  17.9372  0  2.67242  0.00504974  0  0  0.102315  0  0.000239963
1.0515e+13  0  350.5  5.98258  0  0  17.9525  0  2.67249  0.00505793  0  0  0.10265  0  0.000240296
1.0524e+13  0  350.8  5.98334  0  0  17.968  0  2.67256  0.00506614  0  0  0.102987  0  0.000240629
1.0533e+13  0  351.1  5.9841  0  0  17.9834  0  2.67263  0.00507436  0  0  0.103325  0  0.000240962
1.0542e+13  0  351.4  5.98487  0  0  17.999  0  2.6727  0.00508259  0  0  0.103664  0  0.000241296
1.0551e+13  0  351.7  5.98563  0  0  18.0145  0  2.67278  0.00509085  0  0  0.104005  0  0.00024163
1.056e+13  0  352  5.98639  0  0  18.0301  0  2.67285  0.00509911  0  0  0.104348  0  0.000241965
1.0569e+13  0  352.3  5.98716  0  0  18.0458  0  2.67292  0.00510739  0  0  0.104692  0  0.0002423
1.0578e+13  0  352.6  5.98793  0  0  18.0616  0  2.673  0.00511569  0  0  0.105038  0  0.000242636
1.0587e+13  0  352.9  5.98869  0  0  18.0773  0  2.67307  0.00512399  0  0  0.105386  0  0.000242972
1.0596e+13  0  353.2  5.98946  0  0  18.0932  0  2.67314  0.00513232  0  0  0.105735  0  0.000243308
1.0605e+13  0  353.5  5.99023  0  0  18.109  0  2.67321  0.00514066  0  0  0.106086  0  0.000243645
1.0614e+13  0  353.8  5.991  0  0  18.125  0  2.67329  0.00514901  0  0  0.106438  0  0.000243983
1.0623e+13  0  354.1  5.99178  0  0  18.141  0  2.67336  0.00515738  0  0  0.106792  0  0.00024432
1.0632e+13  0  354.4  5.99255  0  0  18.157  0  2.67343  0.00516576  0  0  0.107148  0  0.000244659
1.0641e+13  0  354.7  5.99333  0  0  18.1731  0  2.67351  0.00517416  0  0  0.107505  0  0.000244997
1.065e+13  0  355  5.9941  0  0  18.1893  0  2.67358  0.00518257  0  0  0.107864  0  0.000245336
1.0659e+13  0  355.3  5.99488  0  0  18.2055  0  2.67365  0.005191  0  0  0.108225  0  0.000245676
1.0668e+13  0  355.6  5.99566  0  0  18.2217  0  2.67373  0.00519944  0  0  0.108587  0  0.000246016
1.0677e+13  0  355.9  5.99644  0  0  18.238  0  2.6738  0.0052079  0  0  0.108951  0  0.000246356
1.0686e+13  0  356.2  5.99722  0  0  18.2544  0  2.67388  0.00521637  0  0  0.109317  0  0.000246697
1.0695e+13  0  356.5  5.99801  0  0  18.2708  0  2.67395  0.00522486  0  0  0.109684  0  0.000247039
1.0704e+13  0  356.8  5.99879  0  0  18.2873  0  2.67402  0.00523336  0  0  0.110054  0  0.00024738
1.0713e+13  0  357.1  5.99958  0  0  18.3038  0  2.6741  0.00524188  0  0  0.110425  0  0.000247723
1.0722e+13  0  357.4  6.00036  0  0  18.3204  0  2.67417  0.00525042  0  0  0.110797  0  0.000248065
1.0731e+13  0  357.7  6.00115  0  0  18.3371  0  2.67425  0.00525897  0  0  0.111172  0  0.000248408
1.074e+13  0  358  6.00194  0  0  18.3538  0  2.67432  0.00526753  0  0  0.111548  0  0.000248752
1.0749e+13  0  358.3  6.00273  0  0  18.3705  0  2.6744  0.00527611  0  0  0.111927  0  0.000249096
1.0758e+13  0  358.6  6.00352  0  0  18.3873  0  2.67447  0.00528471  0  0  0.112306  0  0.00024944
1.0767e+13  0  358.9  6.00432  0  0  18.4042  0  2.67455  0.00529332  0  0  0.112688  0  0.000249785
1.0776e+13  0  359.2  6.00511  0  0  18.4211  0  2.67462  0.00530194  0  0  0.113072  0  0.000250131
1.0785e+13  0  359.5  6.00591  0  0  18.4381  0  2.6747  0.00531058  0  0  0.113457  0  0.000250477
1.0794e+13  0  359.8  6.0067  0  0  18.4551  0  2.67477  0.00531924  0  0  0.113845  0  0.000250823
1.0803e+13  0  360.1  6.0075  0  0  18.4722  0  2.67485  0.00532791  0  0  0.114234  0  0.00025117
1.0812e+13  0  360.4  6.0083  0  0  18.4894  0  2.67492  0.0053366  0  0  0.114625  0  0.000251517
1.0821e+13  0  360.7  6.0091  0  0  18.5066  0  2.675  0.00534531  0  0  0.115018  0  0.000251864
1.083e+13  0  361  6.00991  0  0  18.5239  0  2.67507  0.00535403  0  0  0.115412  0  0.000252213
1.0839e+13  0  361.3  6.01071  0  0  18.5412  0  2.67515  0.00536276  0  0  0.115809  0  0.000252561
1.0848e+13  0  361.6  6.01152  0  0  18.5586  0  2.67522  0.00537151  0  0  0.116208  0  0.00025291
1.0857e+13  0  361.9  6.01232  0  0  18.5761  0  2.6753  0.00538028  0  0  0.116609  0  0.00025326
1.0866e+13  0  362.2  6.01313  0  0  18.5936  0  2.67538  0.00538907  0  0  0.117011  0  0.00025361
1.0875e+13  0  362.5  6.01394  0  0  18.6112  0  2.67545  0.00539786  0  0  0.117416  0  0.00025396
1.0884e+13  0  362.8  6.01475  0  0  18.6288  0  2.67553  0.00540668  0  0  0.117822  0  0.000254311
1.0893e+13  0  363.1  6.01556  0  0  18.6465  0  2.67561  0.00541551  0  0  0.118231  0  0.000254662
1.0902e+13  0  363.4  6.01637  0  0  18.6643  0  2.67568  0.00542436  0  0  0.118641  0  0.000255014
1.0911e+13  0  363.7  6.01719  0  0  18.6821  0  2.67576  0.00543322  0  0  0.119054  0  0.000255366
1.092e+13  0  364  6.018  0  0  18.7  0  2.67584  0.0054421  0  0  0.119468  0  0.000255719
1.0929e+13  0  364.3  6.01882  0  0  18.7179  0  2.67591  0.005451  0  0  0.119885  0  0.000256072
1.0938e+13  0  364.6  6.01964  0  0  18.736  0  2.67599  0.00545991  0  0  0.120304  0  0.000256426
1.0947e+13  0  364.9  6.02046  0  0  18.754  0  2.67607  0.00546884  0  0  0.120724  0  0.00025678
1.0956e+13  0  365.2  6.02128  0  0  18.7722  0  2.67614  0.00547778  0  0  0.121147  0  0.000257135
1.0965e+13  0  365.5  6.0221  0  0  18.7904  0  2.67622  0.00548675  0  0  0.121572  0  0.00025749
1.0974e+13  0  365.8  6.02293  0  0  18.8086  0  2.6763  0.00549572  0  0  0.121999  0  0.000257846
1.0983e+13  0  366.1  6.02375  0  0  18.827  0  2.67637  0.00550472  0  0  0.122428  0  0.000258202
1.0992e+13  0  366.4  6.02458  0  0  18.8453  0  2.67645  0.00551373  0  0  0.12286  0  0.000258558
1.1001e+13  0  366.7  6.0254  0  0  18.8638  0  2.67653  0.00552276  0  0  0.123293  0  0.000258915
1.101e+13  0  367  6.02623  0  0  18.8823  0  2.67661  0.0055318  0  0  0.123729  0  0.000259273
1.1019e+13  0  367.3  6.02706  0  0  18.9009  0  2.67669  0.00554086  0  0  0.124167  0  0.000259631
1.1028e+13  0  367.6  6.0279  0  0  18.9196  0  2.67676  0.00554994  0  0  0.124607  0  0.000259989
1.1037e+13  0  367.9  6.02873  0  0  18.9383  0  2.67684  0.00555903  0  0  0.125049  0  0.000260348
1.1046e+13  0  368.2  6.02956  0  0  18.9571  0  2.67692  0.00556815  0  0  0.125494  0  0.000260708
1.1055e+13  0  368.5  6.0304  0  0  18.9759  0  2.677  0.00557727  0  0  0.12594  0  0.000261068
1.1064e+13  0  368.8  6.03124  0  0  18.9948  0  2.67708  0.00558642  0  0  0.126389  0  0.000261428
1.1073e+13  0  369.1  6.03207  0  0  19.0138  0  2.67715  0.00559558  0  0  0.126841  0  0.000261789
1.1082e+13  0  369.4  6.03291  0  0  19.0329  0  2.67723  0.00560476  0  0  0.127294  0  0.00026215
1.1091e+13  0  369.7  6.03376  0  0  19.052  0  2.67731  0.00561395  0  0  0.12775  0  0.000262512
1.11e+13  0  370  6.0346  0  0  19.0712  0  2.67739  0.00562317  0  0  0.128208  0  0.000262875
1.1109e+13  0  370.3  6.03544  0  0  19.0905  0  2.67747  0.0056324  0  0  0.128669  0  0.000263237
1.1118e+13  0  370.6  6.03629  0  0  19.1098  0  2.67755  0.00564165  0  0  0.129132  0  0.000263601
1.1127e+13  0  370.9  6.03714  0  0  19.1292  0  2.67763  0.00565091  0  0  0.129597  0  0.000263965
1.1136e+13  0  371.2  6.03798  0  0  19.1487  0  2.67771  0.00566019  0  0  0.130065  0  0.000264329
1.1145e+13  0  371.5  6.03883  0  0  19.1682  0  2.67779  0.00566949  0  0  0.130535  0  0.000264694
1.1154e+13  0  371.8  6.03968  0  0  19.1878  0  2.67787  0.00567881  0  0  0.131008  0  0.000265059
1.1163e+13  0  372.1  6.04054  0  0  19.2075  0  2.67795  0.00568814  0  0  0.131483  0  0.000265425
1.1172e+13  0  372.4  6.04139  0  0  19.2272  0  2.67803  0.00569749  0  0  0.13196  0  0.000265791
1.1181e+13  0  372.7  6.04225  0  0  19.2471  0  2.67811  0.00570686  0  0  0.13244  0  0.000266158
1.119e+13  0  373  6.0431  0  0  19.267  0  2.67819  0.00571625  0  0  0.132922  0  0.000266525
1.1199e+13  0  373.3  6.04396  0  0  19.2869  0  2.67827  0.00572565  0  0  0.133407  0  0.000266893
1.1208e+13  0  373.6  6.04482  0  0  19.307  0  2.67835  0.00573507  0  0  0.133895  0  0.000267262
1.1217e+13  0  373.9  6.04568  0  0  19.3271  0  2.67843  0.00574451  0  0  0.134385  0  0.00026763
1.1226e+13  0  374.2  6.04654  0  0  19.3473  0  2.67851  0.00575397  0  0  0.134877  0  0.000268
1.1235e+13  0  374.5  6.04741  0  0  19.3675  0  2.67859  0.00576345  0  0  0.135372  0  0.00026837
1.1244e+13  0  374.8  6.04827  0  0  19.3879  0  2.67867  0.00577294  0  0  0.13587  0  0.00026874
1.1253e+13  0  375.1  6.04914  0  0  19.4083  0  2.67875  0.00578245  0  0  0.13637  0  0.000269111
1.1262e+13  0  375.4  6.05001  0  0  19.4288  0  2.67883  0.00579198  0  0  0.136873  0  0.000269482
1.1271e+13  0  375.7  6.05088  0  0  19.4493  0  2.67891  0.00580153  0  0  0.137379  0  0.000269854
1.128e+13  0  376  6.05175  0  0  19.47  0  2.67899  0.00581109  0  0  0.137887  0  0.000270226
1.1289e+13  0  376.3  6.05262  0  0  19.4907  0  2.67907  0.00582067  0  0  0.138398  0  0.000270599
1.1298e+13  0  376.6  6.05349  0  0  19.5115  0  2.67915  0.00583027  0  0  0.138912  0  0.000270973
1.1307e+13  0  376.9  6.05437  0  0  19.5324  0  2.67923  0.00583989  0  0  0.139429  0  0.000271347
1.1316e+13  0  377.2  6.05525  0  0  19.5533  0  2.67932  0.00584953  0  0  0.139948  0  0.000271721
1.1325e+13  0  377.5  6.05612  0  0  19.5743  0  2.6794  0.00585919  0  0  0.14047  0  0.000272096
1.1334e+13  0  377.8  6.057  0  0  19.5954  0  2.67948  0.00586886  0  0  0.140995  0  0.000272472
1.1343e+13  0  378.1  6.05788  0  0  19.6166  0  2.67956  0.00587855  0  0  0.141522  0  0.000272848
1.1352e+13  0  378.4  6.05877  0  0  19.6379  0  2.67964  0.00588827  0  0  0.142053  0  0.000273224
1.1361e+13  0  378.7  6.05965  0  0  19.6592  0  2.67972  0.005898  0  0  0.142586  0  0.000273601
1.137e+13  0  379  6.06054  0  0  19.6806  0  2.67981  0.00590774  0  0  0.143122  0  0.000273979
1.1379e+13  0  379.3  6.06142  0  0  19.7021  0  2.67989  0.00591751  0  0  0.143661  0  0.000274357
1.1388e+13  0  379.6  6.06231  0  0  19.7237  0  2.67997  0.0059273  0  0  0.144203  0  0.000274735
1.1397e+13  0  379.9  6.0632  0  0  19.7454  0  2.68005  0.0059371  0  0  0.144748  0  0.000275115
1.1406e+13  0  380.2  6.06409  0  0  19.7671  0  2.68014  0.00594692  0  0  0.145296  0  0.000275494
1.1415e+13  0  380.5  6.06499  0  0  19.789  0  2.68022  0.00595677  0  0  0.145847  0  0.000275875
1.1424e+13  0  380.8  6.06588  0  0  19.8109  0  2.6803  0.00596663  0  0  0.146401  0  0.000276255
1.1433e+13  0  381.1  6.06678  0  0  19.8329  0  2.68038  0.00597651  0  0  0.146957  0  0.000276637
1.1442e+13  0  381.4  6.06767  0  0  19.8549  0  2.68047  0.00598641  0  0  0.147517  0  0.000277018
1.1451e+13  0  381.7  6.06857  0  0  19.8771  0  2.68055  0.00599632  0  0  0.14808  0  0.000277401
1.146e+13  0  382  6.06947  0  0  19.8994  0  2.68063  0.00600626  0  0  0.148646  0  0.000277784
1.1469e+13  0  382.3  6.07037  0  0  19.9217  0  2.68072  0.00601622  0  0  0.149216  0  0.000278167
1.1478e+13  0  382.6  6.07128  0  0  19.9441  0  2.6808  0.00602619  0  0  0.149788  0  0.000278551
1.1487e+13  0  382.9  6.07218  0  0  19.9666  0  2.68088  0.00603619  0  0  0.150363  0  0.000278935
1.1496e+13  0  383.2  6.07309  0  0  19.9892  0  2.68097  0.0060462  0  0  0.150942  0  0.00027932
1.1505e+13  0  383.5  6.07399  0  0  20.0119  0  2.68105  0.00605623  0  0  0.151524  0  0.000279706
1.1514e+13  0  383.8  6.0749  0  0  20.0346  0  2.68114  0.00606629  0  0  0.152109  0  0.000280092
1.1523e+13  0  384.1  6.07581  0  0  20.0575  0  2.68122  0.00607636  0  0  0.152697  0  0.000280479
1.1532e+13  0  384.4  6.07673  0  0  20.0804  0  2.6813  0.00608645  0  0  0.153289  0  0.000280866
1.1541e+13  0  384.7  6.07764  0  0  20.1035  0  2.68139  0.00609656  0  0  0.153884  0  0.000281254
1.155e+13  0  385  6.07856  0  0  20.1266  0  2.68147  0.00610669  0  0  0.154482  0  0.000281642
1.1559e+13  0  385.3  6.07947  0  0  20.1498  0  2.68156  0.00611684  0  0  0.155084  0  0.000282031
1.1568e+13  0  385.6  6.08039  0  0  20.1731  0  2.68164  0.00612701  0  0  0.155689  0  0.00028242
1.1577e+13  0  385.9  6.08131  0  0  20.1965  0  2.68173  0.0061372  0  0  0.156297  0  0.00028281
1.1586e+13  0  386.2  6.08223  0  0  20.22  0  2.68181  0.00614741  0  0  0.156909  0  0.0002832
1.1595e+13  0  386.5  6.08315  0  0  20.2436  0  2.6819  0.00615764  0  0  0.157524  0  0.000283591
1.1604e+13  0  386.8  6.08408  0  0  20.2672  0  2.68198  0.00616789  0  0  0.158143  0  0.000283983
1.1613e+13  0  387.1  6.085  0  0  20.291  0  2.68207  0.00617816  0  0  0.158765  0  0.000284375
1.1622e+13  0  387.4  6.08593  0  0  20.3148  0  2.68215  0.00618845  0  0  0.159391  0  0.000284768
1.1631e+13  0  387.7  6.08686  0  0  20.3388  0  2.68224  0.00619876  0  0  0.160021  0  0.000285161
1.164e+13  0  388  6.08779  0  0  20.3628  0  2.68232  0.00620909  0  0  0.160654  0  0.000285555
1.1649e+13  0  388.3  6.08872  0  0  20.387  0  2.68241  0.00621944  0  0  0.16129  0  0.000285949
1.1658e+13  0  388.6  6.08966  0  0  20.4112  0  2.6825  0.00622981  0  0  0.16193  0  0.000286344
1.1667e+13  0  388.9  6.09059  0  0  20.4355  0  2.68258  0.0062402  0  0  0.162574  0  0.00028674
1.1676e+13  0  389.2  6.09153  0  0  20.46  0  2.68267  0.00625062  0  0  0.163222  0  0.000287136
1.1685e+13  0  389.5  6.09247  0  0  20.4845  0  2.68275  0.00626105  0  0  0.163873  0  0.000287532
1.1694e+13  0  389.8  6.09341  0  0  20.5091  0  2.68284  0.0062715  0  0  0.164528  0  0.000287929
1.1703e+13  0  390.1  6.09435  0  0  20.5338  0  2.68293  0.00628198  0  0  0.165187  0  0.000288327
1.1712e+13  0  390.4  6.09529  0  0  20.5586  0  2.68301  0.00629247  0  0  0.16585  0  0.000288726
1.1721e+13  0  390.7  6.09624  0  0  20.5836  0  2.6831  0.00630298  0  0  0.166517  0  0.000289124
1.173e+13  0  391  6.09718  0  0  20.6086  0  2.68319  0.00631352  0  0  0.167187  0  0.000289524
1.1739e+13  0  391.3  6.09813  0  0  20.6337  0  2.68327  0.00632408  0  0  0.167861  0  0.000289924
1.1748e+13  0  391.6  6.09908  0  0  20.6589  0  2.68336  0.00633465  0  0  0.16854  0  0.000290324
1.1757e+13  0  391.9  6.10003  0  0  20.6842  0  2.68345  0.00634525  0  0  0.169222  0  0.000290726
1.1766e+13  0  392.2  6.10098  0  0  20.7097  0  2.68353  0.00635587  0  0  0.169908  0  0.000291127
1.1775e+13  0  392.5  6.10194  0  0  20.7352  0  2.68362  0.00636651  0  0  0.170599  0  0.00029153
1.1784e+13  0  392.8  6.10289  0  0  20.7608  0  2.68371  0.00637717  0  0  0.171293  0  0.000291933
1.1793e+13  0  393.1  6.10385  0  0  20.7866  0  2.6838  0.00638786  0  0  0.171991  0  0.000292336
1.1802e+13  0  393.4  6.10481  0  0  20.8124  0  2.68389  0.00639856  0  0  0.172694  0  0.00029274
1.1811e+13  0  393.7  6.10577  0  0  20.8384  0  2.68397  0.00640929  0  0  0.173401  0  0.000293145
1.182e+13  0  394  6.10673  0  0  20.8644  0  2.68406  0.00642003  0  0  0.174112  0  0.00029355
1.1829e+13  0  394.3  6.1077  0  0  20.8906  0  2.68415  0.0064308  0  0  0.174827  0  0.000293956
1.1838e+13  0  394.6  6.10866  0  0  20.9168  0  2.68424  0.00644159  0  0  0.175546  0  0.000294362
1.1847e+13  0  394.9  6.10963  0  0  20.9432  0  2.68433  0.0064524  0  0  0.17627  0  0.000294769
1.1856e+13  0  395.2  6.1106  0  0  20.9697  0  2.68441  0.00646323  0  0  0.176998  0  0.000295177
1.1865e+13  0  395.5  6.11157  0  0  20.9963  0  2.6845  0.00647409  0  0  0.17773  0  0.000295585
1.1874e+13  0  395.8  6.11254  0  0  21.023  0  2.68459  0.00648497  0  0  0.178467  0  0.000295994
1.1883e+13  0  396.1  6.11351  0  0  21.0498  0  2.68468  0.00649586  0  0  0.179208  0  0.000296403
1.1892e+13  0  396.4  6.11449  0  0  21.0767  0  2.68477  0.00650678  0  0  0.179954  0  0.000296813
1.1901e+13  0  396.7  6.11546  0  0  21.1038  0  2.68486  0.00651773  0  0  0.180704  0  0.000297224
1.191e+13  0  397  6.11644  0  0  21.1309  0  2.68495  0.00652869  0  0  0.181459  0  0.000297635
1.1919e+13  0  397.3  6.11742  0  0  21.1582  0  2.68504  0.00653968  0  0  0.182219  0  0.000298047
1.1928e+13  0  397.6  6.1184  0  0  21.1856  0  2.68513  0.00655068  0  0  0.182983  0  0.000298459
1.1937e+13  0  397.9  6.11939  0  0  21.2131  0  2.68522  0.00656172  0  0  0.183751  0  0.000298872
1.1946e+13  0  398.2  6.12037  0  0  21.2407  0  2.68531  0.00657277  0  0  0.184525  0  0.000299285
1.1955e+13  0  398.5  6.12136  0  0  21.2684  0  2.6854  0.00658384  0  0  0.185303  0  0.0002997
1.1964e+13  0  398.8  6.12235  0  0  21.2963  0  2.68549  0.00659494  0  0  0.186086  0  0.000300114
1.1973e+13  0  399.1  6.12334  0  0  21.3242  0  2.68558  0.00660606  0  0  0.186873  0  0.00030053
1.1982e+13  0  399.4  6.12433  0  0  21.3523  0  2.68567  0.0066172  0  0  0.187666  0  0.000300946
1.1991e+13  0  399.7  6.12532  0  0  21.3805  0  2.68576  0.00662837  0  0  0.188463  0  0.000301362
1.2e+13  0  400  6.12632  0  0  21.4088  0  2.68585  0.00663956  0  0  0.189265  0  0.000301779
1.2009e+13  0  400.3  6.12731  0  0  21.4373  0  2.68594  0.00665077  0  0  0.190073  0  0.000302197
1.2018e+13  0  400.6  6.12831  0  0  21.4658  0  2.68603  0.006662  0  0  0.190885  0  0.000302616
1.2027e+13  0  400.9  6.12931  0  0  21.4945  0  2.68612  0.00667326  0  0  0.191702  0  0.000303035
1.2036e+13  0  401.2  6.13032  0  0  21.5233  0  2.68621  0.00668454  0  0  0.192525  0  0.000303454
1.2045e+13  0  401.5  6.13132  0  0  21.5522  0  2.6863  0.00669584  0  0  0.193353  0  0.000303875
1.2054e+13  0  401.8  6.13232  0  0  21.5813  0  2.68639  0.00670716  0  0  0.194185  0  0.000304295
1.2063e+13  0  402.1  6.13333  0  0  21.6105  0  2.68648  0.00671851  0  0  0.195023  0  0.000304717
1.2072e+13  0  402.4  6.13434  0  0  21.6398  0  2.68658  0.00672988  0  0  0.195867  0  0.000305139
1.2081e+13  0  402.7  6.13535  0  0  21.6692  0  2.68667  0.00674128  0  0  0.196715  0  0.000305562
1.209e+13  0  403  6.13636  0  0  21.6988  0  2.68676  0.0067527  0  0  0.197569  0  0.000305985
1.2099e+13  0  403.3  6.13738  0  0  21.7284  0  2.68685  0.00676414  0  0  0.198429  0  0.000306409
1.2108e+13  0  403.6  6.13839  0  0  21.7583  0  2.68694  0.0067756  0  0  0.199294  0  0.000306834
1.2117e+13  0  403.9  6.13941  0  0  21.7882  0  2.68703  0.00678709  0  0  0.200164  0  0.000307259
1.2126e+13  0  404.2  6.14043  0  0  21.8183  0  2.68713  0.0067986  0  0  0.20104  0  0.000307685
1.2135e+13  0  404.5  6.14145  0  0  21.8485  0  2.68722  0.00681014  0  0  0.201921  0  0.000308111
1.2144e+13  0  404.8  6.14247  0  0  21.8788  0  2.68731  0.0068217  0  0  0.202808  0  0.000308539
1.2153e+13  0  405.1  6.14349  0  0  21.9093  0  2.6874  0.00683328  0  0  0.203701  0  0.000308966
1.2162e+13  0  405.4  6.14452  0  0  21.9399  0  2.6875  0.00684489  0  0  0.2046  0  0.000309395
1.2171e+13  0  405.7  6.14555  0  0  21.9707  0  2.68759  0.00685652  0  0  0.205504  0  0.000309824
1.218e+13  0  406  6.14658  0  0  22.0015  0  2.68768  0.00686818  0  0  0.206414  0  0.000310254
1.2189e+13  0  406.3  6.14761  0  0  22.0326  0  2.68778  0.00687986  0  0  0.207331  0  0.000310684
1.2198e+13  0  406.6  6.14864  0  0  22.0637  0  2.68787  0.00689156  0  0  0.208253  0  0.000311115
1.2207e+13  0  406.9  6.14967  0  0  22.095  0  2.68796  0.00690329  0  0  0.209181  0  0.000311546
1.2216e+13  0  407.2  6.15071  0  0  22.1264  0  2.68806  0.00691504  0  0  0.210115  0  0.000311979
1.2225e+13  0  407.5  6.15175  0  0  22.158  0  2.68815  0.00692682  0  0  0.211055  0  0.000312412
1.2234e+13  0  407.8  6.15279  0  0  22.1897  0  2.68824  0.00693862  0  0  0.212001  0  0.000312845
1.2243e+13  0  408.1  6.15383  0  0  22.2216  0  2.68834  0.00695044  0  0  0.212954  0  0.000313279
1.2252e+13  0  408.4  6.15487  0  0  22.2536  0  2.68843  0.0069623  0  0  0.213912  0  0.000313714
1.2261e+13  0  408.7  6.15592  0  0  22.2857  0  2.68853  0.00697417  0  0  0.214877  0  0.00031415
1.227e+13  0  409  6.15697  0  0  22.318  0  2.68862  0.00698607  0  0  0.215849  0  0.000314586
1.2279e+13  0  409.3  6.15801  0  0  22.3505  0  2.68871  0.00699799  0  0  0.216827  0  0.000315023
1.2288e+13  0  409.6  6.15907  0  0  22.3831  0  2.68881  0.00700994  0  0  0.217811  0  0.00031546
1.2297e+13  0  409.9  6.16012  0  0  22.4158  0  2.6889  0.00702192  0  0  0.218802  0  0.000315898
1.2306e+13  0  410.2  6.16117  0  0  22.4487  0  2.689  0.00703392  0  0  0.2198  0  0.000316337
1.2315e+13  0  410.5  6.16223  0  0  22.4817  0  2.68909  0.00704594  0  0  0.220804  0  0.000316776
1.2324e+13  0  410.8  6.16329  0  0  22.5149  0  2.68919  0.00705799  0  0  0.221815  0  0.000317217
1.2333e+13  0  411.1  6.16435  0  0  22.5482  0  2.68928  0.00707007  0  0  0.222832  0  0.000317657
1.2342e+13  0  411.4  6.16541  0  0  22.5817  0  2.68938  0.00708217  0  0  0.223857  0  0.000318099
1.2351e+13  0  411.7  6.16647  0  0  22.6153  0  2.68947  0.00709429  0  0  0.224888  0  0.000318541
1.236e+13  0  412  6.16753  0  0  22.6491  0  2.68957  0.00710644  0  0  0.225927  0  0.000318984
1.2369e+13  0  412.3  6.1686  0  0  22.6831  0  2.68967  0.00711862  0  0  0.226972  0  0.000319427
1.2378e+13  0  412.6  6.16967  0  0  22.7172  0  2.68976  0.00713082  0  0  0.228025  0  0.000319871
1.2387e+13  0  412.9  6.17074  0  0  22.7515  0  2.68986  0.00714305  0  0  0.229084  0  0.000320316
1.2396e+13  0  413.2  6.17181  0  0  22.7859  0  2.68995  0.00715531  0  0  0.230151  0  0.000320761
1.2405e+13  0  413.5  6.17289  0  0  22.8205  0  2.69005  0.00716759  0  0  0.231225  0  0.000321207
1.2414e+13  0  413.8  6.17396  0  0  22.8552  0  2.69015  0.00717989  0  0  0.232307  0  0.000321654
1.2423e+13  0  414.1  6.17504  0  0  22.8901  0  2.69024  0.00719222  0  0  0.233396  0  0.000322102
1.2432e+13  0  414.4  6.17612  0  0  22.9252  0  2.69034  0.00720458  0  0  0.234492  0  0.00032255
1.2441e+13  0  414.7  6.1772  0  0  22.9604  0  2.69044  0.00721697  0  0  0.235596  0  0.000322999
1.245e+13  0  415  6.17829  0  0  22.9959  0  2.69053  0.00722938  0  0  0.236708  0  0.000323448
1.2459e+13  0  415.3  6.17937  0  0  23.0314  0  2.69063  0.00724181  0  0  0.237827  0  0.000323899
1.2468e+13  0  415.6  6.18046  0  0  23.0672  0  2.69073  0.00725428  0  0  0.238954  0  0.000324349
1.2477e+13  0  415.9  6.18155  0  0  23.1031  0  2.69083  0.00726677  0  0  0.240089  0  0.000324801
1.2486e+13  0  416.2  6.18264  0  0  23.1392  0  2.69092  0.00727928  0  0  0.241232  0  0.000325253
1.2495e+13  0  416.5  6.18373  0  0  23.1754  0  2.69102  0.00729183  0  0  0.242383  0  0.000325706
1.2504e+13  0  416.8  6.18483  0  0  23.2118  0  2.69112  0.0073044  0  0  0.243541  0  0.00032616
1.2513e+13  0  417.1  6.18592  0  0  23.2484  0  2.69122  0.00731699  0  0  0.244708  0  0.000326614
1.2522e+13  0  417.4  6.18702  0  0  23.2852  0  2.69131  0.00732962  0  0  0.245884  0  0.000327069
1.2531e+13  0  417.7  6.18812  0  0  23.3222  0  2.69141  0.00734227  0  0  0.247067  0  0.000327525
1.254e+13  0  418  6.18922  0  0  23.3593  0  2.69151  0.00735495  0  0  0.248259  0  0.000327982
1.2549e+13  0  418.3  6.19033  0  0  23.3966  0  2.69161  0.00736765  0  0  0.24946  0  0.000328439
1.2558e+13  0  418.6  6.19143  0  0  23.4341  0  2.69171  0.00738038  0  0  0.250668  0  0.000328897
1.2567e+13  0  418.9  6.19254  0  0  23.4718  0  2.69181  0.00739314  0  0  0.251886  0  0.000329355
1.2576e+13  0  419.2  6.19365  0  0  23.5096  0  2.69191  0.00740593  0  0  0.253112  0  0.000329814
1.2585e+13  0  419.5  6.19476  0  0  23.5477  0  2.692  0.00741875  0  0  0.254347  0  0.000330274
1.2594e+13  0  419.8  6.19588  0  0  23.5859  0  2.6921  0.00743159  0  0  0.255591  0  0.000330735
1.2603e+13  0  420.1  6.19699  0  0  23.6243  0  2.6922  0.00744446  0  0  0.256844  0  0.000331196
1.2612e+13  0  420.4  6.19811  0  0  23.6629  0  2.6923  0.00745735  0  0  0.258106  0  0.000331659
1.2621e+13  0  420.7  6.19923  0  0  23.7017  0  2.6924  0.00747028  0  0  0.259377  0  0.000332121
1.263e+13  0  421  6.20035  0  0  23.7407  0  2.6925  0.00748323  0  0  0.260657  0  0.000332585
1.2639e+13  0  421.3  6.20147  0  0  23.7798  0  2.6926  0.00749621  0  0  0.261946  0  0.000333049
1.2648e+13  0  421.6  6.2026  0  0  23.8192  0  2.6927  0.00750922  0  0  0.263245  0  0.000333514
1.2657e+13  0  421.9  6.20373  0  0  23.8588  0  2.6928  0.00752226  0  0  0.264553  0  0.00033398
1.2666e+13  0  422.2  6.20486  0  0  23.8985  0  2.6929  0.00753533  0  0  0.265871  0  0.000334446
1.2675e+13  0  422.5  6.20599  0  0  23.9385  0  2.693  0.00754842  0  0  0.267199  0  0.000334913
1.2684e+13  0  422.8  6.20712  0  0  23.9787  0  2.6931  0.00756154  0  0  0.268536  0  0.000335381
1.2693e+13  0  423.1  6.20826  0  0  24.019  0  2.6932  0.0075747  0  0  0.269883  0  0.00033585
1.2702e+13  0  423.4  6.20939  0  0  24.0596  0  2.6933  0.00758787  0  0  0.27124  0  0.000336319
1.2711e+13  0  423.7  6.21053  0  0  24.1003  0  2.69341  0.00760108  0  0  0.272608  0  0.000336789
1.272e+13  0  424  6.21167  0  0  24.1413  0  2.69351  0.00761432  0  0  0.273985  0  0.00033726
1.2729e+13  0  424.3  6.21282  0  0  24.1825  0  2.69361  0.00762759  0  0  0.275373  0  0.000337731
1.2738e+13  0  424.6  6.21396  0  0  24.2239  0  2.69371  0.00764088  0  0  0.276771  0  0.000338204
1.2747e+13  0  424.9  6.21511  0  0  24.2655  0  2.69381  0.00765421  0  0  0.278179  0  0.000338677
1.2756e+13  0  425.2  6.21626  0  0  24.3073  0  2.69391  0.00766756  0  0  0.279598  0  0.00033915
1.2765e+13  0  425.5  6.21741  0  0  24.3493  0  2.69401  0.00768094  0  0  0.281028  0  0.000339625
1.2774e+13  0  425.8  6.21856  0  0  24.3916  0  2.69412  0.00769435  0  0  0.282468  0  0.0003401
1.2783e+13  0  426.1  6.21972  0  0  24.434  0  2.69422  0.00770779  0  0  0.28392  0  0.000340576
1.2792e+13  0  426.4  6.22087  0  0  24.4767  0  2.69432  0.00772127  0  0  0.285382  0  0.000341053
1.2801e+13  0  426.7  6.22203  0  0  24.5196  0  2.69442  0.00773477  0  0  0.286856  0  0.00034153
1.281e+13  0  427  6.22319  0  0  24.5627  0  2.69453  0.0077483  0  0  0.28834  0  0.000342008
1.2819e+13  0  427.3  6.22436  0  0  24.606  0  2.69463  0.00776186  0  0  0.289836  0  0.000342487
1.2828e+13  0  427.6  6.22552  0  0  24.6496  0  2.69473  0.00777544  0  0  0.291344  0  0.000342967
1.2837e+13  0  427.9  6.22669  0  0  24.6934  0  2.69483  0.00778906  0  0  0.292863  0  0.000343448
1.2846e+13  0  428.2  6.22786  0  0  24.7374  0  2.69494  0.00780271  0  0  0.294394  0  0.000343929
1.2855e+13  0  428.5  6.22903  0  0  24.7816  0  2.69504  0.00781639  0  0  0.295936  0  0.000344411
1.2864e+13  0  428.8  6.2302  0  0  24.8261  0  2.69514  0.0078301  0  0  0.297491  0  0.000344893
1.2873e+13  0  429.1  6.23138  0  0  24.8708  0  2.69525  0.00784384  0  0  0.299057  0  0.000345377
1.2882e+13  0  429.4  6.23256  0  0  24.9158  0  2.69535  0.00785762  0  0  0.300636  0  0.000345861
1.2891e+13  0  429.7  6.23374  0  0  24.961  0  2.69545  0.00787142  0  0  0.302227  0  0.000346346
1.29e+13  0  430  6.23492  0  0  25.0064  0  2.69556  0.00788525  0  0  0.303831  0  0.000346832
1.2909e+13  0  430.3  6.2361  0  0  25.0521  0  2.69566  0.00789911  0  0  0.305447  0  0.000347319
1.2918e+13  0  430.6  6.23729  0  0  25.098  0  2.69577  0.007913  0  0  0.307075  0  0.000347806
1.2927e+13  0  430.9  6.23848  0  0  25.1441  0  2.69587  0.00792693  0  0  0.308717  0  0.000348294
1.2936e+13  0  431.2  6.23967  0  0  25.1905  0  2.69598  0.00794088  0  0  0.310372  0  0.000348783
1.2945e+13  0  431.5  6.24086  0  0  25.2372  0  2.69608  0.00795487  0  0  0.312039  0  0.000349273
1.2954e+13  0  431.8  6.24205  0  0  25.2841  0  2.69619  0.00796889  0  0  0.31372  0  0.000349763
1.2963e+13  0  432.1  6.24325  0  0  25.3312  0  2.69629  0.00798294  0  0  0.315415  0  0.000350254
1.2972e+13  0  432.4  6.24445  0  0  25.3787  0  2.6964  0.00799702  0  0  0.317123  0  0.000350746
1.2981e+13  0  432.7  6.24565  0  0  25.4263  0  2.6965  0.00801113  0  0  0.318844  0  0.000351239
1.299e+13  0  433  6.24685  0  0  25.4742  0  2.69661  0.00802527  0  0  0.32058  0  0.000351732
1.2999e+13  0  433.3  6.24805  0  0  25.5224  0  2.69671  0.00803945  0  0  0.322329  0  0.000352227
1.3008e+13  0  433.6  6.24926  0  0  25.5709  0  2.69682  0.00805366  0  0  0.324092  0  0.000352722
1.3017e+13  0  433.9  6.25047  0  0  25.6196  0  2.69692  0.00806789  0  0  0.32587  0  0.000353218
1.3026e+13  0  434.2  6.25168  0  0  25.6686  0  2.69703  0.00808217  0  0  0.327662  0  0.000353715
1.3035e+13  0  434.5  6.25289  0  0  25.7178  0  2.69714  0.00809647  0  0  0.329469  0  0.000354212
1.3044e+13  0  434.8  6.25411  0  0  25.7674  0  2.69724  0.0081108  0  0  0.331291  0  0.00035471
1.3053e+13  0  435.1  6.25533  0  0  25.8172  0  2.69735  0.00812517  0  0  0.333127  0  0.00035521
1.3062e+13  0  435.4  6.25655  0  0  25.8672  0  2.69746  0.00813957  0  0  0.334978  0  0.000355709
1.3071e+13  0  435.7  6.25777  0  0  25.9176  0  2.69756  0.008154  0  0  0.336845  0  0.00035621
1.308e+13  0  436  6.25899  0  0  25.9682  0  2.69767  0.00816847  0  0  0.338727  0  0.000356712
1.3089e+13  0  436.3  6.26022  0  0  26.0191  0  2.69778  0.00818297  0  0  0.340625  0  0.000357214
1.3098e+13  0  436.6  6.26145  0  0  26.0703  0  2.69788  0.0081975  0  0  0.342538  0  0.000357717
1.3107e+13  0  436.9  6.26268  0  0  26.1218  0  2.69799  0.00821206  0  0  0.344468  0  0.000358221
1.3116e+13  0  437.2  6.26391  0  0  26.1736  0  2.6981  0.00822666  0  0  0.346413  0  0.000358726
1.3125e+13  0  437.5  6.26515  0  0  26.2257  0  2.69821  0.00824129  0  0  0.348375  0  0.000359231
1.3134e+13  0  437.8  6.26638  0  0  26.278  0  2.69831  0.00825595  0  0  0.350353  0  0.000359738
1.3143e+13  0  438.1  6.26762  0  0  26.3307  0  2.69842  0.00827065  0  0  0.352348  0  0.000360245
1.3152e+13  0  438.4  6.26887  0  0  26.3837  0  2.69853  0.00828538  0  0  0.35436  0  0.000360753
1.3161e+13  0  438.7  6.27011  0  0  26.4369  0  2.69864  0.00830014  0  0  0.356388  0  0.000361262
1.317e+13  0  439  6.27136  0  0  26.4905  0  2.69875  0.00831494  0  0  0.358434  0  0.000361772
1.3179e+13  0  439.3  6.2726  0  0  26.5444  0  2.69886  0.00832977  0  0  0.360498  0  0.000362282
1.3188e+13  0  439.6  6.27385  0  0  26.5986  0  2.69896  0.00834463  0  0  0.362579  0  0.000362793
1.3197e+13  0  439.9  6.27511  0  0  26.6531  0  2.69907  0.00835953  0  0  0.364677  0  0.000363306
1.3206e+13  0  440.2  6.27636  0  0  26.7079  0  2.69918  0.00837446  0  0  0.366794  0  0.000363819
1.3215e+13  0  440.5  6.27762  0  0  26.763  0  2.69929  0.00838943  0  0  0.368929  0  0.000364332
1.3224e+13  0  440.8  6.27888  0  0  26.8185  0  2.6994  0.00840443  0  0  0.371083  0  0.000364847
1.3233e+13  0  441.1  6.28014  0  0  26.8743  0  2.69951  0.00841946  0  0  0.373255  0  0.000365362
1.3242e+13  0  441.4  6.2814  0  0  26.9304  0  2.69962  0.00843453  0  0  0.375446  0  0.000365879
1.3251e+13  0  441.7  6.28267  0  0  26.9868  0  2.69973  0.00844964  0  0  0.377656  0  0.000366396
1.326e+13  0  442  6.28394  0  0  27.0436  0  2.69984  0.00846478  0  0  0.379885  0  0.000366914
1.3269e+13  0  442.3  6.28521  0  0  27.1007  0  2.69995  0.00847995  0  0  0.382134  0  0.000367433
1.3278e+13  0  442.6  6.28648  0  0  27.1582  0  2.70006  0.00849516  0  0  0.384403  0  0.000367952
1.3287e+13  0  442.9  6.28776  0  0  27.216  0  2.70017  0.00851041  0  0  0.386691  0  0.000368473
1.3296e+13  0  443.2  6.28904  0  0  27.2741  0  2.70028  0.00852568  0  0  0.389  0  0.000368994
1.3305e+13  0  443.5  6.29032  0  0  27.3326  0  2.70039  0.008541  0  0  0.39133  0  0.000369517
1.3314e+13  0  443.8  6.2916  0  0  27.3914  0  2.7005  0.00855635  0  0  0.39368  0  0.00037004
1.3323e+13  0  444.1  6.29288  0  0  27.4506  0  2.70061  0.00857174  0  0  0.396051  0  0.000370564
1.3332e+13  0  444.4  6.29417  0  0  27.5101  0  2.70073  0.00858716  0  0  0.398443  0  0.000371089
1.3341e+13  0  444.7  6.29546  0  0  27.57  0  2.70084  0.00860261  0  0  0.400856  0  0.000371614
1.335e+13  0  445  6.29675  0  0  27.6303  0  2.70095  0.00861811  0  0  0.403292  0  0.000372141
1.3359e+13  0  445.3  6.29804  0  0  27.6909  0  2.70106  0.00863364  0  0  0.405749  0  0.000372668
1.3368e+13  0  445.6  6.29934  0  0  27.7519  0  2.70117  0.0086492  0  0  0.408229  0  0.000373197
1.3377e+13  0  445.9  6.30064  0  0  27.8133  0  2.70128  0.0086648  0  0  0.410731  0  0.000373726
1.3386e+13  0  446.2  6.30194  0  0  27.875  0  2.7014  0.00868044  0  0  0.413256  0  0.000374256
1.3395e+13  0  446.5  6.30324  0  0  27.9371  0  2.70151  0.00869611  0  0  0.415804  0  0.000374787
1.3404e+13  0  446.8  6.30455  0  0  27.9997  0  2.70162  0.00871183  0  0  0.418375  0  0.000375318
1.3413e+13  0  447.1  6.30586  0  0  28.0626  0  2.70173  0.00872757  0  0  0.42097  0  0.000375851
1.3422e+13  0  447.4  6.30717  0  0  28.1258  0  2.70185  0.00874336  0  0  0.423589  0  0.000376385
1.3431e+13  0  447.7  6.30848  0  0  28.1895  0  2.70196  0.00875918  0  0  0.426232  0  0.000376919
1.344e+13  0  448  6.30979  0  0  28.2536  0  2.70207  0.00877504  0  0  0.4289  0  0.000377454
1.3449e+13  0  448.3  6.31111  0  0  28.3181  0  2.70219  0.00879093  0  0  0.431592  0  0.000377991
1.3458e+13  0  448.6  6.31243  0  0  28.383  0  2.7023  0.00880686  0  0  0.43431  0  0.000378528
1.3467e+13  0  448.9  6.31375  0  0  28.4483  0  2.70241  0.00882284  0  0  0.437053  0  0.000379066
1.3476e+13  0  449.2  6.31508  0  0  28.514  0  2.70253  0.00883884  0  0  0.439822  0  0.000379604
1.3485e+13  0  449.5  6.3164  0  0  28.5801  0  2.70264  0.00885489  0  0  0.442617  0  0.000380144
1.3494e+13  0  449.8  6.31773  0  0  28.6466  0  2.70276  0.00887097  0  0  0.445438  0  0.000380685
1.3503e+13  0  450.1  6.31907  0  0  28.7136  0  2.70287  0.00888709  0  0  0.448286  0  0.000381226
1.3512e+13  0  450.4  6.3204  0  0  28.781  0  2.70298  0.00890325  0  0  0.451162  0  0.000381769
1.3521e+13  0  450.7  6.32174  0  0  28.8488  0  2.7031  0.00891945  0  0  0.454064  0  0.000382312
1.353e+13  0  451  6.32308  0  0  28.9171  0  2.70321  0.00893569  0  0  0.456995  0  0.000382856
1.3539e+13  0  451.3  6.32442  0  0  28.9858  0  2.70333  0.00895196  0  0  0.459953  0  0.000383402
1.3548e+13  0  451.6  6.32576  0  0  29.055  0  2.70344  0.00896827  0  0  0.46294  0  0.000383948
1.3557e+13  0  451.9  6.32711  0  0  29.1246  0  2.70356  0.00898462  0  0  0.465956  0  0.000384495
1.3566e+13  0  452.2  6.32846  0  0  29.1946  0  2.70367  0.00900101  0  0  0.469002  0  0.000385043
1.3575e+13  0  452.5  6.32981  0  0  29.2651  0  2.70379  0.00901744  0  0  0.472077  0  0.000385592
1.3584e+13  0  452.8  6.33116  0  0  29.3361  0  2.70391  0.00903391  0  0  0.475181  0  0.000386141
1.3593e+13  0  453.1  6.33252  0  0  29.4076  0  2.70402  0.00905042  0  0  0.478317  0  0.000386692
1.3602e+13  0  453.4  6.33388  0  0  29.4795  0  2.70414  0.00906696  0  0  0.481483  0  0.000387244
1.3611e+13  0  453.7  6.33524  0  0  29.5519  0  2.70425  0.00908355  0  0  0.48468  0  0.000387796
1.362e+13  0  454  6.3366  0  0  29.6247  0  2.70437  0.00910018  0  0  0.487909  0  0.00038835
1.3629e+13  0  454.3  6.33797  0  0  29.6981  0  2.70449  0.00911684  0  0  0.49117  0  0.000388904
1.3638e+13  0  454.6  6.33934  0  0  29.772  0  2.7046  0.00913355  0  0  0.494464  0  0.000389459
1.3647e+13  0  454.9  6.34071  0  0  29.8463  0  2.70472  0.00915029  0  0  0.49779  0  0.000390015
1.3656e+13  0  455.2  6.34208  0  0  29.9211  0  2.70484  0.00916708  0  0  0.50115  0  0.000390573
1.3665e+13  0  455.5  6.34346  0  0  29.9965  0  2.70495  0.0091839  0  0  0.504543  0  0.000391131
1.3674e+13  0  455.8  6.34484  0  0  30.0724  0  2.70507  0.00920077  0  0  0.507971  0  0.00039169
1.3683e+13  0  456.1  6.34622  0  0  30.1487  0  2.70519  0.00921768  0  0  0.511434  0  0.00039225
1.3692e+13  0  456.4  6.3476  0  0  30.2256  0  2.70531  0.00923462  0  0  0.514931  0  0.000392811
1.3701e+13  0  456.7  6.34899  0  0  30.3031  0  2.70543  0.00925161  0  0  0.518465  0  0.000393373
1.371e+13  0  457  6.35038  0  0  30.381  0  2.70554  0.00926864  0  0  0.522034  0  0.000393936
1.3719e+13  0  457.3  6.35177  0  0  30.4595  0  2.70566  0.00928571  0  0  0.52564  0  0.000394499
1.3728e+13  0  457.6  6.35316  0  0  30.5385  0  2.70578  0.00930282  0  0  0.529284  0  0.000395064
1.3737e+13  0  457.9  6.35456  0  0  30.6181  0  2.7059  0.00931997  0  0  0.532965  0  0.00039563
1.3746e+13  0  458.2  6.35596  0  0  30.6983  0  2.70602  0.00933717  0  0  0.536684  0  0.000396197
1.3755e+13  0  458.5  6.35736  0  0  30.779  0  2.70614  0.0093544  0  0  0.540442  0  0.000396764
1.3764e+13  0  458.8  6.35876  0  0  30.8602  0  2.70626  0.00937168  0  0  0.544239  0  0.000397333
1.3773e+13  0  459.1  6.36017  0  0  30.9421  0  2.70638  0.009389  0  0  0.548075  0  0.000397902
1.3782e+13  0  459.4  6.36158  0  0  31.0245  0  2.70649  0.00940636  0  0  0.551953  0  0.000398473
1.3791e+13  0  459.7  6.36299  0  0  31.1075  0  2.70661  0.00942376  0  0  0.555871  0  0.000399045
1.38e+13  0  460  6.36441  0  0  31.191  0  2.70673  0.00944121  0  0  0.559831  0  0.000399617
1.3809e+13  0  460.3  6.36582  0  0  31.2752  0  2.70685  0.0094587  0  0  0.563832  0  0.000400191
1.3818e+13  0  460.6  6.36724  0  0  31.36  0  2.70697  0.00947623  0  0  0.567877  0  0.000400765
1.3827e+13  0  460.9  6.36867  0  0  31.4454  0  2.70709  0.0094938  0  0  0.571964  0  0.00040134
1.3836e+13  0  461.2  6.37009  0  0  31.5314  0  2.70721  0.00951142  0  0  0.576096  0  0.000401917
1.3845e+13  0  461.5  6.37152  0  0  31.618  0  2.70734  0.00952907  0  0  0.580272  0  0.000402494
1.3854e+13  0  461.8  6.37295  0  0  31.7053  0  2.70746  0.00954678  0  0  0.584494  0  0.000403073
1.3863e+13  0  462.1  6.37438  0  0  31.7932  0  2.70758  0.00956452  0  0  0.588761  0  0.000403652
1.3872e+13  0  462.4  6.37582  0  0  31.8817  0  2.7077  0.00958231  0  0  0.593075  0  0.000404232
1.3881e+13  0  462.7  6.37726  0  0  31.9709  0  2.70782  0.00960014  0  0  0.597436  0  0.000404814
1.389e+13  0  463  6.3787  0  0  32.0607  0  2.70794  0.00961802  0  0  0.601845  0  0.000405396
1.3899e+13  0  463.3  6.38014  0  0  32.1512  0  2.70806  0.00963594  0  0  0.606302  0  0.00040598
1.3908e+13  0  463.6  6.38159  0  0  32.2424  0  2.70818  0.00965391  0  0  0.610809  0  0.000406564
1.3917e+13  0  463.9  6.38304  0  0  32.3343  0  2.70831  0.00967191  0  0  0.615366  0  0.000407149
1.3926e+13  0  464.2  6.38449  0  0  32.4268  0  2.70843  0.00968997  0  0  0.619973  0  0.000407736
1.3935e+13  0  464.5  6.38595  0  0  32.52  0  2.70855  0.00970807  0  0  0.624632  0  0.000408323
1.3944e+13  0  464.8  6.3874  0  0  32.614  0  2.70867  0.00972621  0  0  0.629344  0  0.000408912
1.3953e+13  0  465.1  6.38886  0  0  32.7086  0  2.7088  0.00974439  0  0  0.634108  0  0.000409501
1.3962e+13  0  465.4  6.39033  0  0  32.8039  0  2.70892  0.00976263  0  0  0.638927  0  0.000410092
1.3971e+13  0  465.7  6.39179  0  0  32.9  0  2.70904  0.0097809  0  0  0.6438  0  0.000410683
1.398e+13  0  466  6.39326  0  0  32.9968  0  2.70917  0.00979923  0  0  0.648729  0  0.000411276
1.3989e+13  0  466.3  6.39473  0  0  33.0944  0  2.70929  0.00981759  0  0  0.653714  0  0.000411869
1.3998e+13  0  466.6  6.39621  0  0  33.1927  0  2.70941  0.00983601  0  0  0.658756  0  0.000412464
1.4007e+13  0  466.9  6.39768  0  0  33.2918  0  2.70954  0.00985447  0  0  0.663857  0  0.000413059
1.4016e+13  0  467.2  6.39916  0  0  33.3916  0  2.70966  0.00987297  0  0  0.669016  0  0.000413656
1.4025e+13  0  467.5  6.40064  0  0  33.4922  0  2.70979  0.00989152  0  0  0.674236  0  0.000414254
1.4034e+13  0  467.8  6.40213  0  0  33.5936  0  2.70991  0.00991012  0  0  0.679516  0  0.000414852
1.4043e+13  0  468.1  6.40362  0  0  33.6958  0  2.71003  0.00992876  0  0  0.684858  0  0.000415452
1.4052e+13  0  468.4  6.40511  0  0  33.7988  0  2.71016  0.00994745  0  0  0.690263  0  0.000416053
1.4061e+13  0  468.7  6.4066  0  0  33.9026  0  2.71028  0.00996619  0  0  0.695732  0  0.000416655
1.407e+13  0  469  6.4081  0  0  34.0072  0  2.71041  0.00998497  0  0  0.701266  0  0.000417258
1.4079e+13  0  469.3  6.4096  0  0  34.1127  0  2.71053  0.0100038  0  0  0.706865  0  0.000417862
1.4088e+13  0  469.6  6.4111  0  0  34.219  0  2.71066  0.0100227  0  0  0.712532  0  0.000418467
1.4097e+13  0  469.9  6.4126  0  0  34.3261  0  2.71079  0.0100416  0  0  0.718266  0  0.000419073
1.4106e+13  0  470.2  6.41411  0  0  34.4342  0  2.71091  0.0100606  0  0  0.724069  0  0.00041968
1.4115e+13  0  470.5  6.41562  0  0  34.5431  0  2.71104  0.0100796  0  0  0.729943  0  0.000420288
1.4124e+13  0  470.8  6.41713  0  0  34.6528  0  2.71116  0.0100987  0  0  0.735887  0  0.000420897
1.4133e+13  0  471.1  6.41865  0  0  34.7635  0  2.71129  0.0101178  0  0  0.741905  0  0.000421508
1.4142e+13  0  471.4  6.42017  0  0  34.8751  0  2.71142  0.0101369  0  0  0.747995  0  0.000422119
1.4151e+13  0  471.7  6.42169  0  0  34.9876  0  2.71154  0.0101562  0  0  0.754161  0  0.000422732
1.416e+13  0  472  6.42322  0  0  35.101  0  2.71167  0.0101754  0  0  0.760403  0  0.000423345
1.4169e+13  0  472.3  6.42474  0  0  35.2154  0  2.7118  0.0101947  0  0  0.766722  0  0.00042396
1.4178e+13  0  472.6  6.42627  0  0  35.3307  0  2.71192  0.0102141  0  0  0.77312  0  0.000424576
1.4187e+13  0  472.9  6.42781  0  0  35.4469  0  2.71205  0.0102335  0  0  0.779597  0  0.000425192
1.4196e+13  0  473.2  6.42934  0  0  35.5642  0  2.71218  0.010253  0  0  0.786156  0  0.00042581
1.4205e+13  0  473.5  6.43088  0  0  35.6824  0  2.71231  0.0102725  0  0  0.792798  0  0.000426429
1.4214e+13  0  473.8  6.43243  0  0  35.8017  0  2.71244  0.010292  0  0  0.799523  0  0.000427049
1.4223e+13  0  474.1  6.43397  0  0  35.9219  0  2.71256  0.0103116  0  0  0.806334  0  0.00042767
1.4232e+13  0  474.4  6.43552  0  0  36.0432  0  2.71269  0.0103313  0  0  0.813232  0  0.000428293
1.4241e+13  0  474.7  6.43707  0  0  36.1655  0  2.71282  0.010351  0  0  0.820218  0  0.000428916
1.425e+13  0  475  6.43862  0  0  36.2888  0  2.71295  0.0103707  0  0  0.827294  0  0.000429541
1.4259e+13  0  475.3  6.44018  0  0  36.4133  0  2.71308  0.0103905  0  0  0.834462  0  0.000430166
1.4268e+13  0  475.6  6.44174  0  0  36.5388  0  2.71321  0.0104104  0  0  0.841722  0  0.000430793
1.4277e+13  0  475.9  6.4433  0  0  36.6654  0  2.71334  0.0104303  0  0  0.849077  0  0.000431421
1.4286e+13  0  476.2  6.44487  0  0  36.7931  0  2.71347  0.0104503  0  0  0.856529  0  0.00043205
1.4295e+13  0  476.5  6.44644  0  0  36.9219  0  2.7136  0.0104703  0  0  0.864078  0  0.00043268
1.4304e+13  0  476.8  6.44801  0  0  37.0519  0  2.71373  0.0104903  0  0  0.871727  0  0.000433311
1.4313e+13  0  477.1  6.44959  0  0  37.183  0  2.71386  0.0105104  0  0  0.879478  0  0.000433943
1.4322e+13  0  477.4  6.45116  0  0  37.3152  0  2.71399  0.0105306  0  0  0.887332  0  0.000434577
1.4331e+13  0  477.7  6.45274  0  0  37.4487  0  2.71412  0.0105508  0  0  0.895291  0  0.000435211
1.434e+13  0  478  6.45433  0  0  37.5834  0  2.71425  0.0105711  0  0  0.903357  0  0.000435847
1.4349e+13  0  478.3  6.45592  0  0  37.7192  0  2.71438  0.0105914  0  0  0.911532  0  0.000436484
1.4358e+13  0  478.6  6.45751  0  0  37.8563  0  2.71451  0.0106118  0  0  0.919818  0  0.000437121
1.4367e+13  0  478.9  6.4591  0  0  37.9947  0  2.71464  0.0106322  0  0  0.928216  0  0.000437761
1.4376e+13  0  479.2  6.4607  0  0  38.1343  0  2.71477  0.0106527  0  0  0.93673  0  0.000438401
1.4385e+13  0  479.5  6.46229  0  0  38.2752  0  2.7149  0.0106732  0  0  0.945361  0  0.000439042
1.4394e+13  0  479.8  6.4639  0  0  38.4174  0  2.71504  0.0106938  0  0  0.954111  0  0.000439685
1.4403e+13  0  480.1  6.4655  0  0  38.5609  0  2.71517  0.0107144  0  0  0.962982  0  0.000440328
1.4412e+13  0  480.4  6.46711  0  0  38.7057  0  2.7153  0.0107351  0  0  0.971977  0  0.000440973
1.4421e+13  0  480.7  6.46872  0  0  38.8519  0  2.71543  0.0107559  0  0  0.981099  0  0.000441619
1.443e+13  0  481  6.47034  0  0  38.9995  0  2.71556  0.0107767  0  0  0.990348  0  0.000442266
1.4439e+13  0  481.3  6.47196  0  0  39.1485  0  2.7157  0.0107975  0  0  0.999728  0  0.000442915
1.4448e+13  0  481.6  6.47358  0  0  39.2988  0  2.71583  0.0108184  0  0  1.00924  0  0.000443564
1.4457e+13  0  481.9  6.4752  0  0  39.4506  0  2.71596  0.0108394  0  0  1.01889  0  0.000444215
1.4466e+13  0  482.2  6.47683  0  0  39.6039  0  2.7161  0.0108604  0  0  1.02868  0  0.000444867
1.4475e+13  0  482.5  6.47846  0  0  39.7586  0  2.71623  0.0108815  0  0  1.03861  0  0.00044552
1.4484e+13  0  482.8  6.48009  0  0  39.9148  0  2.71636  0.0109026  0  0  1.04868  0  0.000446174
1.4493e+13  0  483.1  6.48173  0  0  40.0726  0  2.7165  0.0109238  0  0  1.0589  0  0.000446829
1.4502e+13  0  483.4  6.48337  0  0  40.2318  0  2.71663  0.010945  0  0  1.06927  0  0.000447486
1.4511e+13  0  483.7  6.48501  0  0  40.3927  0  2.71677  0.0109663  0  0  1.07979  0  0.000448144
1.452e+13  0  484  6.48666  0  0  40.5551  0  2.7169  0.0109876  0  0  1.09047  0  0.000448803
1.4529e+13  0  484.3  6.48831  0  0  40.7191  0  2.71704  0.0110091  0  0  1.1013  0  0.000449463
1.4538e+13  0  484.6  6.48996  0  0  40.8848  0  2.71717  0.0110305  0  0  1.1123  0  0.000450124
1.4547e+13  0  484.9  6.49162  0  0  41.0521  0  2.71731  0.011052  0  0  1.12346  0  0.000450787
1.4556e+13  0  485.2  6.49328  0  0  41.2211  0  2.71744  0.0110736  0  0  1.13479  0  0.00045145
1.4565e+13  0  485.5  6.49494  0  0  41.3918  0  2.71758  0.0110952  0  0  1.14629  0  0.000452115
1.4574e+13  0  485.8  6.49661  0  0  41.5642  0  2.71771  0.0111169  0  0  1.15796  0  0.000452781
1.4583e+13  0  486.1  6.49827  0  0  41.7384  0  2.71785  0.0111387  0  0  1.16982  0  0.000453449
1.4592e+13  0  486.4  6.49995  0  0  41.9143  0  2.71798  0.0111605  0  0  1.18186  0  0.000454117
1.4601e+13  0  486.7  6.50162  0  0  42.0921  0  2.71812  0.0111823  0  0  1.19408  0  0.000454787
1.461e+13  0  487  6.5033  0  0  42.2717  0  2.71826  0.0112042  0  0  1.20649  0  0.000455458
1.4619e+13  0  487.3  6.50498  0  0  42.4532  0  2.71839  0.0112262  0  0  1.2191  0  0.000456131
1.4628e+13  0  487.6  6.50667  0  0  42.6366  0  2.71853  0.0112482  0  0  1.2319  0  0.000456804
1.4637e+13  0  487.9  6.50836  0  0  42.8219  0  2.71867  0.0112703  0  0  1.24491  0  0.000457479
1.4646e+13  0  488.2  6.51005  0  0  43.0091  0  2.71881  0.0112925  0  0  1.25812  0  0.000458155
1.4655e+13  0  488.5  6.51174  0  0  43.1984  0  2.71894  0.0113147  0  0  1.27154  0  0.000458832
1.4664e+13  0  488.8  6.51344  0  0  43.3897  0  2.71908  0.011337  0  0  1.28518  0  0.00045951
1.4673e+13  0  489.1  6.51515  0  0  43.583  0  2.71922  0.0113593  0  0  1.29904  0  0.00046019
1.4682e+13  0  489.4  6.51685  0  0  43.7784  0  2.71936  0.0113817  0  0  1.31312  0  0.000460871
1.4691e+13  0  489.7  6.51856  0  0  43.9759  0  2.7195  0.0114041  0  0  1.32743  0  0.000461553
1.47e+13  0  490  6.52027  0  0  44.1756  0  2.71963  0.0114266  0  0  1.34198  0  0.000462237
1.4709e+13  0  490.3  6.52199  0  0  44.3774  0  2.71977  0.0114492  0  0  1.35676  0  0.000462921
1.4718e+13  0  490.6  6.52371  0  0  44.5815  0  2.71991  0.0114718  0  0  1.37179  0  0.000463607
1.4727e+13  0  490.9  6.52543  0  0  44.7879  0  2.72005  0.0114945  0  0  1.38708  0  0.000464295
1.4736e+13  0  491.2  6.52715  0  0  44.9965  0  2.72019  0.0115173  0  0  1.40261  0  0.000464983
1.4745e+13  0  491.5  6.52888  0  0  45.2075  0  2.72033  0.0115401  0  0  1.41841  0  0.000465673
1.4754e+13  0  491.8  6.53062  0  0  45.4209  0  2.72047  0.0115629  0  0  1.43448  0  0.000466364
1.4763e+13  0  492.1  6.53235  0  0  45.6367  0  2.72061  0.0115859  0  0  1.45082  0  0.000467056
1.4772e+13  0  492.4  6.53409  0  0  45.8549  0  2.72075  0.0116089  0  0  1.46743  0  0.00046775
1.4781e+13  0  492.7  6.53583  0  0  46.0756  0  2.72089  0.0116319  0  0  1.48434  0  0.000468445
1.479e+13  0  493  6.53758  0  0  46.2989  0  2.72103  0.0116551  0  0  1.50154  0  0.000469141
1.4799e+13  0  493.3  6.53933  0  0  46.5248  0  2.72117  0.0116782  0  0  1.51904  0  0.000469838
1.4808e+13  0  493.6  6.54108  0  0  46.7533  0  2.72131  0.0117015  0  0  1.53684  0  0.000470537
1.4817e+13  0  493.9  6.54284  0  0  46.9844  0  2.72145  0.0117248  0  0  1.55496  0  0.000471237
1.4826e+13  0  494.2  6.5446  0  0  47.2183  0  2.7216  0.0117482  0  0  1.5734  0  0.000471939
1.4835e+13  0  494.5  6.54637  0  0  47.455  0  2.72174  0.0117716  0  0  1.59217  0  0.000472641
1.4844e+13  0  494.8  6.54813  0  0  47.6945  0  2.72188  0.0117951  0  0  1.61127  0  0.000473345
1.4853e+13  0  495.1  6.5499  0  0  47.9369  0  2.72202  0.0118187  0  0  1.63072  0  0.000474051
1.4862e+13  0  495.4  6.55168  0  0  48.1822  0  2.72216  0.0118423  0  0  1.65053  0  0.000474757
1.4871e+13  0  495.7  6.55346  0  0  48.4304  0  2.72231  0.011866  0  0  1.67069  0  0.000475465
1.488e+13  0  496  6.55524  0  0  48.6817  0  2.72245  0.0118897  0  0  1.69123  0  0.000476174
1.4889e+13  0  496.3  6.55702  0  0  48.9361  0  2.72259  0.0119136  0  0  1.71214  0  0.000476885
1.4898e+13  0  496.6  6.55881  0  0  49.1937  0  2.72273  0.0119374  0  0  1.73345  0  0.000477597
1.4907e+13  0  496.9  6.5606  0  0  49.4544  0  2.72288  0.0119614  0  0  1.75515  0  0.00047831
1.4916e+13  0  497.2  6.5624  0  0  49.7184  0  2.72302  0.0119854  0  0  1.77726  0  0.000479025
1.4925e+13  0  497.5  6.5642  0  0  49.9857  0  2.72317  0.0120095  0  0  1.7998  0  0.000479741
1.4934e+13  0  497.8  6.566  0  0  50.2565  0  2.72331  0.0120336  0  0  1.82276  0  0.000480458
1.4943e+13  0  498.1  6.56781  0  0  50.5306  0  2.72345  0.0120578  0  0  1.84616  0  0.000481177
1.4952e+13  0  498.4  6.56962  0  0  50.8083  0  2.7236  0.0120821  0  0  1.87002  0  0.000481896
1.4961e+13  0  498.7  6.57143  0  0  51.0896  0  2.72374  0.0121065  0  0  1.89433  0  0.000482618
1.497e+13  0  499  6.57325  0  0  51.3745  0  2.72389  0.0121309  0  0  1.91913  0  0.00048334
1.4979e+13  0  499.3  6.57507  0  0  51.6632  0  2.72403  0.0121554  0  0  1.94441  0  0.000484065
1.4988e+13  0  499.6  6.5769  0  0  51.9556  0  2.72418  0.0121799  0  0  1.9702  0  0.00048479
1.4997e+13  0  499.9  6.57873  0  0  52.252  0  2.72432  0.0122045  0  0  1.9965  0  0.000485517
1.5006e+13  0  500.2  6.58056  0  0  52.5522  0  2.72447  0.0122292  0  0  2.02333  0  0.000486245
1.5015e+13  0  500.5  6.58239  0  0  52.8566  0  2.72462  0.012254  0  0  2.0507  0  0.000486974
1.5024e+13  0  500.8  6.58423  0  0  53.165  0  2.72476  0.0122788  0  0  2.07863  0  0.000487705
1.5033e+13  0  501.1  6.58608  0  0  53.4776  0  2.72491  0.0123037  0  0  2.10714  0  0.000488438
1.5042e+13  0  501.4  6.58792  0  0  53.7945  0  2.72505  0.0123287  0  0  2.13623  0  0.000489171
1.5051e+13  0  501.7  6.58978  0  0  54.1158  0  2.7252  0.0123537  0  0  2.16592  0  0.000489906
1.506e+13  0  502  6.59163  0  0  54.4416  0  2.72535  0.0123788  0  0  2.19624  0  0.000490643
1.5069e+13  0  502.3  6.59349  0  0  54.7719  0  2.7255  0.012404  0  0  2.2272  0  0.000491381
1.5078e+13  0  502.6  6.59535  0  0  55.1068  0  2.72564  0.0124292  0  0  2.25882  0  0.00049212
1.5087e+13  0  502.9  6.59722  0  0  55.4465  0  2.72579  0.0124545  0  0  2.29111  0  0.000492861
1.5096e+13  0  503.2  6.59909  0  0  55.7911  0  2.72594  0.0124799  0  0  2.3241  0  0.000493603
1.5105e+13  0  503.5  6.60096  0  0  56.1406  0  2.72609  0.0125053  0  0  2.3578  0  0.000494346
1.5114e+13  0  503.8  6.60284  0  0  56.4952  0  2.72624  0.0125309  0  0  2.39224  0  0.000495091
1.5123e+13  0  504.1  6.60472  0  0  56.855  0  2.72638  0.0125565  0  0  2.42744  0  0.000495837
1.5132e+13  0  504.4  6.60661  0  0  57.22  0  2.72653  0.0125821  0  0  2.46342  0  0.000496585
1.5141e+13  0  504.7  6.60849  0  0  57.5904  0  2.72668  0.0126079  0  0  2.5002  0  0.000497334
1.515e+13  0  505  6.61039  0  0  57.9664  0  2.72683  0.0126337  0  0  2.53781  0  0.000498085
1.5159e+13  0  505.3  6.61228  0  0  58.348  0  2.72698  0.0126596  0  0  2.57628  0  0.000498837
1.5168e+13  0  505.6  6.61419  0  0  58.7354  0  2.72713  0.0126855  0  0  2.61562  0  0.00049959
1.5177e+13  0  505.9  6.61609  0  0  59.1287  0  2.72728  0.0127116  0  0  2.65587  0  0.000500345
1.5186e+13  0  506.2  6.618  0  0  59.528  0  2.72743  0.0127377  0  0  2.69705  0  0.000501102
1.5195e+13  0  506.5  6.61991  0  0  59.9336  0  2.72758  0.0127638  0  0  2.7392  0  0.00050186
1.5204e+13  0  506.8  6.62183  0  0  60.3454  0  2.72773  0.0127901  0  0  2.78234  0  0.000502619
1.5213e+13  0  507.1  6.62375  0  0  60.7638  0  2.72788  0.0128164  0  0  2.8265  0  0.00050338
1.5222e+13  0  507.4  6.62567  0  0  61.1887  0  2.72803  0.0128428  0  0  2.87172  0  0.000504142
1.5231e+13  0  507.7  6.6276  0  0  61.6205  0  2.72819  0.0128693  0  0  2.91803  0  0.000504906
1.524e+13  0  508  6.62953  0  0  62.0592  0  2.72834  0.0128958  0  0  2.96547  0  0.000505671
1.5249e+13  0  508.3  6.63147  0  0  62.505  0  2.72849  0.0129225  0  0  3.01408  0  0.000506437
1.5258e+13  0  508.6  6.63341  0  0  62.9581  0  2.72864  0.0129492  0  0  3.06388  0  0.000507205
1.5267e+13  0  508.9  6.63535  0  0  63.4186  0  2.72879  0.0129759  0  0  3.11493  0  0.000507975
1.5276e+13  0  509.2  6.6373  0  0  63.8869  0  2.72895  0.0130028  0  0  3.16726  0  0.000508746
1.5285e+13  0  509.5  6.63925  0  0  64.363  0  2.7291  0.0130297  0  0  3.22091  0  0.000509519
1.5294e+13  0  509.8  6.64121  0  0  64.8471  0  2.72925  0.0130567  0  0  3.27594  0  0.000510293
1.5303e+13  0  510.1  6.64317  0  0  65.3395  0  2.72941  0.0130838  0  0  3.33239  0  0.000511068
1.5312e+13  0  510.4  6.64513  0  0  65.8403  0  2.72956  0.013111  0  0  3.39031  0  0.000511845
1.5321e+13  0  510.7  6.6471  0  0  66.3499  0  2.72971  0.0131382  0  0  3.44974  0  0.000512624
1.533e+13  0  511  6.64908  0  0  66.8683  0  2.72987  0.0131655  0  0  3.51075  0  0.000513404
1.5339e+13  0  511.3  6.65105  0  0  67.3959  0  2.73002  0.0131929  0  0  3.57339  0  0.000514186
1.5348e+13  0  511.6  6.65303  0  0  67.9329  0  2.73017  0.0132204  0  0  3.63772  0  0.000514969
1.5357e+13  0  511.9  6.65502  0  0  68.4795  0  2.73033  0.013248  0  0  3.70379  0  0.000515753
1.5366e+13  0  512.2  6.65701  0  0  69.036  0  2.73048  0.0132756  0  0  3.77168  0  0.00051654
1.5375e+13  0  512.5  6.659  0  0  69.6027  0  2.73064  0.0133033  0  0  3.84144  0  0.000517327
1.5384e+13  0  512.8  6.661  0  0  70.1798  0  2.73079  0.0133311  0  0  3.91316  0  0.000518117
1.5393e+13  0  513.1  6.663  0  0  70.7677  0  2.73095  0.013359  0  0  3.98689  0  0.000518907
1.5402e+13  0  513.4  6.665  0  0  71.3666  0  2.73111  0.0133869  0  0  4.06273  0  0.0005197
1.5411e+13  0  513.7  6.66701  0  0  71.9769  0  2.73126  0.013415  0  0  4.14075  0  0.000520494
1.542e+13  0  514  6.66903  0  0  72.5988  0  2.73142  0.0134431  0  0  4.22103  0  0.000521289
1.5429e+13  0  514.3  6.67105  0  0  73.2328  0  2.73157  0.0134713  0  0  4.30366  0  0.000522086
1.5438e+13  0  514.6  6.67307  0  0  73.8791  0  2.73173  0.0134996  0  0  4.38873  0  0.000522885
1.5447e+13  0  514.9  6.6751  0  0  74.5382  0  2.73189  0.0135279  0  0  4.47635  0  0.000523685
1.5456e+13  0  515.2  6.67713  0  0  75.2104  0  2.73205  0.0135564  0  0  4.56661  0  0.000524486
1.5465e+13  0  515.5  6.67916  0  0  75.896  0  2.7322  0.0135849  0  0  4.65962  0  0.00052529
1.5474e+13  0  515.8  6.6812  0  0  76.5956  0  2.73236  0.0136135  0  0  4.7555  0  0.000526094
1.5483e+13  0  516.1  6.68325  0  0  77.3095  0  2.73252  0.0136422  0  0  4.85436  0  0.000526901
1.5492e+13  0  516.4  6.6853  0  0  78.0381  0  2.73268  0.013671  0  0  4.95633  0  0.000527709
1.5501e+13  0  516.7  6.68735  0  0  78.782  0  2.73284  0.0136999  0  0  5.06153  0  0.000528519
1.551e+13  0  517  6.68941  0  0  79.5417  0  2.73299  0.0137288  0  0  5.17011  0  0.00052933
1.5519e+13  0  517.3  6.69147  0  0  80.3175  0  2.73315  0.0137578  0  0  5.28222  0  0.000530143
1.5528e+13  0  517.6  6.69353  0  0  81.11  0  2.73331  0.013787  0  0  5.398  0  0.000530957
1.5537e+13  0  517.9  6.6956  0  0  81.9199  0  2.73347  0.0138162  0  0  5.51762  0  0.000531773
1.5546e+13  0  518.2  6.69768  0  0  82.7476  0  2.73363  0.0138454  0  0  5.64126  0  0.000532591
1.5555e+13  0  518.5  6.69976  0  0  83.5937  0  2.73379  0.0138748  0  0  5.76908  0  0.00053341
1.5564e+13  0  518.8  6.70184  0  0  84.4589  0  2.73395  0.0139043  0  0  5.90129  0  0.000534231
1.5573e+13  0  519.1  6.70393  0  0  85.3438  0  2.73411  0.0139338  0  0  6.03808  0  0.000535053
1.5582e+13  0  519.4  6.70602  0  0  86.249  0  2.73427  0.0139635  0  0  6.17967  0  0.000535877
1.5591e+13  0  519.7  6.70811  0  0  87.1754  0  2.73443  0.0139932  0  0  6.32628  0  0.000536703
1.56e+13  0  520  6.71022  0  0  88.1236  0  2.73459  0.014023  0  0  6.47816  0  0.000537531
1.5609e+13  0  520.3  6.71232  0  0  89.0944  0  2.73476  0.0140529  0  0  6.63556  0  0.00053836
1.5618e+13  0  520.6  6.71443  0  0  90.0886  0  2.73492  0.0140829  0  0  6.79876  0  0.00053919
1.5627e+13  0  520.9  6.71655  0  0  91.1071  0  2.73508  0.014113  0  0  6.96802  0  0.000540023
1.5636e+13  0  521.2  6.71866  0  0  92.1507  0  2.73524  0.0141431  0  0  7.14368  0  0.000540857
1.5645e+13  0  521.5  6.72079  0  0  93.2204  0  2.7354  0.0141734  0  0  7.32603  0  0.000541692
1.5654e+13  0  521.8  6.72292  0  0  94.3172  0  2.73557  0.0142037  0  0  7.51544  0  0.00054253
1.5663e+13  0  522.1  6.72505  0  0  95.4421  0  2.73573  0.0142342  0  0  7.71227  0  0.000543369
1.5672e+13  0  522.4  6.72719  0  0  96.5962  0  2.73589  0.0142647  0  0  7.91691  0  0.00054421
1.5681e+13  0  522.7  6.72933  0  0  97.7806  0  2.73606  0.0142953  0  0  8.12977  0  0.000545052
1.569e+13  0  523  6.73147  0  0  98.9966  0  2.73622  0.014326  0  0  8.35131  0  0.000545896
1.5699e+13  0  523.3  6.73363  0  0  100.245  0  2.73638  0.0143569  0  0  8.582  0  0.000546742
1.5708e+13  0  523.6  6.73578  0  0  101.528  0  2.73655  0.0143877  0  0  8.82235  0  0.000547589
1.5717e+13  0  523.9  6.73794  0  0  102.847  0  2.73671  0.0144187  0  0  9.0729  0  0.000548439
1.5726e+13  0  524.2  6.74011  0  0  104.202  0  2.73688  0.0144498  0  0  9.33424  0  0.000549289
1.5735e+13  0  524.5  6.74228  0  0  105.596  0  2.73704  0.014481  0  0  9.607  0  0.000550142
1.5744e+13  0  524.8  6.74445  0  0  107.03  0  2.73721  0.0145123  0  0  9.89184  0  0.000550996
1.5753e+13  0  525.1  6.74663  0  0  108.507  0  2.73737  0.0145436  0  0  10.1895  0  0.000551852
1.5762e+13  0  525.4  6.74881  0  0  110.027  0  2.73754  0.0145751  0  0  10.5007  0  0.00055271
1.5771e+13  0  525.7  6.751  0  0  111.593  0  2.7377  0.0146066  0  0  10.8264  0  0.00055357
1.578e+13  0  526  6.75319  0  0  113.206  0  2.73787  0.0146383  0  0  11.1674  0  0.000554431
1.5789e+13  0  526.3  6.75539  0  0  114.87  0  2.73804  0.01467  0  0  11.5247  0  0.000555294
1.5798e+13  0  526.6  6.7576  0  0  116.586  0  2.7382  0.0147019  0  0  11.8993  0  0.000556158
1.5807e+13  0  526.9  6.7598  0  0  118.357  0  2.73837  0.0147338  0  0  12.2924  0  0.000557025
1.5816e+13  0  527.2  6.76201  0  0  120.186  0  2.73854  0.0147658  0  0  12.7053  0  0.000557893
1.5825e+13  0  527.5  6.76423  0  0  122.075  0  2.7387  0.014798  0  0  13.1392  0  0.000558763
1.5834e+13  0  527.8  6.76645  0  0  124.027  0  2.73887  0.0148302  0  0  13.5956  0  0.000559635
1.5843e+13  0  528.1  6.76868  0  0  126.046  0  2.73904  0.0148625  0  0  14.076  0  0.000560508
1.5852e+13  0  528.4  6.77091  0  0  128.134  0  2.73921  0.014895  0  0  14.5823  0  0.000561384
1.5861e+13  0  528.7  6.77315  0  0  130.296  0  2.73938  0.0149275  0  0  15.1162  0  0.000562261
1.587e+13  0  529  6.77539  0  0  132.536  0  2.73955  0.0149601  0  0  15.6798  0  0.00056314
1.5879e+13  0  529.3  6.77764  0  0  134.857  0  2.73972  0.0149928  0  0  16.2754  0  0.00056402
1.5888e+13  0  529.6  6.77989  0  0  137.264  0  2.73988  0.0150257  0  0  16.9054  0  0.000564903
1.5897e+13  0  529.9  6.78214  0  0  139.762  0  2.74005  0.0150586  0  0  17.5724  0  0.000565787
1.5906e+13  0  530.2  6.7844  0  0  142.355  0  2.74022  0.0150916  0  0  18.2794  0  0.000566673
1.5915e+13  0  530.5  6.78667  0  0  145.051  0  2.74039  0.0151247  0  0  19.0297  0  0.000567561
1.5924e+13  0  530.8  6.78894  0  0  147.853  0  2.74056  0.015158  0  0  19.8268  0  0.00056845
1.5933e+13  0  531.1  6.79122  0  0  150.769  0  2.74074  0.0151913  0  0  20.6747  0  0.000569342
1.5942e+13  0  531.4  6.7935  0  0  153.806  0  2.74091  0.0152247  0  0  21.5777  0  0.000570235
1.5951e+13  0  531.7  6.79578  0  0  156.971  0  2.74108  0.0152583  0  0  22.5408  0  0.00057113
1.596e+13  0  532  6.79808  0  0  160.272  0  2.74125  0.0152919  0  0  23.5692  0  0.000572027
1.5969e+13  0  532.3  6.80037  0  0  163.717  0  2.74142  0.0153257  0  0  24.6691  0  0.000572926
1.5978e+13  0  532.6  6.80267  0  0  167.317  0  2.74159  0.0153595  0  0  25.8471  0  0.000573827
1.5987e+13  0  532.9  6.80498  0  0  171.082  0  2.74176  0.0153935  0  0  27.1107  0  0.000574729
1.5996e+13  0  533.2  6.80729  0  0  175.021  0  2.74194  0.0154275  0  0  28.4683  0  0.000575634
1.6005e+13  0  533.5  6.80961  0  0  179.149  0  2.74211  0.0154617  0  0  29.9294  0  0.00057654
1.6014e+13  0  533.8  6.81193  0  0  183.477  0  2.74228  0.015496  0  0  31.5047  0  0.000577448
1.6023e+13  0  534.1  6.81426  0  0  188.021  0  2.74246  0.0155303  0  0  33.2063  0  0.000578358
1.6032e+13  0  534.4  6.81659  0  0  192.795  0  2.74263  0.0155648  0  0  35.0477  0  0.00057927
1.6041e+13  0  534.7  6.81892  0  0  197.818  0  2.7428  0.0155994  0  0  37.0447  0  0.000580184
1.605e+13  0  535  6.82127  0  0  203.107  0  2.74298  0.0156341  0  0  39.2149  0  0.000581099
1.6059e+13  0  535.3  6.82361  0  0  208.684  0  2.74315  0.0156689  0  0  41.5787  0  0.000582017
1.6068e+13  0  535.6  6.82597  0  0  214.57  0  2.74333  0.0157039  0  0  44.1594  0  0.000582936
1.6077e+13  0  535.9  6.82832  0  0  220.792  0  2.7435  0.0157389  0  0  46.9839  0  0.000583857
1.6086e+13  0  536.2  6.83069  0  0  227.375  0  2.74368  0.015774  0  0  50.0833  0  0.000584781
1.6095e+13  0  536.5  6.83306  0  0  234.35  0  2.74385  0.0158093  0  0  53.4939  0  0.000585706
1.6104e+13  0  536.8  6.83543  0  0  241.749  0  2.74403  0.0158446  0  0  57.2576  0  0.000586633
1.6113e+13  0  537.1  6.83781  0  0  249.609  0  2.74421  0.0158801  0  0  61.424  0  0.000587562
1.6122e+13  0  537.4  6.84019  0  0  257.968  0  2.74438  0.0159157  0  0  66.0509  0  0.000588493
1.6131e+13  0  537.7  6.84258  0  0  266.87  0  2.74456  0.0159514  0  0  71.207  0  0.000589426
1.614e+13  0  538  6.84498  0  0  276.361  0  2.74474  0.0159872  0  0  76.9737  0  0.000590361
1.6149e+13  0  538.3  6.84738  0  0  286.49  0  2.74491  0.0160231  0  0  83.4479  0  0.000591297
1.6158e+13  0  538.6  6.84978  0  0  297.313  0  2.74509  0.0160592  0  0  90.746  0  0.000592236
1.6167e+13  0  538.9  6.8522  0  0  308.884  0  2.74527  0.0160953  0  0  99.0081  0  0.000593177
1.6176e+13  0  539.2  6.85461  0  0  321.262  0  2.74545  0.0161316  0  0  108.404  0  0.000594119
1.6185e+13  0  539.5  6.85704  0  0  334.503  0  2.74562  0.016168  0  0  119.139  0  0.000595064
1.6194e+13  0  539.8  6.85946  0  0  348.661  0  2.7458  0.0162044  0  0  131.467  0  0.000596011
1.6203e+13  0  540.1  6.8619  0  0  363.777  0  2.74598  0.0162411  0  0  145.697  0  0.000596959
1.6212e+13  0  540.4  6.86433  0  0  379.873  0  2.74616  0.0162778  0  0  162.211  0  0.00059791
1.6221e+13  0  540.7  6.86678  0  0  396.933  0  2.74634  0.0163146  0  0  181.48  0  0.000598862
1.623e+13  0  541  6.86923  0  0  414.884  0  2.74652  0.0163516  0  0  204.088  0  0.000599817
1.6239e+13  0  541.3  6.87168  0  0  433.554  0  2.7467  0.0163887  0  0  230.754  0  0.000600773
1.6248e+13  0  541.6  6.87414  0  0  452.612  0  2.74688  0.0164259  0  0  262.36  0  0.000601732
1.6257e+13  0  541.9  6.87661  0  0  471.485  0  2.74706  0.0164632  0  0  299.971  0  0.000602693
1.6266e+13  0  542.2  6.87908  0  0  489.219  0  2.74724  0.0165006  0  0  344.838  0  0.000603655
1.6275e+13  0  542.5  6.88156  0  0  504.287  0  2.74742  0.0165382  0  0  398.352  0  0.00060462
1.6284e+13  0  542.8  6.88404  0  0  514.327  0  2.74761  0.0165759  0  0  461.907  0  0.000605587
1.6293e+13  0  543.1  6.88653  0  0  515.831  0  2.74779  0.0166137  0  0  536.568  0  0.000606555
1.6302e+13  0  543.4  6.88903  0  0  503.874  0  2.74797  0.0166516  0  0  622.426  0  0.000607526
1.6311e+13  0  543.7  6.89153  0  0  472.141  0  2.74815  0.0166896  0  0  717.514  0  0.000608499
1.632e+13  0  544  6.89403  0  0  413.755  0  2.74833  0.0167278  0  0  816.36  0  0.000609474
1.6329e+13  0  544.3  6.89655  0  0  323.482  0  2.74852  0.0167661  0  0  908.792  0  0.000610451
1.6338e+13  0  544.6  6.89906  0  0  201.363  0  2.7487  0.0168045  0  0  980.453  0  0.00061143
1.6347e+13  0  544.9  6.90159  0  0  56.0345  0  2.74888  0.0168431  0  0  1016.6  0  0.000612411
1.6356e+13  0  545.2  6.90412  0  0  -95.6312  0  2.74907  0.0168817  0  0  1008.5  0  0.000613394
1.6365e+13  0  545.5  6.90665  0  0  -234.237  0  2.74925  0.0169205  0  0  958.186  0  0.000614379
1.6374e+13  0  545.8  6.90919  0  0  -345.461  0  2.74944  0.0169594  0  0  877.297  0  0.000615367
1.6383e+13  0  546.1  6.91174  0  0  -423.969  0  2.74962  0.0169985  0  0  781.094  0  0.000616356
1.6392e+13  0  546.4  6.91429  0  0  -472.066  0  2.74981  0.0170376  0  0  682.683  0  0.000617348
1.6401e+13  0  546.7  6.91685  0  0  -495.931  0  2.74999  0.0170769  0  0  590.484  0  0.000618342
1.641e+13  0  547  6.91941  0  0  -502.412  0  2.75018  0.0171164  0  0  508.542  0  0.000619338
1.6419e+13  0  547.3  6.92198  0  0  -497.366  0  2.75036  0.0171559  0  0  437.934  0  0.000620335
1.6428e+13  0  547.6  6.92456  0  0  -485.19  0  2.75055  0.0171956  0  0  378.121  0  0.000621336
1.6437e+13  0  547.9  6.92714  0  0  -468.947  0  2.75074  0.0172354  0  0  327.865  0  0.000622338
1.6446e+13  0  548.2  6.92973  0  0  -450.665  0  2.75092  0.0172754  0  0  285.749  0  0.000623342
1.6455e+13  0  548.5  6.93232  0  0  -431.639  0  2.75111  0.0173155  0  0  250.421  0  0.000624349
1.6464e+13  0  548.8  6.93492  0  0  -412.669  0  2.7513  0.0173557  0  0  220.695  0  0.000625357
1.6473e+13  0  549.1  6.93753  0  0  -394.228  0  2.75149  0.017396  0  0  195.573  0  0.000626368
1.6482e+13  0  549.4  6.94014  0  0  -376.582  0  2.75167  0.0174365  0  0  174.235  0  0.000627381
1.6491e+13  0  549.7  6.94276  0  0  -359.862  0  2.75186  0.0174771  0  0  156.012  0  0.000628397
1.65e+13  0  550  6.94538  0  0  -344.117  0  2.75205  0.0175178  0  0  140.365  0  0.000629414
1.6509e+13  0  550.3  6.94801  0  0  -329.348  0  2.75224  0.0175587  0  0  126.855  0  0.000630434
1.6518e+13  0  550.6  6.95065  0  0  -315.523  0  2.75243  0.0175997  0  0  115.13  0  0.000631455
1.6527e+13  0  550.9  6.95329  0  0  -302.597  0  2.75262  0.0176409  0  0  104.9  0  0.000632479
1.6536e+13  0  551.2  6.95594  0  0  -290.515  0  2.75281  0.0176822  0  0  95.9313  0  0.000633506
1.6545e+13  0  551.5  6.9586  0  0  -279.218  0  2.753  0.0177236  0  0  88.0319  0  0.000634534
1.6554e+13  0  551.8  6.96126  0  0  -268.65  0  2.75319  0.0177651  0  0  81.0434  0  0.000635565
1.6563e+13  0  552.1  6.96393  0  0  -258.755  0  2.75338  0.0178068  0  0  74.8346  0  0.000636597
1.6572e+13  0  552.4  6.9666  0  0  -249.48  0  2.75357  0.0178487  0  0  69.2967  0  0.000637633
1.6581e+13  0  552.7  6.96928  0  0  -240.778  0  2.75376  0.0178906  0  0  64.3385  0  0.00063867
1.659e+13  0  553  6.97197  0  0  -232.602  0  2.75395  0.0179328  0  0  59.8836  0  0.00063971
1.6599e+13  0  553.3  6.97466  0  0  -224.911  0  2.75415  0.017975  0  0  55.8675  0  0.000640751
1.6608e+13  0  553.6  6.97736  0  0  -217.668  0  2.75434  0.0180174  0  0  52.2354  0  0.000641796
1.6617e+13  0  553.9  6.98006  0  0  -210.836  0  2.75453  0.01806  0  0  48.9407  0  0.000642842
1.6626e+13  0  554.2  6.98278  0  0  -204.386  0  2.75472  0.0181027  0  0  45.9435  0  0.000643891
1.6635e+13  0  554.5  6.98549  0  0  -198.287  0  2.75492  0.0181455  0  0  43.2096  0  0.000644942
1.6644e+13  0  554.8  6.98822  0  0  -192.514  0  2.75511  0.0181885  0  0  40.7094  0  0.000645995
1.6653e+13  0  555.1  6.99095  0  0  -187.043  0  2.75531  0.0182316  0  0  38.4174  0  0.00064705
1.6662e+13  0  555.4  6.99369  0  0  -181.851  0  2.7555  0.0182748  0  0  36.3114  0  0.000648108
1.6671e+13  0  555.7  6.99643  0  0  -176.92  0  2.75569  0.0183182  0  0  34.372  0  0.000649168
1.668e+13  0  556  6.99918  0  0  -172.23  0  2.75589  0.0183618  0  0  32.5823  0  0.000650231
1.6689e+13  0  556.3  7.00194  0  0  -167.765  0  2.75608  0.0184055  0  0  30.9274  0  0.000651296
1.6698e+13  0  556.6  7.0047  0  0  -163.51  0  2.75628  0.0184494  0  0  29.3942  0  0.000652363
1.6707e+13  0  556.9  7.00747  0  0  -159.451  0  2.75648  0.0184934  0  0  27.9713  0  0.000653432
1.6716e+13  0  557.2  7.01025  0  0  -155.575  0  2.75667  0.0185375  0  0  26.6484  0  0.000654504
1.6725e+13  0  557.5  7.01303  0  0  -151.871  0  2.75687  0.0185818  0  0  25.4163  0  0.000655578
1.6734e+13  0  557.8  7.01583  0  0  -148.328  0  2.75707  0.0186263  0  0  24.2671  0  0.000656655
1.6743e+13  0  558.1  7.01862  0  0  -144.935  0  2.75726  0.0186709  0  0  23.1935  0  0.000657734
1.6752e+13  0  558.4  7.02143  0  0  -141.683  0  2.75746  0.0187156  0  0  22.1891  0  0.000658815
1.6761e+13  0  558.7  7.02424  0  0  -138.565  0  2.75766  0.0187605  0  0  21.2481  0  0.000659899
1.677e+13  0  559  7.02705  0  0  -135.572  0  2.75786  0.0188056  0  0  20.3654  0  0.000660985
1.6779e+13  0  559.3  7.02988  0  0  -132.698  0  2.75805  0.0188508  0  0  19.5361  0  0.000662073
1.6788e+13  0  559.6  7.03271  0  0  -129.934  0  2.75825  0.0188962  0  0  18.7562  0  0.000663164
1.6797e+13  0  559.9  7.03555  0  0  -127.276  0  2.75845  0.0189417  0  0  18.0218  0  0.000664257
1.6806e+13  0  560.2  7.03839  0  0  -124.717  0  2.75865  0.0189874  0  0  17.3295  0  0.000665353
1.6815e+13  0  560.5  7.04124  0  0  -122.252  0  2.75885  0.0190332  0  0  16.676  0  0.000666451
1.6824e+13  0  560.8  7.0441  0  0  -119.877  0  2.75905  0.0190792  0  0  16.0587  0  0.000667552
1.6833e+13  0  561.1  7.04696  0  0  -117.585  0  2.75925  0.0191254  0  0  15.4748  0  0.000668655
1.6842e+13  0  561.4  7.04984  0  0  -115.374  0  2.75945  0.0191717  0  0  14.9221  0  0.00066976
1.6851e+13  0  561.7  7.05271  0  0  -113.238  0  2.75965  0.0192182  0  0  14.3983  0  0.000670868
1.686e+13  0  562  7.0556  0  0  -111.175  0  2.75986  0.0192648  0  0  13.9015  0  0.000671978
1.6869e+13  0  562.3  7.05849  0  0  -109.181  0  2.76006  0.0193116  0  0  13.4298  0  0.000673091
1.6878e+13  0  562.6  7.06139  0  0  -107.251  0  2.76026  0.0193586  0  0  12.9816  0  0.000674207
1.6887e+13  0  562.9  7.0643  0  0  -105.384  0  2.76046  0.0194057  0  0  12.5554  0  0.000675324
1.6896e+13  0  563.2  7.06721  0  0  -103.577  0  2.76066  0.019453  0  0  12.1498  0  0.000676445
1.6905e+13  0  563.5  7.07014  0  0  -101.826  0  2.76087  0.0195005  0  0  11.7634  0  0.000677567
1.6914e+13  0  563.8  7.07306  0  0  -100.128  0  2.76107  0.0195481  0  0  11.3951  0  0.000678693
1.6923e+13  0  564.1  7.076  0  0  -98.4828  0  2.76127  0.0195959  0  0  11.0438  0  0.000679821
1.6932e+13  0  564.4  7.07894  0  0  -96.8864  0  2.76148  0.0196438  0  0  10.7084  0  0.000680951
1.6941e+13  0  564.7  7.08189  0  0  -95.3371  0  2.76168  0.0196919  0  0  10.388  0  0.000682084
1.695e+13  0  565  7.08485  0  0  -93.8329  0  2.76189  0.0197402  0  0  10.0817  0  0.000683219
1.6959e+13  0  565.3  7.08781  0  0  -92.3719  0  2.76209  0.0197887  0  0  9.78875  0  0.000684357
1.6968e+13  0  565.6  7.09078  0  0  -90.9522  0  2.7623  0.0198373  0  0  9.50831  0  0.000685498
1.6977e+13  0  565.9  7.09376  0  0  -89.5721  0  2.7625  0.0198861  0  0  9.23972  0  0.000686641
1.6986e+13  0  566.2  7.09675  0  0  -88.23  0  2.76271  0.0199351  0  0  8.98231  0  0.000687786
1.6995e+13  0  566.5  7.09974  0  0  -86.9244  0  2.76292  0.0199842  0  0  8.73548  0  0.000688935
1.7004e+13  0  566.8  7.10274  0  0  -85.6539  0  2.76312  0.0200336  0  0  8.49865  0  0.000690085
1.7013e+13  0  567.1  7.10575  0  0  -84.417  0  2.76333  0.0200831  0  0  8.2713  0  0.000691239
1.7022e+13  0  567.4  7.10877  0  0  -83.2124  0  2.76354  0.0201327  0  0  8.05292  0  0.000692395
1.7031e+13  0  567.7  7.11179  0  0  -82.0389  0  2.76375  0.0201826  0  0  7.84305  0  0.000693554
1.704e+13  0  568  7.11482  0  0  -80.8953  0  2.76395  0.0202326  0  0  7.64126  0  0.000694715
1.7049e+13  0  568.3  7.11786  0  0  -79.7806  0  2.76416  0.0202828  0  0  7.44713  0  0.000695879
1.7058e+13  0  568.6  7.12091  0  0  -78.6935  0  2.76437  0.0203332  0  0  7.26029  0  0.000697045
1.7067e+13  0  568.9  7.12396  0  0  -77.6332  0  2.76458  0.0203837  0  0  7.08038  0  0.000698214
1.7076e+13  0  569.2  7.12702  0  0  -76.5986  0  2.76479  0.0204345  0  0  6.90705  0  0.000699386
1.7085e+13  0  569.5  7.13009  0  0  -75.5889  0  2.765  0.0204854  0  0  6.73999  0  0.000700561
1.7094e+13  0  569.8  7.13317  0  0  -74.6031  0  2.76521  0.0205365  0  0  6.57891  0  0.000701738
1.7103e+13  0  570.1  7.13625  0  0  -73.6405  0  2.76542  0.0205878  0  0  6.42352  0  0.000702918
1.7112e+13  0  570.4  7.13934  0  0  -72.7001  0  2.76563  0.0206392  0  0  6.27355  0  0.0007041
1.7121e+13  0  570.7  7.14244  0  0  -71.7814  0  2.76584  0.0206909  0  0  6.12876  0  0.000705285
1.713e+13  0  571  7.14555  0  0  -70.8834  0  2.76606  0.0207427  0  0  5.98892  0  0.000706473
1.7139e+13  0  571.3  7.14866  0  0  -70.0056  0  2.76627  0.0207948  0  0  5.8538  0  0.000707664
1.7148e+13  0  571.6  7.15178  0  0  -69.1473  0  2.76648  0.020847  0  0  5.72319  0  0.000708857
1.7157e+13  0  571.9  7.15492  0  0  -68.3078  0  2.76669  0.0208994  0  0  5.59689  0  0.000710053
1.7166e+13  0  572.2  7.15805  0  0  -67.4865  0  2.76691  0.020952  0  0  5.47472  0  0.000711252
1.7175e+13  0  572.5  7.1612  0  0  -66.6828  0  2.76712  0.0210047  0  0  5.35649  0  0.000712453
1.7184e+13  0  572.8  7.16435  0  0  -65.8963  0  2.76733  0.0210577  0  0  5.24205  0  0.000713658
1.7193e+13  0  573.1  7.16752  0  0  -65.1262  0  2.76755  0.0211109  0  0  5.13122  0  0.000714865
1.7202e+13  0  573.4  7.17069  0  0  -64.3722  0  2.76776  0.0211642  0  0  5.02387  0  0.000716075
1.7211e+13  0  573.7  7.17387  0  0  -63.6338  0  2.76798  0.0212178  0  0  4.91984  0  0.000717287
1.722e+13  0  574  7.17705  0  0  -62.9104  0  2.76819  0.0212715  0  0  4.819  0  0.000718503
1.7229e+13  0  574.3  7.18025  0  0  -62.2016  0  2.76841  0.0213254  0  0  4.72123  0  0.000719721
1.7238e+13  0  574.6  7.18345  0  0  -61.507  0  2.76863  0.0213796  0  0  4.62639  0  0.000720942
1.7247e+13  0  574.9  7.18666  0  0  -60.8262  0  2.76884  0.0214339  0  0  4.53438  0  0.000722166
1.7256e+13  0  575.2  7.18988  0  0  -60.1587  0  2.76906  0.0214884  0  0  4.44508  0  0.000723392
1.7265e+13  0  575.5  7.1931  0  0  -59.5042  0  2.76928  0.0215432  0  0  4.35839  0  0.000724622
1.7274e+13  0  575.8  7.19634  0  0  -58.8623  0  2.76949  0.0215981  0  0  4.2742  0  0.000725854
1.7283e+13  0  576.1  7.19958  0  0  -58.2326  0  2.76971  0.0216532  0  0  4.19243  0  0.000727089
1.7292e+13  0  576.4  7.20283  0  0  -57.6148  0  2.76993  0.0217086  0  0  4.11297  0  0.000728327
1.7301e+13  0  576.7  7.20609  0  0  -57.0086  0  2.77015  0.0217641  0  0  4.03575  0  0.000729568
1.731e+13  0  577  7.20936  0  0  -56.4136  0  2.77037  0.0218199  0  0  3.96068  0  0.000730812
1.7319e+13  0  577.3  7.21264  0  0  -55.8295  0  2.77059  0.0218758  0  0  3.88768  0  0.000732058
1.7328e+13  0  577.6  7.21592  0  0  -55.2561  0  2.77081  0.021932  0  0  3.81667  0  0.000733308
1.7337e+13  0  577.9  7.21922  0  0  -54.693  0  2.77103  0.0219883  0  0  3.74759  0  0.00073456
1.7346e+13  0  578.2  7.22252  0  0  -54.14  0  2.77125  0.0220449  0  0  3.68036  0  0.000735816
1.7355e+13  0  578.5  7.22583  0  0  -53.5968  0  2.77147  0.0221017  0  0  3.61492  0  0.000737074
1.7364e+13  0  578.8  7.22915  0  0  -53.0632  0  2.77169  0.0221587  0  0  3.55121  0  0.000738335
1.7373e+13  0  579.1  7.23248  0  0  -52.5388  0  2.77191  0.0222159  0  0  3.48917  0  0.000739599
1.7382e+13  0  579.4  7.23581  0  0  -52.0235  0  2.77213  0.0222733  0  0  3.42873  0  0.000740866
1.7391e+13  0  579.7  7.23916  0  0  -51.517  0  2.77236  0.0223309  0  0  3.36985  0  0.000742136
1.74e+13  0  580  7.24251  0  0  -51.0192  0  2.77258  0.0223888  0  0  3.31247  0  0.000743409
1.7409e+13  0  580.3  7.24587  0  0  -50.5297  0  2.7728  0.0224468  0  0  3.25654  0  0.000744685
1.7418e+13  0  580.6  7.24925  0  0  -50.0484  0  2.77303  0.0225051  0  0  3.20201  0  0.000745964
1.7427e+13  0  580.9  7.25262  0  0  -49.5751  0  2.77325  0.0225636  0  0  3.14884  0  0.000747246
1.7436e+13  0  581.2  7.25601  0  0  -49.1095  0  2.77347  0.0226223  0  0  3.09697  0  0.000748531
1.7445e+13  0  581.5  7.25941  0  0  -48.6516  0  2.7737  0.0226813  0  0  3.04638  0  0.000749819
1.7454e+13  0  581.8  7.26282  0  0  -48.201  0  2.77392  0.0227404  0  0  2.99701  0  0.00075111
1.7463e+13  0  582.1  7.26623  0  0  -47.7577  0  2.77415  0.0227998  0  0  2.94884  0  0.000752405
1.7472e+13  0  582.4  7.26966  0  0  -47.3215  0  2.77438  0.0228594  0  0  2.90181  0  0.000753702
1.7481e+13  0  582.7  7.27309  0  0  -46.8921  0  2.7746  0.0229192  0  0  2.85589  0  0.000755002
1.749e+13  0  583  7.27653  0  0  -46.4695  0  2.77483  0.0229793  0  0  2.81106  0  0.000756305
1.7499e+13  0  583.3  7.27998  0  0  -46.0534  0  2.77506  0.0230396  0  0  2.76727  0  0.000757611
1.7508e+13  0  583.6  7.28344  0  0  -45.6438  0  2.77528  0.0231001  0  0  2.72449  0  0.000758921
1.7517e+13  0  583.9  7.28691  0  0  -45.2404  0  2.77551  0.0231608  0  0  2.6827  0  0.000760233
1.7526e+13  0  584.2  7.29039  0  0  -44.8431  0  2.77574  0.0232218  0  0  2.64186  0  0.000761549
1.7535e+13  0  584.5  7.29388  0  0  -44.4519  0  2.77597  0.023283  0  0  2.60194  0  0.000762868
1.7544e+13  0  584.8  7.29737  0  0  -44.0665  0  2.7762  0.0233444  0  0  2.56292  0  0.00076419
1.7553e+13  0  585.1  7.30088  0  0  -43.6869  0  2.77643  0.0234061  0  0  2.52477  0  0.000765515
1.7562e+13  0  585.4  7.30439  0  0  -43.3128  0  2.77666  0.023468  0  0  2.48746  0  0.000766843
1.7571e+13  0  585.7  7.30792  0  0  -42.9442  0  2.77689  0.0235302  0  0  2.45097  0  0.000768174
1.758e+13  0  586  7.31145  0  0  -42.581  0  2.77712  0.0235925  0  0  2.41527  0  0.000769508
1.7589e+13  0  586.3  7.31499  0  0  -42.2231  0  2.77735  0.0236552  0  0  2.38035  0  0.000770846
1.7598e+13  0  586.6  7.31855  0  0  -41.8702  0  2.77758  0.023718  0  0  2.34618  0  0.000772187
1.7607e+13  0  586.9  7.32211  0  0  -41.5224  0  2.77781  0.0237811  0  0  2.31274  0  0.000773531
1.7616e+13  0  587.2  7.32568  0  0  -41.1795  0  2.77804  0.0238445  0  0  2.28001  0  0.000774878
1.7625e+13  0  587.5  7.32926  0  0  -40.8414  0  2.77828  0.0239081  0  0  2.24797  0  0.000776229
1.7634e+13  0  587.8  7.33285  0  0  -40.5081  0  2.77851  0.0239719  0  0  2.21659  0  0.000777582
1.7643e+13  0  588.1  7.33645  0  0  -40.1793  0  2.77874  0.024036  0  0  2.18587  0  0.000778939
1.7652e+13  0  588.4  7.34006  0  0  -39.8551  0  2.77898  0.0241003  0  0  2.15578  0  0.000780299
1.7661e+13  0  588.7  7.34368  0  0  -39.5353  0  2.77921  0.0241649  0  0  2.1263  0  0.000781663
1.767e+13  0  589  7.34731  0  0  -39.2199  0  2.77945  0.0242297  0  0  2.09743  0  0.00078303
1.7679e+13  0  589.3  7.35095  0  0  -38.9087  0  2.77968  0.0242948  0  0  2.06913  0  0.0007844
1.7688e+13  0  589.6  7.3546  0  0  -38.6016  0  2.77992  0.0243601  0  0  2.04141  0  0.000785773
1.7697e+13  0  589.9  7.35826  0  0  -38.2987  0  2.78015  0.0244257  0  0  2.01424  0  0.000787149
1.7706e+13  0  590.2  7.36192  0  0  -37.9997  0  2.78039  0.0244915  0  0  1.9876  0  0.000788529
1.7715e+13  0  590.5  7.3656  0  0  -37.7047  0  2.78063  0.0245576  0  0  1.96149  0  0.000789913
1.7724e+13  0  590.8  7.36929  0  0  -37.4135  0  2.78086  0.024624  0  0  1.93589  0  0.000791299
1.7733e+13  0  591.1  7.37299  0  0  -37.1261  0  2.7811  0.0246906  0  0  1.91079  0  0.000792689
1.7742e+13  0  591.4  7.3767  0  0  -36.8424  0  2.78134  0.0247575  0  0  1.88617  0  0.000794082
1.7751e+13  0  591.7  7.38041  0  0  -36.5624  0  2.78158  0.0248246  0  0  1.86202  0  0.000795479
1.776e+13  0  592  7.38414  0  0  -36.2858  0  2.78182  0.0248921  0  0  1.83833  0  0.000796879
1.7769e+13  0  592.3  7.38788  0  0  -36.0128  0  2.78205  0.0249597  0  0  1.81509  0  0.000798282
1.7778e+13  0  592.6  7.39163  0  0  -35.7432  0  2.78229  0.0250277  0  0  1.79229  0  0.000799689
1.7787e+13  0  592.9  7.39539  0  0  -35.477  0  2.78253  0.0250959  0  0  1.76991  0  0.000801099
1.7796e+13  0  593.2  7.39916  0  0  -35.2141  0  2.78277  0.0251643  0  0  1.74795  0  0.000802513
1.7805e+13  0  593.5  7.40294  0  0  -34.9544  0  2.78302  0.0252331  0  0  1.72639  0  0.00080393
1.7814e+13  0  593.8  7.40672  0  0  -34.6979  0  2.78326  0.0253021  0  0  1.70523  0  0.000805351
1.7823e+13  0  594.1  7.41052  0  0  -34.4446  0  2.7835  0.0253714  0  0  1.68446  0  0.000806775
1.7832e+13  0  594.4  7.41433  0  0  -34.1942  0  2.78374  0.025441  0  0  1.66406  0  0.000808202
1.7841e+13  0  594.7  7.41816  0  0  -33.947  0  2.78398  0.0255108  0  0  1.64403  0  0.000809633
1.785e+13  0  595  7.42199  0  0  -33.7026  0  2.78423  0.0255809  0  0  1.62435  0  0.000811067
1.7859e+13  0  595.3  7.42583  0  0  -33.4612  0  2.78447  0.0256513  0  0  1.60503  0  0.000812505
1.7868e+13  0  595.6  7.42968  0  0  -33.2226  0  2.78471  0.025722  0  0  1.58605  0  0.000813947
1.7877e+13  0  595.9  7.43354  0  0  -32.9868  0  2.78496  0.025793  0  0  1.56741  0  0.000815392
1.7886e+13  0  596.2  7.43742  0  0  -32.7538  0  2.7852  0.0258642  0  0  1.54909  0  0.00081684
1.7895e+13  0  596.5  7.4413  0  0  -32.5235  0  2.78545  0.0259358  0  0  1.53109  0  0.000818292
1.7904e+13  0  596.8  7.4452  0  0  -32.2959  0  2.78569  0.0260076  0  0  1.5134  0  0.000819748
1.7913e+13  0  597.1  7.4491  0  0  -32.0708  0  2.78594  0.0260797  0  0  1.49601  0  0.000821207
1.7922e+13  0  597.4  7.45302  0  0  -31.8484  0  2.78619  0.0261521  0  0  1.47892  0  0.00082267
1.7931e+13  0  597.7  7.45695  0  0  -31.6284  0  2.78643  0.0262248  0  0  1.46212  0  0.000824136
1.794e+13  0  598  7.46089  0  0  -31.411  0  2.78668  0.0262978  0  0  1.44561  0  0.000825606
1.7949e+13  0  598.3  7.46484  0  0  -31.196  0  2.78693  0.0263711  0  0  1.42937  0  0.00082708
1.7958e+13  0  598.6  7.4688  0  0  -30.9834  0  2.78718  0.0264447  0  0  1.41341  0  0.000828557
1.7967e+13  0  598.9  7.47277  0  0  -30.7731  0  2.78743  0.0265185  0  0  1.39771  0  0.000830038
1.7976e+13  0  599.2  7.47675  0  0  -30.5652  0  2.78768  0.0265927  0  0  1.38226  0  0.000831523
1.7985e+13  0  599.5  7.48074  0  0  -30.3596  0  2.78793  0.0266672  0  0  1.36708  0  0.000833011
1.7994e+13  0  599.8  7.48475  0  0  -30.1562  0  2.78818  0.026742  0  0  1.35214  0  0.000834503
1.8003e+13  0  600.1  7.48877  0  0  -29.955  0  2.78843  0.0268171  0  0  1.33744  0  0.000835999
1.8012e+13  0  600.4  7.49279  0  0  -29.756  0  2.78868  0.0268925  0  0  1.32299  0  0.000837498
1.8021e+13  0  600.7  7.49683  0  0  -29.5591  0  2.78893  0.0269682  0  0  1.30876  0  0.000839001
1.803e+13  0  601  7.50088  0  0  -29.3644  0  2.78918  0.0270442  0  0  1.29476  0  0.000840508
1.8039e+13  0  601.3  7.50494  0  0  -29.1717  0  2.78943  0.0271205  0  0  1.28099  0  0.000842019
1.8048e+13  0  601.6  7.50902  0  0  -28.981  0  2.78969  0.0271971  0  0  1.26743  0  0.000843533
1.8057e+13  0  601.9  7.5131  0  0  -28.7924  0  2.78994  0.0272741  0  0  1.25409  0  0.000845051
1.8066e+13  0  602.2  7.5172  0  0  -28.6057  0  2.79019  0.0273514  0  0  1.24095  0  0.000846573
1.8075e+13  0  602.5  7.52131  0  0  -28.421  0  2.79045  0.027429  0  0  1.22802  0  0.000848099
1.8084e+13  0  602.8  7.52542  0  0  -28.2382  0  2.7907  0.0275069  0  0  1.2153  0  0.000849628
1.8093e+13  0  603.1  7.52956  0  0  -28.0573  0  2.79096  0.0275851  0  0  1.20276  0  0.000851161
1.8102e+13  0  603.4  7.5337  0  0  -27.8782  0  2.79121  0.0276636  0  0  1.19042  0  0.000852699
1.8111e+13  0  603.7  7.53785  0  0  -27.701  0  2.79147  0.0277425  0  0  1.17827  0  0.00085424
1.812e+13  0  604  7.54202  0  0  -27.5255  0  2.79173  0.0278217  0  0  1.1663  0  0.000855784
1.8129e+13  0  604.3  7.5462  0  0  -27.3519  0  2.79198  0.0279013  0  0  1.15452  0  0.000857333
1.8138e+13  0  604.6  7.55039  0  0  -27.18  0  2.79224  0.0279811  0  0  1.14291  0  0.000858886
1.8147e+13  0  604.9  7.55459  0  0  -27.0098  0  2.7925  0.0280613  0  0  1.13147  0  0.000860442
1.8156e+13  0  605.2  7.55881  0  0  -26.8413  0  2.79276  0.0281419  0  0  1.12021  0  0.000862003
1.8165e+13  0  605.5  7.56303  0  0  -26.6744  0  2.79301  0.0282228  0  0  1.10911  0  0.000863567
1.8174e+13  0  605.8  7.56727  0  0  -26.5093  0  2.79327  0.028304  0  0  1.09818  0  0.000865135
1.8183e+13  0  606.1  7.57152  0  0  -26.3457  0  2.79353  0.0283855  0  0  1.0874  0  0.000866708
1.8192e+13  0  606.4  7.57579  0  0  -26.1837  0  2.79379  0.0284674  0  0  1.07679  0  0.000868284
1.8201e+13  0  606.7  7.58006  0  0  -26.0233  0  2.79405  0.0285497  0  0  1.06632  0  0.000869864
1.821e+13  0  607  7.58435  0  0  -25.8645  0  2.79432  0.0286322  0  0  1.05601  0  0.000871448
1.8219e+13  0  607.3  7.58865  0  0  -25.7072  0  2.79458  0.0287152  0  0  1.04585  0  0.000873037
1.8228e+13  0  607.6  7.59296  0  0  -25.5514  0  2.79484  0.0287985  0  0  1.03583  0  0.000874629
1.8237e+13  0  607.9  7.59729  0  0  -25.3971  0  2.7951  0.0288821  0  0  1.02596  0  0.000876225
1.8246e+13  0  608.2  7.60163  0  0  -25.2442  0  2.79537  0.0289661  0  0  1.01622  0  0.000877826
1.8255e+13  0  608.5  7.60598  0  0  -25.0928  0  2.79563  0.0290504  0  0  1.00663  0  0.00087943
1.8264e+13  0  608.8  7.61034  0  0  -24.9428  0  2.79589  0.0291351  0  0  0.997166  0  0.000881039
1.8273e+13  0  609.1  7.61471  0  0  -24.7942  0  2.79616  0.0292202  0  0  0.987836  0  0.000882651
1.8282e+13  0  609.4  7.6191  0  0  -24.647  0  2.79642  0.0293056  0  0  0.978637  0  0.000884268
1.8291e+13  0  609.7  7.6235  0  0  -24.5012  0  2.79669  0.0293914  0  0  0.969565  0  0.000885889
1.83e+13  0  610  7.62792  0  0  -24.3567  0  2.79695  0.0294776  0  0  0.960618  0  0.000887514
1.8309e+13  0  610.3  7.63235  0  0  -24.2136  0  2.79722  0.0295641  0  0  0.951794  0  0.000889143
1.8318e+13  0  610.6  7.63679  0  0  -24.0717  0  2.79749  0.029651  0  0  0.943091  0  0.000890776
1.8327e+13  0  610.9  7.64124  0  0  -23.9312  0  2.79776  0.0297383  0  0  0.934506  0  0.000892414
1.8336e+13  0  611.2  7.64571  0  0  -23.7919  0  2.79802  0.0298259  0  0  0.926038  0  0.000894055
1.8345e+13  0  611.5  7.65019  0  0  -23.6539  0  2.79829  0.029914  0  0  0.917684  0  0.000895701
1.8354e+13  0  611.8  7.65468  0  0  -23.5171  0  2.79856  0.0300024  0  0  0.909442  0  0.000897351
1.8363e+13  0  612.1  7.65919  0  0  -23.3815  0  2.79883  0.0300912  0  0  0.90131  0  0.000899006
1.8372e+13  0  612.4  7.6637  0  0  -23.2472  0  2.7991  0.0301803  0  0  0.893286  0  0.000900664
1.8381e+13  0  612.7  7.66824  0  0  -23.114  0  2.79937  0.0302699  0  0  0.885369  0  0.000902327
1.839e+13  0  613  7.67278  0  0  -22.982  0  2.79964  0.0303598  0  0  0.877556  0  0.000903994
1.8399e+13  0  613.3  7.67734  0  0  -22.8512  0  2.79991  0.0304502  0  0  0.869846  0  0.000905666
1.8408e+13  0  613.6  7.68192  0  0  -22.7215  0  2.80018  0.0305409  0  0  0.862236  0  0.000907342
1.8417e+13  0  613.9  7.6865  0  0  -22.5929  0  2.80046  0.030632  0  0  0.854726  0  0.000909022
1.8426e+13  0  614.2  7.69111  0  0  -22.4655  0  2.80073  0.0307235  0  0  0.847313  0  0.000910706
1.8435e+13  0  614.5  7.69572  0  0  -22.3392  0  2.801  0.0308154  0  0  0.839996  0  0.000912395
1.8444e+13  0  614.8  7.70035  0  0  -22.2139  0  2.80128  0.0309078  0  0  0.832773  0  0.000914088
1.8453e+13  0  615.1  7.70499  0  0  -22.0897  0  2.80155  0.0310005  0  0  0.825642  0  0.000915786
1.8462e+13  0  615.4  7.70965  0  0  -21.9666  0  2.80183  0.0310936  0  0  0.818602  0  0.000917488
1.8471e+13  0  615.7  7.71432  0  0  -21.8446  0  2.8021  0.0311872  0  0  0.811651  0  0.000919194
1.848e+13  0  616  7.719  0  0  -21.7235  0  2.80238  0.0312811  0  0  0.804789  0  0.000920905
1.8489e+13  0  616.3  7.7237  0  0  -21.6035  0  2.80266  0.0313755  0  0  0.798012  0  0.00092262
1.8498e+13  0  616.6  7.72841  0  0  -21.4845  0  2.80293  0.0314703  0  0  0.791321  0  0.00092434
1.8507e+13  0  616.9  7.73314  0  0  -21.3665  0  2.80321  0.0315655  0  0  0.784713  0  0.000926064
1.8516e+13  0  617.2  7.73788  0  0  -21.2494  0  2.80349  0.0316611  0  0  0.778187  0  0.000927793
1.8525e+13  0  617.5  7.74263  0  0  -21.1334  0  2.80377  0.0317571  0  0  0.771742  0  0.000929526
1.8534e+13  0  617.8  7.7474  0  0  -21.0183  0  2.80405  0.0318536  0  0  0.765377  0  0.000931264
1.8543e+13  0  618.1  7.75219  0  0  -20.9041  0  2.80433  0.0319505  0  0  0.759089  0  0.000933006
1.8552e+13  0  618.4  7.75699  0  0  -20.7909  0  2.80461  0.0320479  0  0  0.752879  0  0.000934753
1.8561e+13  0  618.7  7.7618  0  0  -20.6786  0  2.80489  0.0321456  0  0  0.746744  0  0.000936505
1.857e+13  0  619  7.76663  0  0  -20.5672  0  2.80517  0.0322438  0  0  0.740684  0  0.000938261
1.8579e+13  0  619.3  7.77147  0  0  -20.4567  0  2.80545  0.0323425  0  0  0.734696  0  0.000940022
1.8588e+13  0  619.6  7.77633  0  0  -20.3471  0  2.80573  0.0324416  0  0  0.728781  0  0.000941787
1.8597e+13  0  619.9  7.7812  0  0  -20.2384  0  2.80601  0.0325411  0  0  0.722937  0  0.000943557
1.8606e+13  0  620.2  7.78609  0  0  -20.1305  0  2.8063  0.0326411  0  0  0.717162  0  0.000945331
1.8615e+13  0  620.5  7.79099  0  0  -20.0235  0  2.80658  0.0327415  0  0  0.711456  0  0.000947111
1.8624e+13  0  620.8  7.79591  0  0  -19.9174  0  2.80687  0.0328424  0  0  0.705818  0  0.000948895
1.8633e+13  0  621.1  7.80084  0  0  -19.8121  0  2.80715  0.0329437  0  0  0.700246  0  0.000950683
1.8642e+13  0  621.4  7.80579  0  0  -19.7076  0  2.80744  0.0330455  0  0  0.694739  0  0.000952477
1.8651e+13  0  621.7  7.81076  0  0  -19.6039  0  2.80772  0.0331478  0  0  0.689297  0  0.000954275
1.866e+13  0  622  7.81573  0  0  -19.5011  0  2.80801  0.0332505  0  0  0.683919  0  0.000956078
1.8669e+13  0  622.3  7.82073  0  0  -19.399  0  2.8083  0.0333537  0  0  0.678603  0  0.000957886
1.8678e+13  0  622.6  7.82574  0  0  -19.2978  0  2.80858  0.0334573  0  0  0.673348  0  0.000959698
1.8687e+13  0  622.9  7.83076  0  0  -19.1973  0  2.80887  0.0335615  0  0  0.668154  0  0.000961516
1.8696e+13  0  623.2  7.8358  0  0  -19.0976  0  2.80916  0.0336661  0  0  0.66302  0  0.000963338
1.8705e+13  0  623.5  7.84086  0  0  -18.9986  0  2.80945  0.0337711  0  0  0.657944  0  0.000965165
1.8714e+13  0  623.8  7.84593  0  0  -18.9004  0  2.80974  0.0338767  0  0  0.652926  0  0.000966997
1.8723e+13  0  624.1  7.85102  0  0  -18.803  0  2.81003  0.0339828  0  0  0.647965  0  0.000968833
1.8732e+13  0  624.4  7.85613  0  0  -18.7063  0  2.81032  0.0340893  0  0  0.64306  0  0.000970675
1.8741e+13  0  624.7  7.86125  0  0  -18.6103  0  2.81061  0.0341963  0  0  0.638211  0  0.000972522
1.875e+13  0  625  7.86638  0  0  -18.5151  0  2.8109  0.0343038  0  0  0.633416  0  0.000974373
1.8759e+13  0  625.3  7.87154  0  0  -18.4205  0  2.8112  0.0344118  0  0  0.628674  0  0.00097623
1.8768e+13  0  625.6  7.8767  0  0  -18.3267  0  2.81149  0.0345203  0  0  0.623985  0  0.000978091
1.8777e+13  0  625.9  7.88189  0  0  -18.2336  0  2.81178  0.0346294  0  0  0.619349  0  0.000979958
1.8786e+13  0  626.2  7.88709  0  0  -18.1411  0  2.81208  0.0347389  0  0  0.614763  0  0.000981829
1.8795e+13  0  626.5  7.89231  0  0  -18.0494  0  2.81237  0.0348489  0  0  0.610228  0  0.000983706
1.8804e+13  0  626.8  7.89754  0  0  -17.9583  0  2.81267  0.0349594  0  0  0.605743  0  0.000985587
1.8813e+13  0  627.1  7.9028  0  0  -17.8679  0  2.81296  0.0350705  0  0  0.601307  0  0.000987474
1.8822e+13  0  627.4  7.90806  0  0  -17.7781  0  2.81326  0.0351821  0  0  0.596919  0  0.000989365
1.8831e+13  0  627.7  7.91335  0  0  -17.689  0  2.81356  0.0352941  0  0  0.592579  0  0.000991262
1.884e+13  0  628  7.91865  0  0  -17.6005  0  2.81386  0.0354068  0  0  0.588286  0  0.000993164
1.8849e+13  0  628.3  7.92397  0  0  -17.5127  0  2.81415  0.0355199  0  0  0.584039  0  0.000995071
1.8858e+13  0  628.6  7.9293  0  0  -17.4255  0  2.81445  0.0356336  0  0  0.579838  0  0.000996983
1.8867e+13  0  628.9  7.93465  0  0  -17.339  0  2.81475  0.0357478  0  0  0.575682  0  0.000998901
1.8876e+13  0  629.2  7.94002  0  0  -17.253  0  2.81505  0.0358625  0  0  0.57157  0  0.00100082
1.8885e+13  0  629.5  7.94541  0  0  -17.1677  0  2.81535  0.0359778  0  0  0.567501  0  0.00100275
1.8894e+13  0  629.8  7.95082  0  0  -17.083  0  2.81565  0.0360936  0  0  0.563476  0  0.00100468
1.8903e+13  0  630.1  7.95624  0  0  -16.9988  0  2.81595  0.03621  0  0  0.559494  0  0.00100662
1.8912e+13  0  630.4  7.96168  0  0  -16.9153  0  2.81626  0.036327  0  0  0.555553  0  0.00100857
1.8921e+13  0  630.7  7.96713  0  0  -16.8323  0  2.81656  0.0364444  0  0  0.551653  0  0.00101051
1.893e+13  0  631  7.97261  0  0  -16.75  0  2.81686  0.0365625  0  0  0.547794  0  0.00101247
1.8939e+13  0  631.3  7.9781  0  0  -16.6682  0  2.81717  0.0366811  0  0  0.543976  0  0.00101443
1.8948e+13  0  631.6  7.98361  0  0  -16.587  0  2.81747  0.0368003  0  0  0.540197  0  0.00101639
1.8957e+13  0  631.9  7.98914  0  0  -16.5063  0  2.81778  0.03692  0  0  0.536457  0  0.00101836
1.8966e+13  0  632.2  7.99468  0  0  -16.4262  0  2.81808  0.0370403  0  0  0.532755  0  0.00102034
1.8975e+13  0  632.5  8.00025  0  0  -16.3466  0  2.81839  0.0371612  0  0  0.529092  0  0.00102232
1.8984e+13  0  632.8  8.00583  0  0  -16.2676  0  2.8187  0.0372827  0  0  0.525466  0  0.00102431
1.8993e+13  0  633.1  8.01143  0  0  -16.1892  0  2.819  0.0374047  0  0  0.521877  0  0.0010263
1.9002e+13  0  633.4  8.01705  0  0  -16.1112  0  2.81931  0.0375274  0  0  0.518324  0  0.0010283
1.9011e+13  0  633.7  8.02268  0  0  -16.0338  0  2.81962  0.0376506  0  0  0.514808  0  0.0010303
1.902e+13  0  634  8.02834  0  0  -15.9569  0  2.81993  0.0377744  0  0  0.511326  0  0.00103231
1.9029e+13  0  634.3  8.03401  0  0  -15.8806  0  2.82024  0.0378989  0  0  0.50788  0  0.00103432
1.9038e+13  0  634.6  8.03971  0  0  -15.8047  0  2.82055  0.0380239  0  0  0.504469  0  0.00103634
1.9047e+13  0  634.9  8.04542  0  0  -15.7294  0  2.82086  0.0381495  0  0  0.501091  0  0.00103836
1.9056e+13  0  635.2  8.05115  0  0  -15.6545  0  2.82117  0.0382758  0  0  0.497747  0  0.0010404
1.9065e+13  0  635.5  8.0569  0  0  -15.5802  0  2.82149  0.0384026  0  0  0.494437  0  0.00104243
1.9074e+13  0  635.8  8.06267  0  0  -15.5064  0  2.8218  0.0385301  0  0  0.491159  0  0.00104447
1.9083e+13  0  636.1  8.06845  0  0  -15.433  0  2.82211  0.0386582  0  0  0.487913  0  0.00104652
1.9092e+13  0  636.4  8.07426  0  0  -15.3601  0  2.82243  0.038787  0  0  0.4847  0  0.00104857
1.9101e+13  0  636.7  8.08009  0  0  -15.2877  0  2.82274  0.0389163  0  0  0.481517  0  0.00105063
1.911e+13  0  637  8.08593  0  0  -15.2158  0  2.82306  0.0390463  0  0  0.478366  0  0.0010527
1.9119e+13  0  637.3  8.0918  0  0  -15.1444  0  2.82337  0.039177  0  0  0.475246  0  0.00105477
1.9128e+13  0  637.6  8.09768  0  0  -15.0734  0  2.82369  0.0393082  0  0  0.472156  0  0.00105684
1.9137e+13  0  637.9  8.10359  0  0  -15.0028  0  2.82401  0.0394402  0  0  0.469095  0  0.00105893
1.9146e+13  0  638.2  8.10951  0  0  -14.9328  0  2.82433  0.0395727  0  0  0.466065  0  0.00106101
1.9155e+13  0  638.5  8.11546  0  0  -14.8631  0  2.82464  0.039706  0  0  0.463063  0  0.00106311
1.9164e+13  0  638.8  8.12142  0  0  -14.794  0  2.82496  0.0398399  0  0  0.46009  0  0.00106521
1.9173e+13  0  639.1  8.12741  0  0  -14.7252  0  2.82528  0.0399744  0  0  0.457145  0  0.00106731
1.9182e+13  0  639.4  8.13341  0  0  -14.657  0  2.8256  0.0401097  0  0  0.454229  0  0.00106942
1.9191e+13  0  639.7  8.13944  0  0  -14.5891  0  2.82593  0.0402456  0  0  0.45134  0  0.00107154
1.92e+13  0  640  8.14548  0  0  -14.5217  0  2.82625  0.0403822  0  0  0.448479  0  0.00107366
1.9209e+13  0  640.3  8.15155  0  0  -14.4547  0  2.82657  0.0405194  0  0  0.445644  0  0.00107579
1.9218e+13  0  640.6  8.15763  0  0  -14.3881  0  2.82689  0.0406574  0  0  0.442836  0  0.00107793
1.9227e+13  0  640.9  8.16374  0  0  -14.3219  0  2.82722  0.040796  0  0  0.440055  0  0.00108007
1.9236e+13  0  641.2  8.16987  0  0  -14.2562  0  2.82754  0.0409354  0  0  0.437299  0  0.00108221
1.9245e+13  0  641.5  8.17602  0  0  -14.1909  0  2.82787  0.0410754  0  0  0.434569  0  0.00108437
1.9254e+13  0  641.8  8.18219  0  0  -14.1259  0  2.82819  0.0412162  0  0  0.431864  0  0.00108653
1.9263e+13  0  642.1  8.18838  0  0  -14.0614  0  2.82852  0.0413576  0  0  0.429185  0  0.00108869
1.9272e+13  0  642.4  8.19459  0  0  -13.9973  0  2.82884  0.0414998  0  0  0.42653  0  0.00109086
1.9281e+13  0  642.7  8.20083  0  0  -13.9336  0  2.82917  0.0416427  0  0  0.423899  0  0.00109304
1.929e+13  0  643  8.20708  0  0  -13.8702  0  2.8295  0.0417864  0  0  0.421293  0  0.00109522
1.9299e+13  0  643.3  8.21336  0  0  -13.8073  0  2.82983  0.0419307  0  0  0.41871  0  0.00109741
1.9308e+13  0  643.6  8.21966  0  0  -13.7447  0  2.83016  0.0420758  0  0  0.416151  0  0.00109961
1.9317e+13  0  643.9  8.22598  0  0  -13.6825  0  2.83049  0.0422216  0  0  0.413616  0  0.00110181
1.9326e+13  0  644.2  8.23232  0  0  -13.6207  0  2.83082  0.0423682  0  0  0.411103  0  0.00110402
1.9335e+13  0  644.5  8.23869  0  0  -13.5593  0  2.83115  0.0425156  0  0  0.408613  0  0.00110623
1.9344e+13  0  644.8  8.24507  0  0  -13.4982  0  2.83148  0.0426636  0  0  0.406145  0  0.00110845
1.9353e+13  0  645.1  8.25148  0  0  -13.4376  0  2.83182  0.0428125  0  0  0.4037  0  0.00111068
1.9362e+13  0  645.4  8.25791  0  0  -13.3772  0  2.83215  0.0429621  0  0  0.401276  0  0.00111292
1.9371e+13  0  645.7  8.26437  0  0  -13.3173  0  2.83248  0.0431125  0  0  0.398874  0  0.00111516
1.938e+13  0  646  8.27084  0  0  -13.2577  0  2.83282  0.0432636  0  0  0.396493  0  0.0011174
1.9389e+13  0  646.3  8.27734  0  0  -13.1984  0  2.83315  0.0434156  0  0  0.394134  0  0.00111966
1.9398e+13  0  646.6  8.28387  0  0  -13.1395  0  2.83349  0.0435683  0  0  0.391795  0  0.00112192
1.9407e+13  0  646.9  8.29041  0  0  -13.081  0  2.83383  0.0437218  0  0  0.389477  0  0.00112418
1.9416e+13  0  647.2  8.29698  0  0  -13.0228  0  2.83417  0.0438762  0  0  0.38718  0  0.00112645
1.9425e+13  0  647.5  8.30357  0  0  -12.9649  0  2.8345  0.0440313  0  0  0.384902  0  0.00112873
1.9434e+13  0  647.8  8.31019  0  0  -12.9074  0  2.83484  0.0441872  0  0  0.382645  0  0.00113102
1.9443e+13  0  648.1  8.31682  0  0  -12.8502  0  2.83518  0.044344  0  0  0.380407  0  0.00113331
1.9452e+13  0  648.4  8.32348  0  0  -12.7933  0  2.83552  0.0445016  0  0  0.378188  0  0.00113561
1.9461e+13  0  648.7  8.33017  0  0  -12.7368  0  2.83586  0.04466  0  0  0.375989  0  0.00113791
1.947e+13  0  649  8.33688  0  0  -12.6806  0  2.83621  0.0448192  0  0  0.373809  0  0.00114023
1.9479e+13  0  649.3  8.34361  0  0  -12.6248  0  2.83655  0.0449793  0  0  0.371648  0  0.00114255
1.9488e+13  0  649.6  8.35037  0  0  -12.5692  0  2.83689  0.0451402  0  0  0.369505  0  0.00114487
1.9497e+13  0  649.9  8.35715  0  0  -12.514  0  2.83723  0.045302  0  0  0.36738  0  0.0011472
1.9506e+13  0  650.2  8.36396  0  0  -12.4591  0  2.83758  0.0454646  0  0  0.365274  0  0.00114954
1.9515e+13  0  650.5  8.37079  0  0  -12.4045  0  2.83792  0.0456281  0  0  0.363186  0  0.00115189
1.9524e+13  0  650.8  8.37764  0  0  -12.3502  0  2.83827  0.0457924  0  0  0.361115  0  0.00115424
1.9533e+13  0  651.1  8.38452  0  0  -12.2962  0  2.83862  0.0459577  0  0  0.359062  0  0.0011566
1.9542e+13  0  651.4  8.39142  0  0  -12.2426  0  2.83896  0.0461238  0  0  0.357026  0  0.00115897
1.9551e+13  0  651.7  8.39835  0  0  -12.1892  0  2.83931  0.0462908  0  0  0.355007  0  0.00116134
1.956e+13  0  652  8.40531  0  0  -12.1361  0  2.83966  0.0464587  0  0  0.353006  0  0.00116372
1.9569e+13  0  652.3  8.41229  0  0  -12.0834  0  2.84001  0.0466275  0  0  0.351021  0  0.00116611
1.9578e+13  0  652.6  8.41929  0  0  -12.0309  0  2.84036  0.0467972  0  0  0.349053  0  0.0011685
1.9587e+13  0  652.9  8.42632  0  0  -11.9787  0  2.84071  0.0469678  0  0  0.347101  0  0.0011709
1.9596e+13  0  653.2  8.43338  0  0  -11.9268  0  2.84106  0.0471393  0  0  0.345165  0  0.00117331
1.9605e+13  0  653.5  8.44046  0  0  -11.8752  0  2.84142  0.0473118  0  0  0.343245  0  0.00117572
1.9614e+13  0  653.8  8.44757  0  0  -11.8239  0  2.84177  0.0474852  0  0  0.341342  0  0.00117815
1.9623e+13  0  654.1  8.4547  0  0  -11.7729  0  2.84212  0.0476595  0  0  0.339454  0  0.00118058
1.9632e+13  0  654.4  8.46186  0  0  -11.7222  0  2.84248  0.0478348  0  0  0.337581  0  0.00118301
1.9641e+13  0  654.7  8.46905  0  0  -11.6717  0  2.84283  0.048011  0  0  0.335724  0  0.00118546
1.965e+13  0  655  8.47626  0  0  -11.6215  0  2.84319  0.0481882  0  0  0.333882  0  0.00118791
1.9659e+13  0  655.3  8.4835  0  0  -11.5716  0  2.84354  0.0483664  0  0  0.332055  0  0.00119036
1.9668e+13  0  655.6  8.49077  0  0  -11.522  0  2.8439  0.0485455  0  0  0.330242  0  0.00119283
1.9677e+13  0  655.9  8.49806  0  0  -11.4726  0  2.84426  0.0487256  0  0  0.328445  0  0.0011953
1.9686e+13  0  656.2  8.50538  0  0  -11.4235  0  2.84462  0.0489067  0  0  0.326662  0  0.00119778
1.9695e+13  0  656.5  8.51273  0  0  -11.3747  0  2.84498  0.0490888  0  0  0.324893  0  0.00120027
1.9704e+13  0  656.8  8.5201  0  0  -11.3261  0  2.84534  0.0492719  0  0  0.323139  0  0.00120276
1.9713e+13  0  657.1  8.5275  0  0  -11.2778  0  2.8457  0.049456  0  0  0.321399  0  0.00120527
1.9722e+13  0  657.4  8.53493  0  0  -11.2297  0  2.84606  0.0496412  0  0  0.319672  0  0.00120778
1.9731e+13  0  657.7  8.54239  0  0  -11.1819  0  2.84643  0.0498273  0  0  0.31796  0  0.00121029
1.974e+13  0  658  8.54988  0  0  -11.1344  0  2.84679  0.0500145  0  0  0.316261  0  0.00121282
1.9749e+13  0  658.3  8.55739  0  0  -11.0871  0  2.84715  0.0502028  0  0  0.314575  0  0.00121535
1.9758e+13  0  658.6  8.56493  0  0  -11.0401  0  2.84752  0.050392  0  0  0.312903  0  0.00121789
1.9767e+13  0  658.9  8.5725  0  0  -10.9933  0  2.84788  0.0505824  0  0  0.311244  0  0.00122044
1.9776e+13  0  659.2  8.5801  0  0  -10.9468  0  2.84825  0.0507738  0  0  0.309598  0  0.00122299
1.9785e+13  0  659.5  8.58773  0  0  -10.9005  0  2.84862  0.0509663  0  0  0.307965  0  0.00122555
1.9794e+13  0  659.8  8.59539  0  0  -10.8544  0  2.84899  0.0511598  0  0  0.306345  0  0.00122812
1.9803e+13  0  660.1  8.60307  0  0  -10.8086  0  2.84935  0.0513545  0  0  0.304737  0  0.0012307
1.9812e+13  0  660.4  8.61079  0  0  -10.7631  0  2.84972  0.0515502  0  0  0.303142  0  0.00123329
1.9821e+13  0  660.7  8.61853  0  0  -10.7178  0  2.85009  0.0517471  0  0  0.30156  0  0.00123588
1.983e+13  0  661  8.62631  0  0  -10.6727  0  2.85047  0.051945  0  0  0.299989  0  0.00123848
1.9839e+13  0  661.3  8.63411  0  0  -10.6278  0  2.85084  0.0521441  0  0  0.298431  0  0.00124109
1.9848e+13  0  661.6  8.64195  0  0  -10.5832  0  2.85121  0.0523443  0  0  0.296885  0  0.00124371
1.9857e+13  0  661.9  8.64981  0  0  -10.5388  0  2.85158  0.0525457  0  0  0.295351  0  0.00124633
1.9866e+13  0  662.2  8.65771  0  0  -10.4946  0  2.85196  0.0527482  0  0  0.293828  0  0.00124897
1.9875e+13  0  662.5  8.66563  0  0  -10.4507  0  2.85233  0.0529518  0  0  0.292317  0  0.00125161
1.9884e+13  0  662.8  8.67359  0  0  -10.407  0  2.85271  0.0531567  0  0  0.290818  0  0.00125425
1.9893e+13  0  663.1  8.68157  0  0  -10.3635  0  2.85309  0.0533627  0  0  0.28933  0  0.00125691
1.9902e+13  0  663.4  8.68959  0  0  -10.3202  0  2.85346  0.0535698  0  0  0.287853  0  0.00125958
1.9911e+13  0  663.7  8.69764  0  0  -10.2772  0  2.85384  0.0537782  0  0  0.286388  0  0.00126225
1.992e+13  0  664  8.70572  0  0  -10.2344  0  2.85422  0.0539878  0  0  0.284934  0  0.00126493
1.9929e+13  0  664.3  8.71383  0  0  -10.1918  0  2.8546  0.0541986  0  0  0.28349  0  0.00126762
1.9938e+13  0  664.6  8.72197  0  0  -10.1494  0  2.85498  0.0544106  0  0  0.282058  0  0.00127032
1.9947e+13  0  664.9  8.73015  0  0  -10.1072  0  2.85536  0.0546238  0  0  0.280636  0  0.00127302
1.9956e+13  0  665.2  8.73835  0  0  -10.0652  0  2.85574  0.0548383  0  0  0.279225  0  0.00127574
1.9965e+13  0  665.5  8.74659  0  0  -10.0235  0  2.85613  0.055054  0  0  0.277824  0  0.00127846
1.9974e+13  0  665.8  8.75486  0  0  -9.98193  0  2.85651  0.055271  0  0  0.276434  0  0.00128119
1.9983e+13  0  666.1  8.76317  0  0  -9.94059  0  2.8569  0.0554892  0  0  0.275054  0  0.00128393
1.9992e+13  0  666.4  8.77151  0  0  -9.89946  0  2.85728  0.0557088  0  0  0.273684  0  0.00128667
2.0001e+13  0  666.7  8.77988  0  0  -9.85853  0  2.85767  0.0559296  0  0  0.272325  0  0.00128943
2.001e+13  0  667  8.78828  0  0  -9.8178  0  2.85806  0.0561517  0  0  0.270975  0  0.00129219
2.0019e+13  0  667.3  8.79672  0  0  -9.77728  0  2.85844  0.0563751  0  0  0.269636  0  0.00129497
2.0028e+13  0  667.6  8.80519  0  0  -9.73695  0  2.85883  0.0565999  0  0  0.268306  0  0.00129775
2.0037e+13  0  667.9  8.81369  0  0  -9.69683  0  2.85922  0.0568259  0  0  0.266986  0  0.00130054
2.0046e+13  0  668.2  8.82223  0  0  -9.6569  0  2.85961  0.0570533  0  0  0.265676  0  0.00130334
2.0055e+13  0  668.5  8.8308  0  0  -9.61717  0  2.86  0.0572821  0  0  0.264375  0  0.00130614
2.0064e+13  0  668.8  8.83941  0  0  -9.57763  0  2.8604  0.0575122  0  0  0.263083  0  0.00130896
2.0073e+13  0  669.1  8.84805  0  0  -9.53828  0  2.86079  0.0577437  0  0  0.261801  0  0.00131178
2.0082e+13  0  669.4  8.85672  0  0  -9.49913  0  2.86118  0.0579766  0  0  0.260528  0  0.00131462
2.0091e+13  0  669.7  8.86543  0  0  -9.46017  0  2.86158  0.0582109  0  0  0.259265  0  0.00131746
2.01e+13  0  670  8.87418  0  0  -9.42139  0  2.86197  0.0584466  0  0  0.25801  0  0.00132031
2.0109e+13  0  670.3  8.88296  0  0  -9.3828  0  2.86237  0.0586836  0  0  0.256765  0  0.00132317
2.0118e+13  0  670.6  8.89178  0  0  -9.3444  0  2.86277  0.0589222  0  0  0.255528  0  0.00132604
2.0127e+13  0  670.9  8.90063  0  0  -9.30618  0  2.86317  0.0591621  0  0  0.254301  0  0.00132891
2.0136e+13  0  671.2  8.90952  0  0  -9.26815  0  2.86357  0.0594035  0  0  0.253082  0  0.0013318
2.0145e+13  0  671.5  8.91845  0  0  -9.2303  0  2.86397  0.0596464  0  0  0.251871  0  0.0013347
2.0154e+13  0  671.8  8.92741  0  0  -9.19263  0  2.86437  0.0598908  0  0  0.25067  0  0.0013376
2.0163e+13  0  672.1  8.93641  0  0  -9.15513  0  2.86477  0.0601366  0  0  0.249476  0  0.00134051
2.0172e+13  0  672.4  8.94544  0  0  -9.11782  0  2.86517  0.0603839  0  0  0.248291  0  0.00134344
2.0181e+13  0  672.7  8.95452  0  0  -9.08068  0  2.86557  0.0606328  0  0  0.247115  0  0.00134637
2.019e+13  0  673  8.96363  0  0  -9.04372  0  2.86598  0.0608831  0  0  0.245947  0  0.00134931
2.0199e+13  0  673.3  8.97277  0  0  -9.00693  0  2.86638  0.061135  0  0  0.244787  0  0.00135226
2.0208e+13  0  673.6  8.98196  0  0  -8.97032  0  2.86679  0.0613885  0  0  0.243635  0  0.00135522
2.0217e+13  0  673.9  8.99118  0  0  -8.93388  0  2.8672  0.0616435  0  0  0.242491  0  0.00135819
2.0226e+13  0  674.2  9.00045  0  0  -8.89761  0  2.8676  0.0619001  0  0  0.241355  0  0.00136117
2.0235e+13  0  674.5  9.00975  0  0  -8.86151  0  2.86801  0.0621583  0  0  0.240227  0  0.00136416
2.0244e+13  0  674.8  9.01909  0  0  -8.82557  0  2.86842  0.062418  0  0  0.239107  0  0.00136715
2.0253e+13  0  675.1  9.02847  0  0  -8.78981  0  2.86883  0.0626794  0  0  0.237995  0  0.00137016
2.0262e+13  0  675.4  9.03788  0  0  -8.75421  0  2.86924  0.0629424  0  0  0.23689  0  0.00137318
2.0271e+13  0  675.7  9.04734  0  0  -8.71878  0  2.86966  0.0632071  0  0  0.235793  0  0.0013762
2.028e+13  0  676  9.05684  0  0  -8.68351  0  2.87007  0.0634734  0  0  0.234703  0  0.00137924
2.0289e+13  0  676.3  9.06638  0  0  -8.6484  0  2.87048  0.0637414  0  0  0.233621  0  0.00138228
2.0298e+13  0  676.6  9.07595  0  0  -8.61345  0  2.8709  0.064011  0  0  0.232546  0  0.00138534
2.0307e+13  0  676.9  9.08557  0  0  -8.57867  0  2.87132  0.0642824  0  0  0.231479  0  0.0013884
2.0316e+13  0  677.2  9.09523  0  0  -8.54404  0  2.87173  0.0645554  0  0  0.230419  0  0.00139147
2.0325e+13  0  677.5  9.10493  0  0  -8.50957  0  2.87215  0.0648302  0  0  0.229366  0  0.00139456
2.0334e+13  0  677.8  9.11467  0  0  -8.47526  0  2.87257  0.0651067  0  0  0.22832  0  0.00139765
2.0343e+13  0  678.1  9.12446  0  0  -8.44111  0  2.87299  0.065385  0  0  0.227281  0  0.00140076
2.0352e+13  0  678.4  9.13428  0  0  -8.40711  0  2.87341  0.0656651  0  0  0.226249  0  0.00140387
2.0361e+13  0  678.7  9.14415  0  0  -8.37326  0  2.87383  0.0659469  0  0  0.225225  0  0.00140699
2.037e+13  0  679  9.15406  0  0  -8.33957  0  2.87425  0.0662305  0  0  0.224207  0  0.00141013
2.0379e+13  0  679.3  9.16401  0  0  -8.30603  0  2.87468  0.066516  0  0  0.223196  0  0.00141327
2.0388e+13  0  679.6  9.174  0  0  -8.27264  0  2.8751  0.0668032  0  0  0.222191  0  0.00141642
2.0397e+13  0  679.9  9.18404  0  0  -8.2394  0  2.87553  0.0670923  0  0  0.221194  0  0.00141959
2.0406e+13  0  680.2  9.19412  0  0  -8.20631  0  2.87595  0.0673833  0  0  0.220203  0  0.00142276
2.0415e+13  0  680.5  9.20425  0  0  -8.17337  0  2.87638  0.0676762  0  0  0.219218  0  0.00142595
2.0424e+13  0  680.8  9.21442  0  0  -8.14058  0  2.87681  0.0679709  0  0  0.21824  0  0.00142914
2.0433e+13  0  681.1  9.22463  0  0  -8.10793  0  2.87724  0.0682676  0  0  0.217269  0  0.00143235
2.0442e+13  0  681.4  9.23489  0  0  -8.07542  0  2.87767  0.0685662  0  0  0.216304  0  0.00143556
2.0451e+13  0  681.7  9.24519  0  0  -8.04306  0  2.8781  0.0688667  0  0  0.215345  0  0.00143879
2.046e+13  0  682  9.25554  0  0  -8.01085  0  2.87853  0.0691692  0  0  0.214393  0  0.00144202
2.0469e+13  0  682.3  9.26593  0  0  -7.97877  0  2.87897  0.0694737  0  0  0.213447  0  0.00144527
2.0478e+13  0  682.6  9.27637  0  0  -7.94684  0  2.8794  0.0697801  0  0  0.212507  0  0.00144853
2.0487e+13  0  682.9  9.28686  0  0  -7.91505  0  2.87983  0.0700886  0  0  0.211573  0  0.0014518
2.0496e+13  0  683.2  9.29739  0  0  -7.8834  0  2.88027  0.0703991  0  0  0.210645  0  0.00145508
2.0505e+13  0  683.5  9.30797  0  0  -7.85188  0  2.88071  0.0707116  0  0  0.209723  0  0.00145836
2.0514e+13  0  683.8  9.3186  0  0  -7.82051  0  2.88115  0.0710262  0  0  0.208808  0  0.00146166
2.0523e+13  0  684.1  9.32927  0  0  -7.78927  0  2.88158  0.0713429  0  0  0.207898  0  0.00146498
2.0532e+13  0  684.4  9.33999  0  0  -7.75816  0  2.88202  0.0716617  0  0  0.206994  0  0.0014683
2.0541e+13  0  684.7  9.35076  0  0  -7.72719  0  2.88247  0.0719827  0  0  0.206096  0  0.00147163
2.055e+13  0  685  9.36157  0  0  -7.69636  0  2.88291  0.0723057  0  0  0.205203  0  0.00147497
2.0559e+13  0  685.3  9.37244  0  0  -7.66566  0  2.88335  0.0726309  0  0  0.204317  0  0.00147833
2.0568e+13  0  685.6  9.38335  0  0  -7.63509  0  2.88379  0.0729583  0  0  0.203436  0  0.00148169
2.0577e+13  0  685.9  9.39432  0  0  -7.60465  0  2.88424  0.0732879  0  0  0.202561  0  0.00148507
2.0586e+13  0  686.2  9.40533  0  0  -7.57434  0  2.88469  0.0736197  0  0  0.201691  0  0.00148846
2.0595e+13  0  686.5  9.41639  0  0  -7.54417  0  2.88513  0.0739538  0  0  0.200827  0  0.00149186
2.0604e+13  0  686.8  9.42751  0  0  -7.51412  0  2.88558  0.0742901  0  0  0.199968  0  0.00149527
2.0613e+13  0  687.1  9.43867  0  0  -7.4842  0  2.88603  0.0746287  0  0  0.199115  0  0.00149869
2.0622e+13  0  687.4  9.44989  0  0  -7.45441  0  2.88648  0.0749695  0  0  0.198267  0  0.00150212
2.0631e+13  0  687.7  9.46115  0  0  -7.42475  0  2.88693  0.0753127  0  0  0.197424  0  0.00150557
2.064e+13  0  688  9.47247  0  0  -7.39521  0  2.88738  0.0756583  0  0  0.196587  0  0.00150902
2.0649e+13  0  688.3  9.48384  0  0  -7.36579  0  2.88784  0.0760062  0  0  0.195755  0  0.00151249
2.0658e+13  0  688.6  9.49526  0  0  -7.3365  0  2.88829  0.0763565  0  0  0.194928  0  0.00151597
2.0667e+13  0  688.9  9.50673  0  0  -7.30734  0  2.88875  0.0767092  0  0  0.194107  0  0.00151946
2.0676e+13  0  689.2  9.51826  0  0  -7.27829  0  2.8892  0.0770643  0  0  0.19329  0  0.00152296
2.0685e+13  0  689.5  9.52984  0  0  -7.24937  0  2.88966  0.0774218  0  0  0.192479  0  0.00152647
2.0694e+13  0  689.8  9.54148  0  0  -7.22057  0  2.89012  0.0777819  0  0  0.191672  0  0.00153
2.0703e+13  0  690.1  9.55317  0  0  -7.19189  0  2.89058  0.0781444  0  0  0.190871  0  0.00153353
2.0712e+13  0  690.4  9.56491  0  0  -7.16333  0  2.89104  0.0785095  0  0  0.190075  0  0.00153708
2.0721e+13  0  690.7  9.57671  0  0  -7.13489  0  2.8915  0.078877  0  0  0.189283  0  0.00154064
2.073e+13  0  691  9.58856  0  0  -7.10657  0  2.89196  0.0792472  0  0  0.188497  0  0.00154422
2.0739e+13  0  691.3  9.60047  0  0  -7.07836  0  2.89243  0.07962  0  0  0.187715  0  0.0015478
2.0748e+13  0  691.6  9.61244  0  0  -7.05028  0  2.89289  0.0799953  0  0  0.186938  0  0.0015514
2.0757e+13  0  691.9  9.62446  0  0  -7.0223  0  2.89336  0.0803733  0  0  0.186166  0  0.00155501
2.0766e+13  0  692.2  9.63654  0  0  -6.99445  0  2.89382  0.080754  0  0  0.185398  0  0.00155863
2.0775e+13  0  692.5  9.64867  0  0  -6.9667  0  2.89429  0.0811373  0  0  0.184636  0  0.00156226
2.0784e+13  0  692.8  9.66087  0  0  -6.93908  0  2.89476  0.0815234  0  0  0.183878  0  0.00156591
2.0793e+13  0  693.1  9.67312  0  0  -6.91156  0  2.89523  0.0819122  0  0  0.183124  0  0.00156956
2.0802e+13  0  693.4  9.68543  0  0  -6.88416  0  2.8957  0.0823037  0  0  0.182375  0  0.00157323
2.0811e+13  0  693.7  9.6978  0  0  -6.85687  0  2.89618  0.0826981  0  0  0.181631  0  0.00157692
2.082e+13  0  694  9.71022  0  0  -6.82969  0  2.89665  0.0830953  0  0  0.180891  0  0.00158061
2.0829e+13  0  694.3  9.72271  0  0  -6.80262  0  2.89712  0.0834953  0  0  0.180155  0  0.00158432
2.0838e+13  0  694.6  9.73526  0  0  -6.77566  0  2.8976  0.0838982  0  0  0.179424  0  0.00158804
2.0847e+13  0  694.9  9.74787  0  0  -6.74881  0  2.89808  0.0843039  0  0  0.178698  0  0.00159177
2.0856e+13  0  695.2  9.76054  0  0  -6.72207  0  2.89855  0.0847127  0  0  0.177975  0  0.00159552
2.0865e+13  0  695.5  9.77327  0  0  -6.69544  0  2.89903  0.0851243  0  0  0.177257  0  0.00159928
2.0874e+13  0  695.8  9.78606  0  0  -6.66891  0  2.89951  0.085539  0  0  0.176544  0  0.00160305
2.0883e+13  0  696.1  9.79892  0  0  -6.6425  0  2.9  0.0859567  0  0  0.175834  0  0.00160683
2.0892e+13  0  696.4  9.81184  0  0  -6.61618  0  2.90048  0.0863774  0  0  0.175129  0  0.00161063
2.0901e+13  0  696.7  9.82482  0  0  -6.58997  0  2.90096  0.0868011  0  0  0.174428  0  0.00161444
2.091e+13  0  697  9.83786  0  0  -6.56387  0  2.90145  0.087228  0  0  0.173731  0  0.00161826
2.0919e+13  0  697.3  9.85097  0  0  -6.53787  0  2.90193  0.087658  0  0  0.173038  0  0.0016221
2.0928e+13  0  697.6  9.86415  0  0  -6.51198  0  2.90242  0.0880912  0  0  0.17235  0  0.00162595
2.0937e+13  0  697.9  9.87739  0  0  -6.48619  0  2.90291  0.0885276  0  0  0.171665  0  0.00162981
2.0946e+13  0  698.2  9.89069  0  0  -6.4605  0  2.9034  0.0889672  0  0  0.170985  0  0.00163369
2.0955e+13  0  698.5  9.90406  0  0  -6.43491  0  2.90389  0.08941  0  0  0.170308  0  0.00163758
2.0964e+13  0  698.8  9.9175  0  0  -6.40942  0  2.90438  0.0898562  0  0  0.169635  0  0.00164148
2.0973e+13  0  699.1  9.931  0  0  -6.38404  0  2.90487  0.0903056  0  0  0.168967  0  0.0016454
2.0982e+13  0  699.4  9.94458  0  0  -6.35875  0  2.90537  0.0907585  0  0  0.168302  0  0.00164933
2.0991e+13  0  699.7  9.95822  0  0  -6.33356  0  2.90586  0.0912147  0  0  0.167641  0  0.00165327
2.1e+13  0  700  9.97193  0  0  -6.30847  0  2.90636  0.0916743  0  0  0.166984  0  0.00165723
2.1009e+13  0  700.3  9.9857  0  0  -6.28348  0  2.90686  0.0921374  0  0  0.166331  0  0.0016612
2.1018e+13  0  700.6  9.99955  0  0  -6.25859  0  2.90736  0.092604  0  0  0.165681  0  0.00166519
2.1027e+13  0  700.9  10.0135  0  0  -6.2338  0  2.90786  0.0930741  0  0  0.165035  0  0.00166919
2.1036e+13  0  701.2  10.0275  0  0  -6.2091  0  2.90836  0.0935478  0  0  0.164393  0  0.0016732
2.1045e+13  0  701.5  10.0415  0  0  -6.18449  0  2.90886  0.094025  0  0  0.163755  0  0.00167723
2.1054e+13  0  701.8  10.0557  0  0  -6.15999  0  2.90936  0.0945059  0  0  0.16312  0  0.00168127
2.1063e+13  0  702.1  10.0699  0  0  -6.13557  0  2.90987  0.0949905  0  0  0.162489  0  0.00168532
2.1072e+13  0  702.4  10.0841  0  0  -6.11126  0  2.91038  0.0954788  0  0  0.161862  0  0.00168939
2.1081e+13  0  702.7  10.0985  0  0  -6.08703  0  2.91088  0.0959708  0  0  0.161238  0  0.00169348
2.109e+13  0  703  10.1129  0  0  -6.0629  0  2.91139  0.0964667  0  0  0.160618  0  0.00169758
2.1099e+13  0  703.3  10.1274  0  0  -6.03886  0  2.9119  0.0969663  0  0  0.160001  0  0.00170169
2.1108e+13  0  703.6  10.142  0  0  -6.01491  0  2.91241  0.0974698  0  0  0.159388  0  0.00170581
2.1117e+13  0  703.9  10.1566  0  0  -5.99106  0  2.91292  0.0979772  0  0  0.158778  0  0.00170996
2.1126e+13  0  704.2  10.1714  0  0  -5.9673  0  2.91344  0.0984886  0  0  0.158172  0  0.00171411
2.1135e+13  0  704.5  10.1862  0  0  -5.94362  0  2.91395  0.099004  0  0  0.157569  0  0.00171828
2.1144e+13  0  704.8  10.201  0  0  -5.92004  0  2.91447  0.0995233  0  0  0.156969  0  0.00172247
2.1153e+13  0  705.1  10.216  0  0  -5.89655  0  2.91499  0.100047  0  0  0.156373  0  0.00172667
2.1162e+13  0  705.4  10.231  0  0  -5.87314  0  2.91551  0.100574  0  0  0.15578  0  0.00173089
2.1171e+13  0  705.7  10.2462  0  0  -5.84983  0  2.91603  0.101106  0  0  0.155191  0  0.00173512
2.118e+13  0  706  10.2613  0  0  -5.8266  0  2.91655  0.101642  0  0  0.154605  0  0.00173936
2.1189e+13  0  706.3  10.2766  0  0  -5.80346  0  2.91707  0.102182  0  0  0.154022  0  0.00174362
2.1198e+13  0  706.6  10.292  0  0  -5.78041  0  2.91759  0.102727  0  0  0.153442  0  0.0017479
2.1207e+13  0  706.9  10.3074  0  0  -5.75744  0  2.91812  0.103275  0  0  0.152866  0  0.00175219
2.1216e+13  0  707.2  10.3229  0  0  -5.73456  0  2.91864  0.103829  0  0  0.152293  0  0.0017565
2.1225e+13  0  707.5  10.3386  0  0  -5.71177  0  2.91917  0.104386  0  0  0.151723  0  0.00176082
2.1234e+13  0  707.8  10.3542  0  0  -5.68906  0  2.9197  0.104948  0  0  0.151156  0  0.00176516
2.1243e+13  0  708.1  10.37  0  0  -5.66644  0  2.92023  0.105515  0  0  0.150592  0  0.00176951
2.1252e+13  0  708.4  10.3859  0  0  -5.6439  0  2.92076  0.106086  0  0  0.150031  0  0.00177388
2.1261e+13  0  708.7  10.4018  0  0  -5.62144  0  2.92129  0.106662  0  0  0.149474  0  0.00177826
2.127e+13  0  709  10.4179  0  0  -5.59907  0  2.92183  0.107242  0  0  0.148919  0  0.00178266
2.1279e+13  0  709.3  10.434  0  0  -5.57678  0  2.92236  0.107827  0  0  0.148368  0  0.00178708
2.1288e+13  0  709.6  10.4502  0  0  -5.55457  0  2.9229  0.108417  0  0  0.147819  0  0.00179151
2.1297e+13  0  709.9  10.4665  0  0  -5.53244  0  2.92344  0.109012  0  0  0.147274  0  0.00179596
2.1306e+13  0  710.2  10.4829  0  0  -5.5104  0  2.92398  0.109612  0  0  0.146732  0  0.00180042
2.1315e+13  0  710.5  10.4993  0  0  -5.48844  0  2.92452  0.110216  0  0  0.146192  0  0.0018049
2.1324e+13  0  710.8  10.5159  0  0  -5.46656  0  2.92506  0.110826  0  0  0.145655  0  0.0018094
2.1333e+13  0  711.1  10.5326  0  0  -5.44475  0  2.9256  0.11144  0  0  0.145122  0  0.00181391
2.1342e+13  0  711.4  10.5493  0  0  -5.42303  0  2.92615  0.11206  0  0  0.144591  0  0.00181844
2.1351e+13  0  711.7  10.5662  0  0  -5.40139  0  2.9267  0.112685  0  0  0.144063  0  0.00182299
2.136e+13  0  712  10.5831  0  0  -5.37983  0  2.92724  0.113315  0  0  0.143538  0  0.00182755
2.1369e+13  0  712.3  10.6001  0  0  -5.35834  0  2.92779  0.11395  0  0  0.143016  0  0.00183213
2.1378e+13  0  712.6  10.6173  0  0  -5.33693  0  2.92834  0.114591  0  0  0.142496  0  0.00183673
2.1387e+13  0  712.9  10.6345  0  0  -5.3156  0  2.92889  0.115237  0  0  0.14198  0  0.00184134
2.1396e+13  0  713.2  10.6518  0  0  -5.29435  0  2.92945  0.115889  0  0  0.141466  0  0.00184597
2.1405e+13  0  713.5  10.6692  0  0  -5.27318  0  2.93  0.116546  0  0  0.140955  0  0.00185062
2.1414e+13  0  713.8  10.6867  0  0  -5.25208  0  2.93056  0.117208  0  0  0.140446  0  0.00185528
2.1423e+13  0  714.1  10.7044  0  0  -5.23105  0  2.93112  0.117876  0  0  0.13994  0  0.00185996
2.1432e+13  0  714.4  10.7221  0  0  -5.21011  0  2.93167  0.11855  0  0  0.139437  0  0.00186466
2.1441e+13  0  714.7  10.7399  0  0  -5.18923  0  2.93223  0.11923  0  0  0.138937  0  0.00186937
2.145e+13  0  715  10.7578  0  0  -5.16844  0  2.9328  0.119916  0  0  0.138439  0  0.00187411
2.1459e+13  0  715.3  10.7759  0  0  -5.14771  0  2.93336  0.120607  0  0  0.137944  0  0.00187886
2.1468e+13  0  715.6  10.794  0  0  -5.12707  0  2.93392  0.121304  0  0  0.137452  0  0.00188362
2.1477e+13  0  715.9  10.8122  0  0  -5.10649  0  2.93449  0.122008  0  0  0.136962  0  0.00188841
2.1486e+13  0  716.2  10.8306  0  0  -5.08599  0  2.93506  0.122717  0  0  0.136475  0  0.00189321
2.1495e+13  0  716.5  10.849  0  0  -5.06556  0  2.93562  0.123433  0  0  0.13599  0  0.00189804
2.1504e+13  0  716.8  10.8676  0  0  -5.0452  0  2.93619  0.124155  0  0  0.135508  0  0.00190287
2.1513e+13  0  717.1  10.8862  0  0  -5.02492  0  2.93677  0.124883  0  0  0.135028  0  0.00190773
2.1522e+13  0  717.4  10.905  0  0  -5.0047  0  2.93734  0.125618  0  0  0.134551  0  0.00191261
2.1531e+13  0  717.7  10.9239  0  0  -4.98456  0  2.93791  0.126359  0  0  0.134077  0  0.0019175
2.154e+13  0  718  10.9429  0  0  -4.96449  0  2.93849  0.127106  0  0  0.133604  0  0.00192241
2.1549e+13  0  718.3  10.962  0  0  -4.94449  0  2.93907  0.127861  0  0  0.133135  0  0.00192734
2.1558e+13  0  718.6  10.9812  0  0  -4.92456  0  2.93965  0.128622  0  0  0.132667  0  0.00193229
2.1567e+13  0  718.9  11.0005  0  0  -4.9047  0  2.94023  0.129389  0  0  0.132203  0  0.00193726
2.1576e+13  0  719.2  11.02  0  0  -4.88491  0  2.94081  0.130164  0  0  0.13174  0  0.00194224
2.1585e+13  0  719.5  11.0396  0  0  -4.86519  0  2.94139  0.130946  0  0  0.13128  0  0.00194725
2.1594e+13  0  719.8  11.0592  0  0  -4.84554  0  2.94198  0.131734  0  0  0.130822  0  0.00195227
2.1603e+13  0  720.1  11.0791  0  0  -4.82596  0  2.94256  0.13253  0  0  0.130367  0  0.00195731
2.1612e+13  0  720.4  11.099  0  0  -4.80644  0  2.94315  0.133333  0  0  0.129914  0  0.00196238
2.1621e+13  0  720.7  11.119  0  0  -4.78699  0  2.94374  0.134143  0  0  0.129463  0  0.00196746
2.163e+13  0  721  11.1392  0  0  -4.76761  0  2.94433  0.13496  0  0  0.129015  0  0.00197256
2.1639e+13  0  721.3  11.1595  0  0  -4.7483  0  2.94492  0.135785  0  0  0.128569  0  0.00197768
2.1648e+13  0  721.6  11.1799  0  0  -4.72905  0  2.94552  0.136618  0  0  0.128125  0  0.00198281
2.1657e+13  0  721.9  11.2004  0  0  -4.70987  0  2.94611  0.137458  0  0  0.127684  0  0.00198797
2.1666e+13  0  722.2  11.2211  0  0  -4.69075  0  2.94671  0.138306  0  0  0.127244  0  0.00199315
2.1675e+13  0  722.5  11.2419  0  0  -4.67171  0  2.94731  0.139162  0  0  0.126807  0  0.00199835
2.1684e+13  0  722.8  11.2628  0  0  -4.65272  0  2.94791  0.140025  0  0  0.126372  0  0.00200357
2.1693e+13  0  723.1  11.2839  0  0  -4.6338  0  2.94851  0.140897  0  0  0.12594  0  0.0020088
2.1702e+13  0  723.4  11.305  0  0  -4.61495  0  2.94911  0.141777  0  0  0.125509  0  0.00201406
2.1711e+13  0  723.7  11.3264  0  0  -4.59616  0  2.94972  0.142665  0  0  0.125081  0  0.00201934
2.172e+13  0  724  11.3478  0  0  -4.57744  0  2.95033  0.143561  0  0  0.124655  0  0.00202464
2.1729e+13  0  724.3  11.3694  0  0  -4.55877  0  2.95093  0.144466  0  0  0.124231  0  0.00202995
2.1738e+13  0  724.6  11.3911  0  0  -4.54018  0  2.95154  0.145379  0  0  0.123809  0  0.00203529
2.1747e+13  0  724.9  11.413  0  0  -4.52164  0  2.95216  0.146301  0  0  0.123389  0  0.00204065
2.1756e+13  0  725.2  11.435  0  0  -4.50317  0  2.95277  0.147232  0  0  0.122971  0  0.00204603
2.1765e+13  0  725.5  11.4571  0  0  -4.48476  0  2.95338  0.148172  0  0  0.122556  0  0.00205143
2.1774e+13  0  725.8  11.4794  0  0  -4.46641  0  2.954  0.149121  0  0  0.122142  0  0.00205685
2.1783e+13  0  726.1  11.5018  0  0  -4.44812  0  2.95462  0.150078  0  0  0.121731  0  0.0020623
2.1792e+13  0  726.4  11.5243  0  0  -4.4299  0  2.95524  0.151045  0  0  0.121322  0  0.00206776
2.1801e+13  0  726.7  11.5471  0  0  -4.41174  0  2.95586  0.152022  0  0  0.120914  0  0.00207325
2.181e+13  0  727  11.5699  0  0  -4.39363  0  2.95648  0.153007  0  0  0.120509  0  0.00207875
2.1819e+13  0  727.3  11.5929  0  0  -4.37559  0  2.95711  0.154003  0  0  0.120106  0  0.00208428
2.1828e+13  0  727.6  11.6161  0  0  -4.35761  0  2.95773  0.155008  0  0  0.119704  0  0.00208983
2.1837e+13  0  727.9  11.6394  0  0  -4.33969  0  2.95836  0.156022  0  0  0.119305  0  0.0020954
2.1846e+13  0  728.2  11.6628  0  0  -4.32183  0  2.95899  0.157047  0  0  0.118907  0  0.00210099
2.1855e+13  0  728.5  11.6864  0  0  -4.30403  0  2.95962  0.158082  0  0  0.118512  0  0.00210661
2.1864e+13  0  728.8  11.7102  0  0  -4.28628  0  2.96025  0.159127  0  0  0.118118  0  0.00211224
2.1873e+13  0  729.1  11.7341  0  0  -4.2686  0  2.96089  0.160183  0  0  0.117727  0  0.0021179
2.1882e+13  0  729.4  11.7582  0  0  -4.25097  0  2.96152  0.161249  0  0  0.117337  0  0.00212358
2.1891e+13  0  729.7  11.7825  0  0  -4.23341  0  2.96216  0.162325  0  0  0.116949  0  0.00212929
2.19e+13  0  730  11.8069  0  0  -4.2159  0  2.9628  0.163413  0  0  0.116564  0  0.00213501
2.1909e+13  0  730.3  11.8314  0  0  -4.19845  0  2.96344  0.164511  0  0  0.11618  0  0.00214076
2.1918e+13  0  730.6  11.8562  0  0  -4.18105  0  2.96408  0.16562  0  0  0.115797  0  0.00214653
2.1927e+13  0  730.9  11.8811  0  0  -4.16371  0  2.96473  0.166741  0  0  0.115417  0  0.00215232
2.1936e+13  0  731.2  11.9062  0  0  -4.14643  0  2.96538  0.167873  0  0  0.115039  0  0.00215814
2.1945e+13  0  731.5  11.9314  0  0  -4.12921  0  2.96602  0.169016  0  0  0.114662  0  0.00216398
2.1954e+13  0  731.8  11.9568  0  0  -4.11204  0  2.96667  0.170171  0  0  0.114287  0  0.00216984
2.1963e+13  0  732.1  11.9824  0  0  -4.09493  0  2.96733  0.171338  0  0  0.113914  0  0.00217573
2.1972e+13  0  732.4  12.0082  0  0  -4.07788  0  2.96798  0.172517  0  0  0.113543  0  0.00218164
2.1981e+13  0  732.7  12.0341  0  0  -4.06088  0  2.96864  0.173709  0  0  0.113174  0  0.00218757
2.199e+13  0  733  12.0602  0  0  -4.04393  0  2.96929  0.174912  0  0  0.112806  0  0.00219353
2.1999e+13  0  733.3  12.0865  0  0  -4.02704  0  2.96995  0.176128  0  0  0.11244  0  0.00219951
2.2008e+13  0  733.6  12.113  0  0  -4.01021  0  2.97061  0.177357  0  0  0.112076  0  0.00220551
2.2017e+13  0  733.9  12.1397  0  0  -3.99343  0  2.97127  0.178598  0  0  0.111714  0  0.00221154
2.2026e+13  0  734.2  12.1665  0  0  -3.9767  0  2.97194  0.179853  0  0  0.111353  0  0.0022176
2.2035e+13  0  734.5  12.1936  0  0  -3.96003  0  2.97261  0.18112  0  0  0.110994  0  0.00222367
2.2044e+13  0  734.8  12.2208  0  0  -3.94341  0  2.97327  0.182402  0  0  0.110637  0  0.00222977
2.2053e+13  0  735.1  12.2482  0  0  -3.92685  0  2.97394  0.183696  0  0  0.110281  0  0.0022359
2.2062e+13  0  735.4  12.2758  0  0  -3.91034  0  2.97461  0.185005  0  0  0.109927  0  0.00224205
2.2071e+13  0  735.7  12.3037  0  0  -3.89388  0  2.97529  0.186327  0  0  0.109575  0  0.00224823
2.208e+13  0  736  12.3317  0  0  -3.87747  0  2.97596  0.187664  0  0  0.109225  0  0.00225443
2.2089e+13  0  736.3  12.3599  0  0  -3.86112  0  2.97664  0.189015  0  0  0.108876  0  0.00226065
2.2098e+13  0  736.6  12.3883  0  0  -3.84481  0  2.97732  0.190381  0  0  0.108528  0  0.00226691
2.2107e+13  0  736.9  12.4169  0  0  -3.82856  0  2.978  0.191761  0  0  0.108183  0  0.00227318
2.2116e+13  0  737.2  12.4458  0  0  -3.81237  0  2.97868  0.193157  0  0  0.107839  0  0.00227948
2.2125e+13  0  737.5  12.4748  0  0  -3.79622  0  2.97937  0.194568  0  0  0.107496  0  0.00228581
2.2134e+13  0  737.8  12.5041  0  0  -3.78012  0  2.98006  0.195994  0  0  0.107156  0  0.00229217
2.2143e+13  0  738.1  12.5336  0  0  -3.76408  0  2.98074  0.197436  0  0  0.106816  0  0.00229855
2.2152e+13  0  738.4  12.5632  0  0  -3.74809  0  2.98143  0.198894  0  0  0.106479  0  0.00230495
2.2161e+13  0  738.7  12.5932  0  0  -3.73214  0  2.98213  0.200368  0  0  0.106143  0  0.00231138
2.217e+13  0  739  12.6233  0  0  -3.71625  0  2.98282  0.201858  0  0  0.105808  0  0.00231784
2.2179e+13  0  739.3  12.6536  0  0  -3.70041  0  2.98352  0.203365  0  0  0.105475  0  0.00232433
2.2188e+13  0  739.6  12.6842  0  0  -3.68462  0  2.98422  0.204889  0  0  0.105144  0  0.00233084
2.2197e+13  0  739.9  12.715  0  0  -3.66887  0  2.98492  0.20643  0  0  0.104814  0  0.00233738
2.2206e+13  0  740.2  12.7461  0  0  -3.65318  0  2.98562  0.207988  0  0  0.104486  0  0.00234394
2.2215e+13  0  740.5  12.7773  0  0  -3.63753  0  2.98632  0.209564  0  0  0.104159  0  0.00235053
2.2224e+13  0  740.8  12.8089  0  0  -3.62194  0  2.98703  0.211158  0  0  0.103834  0  0.00235715
2.2233e+13  0  741.1  12.8406  0  0  -3.60639  0  2.98774  0.212771  0  0  0.10351  0  0.0023638
2.2242e+13  0  741.4  12.8726  0  0  -3.59089  0  2.98845  0.214401  0  0  0.103188  0  0.00237048
2.2251e+13  0  741.7  12.9049  0  0  -3.57544  0  2.98916  0.216051  0  0  0.102867  0  0.00237718
2.226e+13  0  742  12.9373  0  0  -3.56004  0  2.98987  0.217719  0  0  0.102547  0  0.00238391
2.2269e+13  0  742.3  12.9701  0  0  -3.54468  0  2.99059  0.219407  0  0  0.10223  0  0.00239067
2.2278e+13  0  742.6  13.0031  0  0  -3.52937  0  2.99131  0.221114  0  0  0.101913  0  0.00239745
2.2287e+13  0  742.9  13.0363  0  0  -3.51411  0  2.99203  0.222842  0  0  0.101598  0  0.00240427
2.2296e+13  0  743.2  13.0698  0  0  -3.4989  0  2.99275  0.22459  0  0  0.101285  0  0.00241111
2.2305e+13  0  743.5  13.1036  0  0  -3.48373  0  2.99347  0.226358  0  0  0.100972  0  0.00241798
2.2314e+13  0  743.8  13.1377  0  0  -3.46862  0  2.9942  0.228147  0  0  0.100662  0  0.00242488
2.2323e+13  0  744.1  13.172  0  0  -3.45354  0  2.99493  0.229957  0  0  0.100352  0  0.00243181
2.2332e+13  0  744.4  13.2065  0  0  -3.43852  0  2.99566  0.231789  0  0  0.100044  0  0.00243877
2.2341e+13  0  744.7  13.2414  0  0  -3.42354  0  2.99639  0.233643  0  0  0.0997378  0  0.00244576
2.235e+13  0  745  13.2765  0  0  -3.4086  0  2.99713  0.235519  0  0  0.0994327  0  0.00245278
2.2359e+13  0  745.3  13.312  0  0  -3.39371  0  2.99786  0.237418  0  0  0.0991289  0  0.00245983
2.2368e+13  0  745.6  13.3477  0  0  -3.37887  0  2.9986  0.23934  0  0  0.0988265  0  0.0024669
2.2377e+13  0  745.9  13.3837  0  0  -3.36407  0  2.99934  0.241285  0  0  0.0985254  0  0.00247401
2.2386e+13  0  746.2  13.4199  0  0  -3.34932  0  3.00009  0.243254  0  0  0.0982257  0  0.00248115
2.2395e+13  0  746.5  13.4565  0  0  -3.33461  0  3.00083  0.245247  0  0  0.0979273  0  0.00248832
2.2404e+13  0  746.8  13.4934  0  0  -3.31994  0  3.00158  0.247265  0  0  0.0976303  0  0.00249552
2.2413e+13  0  747.1  13.5306  0  0  -3.30532  0  3.00233  0.249307  0  0  0.0973346  0  0.00250274
2.2422e+13  0  747.4  13.5681  0  0  -3.29075  0  3.00308  0.251375  0  0  0.0970402  0  0.00251
2.2431e+13  0  747.7  13.6059  0  0  -3.27622  0  3.00384  0.253469  0  0  0.0967471  0  0.00251729
2.244e+13  0  748  13.644  0  0  -3.26173  0  3.00459  0.255588  0  0  0.0964553  0  0.00252462
2.2449e+13  0  748.3  13.6825  0  0  -3.24729  0  3.00535  0.257735  0  0  0.0961648  0  0.00253197
2.2458e+13  0  748.6  13.7212  0  0  -3.23289  0  3.00611  0.259908  0  0  0.0958756  0  0.00253936
2.2467e+13  0  748.9  13.7603  0  0  -3.21853  0  3.00687  0.262109  0  0  0.0955877  0  0.00254677
2.2476e+13  0  749.2  13.7997  0  0  -3.20422  0  3.00764  0.264338  0  0  0.0953011  0  0.00255422
2.2485e+13  0  749.5  13.8395  0  0  -3.18995  0  3.00841  0.266596  0  0  0.0950157  0  0.0025617
2.2494e+13  0  749.8  13.8796  0  0  -3.17572  0  3.00918  0.268883  0  0  0.0947316  0  0.00256921
2.2503e+13  0  750.1  13.92  0  0  -3.16153  0  3.00995  0.271199  0  0  0.0944487  0  0.00257676
2.2512e+13  0  750.4  13.9608  0  0  -3.14739  0  3.01072  0.273544  0  0  0.0941671  0  0.00258434
2.2521e+13  0  750.7  14.002  0  0  -3.13329  0  3.0115  0.275921  0  0  0.0938867  0  0.00259195
2.253e+13  0  751  14.0434  0  0  -3.11923  0  3.01228  0.278328  0  0  0.0936075  0  0.00259959
2.2539e+13  0  751.3  14.0853  0  0  -3.10521  0  3.01306  0.280767  0  0  0.0933296  0  0.00260727
2.2548e+13  0  751.6  14.1275  0  0  -3.09123  0  3.01384  0.283239  0  0  0.0930528  0  0.00261498
2.2557e+13  0  751.9  14.1701  0  0  -3.0773  0  3.01463  0.285743  0  0  0.0927773  0  0.00262273
2.2566e+13  0  752.2  14.2131  0  0  -3.06341  0  3.01541  0.28828  0  0  0.092503  0  0.0026305
2.2575e+13  0  752.5  14.2565  0  0  -3.04955  0  3.0162  0.290851  0  0  0.0922298  0  0.00263832
2.2584e+13  0  752.8  14.3002  0  0  -3.03574  0  3.017  0.293456  0  0  0.0919579  0  0.00264616
2.2593e+13  0  753.1  14.3444  0  0  -3.02197  0  3.01779  0.296097  0  0  0.0916871  0  0.00265404
2.2602e+13  0  753.4  14.3889  0  0  -3.00824  0  3.01859  0.298773  0  0  0.0914175  0  0.00266196
2.2611e+13  0  753.7  14.4338  0  0  -2.99455  0  3.01939  0.301486  0  0  0.0911491  0  0.00266991
2.262e+13  0  754  14.4792  0  0  -2.9809  0  3.02019  0.304235  0  0  0.0908818  0  0.00267789
2.2629e+13  0  754.3  14.5249  0  0  -2.96729  0  3.021  0.307023  0  0  0.0906157  0  0.00268592
2.2638e+13  0  754.6  14.5711  0  0  -2.95372  0  3.0218  0.309849  0  0  0.0903507  0  0.00269397
2.2647e+13  0  754.9  14.6177  0  0  -2.94019  0  3.02261  0.312713  0  0  0.0900869  0  0.00270206
2.2656e+13  0  755.2  14.6647  0  0  -2.9267  0  3.02342  0.315618  0  0  0.0898242  0  0.00271019
2.2665e+13  0  755.5  14.7122  0  0  -2.91325  0  3.02424  0.318563  0  0  0.0895626  0  0.00271835
2.2674e+13  0  755.8  14.7601  0  0  -2.89984  0  3.02506  0.32155  0  0  0.0893022  0  0.00272655
2.2683e+13  0  756.1  14.8085  0  0  -2.88646  0  3.02587  0.324579  0  0  0.0890428  0  0.00273479
2.2692e+13  0  756.4  14.8573  0  0  -2.87313  0  3.0267  0.32765  0  0  0.0887846  0  0.00274306
2.2701e+13  0  756.7  14.9066  0  0  -2.85983  0  3.02752  0.330766  0  0  0.0885275  0  0.00275137
2.271e+13  0  757  14.9564  0  0  -2.84658  0  3.02835  0.333926  0  0  0.0882714  0  0.00275972
2.2719e+13  0  757.3  15.0066  0  0  -2.83336  0  3.02918  0.337131  0  0  0.0880165  0  0.00276811
2.2728e+13  0  757.6  15.0573  0  0  -2.82018  0  3.03001  0.340382  0  0  0.0877626  0  0.00277653
2.2737e+13  0  757.9  15.1085  0  0  -2.80703  0  3.03084  0.343681  0  0  0.0875098  0  0.00278499
2.2746e+13  0  758.2  15.1602  0  0  -2.79393  0  3.03168  0.347028  0  0  0.0872581  0  0.00279349
2.2755e+13  0  758.5  15.2124  0  0  -2.78086  0  3.03252  0.350424  0  0  0.0870074  0  0.00280202
2.2764e+13  0  758.8  15.2651  0  0  -2.76783  0  3.03336  0.35387  0  0  0.0867578  0  0.0028106
2.2773e+13  0  759.1  15.3183  0  0  -2.75484  0  3.0342  0.357367  0  0  0.0865093  0  0.00281921
2.2782e+13  0  759.4  15.3721  0  0  -2.74188  0  3.03505  0.360915  0  0  0.0862618  0  0.00282786
2.2791e+13  0  759.7  15.4264  0  0  -2.72896  0  3.0359  0.364517  0  0  0.0860153  0  0.00283656
2.28e+13  0  760  15.4812  0  0  -2.71608  0  3.03675  0.368173  0  0  0.0857699  0  0.00284529
2.2809e+13  0  760.3  15.5366  0  0  -2.70324  0  3.03761  0.371884  0  0  0.0855255  0  0.00285406
2.2818e+13  0  760.6  15.5925  0  0  -2.69043  0  3.03847  0.375652  0  0  0.0852821  0  0.00286287
2.2827e+13  0  760.9  15.649  0  0  -2.67766  0  3.03933  0.379476  0  0  0.0850398  0  0.00287172
2.2836e+13  0  761.2  15.7061  0  0  -2.66492  0  3.04019  0.38336  0  0  0.0847984  0  0.00288061
2.2845e+13  0  761.5  15.7638  0  0  -2.65222  0  3.04105  0.387303  0  0  0.0845581  0  0.00288955
2.2854e+13  0  761.8  15.822  0  0  -2.63956  0  3.04192  0.391307  0  0  0.0843187  0  0.00289852
2.2863e+13  0  762.1  15.8809  0  0  -2.62693  0  3.04279  0.395374  0  0  0.0840804  0  0.00290753
2.2872e+13  0  762.4  15.9403  0  0  -2.61434  0  3.04367  0.399504  0  0  0.083843  0  0.00291659
2.2881e+13  0  762.7  16.0004  0  0  -2.60178  0  3.04454  0.403699  0  0  0.0836067  0  0.00292569
2.289e+13  0  763  16.0612  0  0  -2.58926  0  3.04542  0.40796  0  0  0.0833713  0  0.00293483
2.2899e+13  0  763.3  16.1225  0  0  -2.57677  0  3.0463  0.412289  0  0  0.0831369  0  0.00294401
2.2908e+13  0  763.6  16.1845  0  0  -2.56432  0  3.04719  0.416688  0  0  0.0829034  0  0.00295323
2.2917e+13  0  763.9  16.2472  0  0  -2.55191  0  3.04808  0.421157  0  0  0.0826709  0  0.0029625
2.2926e+13  0  764.2  16.3106  0  0  -2.53953  0  3.04897  0.425698  0  0  0.0824394  0  0.00297181
2.2935e+13  0  764.5  16.3746  0  0  -2.52718  0  3.04986  0.430312  0  0  0.0822088  0  0.00298117
2.2944e+13  0  764.8  16.4393  0  0  -2.51487  0  3.05075  0.435002  0  0  0.0819792  0  0.00299056
2.2953e+13  0  765.1  16.5048  0  0  -2.50259  0  3.05165  0.439769  0  0  0.0817505  0  0.003
2.2962e+13  0  765.4  16.5709  0  0  -2.49035  0  3.05255  0.444615  0  0  0.0815228  0  0.00300949
2.2971e+13  0  765.7  16.6378  0  0  -2.47814  0  3.05346  0.449541  0  0  0.0812959  0  0.00301902
2.298e+13  0  766  16.7054  0  0  -2.46596  0  3.05437  0.454549  0  0  0.0810701  0  0.00302859
2.2989e+13  0  766.3  16.7738  0  0  -2.45382  0  3.05528  0.459641  0  0  0.0808451  0  0.00303821
2.2998e+13  0  766.6  16.8429  0  0  -2.44171  0  3.05619  0.46482  0  0  0.080621  0  0.00304787
2.3007e+13  0  766.9  16.9129  0  0  -2.42964  0  3.0571  0.470086  0  0  0.0803979  0  0.00305758
2.3016e+13  0  767.2  16.9836  0  0  -2.4176  0  3.05802  0.475441  0  0  0.0801757  0  0.00306734
2.3025e+13  0  767.5  17.0551  0  0  -2.40559  0  3.05894  0.480889  0  0  0.0799543  0  0.00307714
2.3034e+13  0  767.8  17.1274  0  0  -2.39361  0  3.05987  0.486431  0  0  0.0797339  0  0.00308699
2.3043e+13  0  768.1  17.2006  0  0  -2.38167  0  3.0608  0.492069  0  0  0.0795143  0  0.00309688
2.3052e+13  0  768.4  17.2746  0  0  -2.36976  0  3.06173  0.497805  0  0  0.0792957  0  0.00310682
2.3061e+13  0  768.7  17.3495  0  0  -2.35789  0  3.06266  0.503642  0  0  0.0790779  0  0.00311681
2.307e+13  0  769  17.4252  0  0  -2.34604  0  3.0636  0.509583  0  0  0.078861  0  0.00312685
2.3079e+13  0  769.3  17.5019  0  0  -2.33423  0  3.06454  0.515628  0  0  0.078645  0  0.00313693
2.3088e+13  0  769.6  17.5795  0  0  -2.32246  0  3.06548  0.521782  0  0  0.0784298  0  0.00314706
2.3097e+13  0  769.9  17.6579  0  0  -2.31071  0  3.06642  0.528046  0  0  0.0782155  0  0.00315724
2.3106e+13  0  770.2  17.7374  0  0  -2.29899  0  3.06737  0.534424  0  0  0.0780021  0  0.00316747
2.3115e+13  0  770.5  17.8178  0  0  -2.28731  0  3.06832  0.540918  0  0  0.0777895  0  0.00317775
2.3124e+13  0  770.8  17.8991  0  0  -2.27566  0  3.06928  0.547531  0  0  0.0775778  0  0.00318808
2.3133e+13  0  771.1  17.9815  0  0  -2.26404  0  3.07024  0.554265  0  0  0.0773669  0  0.00319845
2.3142e+13  0  771.4  18.0649  0  0  -2.25245  0  3.0712  0.561125  0  0  0.0771569  0  0.00320888
2.3151e+13  0  771.7  18.1493  0  0  -2.2409  0  3.07216  0.568112  0  0  0.0769477  0  0.00321936
2.316e+13  0  772  18.2347  0  0  -2.22937  0  3.07313  0.57523  0  0  0.0767393  0  0.00322989
2.3169e+13  0  772.3  18.3212  0  0  -2.21788  0  3.0741  0.582483  0  0  0.0765318  0  0.00324047
2.3178e+13  0  772.6  18.4088  0  0  -2.20642  0  3.07507  0.589874  0  0  0.076325  0  0.0032511
2.3187e+13  0  772.9  18.4976  0  0  -2.19499  0  3.07605  0.597406  0  0  0.0761191  0  0.00326178
2.3196e+13  0  773.2  18.5874  0  0  -2.18359  0  3.07703  0.605082  0  0  0.0759141  0  0.00327251
2.3205e+13  0  773.5  18.6784  0  0  -2.17222  0  3.07801  0.612908  0  0  0.0757098  0  0.0032833
2.3214e+13  0  773.8  18.7706  0  0  -2.16088  0  3.079  0.620886  0  0  0.0755063  0  0.00329414
2.3223e+13  0  774.1  18.864  0  0  -2.14957  0  3.07999  0.629021  0  0  0.0753037  0  0.00330503
2.3232e+13  0  774.4  18.9586  0  0  -2.13829  0  3.08098  0.637316  0  0  0.0751018  0  0.00331598
2.3241e+13  0  774.7  19.0545  0  0  -2.12704  0  3.08198  0.645777  0  0  0.0749007  0  0.00332698
2.325e+13  0  775  19.1516  0  0  -2.11582  0  3.08298  0.654406  0  0  0.0747004  0  0.00333803
2.3259e+13  0  775.3  19.25  0  0  -2.10463  0  3.08398  0.66321  0  0  0.0745009  0  0.00334914
2.3268e+13  0  775.6  19.3498  0  0  -2.09348  0  3.08499  0.672192  0  0  0.0743022  0  0.0033603
2.3277e+13  0  775.9  19.4509  0  0  -2.08235  0  3.086  0.681358  0  0  0.0741043  0  0.00337152
2.3286e+13  0  776.2  19.5534  0  0  -2.07125  0  3.08701  0.690712  0  0  0.0739071  0  0.00338279
2.3295e+13  0  776.5  19.6573  0  0  -2.06018  0  3.08803  0.700259  0  0  0.0737107  0  0.00339412
2.3304e+13  0  776.8  19.7626  0  0  -2.04914  0  3.08905  0.710006  0  0  0.0735151  0  0.0034055
2.3313e+13  0  777.1  19.8694  0  0  -2.03813  0  3.09007  0.719957  0  0  0.0733202  0  0.00341695
2.3322e+13  0  777.4  19.9776  0  0  -2.02714  0  3.0911  0.730119  0  0  0.0731261  0  0.00342845
2.3331e+13  0  777.7  20.0874  0  0  -2.01619  0  3.09213  0.740497  0  0  0.0729327  0  0.00344
2.334e+13  0  778  20.1988  0  0  -2.00527  0  3.09316  0.751098  0  0  0.0727401  0  0.00345162
2.3349e+13  0  778.3  20.3118  0  0  -1.99437  0  3.0942  0.761927  0  0  0.0725483  0  0.00346329
2.3358e+13  0  778.6  20.4263  0  0  -1.98351  0  3.09524  0.772992  0  0  0.0723571  0  0.00347502
2.3367e+13  0  778.9  20.5426  0  0  -1.97267  0  3.09628  0.784299  0  0  0.0721667  0  0.00348681
2.3376e+13  0  779.2  20.6605  0  0  -1.96186  0  3.09733  0.795856  0  0  0.0719771  0  0.00349866
2.3385e+13  0  779.5  20.7802  0  0  -1.95108  0  3.09838  0.80767  0  0  0.0717882  0  0.00351057
2.3394e+13  0  779.8  20.9017  0  0  -1.94033  0  3.09944  0.819749  0  0  0.0716  0  0.00352253
2.3403e+13  0  780.1  21.0249  0  0  -1.9296  0  3.1005  0.8321  0  0  0.0714125  0  0.00353456
2.3412e+13  0  780.4  21.1501  0  0  -1.91891  0  3.10156  0.844732  0  0  0.0712258  0  0.00354665
2.3421e+13  0  780.7  21.2771  0  0  -1.90824  0  3.10262  0.857654  0  0  0.0710397  0  0.00355881
2.343e+13  0  781  21.406  0  0  -1.8976  0  3.10369  0.870873  0  0  0.0708544  0  0.00357102
2.3439e+13  0  781.3  21.537  0  0  -1.88699  0  3.10477  0.8844  0  0  0.0706698  0  0.0035833
2.3448e+13  0  781.6  21.67  0  0  -1.8764  0  3.10584  0.898245  0  0  0.0704859  0  0.00359563
2.3457e+13  0  781.9  21.805  0  0  -1.86584  0  3.10692  0.912416  0  0  0.0703027  0  0.00360803
2.3466e+13  0  782.2  21.9422  0  0  -1.85531  0  3.10801  0.926925  0  0  0.0701202  0  0.0036205
2.3475e+13  0  782.5  22.0816  0  0  -1.84481  0  3.1091  0.941783  0  0  0.0699384  0  0.00363303
2.3484e+13  0  782.8  22.2231  0  0  -1.83433  0  3.11019  0.957  0  0  0.0697572  0  0.00364562
2.3493e+13  0  783.1  22.367  0  0  -1.82389  0  3.11128  0.972588  0  0  0.0695768  0  0.00365828
2.3502e+13  0  783.4  22.5132  0  0  -1.81346  0  3.11238  0.988559  0  0  0.069397  0  0.003671
2.3511e+13  0  783.7  22.6618  0  0  -1.80307  0  3.11349  1.00493  0  0  0.069218  0  0.00368379
2.352e+13  0  784  22.8129  0  0  -1.7927  0  3.11459  1.0217  0  0  0.0690396  0  0.00369664
2.3529e+13  0  784.3  22.9665  0  0  -1.78236  0  3.1157  1.0389  0  0  0.0688619  0  0.00370957
2.3538e+13  0  784.6  23.1226  0  0  -1.77205  0  3.11682  1.05654  0  0  0.0686848  0  0.00372255
2.3547e+13  0  784.9  23.2814  0  0  -1.76176  0  3.11794  1.07463  0  0  0.0685084  0  0.00373561
2.3556e+13  0  785.2  23.443  0  0  -1.7515  0  3.11906  1.09319  0  0  0.0683327  0  0.00374873
2.3565e+13  0  785.5  23.6073  0  0  -1.74126  0  3.12019  1.11223  0  0  0.0681576  0  0.00376193
2.3574e+13  0  785.8  23.7744  0  0  -1.73105  0  3.12132  1.13177  0  0  0.0679832  0  0.00377519
2.3583e+13  0  786.1  23.9445  0  0  -1.72087  0  3.12245  1.15183  0  0  0.0678095  0  0.00378852
2.3592e+13  0  786.4  24.1176  0  0  -1.71071  0  3.12359  1.17243  0  0  0.0676364  0  0.00380192
2.3601e+13  0  786.7  24.2938  0  0  -1.70058  0  3.12473  1.19358  0  0  0.0674639  0  0.00381539
2.361e+13  0  787  24.4731  0  0  -1.69048  0  3.12588  1.21532  0  0  0.0672921  0  0.00382893
2.3619e+13  0  787.3  24.6557  0  0  -1.6804  0  3.12703  1.23764  0  0  0.067121  0  0.00384255
2.3628e+13  0  787.6  24.8417  0  0  -1.67034  0  3.12818  1.26059  0  0  0.0669504  0  0.00385623
2.3637e+13  0  787.9  25.0311  0  0  -1.66031  0  3.12934  1.28419  0  0  0.0667805  0  0.00386999
2.3646e+13  0  788.2  25.224  0  0  -1.65031  0  3.13051  1.30845  0  0  0.0666113  0  0.00388382
2.3655e+13  0  788.5  25.4205  0  0  -1.64033  0  3.13167  1.3334  0  0  0.0664426  0  0.00389772
2.3664e+13  0  788.8  25.6208  0  0  -1.63038  0  3.13285  1.35907  0  0  0.0662746  0  0.0039117
2.3673e+13  0  789.1  25.825  0  0  -1.62045  0  3.13402  1.38549  0  0  0.0661073  0  0.00392575
2.3682e+13  0  789.4  26.033  0  0  -1.61055  0  3.1352  1.41269  0  0  0.0659405  0  0.00393988
2.3691e+13  0  789.7  26.2452  0  0  -1.60067  0  3.13638  1.44069  0  0  0.0657743  0  0.00395408
2.37e+13  0  790  26.4615  0  0  -1.59082  0  3.13757  1.46953  0  0  0.0656088  0  0.00396836
2.3709e+13  0  790.3  26.6822  0  0  -1.58099  0  3.13877  1.49925  0  0  0.0654439  0  0.00398272
2.3718e+13  0  790.6  26.9073  0  0  -1.57119  0  3.13996  1.52987  0  0  0.0652795  0  0.00399715
2.3727e+13  0  790.9  27.137  0  0  -1.56141  0  3.14116  1.56144  0  0  0.0651158  0  0.00401166
2.3736e+13  0  791.2  27.3714  0  0  -1.55166  0  3.14237  1.594  0  0  0.0649527  0  0.00402625
2.3745e+13  0  791.5  27.6106  0  0  -1.54193  0  3.14358  1.62758  0  0  0.0647902  0  0.00404092
2.3754e+13  0  791.8  27.8549  0  0  -1.53222  0  3.14479  1.66224  0  0  0.0646283  0  0.00405566
2.3763e+13  0  792.1  28.1044  0  0  -1.52254  0  3.14601  1.69801  0  0  0.0644669  0  0.00407049
2.3772e+13  0  792.4  28.3592  0  0  -1.51289  0  3.14724  1.73494  0  0  0.0643062  0  0.0040854
2.3781e+13  0  792.7  28.6195  0  0  -1.50325  0  3.14846  1.77309  0  0  0.064146  0  0.00410039
2.379e+13  0  793  28.8855  0  0  -1.49365  0  3.1497  1.81251  0  0  0.0639865  0  0.00411546
2.3799e+13  0  793.3  29.1573  0  0  -1.48406  0  3.15093  1.85326  0  0  0.0638275  0  0.00413061
2.3808e+13  0  793.6  29.4353  0  0  -1.4745  0  3.15217  1.89539  0  0  0.0636691  0  0.00414584
2.3817e+13  0  793.9  29.7195  0  0  -1.46496  0  3.15342  1.93897  0  0  0.0635112  0  0.00416116
2.3826e+13  0  794.2  30.0103  0  0  -1.45545  0  3.15467  1.98407  0  0  0.063354  0  0.00417657
2.3835e+13  0  794.5  30.3077  0  0  -1.44596  0  3.15593  2.03076  0  0  0.0631973  0  0.00419206
2.3844e+13  0  794.8  30.6121  0  0  -1.43649  0  3.15719  2.07911  0  0  0.0630411  0  0.00420763
2.3853e+13  0  795.1  30.9237  0  0  -1.42705  0  3.15845  2.12921  0  0  0.0628856  0  0.00422329
2.3862e+13  0  795.4  31.2428  0  0  -1.41763  0  3.15972  2.18113  0  0  0.0627306  0  0.00423904
2.3871e+13  0  795.7  31.5696  0  0  -1.40823  0  3.16099  2.23497  0  0  0.0625761  0  0.00425487
2.388e+13  0  796  31.9043  0  0  -1.39886  0  3.16227  2.29083  0  0  0.0624222  0  0.00427079
2.3889e+13  0  796.3  32.2474  0  0  -1.38951  0  3.16356  2.3488  0  0  0.0622689  0  0.0042868
2.3898e+13  0  796.6  32.5991  0  0  -1.38018  0  3.16484  2.40899  0  0  0.0621161  0  0.0043029
2.3907e+13  0  796.9  32.9597  0  0  -1.37088  0  3.16614  2.47152  0  0  0.0619639  0  0.00431909
2.3916e+13  0  797.2  33.3297  0  0  -1.36159  0  3.16743  2.5365  0  0  0.0618122  0  0.00433537
2.3925e+13  0  797.5  33.7092  0  0  -1.35233  0  3.16874  2.60408  0  0  0.0616611  0  0.00435174
2.3934e+13  0  797.8  34.0988  0  0  -1.3431  0  3.17005  2.67439  0  0  0.0615105  0  0.00436821
2.3943e+13  0  798.1  34.4987  0  0  -1.33388  0  3.17136  2.74757  0  0  0.0613604  0  0.00438476
2.3952e+13  0  798.4  34.9095  0  0  -1.32469  0  3.17268  2.8238  0  0  0.0612109  0  0.00440141
2.3961e+13  0  798.7  35.3316  0  0  -1.31552  0  3.174  2.90322  0  0  0.0610619  0  0.00441815
2.397e+13  0  799  35.7654  0  0  -1.30638  0  3.17533  2.98604  0  0  0.0609134  0  0.00443499
2.3979e+13  0  799.3  36.2115  0  0  -1.29725  0  3.17666  3.07244  0  0  0.0607655  0  0.00445193
2.3988e+13  0  799.6  36.6703  0  0  -1.28815  0  3.178  3.16262  0  0  0.0606181  0  0.00446896
2.3997e+13  0  799.9  37.1424  0  0  -1.27907  0  3.17934  3.25683  0  0  0.0604712  0  0.00448608
2.4006e+13  0  800.2  37.6284  0  0  -1.27001  0  3.18069  3.35529  0  0  0.0603248  0  0.00450331
2.4015e+13  0  800.5  38.1288  0  0  -1.26097  0  3.18204  3.45827  0  0  0.060179  0  0.00452063
2.4024e+13  0  800.8  38.6445  0  0  -1.25196  0  3.1834  3.56605  0  0  0.0600336  0  0.00453805
2.4033e+13  0  801.1  39.1759  0  0  -1.24296  0  3.18477  3.67892  0  0  0.0598888  0  0.00455558
2.4042e+13  0  801.4  39.7239  0  0  -1.23399  0  3.18613  3.79722  0  0  0.0597445  0  0.0045732
2.4051e+13  0  801.7  40.2893  0  0  -1.22504  0  3.18751  3.92129  0  0  0.0596007  0  0.00459092
2.406e+13  0  802  40.8728  0  0  -1.21612  0  3.18889  4.05151  0  0  0.0594574  0  0.00460875
2.4069e+13  0  802.3  41.4754  0  0  -1.20721  0  3.19027  4.18831  0  0  0.0593146  0  0.00462668
2.4078e+13  0  802.6  42.0979  0  0  -1.19832  0  3.19166  4.33211  0  0  0.0591723  0  0.00464471
2.4087e+13  0  802.9  42.7415  0  0  -1.18946  0  3.19306  4.48342  0  0  0.0590305  0  0.00466285
2.4096e+13  0  803.2  43.407  0  0  -1.18062  0  3.19446  4.64276  0  0  0.0588892  0  0.00468109
2.4105e+13  0  803.5  44.0957  0  0  -1.17179  0  3.19587  4.81069  0  0  0.0587484  0  0.00469944
2.4114e+13  0  803.8  44.8088  0  0  -1.16299  0  3.19728  4.98786  0  0  0.0586081  0  0.0047179
2.4123e+13  0  804.1  45.5476  0  0  -1.15421  0  3.1987  5.17495  0  0  0.0584683  0  0.00473647
2.4132e+13  0  804.4  46.3134  0  0  -1.14546  0  3.20012  5.3727  0  0  0.058329  0  0.00475514
2.4141e+13  0  804.7  47.1078  0  0  -1.13672  0  3.20155  5.58194  0  0  0.0581901  0  0.00477392
2.415e+13  0  805  47.9322  0  0  -1.128  0  3.20299  5.80356  0  0  0.0580517  0  0.00479282
2.4159e+13  0  805.3  48.7886  0  0  -1.1193  0  3.20443  6.03857  0  0  0.0579139  0  0.00481182
2.4168e+13  0  805.6  49.6786  0  0  -1.11063  0  3.20587  6.28805  0  0  0.0577765  0  0.00483094
2.4177e+13  0  805.9  50.6042  0  0  -1.10197  0  3.20733  6.5532  0  0  0.0576395  0  0.00485017
2.4186e+13  0  806.2  51.5677  0  0  -1.09334  0  3.20878  6.83537  0  0  0.0575031  0  0.00486952
2.4195e+13  0  806.5  52.5712  0  0  -1.08472  0  3.21025  7.13601  0  0  0.0573671  0  0.00488898
2.4204e+13  0  806.8  53.6174  0  0  -1.07613  0  3.21172  7.45678  0  0  0.0572316  0  0.00490855
2.4213e+13  0  807.1  54.7088  0  0  -1.06756  0  3.21319  7.79949  0  0  0.0570965  0  0.00492825
2.4222e+13  0  807.4  55.8483  0  0  -1.059  0  3.21467  8.16617  0  0  0.056962  0  0.00494806
2.4231e+13  0  807.7  57.0392  0  0  -1.05047  0  3.21616  8.5591  0  0  0.0568279  0  0.00496798
2.424e+13  0  808  58.2849  0  0  -1.04196  0  3.21765  8.9808  0  0  0.0566942  0  0.00498803
2.4249e+13  0  808.3  59.5891  0  0  -1.03346  0  3.21915  9.43413  0  0  0.056561  0  0.0050082
2.4258e+13  0  808.6  60.9558  0  0  -1.02499  0  3.22066  9.9223  0  0  0.0564283  0  0.00502849
2.4267e+13  0  808.9  62.3895  0  0  -1.01654  0  3.22217  10.4489  0  0  0.056296  0  0.00504891
2.4276e+13  0  809.2  63.8949  0  0  -1.0081  0  3.22369  11.0181  0  0  0.0561642  0  0.00506944
2.4285e+13  0  809.5  65.4774  0  0  -0.999691  0  3.22521  11.6345  0  0  0.0560328  0  0.0050901
2.4294e+13  0  809.8  67.1428  0  0  -0.991297  0  3.22674  12.3034  0  0  0.0559019  0  0.00511089
2.4303e+13  0  810.1  68.8972  0  0  -0.982922  0  3.22828  13.0309  0  0  0.0557714  0  0.0051318
2.4312e+13  0  810.4  70.7477  0  0  -0.974567  0  3.22982  13.8239  0  0  0.0556413  0  0.00515284
2.4321e+13  0  810.7  72.7018  0  0  -0.966232  0  3.23137  14.6903  0  0  0.0555117  0  0.00517401
2.433e+13  0  811  74.7679  0  0  -0.957916  0  3.23293  15.6394  0  0  0.0553826  0  0.00519531
2.4339e+13  0  811.3  76.955  0  0  -0.949619  0  3.23449  16.6818  0  0  0.0552539  0  0.00521674
2.4348e+13  0  811.6  79.2732  0  0  -0.941341  0  3.23605  17.8299  0  0  0.0551256  0  0.0052383
2.4357e+13  0  811.9  81.7336  0  0  -0.933083  0  3.23763  19.0982  0  0  0.0549978  0  0.00526
2.4366e+13  0  812.2  84.348  0  0  -0.924844  0  3.23921  20.5036  0  0  0.0548703  0  0.00528183
2.4375e+13  0  812.5  87.1299  0  0  -0.916624  0  3.2408  22.0661  0  0  0.0547434  0  0.00530379
2.4384e+13  0  812.8  90.0933  0  0  -0.908423  0  3.24239  23.8094  0  0  0.0546168  0  0.00532589
2.4393e+13  0  813.1  93.2541  0  0  -0.900241  0  3.24399  25.7614  0  0  0.0544907  0  0.00534813
2.4402e+13  0  813.4  96.6288  0  0  -0.892078  0  3.2456  27.9559  0  0  0.054365  0  0.0053705
2.4411e+13  0  813.7  100.235  0  0  -0.883933  0  3.24722  30.433  0  0  0.0542397  0  0.00539302
2.442e+13  0  814  104.092  0  0  -0.875807  0  3.24884  33.2415  0  0  0.0541149  0  0.00541567
2.4429e+13  0  814.3  108.218  0  0  -0.8677  0  3.25046  36.4402  0  0  0.0539904  0  0.00543847
2.4438e+13  0  814.6  112.631  0  0  -0.859612  0  3.2521  40.1009  0  0  0.0538664  0  0.00546141
2.4447e+13  0  814.9  117.348  0  0  -0.851542  0  3.25374  44.3117  0  0  0.0537428  0  0.0054845
2.4456e+13  0  815.2  122.381  0  0  -0.843491  0  3.25539  49.1806  0  0  0.0536196  0  0.00550773
2.4465e+13  0  815.5  127.733  0  0  -0.835458  0  3.25705  54.8411  0  0  0.0534969  0  0.0055311
2.4474e+13  0  815.8  133.394  0  0  -0.827444  0  3.25871  61.4582  0  0  0.0533745  0  0.00555463
2.4483e+13  0  816.1  139.332  0  0  -0.819448  0  3.26038  69.2355  0  0  0.0532526  0  0.0055783
2.4492e+13  0  816.4  145.475  0  0  -0.81147  0  3.26205  78.4242  0  0  0.053131  0  0.00560213
2.4501e+13  0  816.7  151.694  0  0  -0.80351  0  3.26374  89.3309  0  0  0.0530099  0  0.00562611
2.451e+13  0  817  157.766  0  0  -0.795569  0  3.26543  102.323  0  0  0.0528891  0  0.00565024
2.4519e+13  0  817.3  163.327  0  0  -0.787645  0  3.26713  117.826  0  0  0.0527688  0  0.00567452
2.4528e+13  0  817.6  167.801  0  0  -0.77974  0  3.26883  136.301  0  0  0.0526489  0  0.00569896
2.4537e+13  0  817.9  170.306  0  0  -0.771852  0  3.27055  158.183  0  0  0.0525293  0  0.00572356
2.4546e+13  0  818.2  169.553  0  0  -0.763983  0  3.27227  183.745  0  0  0.0524102  0  0.00574832
2.4555e+13  0  818.5  163.777  0  0  -0.756131  0  3.274  212.842  0  0  0.0522914  0  0.00577323
2.4564e+13  0  818.8  150.813  0  0  -0.748297  0  3.27573  244.51  0  0  0.0521731  0  0.00579831
2.4573e+13  0  819.1  128.489  0  0  -0.740481  0  3.27748  276.49  0  0  0.0520551  0  0.00582355
2.4582e+13  0  819.4  95.5194  0  0  -0.732682  0  3.27923  304.953  0  0  0.0519375  0  0.00584895
2.4591e+13  0  819.7  52.7563  0  0  -0.724901  0  3.28098  324.982  0  0  0.0518203  0  0.00587452
2.46e+13  0  820  4  0  0  -0.717138  0  3.28275  332.176  0  0  0.0517035  0  0.00590026
2.4609e+13  0  820.3  -44.7036  0  0  -0.709392  0  3.28452  324.75  0  0  0.0515871  0  0.00592616
2.4618e+13  0  820.6  -87.3297  0  0  -0.701663  0  3.28631  304.544  0  0  0.0514711  0  0.00595223
2.4627e+13  0  820.9  -120.125  0  0  -0.693952  0  3.28809  275.986  0  0  0.0513554  0  0.00597848
2.4636e+13  0  821.2  -142.284  0  0  -0.686258  0  3.28989  243.984  0  0  0.0512401  0  0.0060049
2.4645e+13  0  821.5  -155.112  0  0  -0.678582  0  3.2917  212.344  0  0  0.0511252  0  0.00603149
2.4654e+13  0  821.8  -160.789  0  0  -0.670922  0  3.29351  183.3  0  0  0.0510107  0  0.00605826
2.4663e+13  0  822.1  -161.477  0  0  -0.66328  0  3.29533  157.798  0  0  0.0508966  0  0.0060852
2.4672e+13  0  822.4  -158.931  0  0  -0.655655  0  3.29716  135.974  0  0  0.0507828  0  0.00611233
2.4681e+13  0  822.7  -154.434  0  0  -0.648047  0  3.299  117.551  0  0  0.0506694  0  0.00613963
2.469e+13  0  823  -148.86  0  0  -0.640456  0  3.30084  102.093  0  0  0.0505563  0  0.00616712
2.4699e+13  0  823.3  -142.783  0  0  -0.632882  0  3.3027  89.1379  0  0  0.0504437  0  0.00619479
2.4708e+13  0  823.6  -136.564  0  0  -0.625324  0  3.30456  78.262  0  0  0.0503314  0  0.00622264
2.4717e+13  0  823.9  -130.423  0  0  -0.617784  0  3.30643  69.0985  0  0  0.0502194  0  0.00625069
2.4726e+13  0  824.2  -124.49  0  0  -0.61026  0  3.30831  61.3419  0  0  0.0501079  0  0.00627892
2.4735e+13  0  824.5  -118.833  0  0  -0.602753  0  3.3102  54.742  0  0  0.0499966  0  0.00630734
2.4744e+13  0  824.8  -113.486  0  0  -0.595263  0  3.3121  49.0955  0  0  0.0498858  0  0.00633595
2.4753e+13  0  825.1  -108.459  0  0  -0.587789  0  3.314  44.2383  0  0  0.0497753  0  0.00636476
2.4762e+13  0  825.4  -103.747  0  0  -0.580332  0  3.31591  40.0373  0  0  0.0496652  0  0.00639377
2.4771e+13  0  825.7  -99.3384  0  0  -0.572891  0  3.31784  36.3847  0  0  0.0495554  0  0.00642297
2.478e+13  0  826  -95.217  0  0  -0.565467  0  3.31977  33.1929  0  0  0.049446  0  0.00645237
2.4789e+13  0  826.3  -91.3644  0  0  -0.558059  0  3.32171  30.3903  0  0  0.0493369  0  0.00648197
2.4798e+13  0  826.6  -87.7619  0  0  -0.550667  0  3.32366  27.9181  0  0  0.0492281  0  0.00651177
2.4807e+13  0  826.9  -84.3908  0  0  -0.543292  0  3.32561  25.7279  0  0  0.0491198  0  0.00654178
2.4816e+13  0  827.2  -81.2334  0  0  -0.535933  0  3.32758  23.7794  0  0  0.0490117  0  0.006572
2.4825e+13  0  827.5  -78.273  0  0  -0.52859  0  3.32956  22.0393  0  0  0.0489041  0  0.00660242
2.4834e+13  0  827.8  -75.494  0  0  -0.521263  0  3.33154  20.4796  0  0  0.0487967  0  0.00663306
2.4843e+13  0  828.1  -72.8822  0  0  -0.513952  0  3.33354  19.0765  0  0  0.0486897  0  0.00666391
2.4852e+13  0  828.4  -70.4242  0  0  -0.506658  0  3.33554  17.8104  0  0  0.0485831  0  0.00669497
2.4861e+13  0  828.7  -68.1082  0  0  -0.499379  0  3.33755  16.6641  0  0  0.0484768  0  0.00672625
2.487e+13  0  829  -65.9231  0  0  -0.492116  0  3.33957  15.6233  0  0  0.0483708  0  0.00675774
2.4879e+13  0  829.3  -63.859  0  0  -0.484869  0  3.34161  14.6756  0  0  0.0482652  0  0.00678946
2.4888e+13  0  829.6  -61.9066  0  0  -0.477638  0  3.34365  13.8104  0  0  0.0481599  0  0.0068214
2.4897e+13  0  829.9  -60.0577  0  0  -0.470423  0  3.3457  13.0186  0  0  0.0480549  0  0.00685356
2.4906e+13  0  830.2  -58.3048  0  0  -0.463223  0  3.34776  12.2921  0  0  0.0479503  0  0.00688595
2.4915e+13  0  830.5  -56.6408  0  0  -0.456039  0  3.34983  11.6241  0  0  0.047846  0  0.00691857
2.4924e+13  0  830.8  -55.0596  0  0  -0.448871  0  3.35191  11.0085  0  0  0.047742  0  0.00695142
2.4933e+13  0  831.1  -53.5554  0  0  -0.441718  0  3.354  10.4401  0  0  0.0476384  0  0.0069845
2.4942e+13  0  831.4  -52.1228  0  0  -0.434581  0  3.3561  9.91408  0  0  0.047535  0  0.00701782
2.4951e+13  0  831.7  -50.7572  0  0  -0.427459  0  3.35821  9.4265  0  0  0.0474321  0  0.00705138
2.496e+13  0  832  -49.454  0  0  -0.420353  0  3.36033  8.97371  0  0  0.0473294  0  0.00708518
2.4969e+13  0  832.3  -48.2092  0  0  -0.413261  0  3.36246  8.5525  0  0  0.0472271  0  0.00711921
2.4978e+13  0  832.6  -47.0192  0  0  -0.406186  0  3.3646  8.16002  0  0  0.0471251  0  0.0071535
2.4987e+13  0  832.9  -45.8804  0  0  -0.399125  0  3.36675  7.79375  0  0  0.0470234  0  0.00718803
2.4996e+13  0  833.2  -44.7898  0  0  -0.39208  0  3.36891  7.45141  0  0  0.046922  0  0.0072228
2.5005e+13  0  833.5  -43.7443  0  0  -0.38505  0  3.37109  7.13099  0  0  0.0468209  0  0.00725783
2.5014e+13  0  833.8  -42.7415  0  0  -0.378035  0  3.37327  6.83065  0  0  0.0467202  0  0.00729312
2.5023e+13  0  834.1  -41.7786  0  0  -0.371036  0  3.37546  6.54878  0  0  0.0466198  0  0.00732866
2.5032e+13  0  834.4  -40.8536  0  0  -0.364051  0  3.37766  6.28389  0  0  0.0465197  0  0.00736446
2.5041e+13  0  834.7  -39.9641  0  0  -0.357081  0  3.37988  6.03465  0  0  0.0464199  0  0.00740052
2.505e+13  0  835  -39.1083  0  0  -0.350126  0  3.3821  5.79987  0  0  0.0463204  0  0.00743685
2.5059e+13  0  835.3  -38.2844  0  0  -0.343186  0  3.38434  5.57846  0  0  0.0462212  0  0.00747344
2.5068e+13  0  835.6  -37.4905  0  0  -0.336261  0  3.38659  5.36941  0  0  0.0461224  0  0.0075103
2.5077e+13  0  835.9  -36.7251  0  0  -0.329351  0  3.38885  5.17184  0  0  0.0460238  0  0.00754743
2.5086e+13  0  836.2  -35.9868  0  0  -0.322455  0  3.39112  4.98492  0  0  0.0459256  0  0.00758484
2.5095e+13  0  836.5  -35.2741  0  0  -0.315575  0  3.3934  4.80791  0  0  0.0458276  0  0.00762253
2.5104e+13  0  836.8  -34.5857  0  0  -0.308708  0  3.39569  4.64012  0  0  0.04573  0  0.00766049
2.5113e+13  0  837.1  -33.9205  0  0  -0.301857  0  3.39799  4.48092  0  0  0.0456326  0  0.00769874
2.5122e+13  0  837.4  -33.2774  0  0  -0.29502  0  3.40031  4.32974  0  0  0.0455356  0  0.00773727
2.5131e+13  0  837.7  -32.6552  0  0  -0.288198  0  3.40263  4.18605  0  0  0.0454389  0  0.0077761
2.514e+13  0  838  -32.0529  0  0  -0.28139  0  3.40497  4.04937  0  0  0.0453424  0  0.00781521
2.5149e+13  0  838.3  -31.4697  0  0  -0.274596  0  3.40732  3.91924  0  0  0.0452463  0  0.00785462
2.5158e+13  0  838.6  -30.9046  0  0  -0.267817  0  3.40968  3.79527  0  0  0.0451505  0  0.00789432
2.5167e+13  0  838.9  -30.3568  0  0  -0.261052  0  3.41206  3.67707  0  0  0.0450549  0  0.00793433
2.5176e+13  0  839.2  -29.8256  0  0  -0.254302  0  3.41444  3.56428  0  0  0.0449597  0  0.00797464
2.5185e+13  0  839.5  -29.3103  0  0  -0.247566  0  3.41684  3.45658  0  0  0.0448647  0  0.00801525
2.5194e+13  0  839.8  -28.81  0  0  -0.240844  0  3.41925  3.35368  0  0  0.04477  0  0.00805618
2.5203e+13  0  840.1  -28.3243  0  0  -0.234136  0  3.42168  3.25529  0  0  0.0446757  0  0.00809742
2.5212e+13  0  840.4  -27.8524  0  0  -0.227442  0  3.42411  3.16115  0  0  0.0445816  0  0.00813897
2.5221e+13  0  840.7  -27.3938  0  0  -0.220763  0  3.42656  3.07103  0  0  0.0444878  0  0.00818084
2.523e+13  0  841  -26.948  0  0  -0.214097  0  3.42902  2.98469  0  0  0.0443943  0  0.00822304
2.5239e+13  0  841.3  -26.5143  0  0  -0.207446  0  3.43149  2.90193  0  0  0.0443011  0  0.00826556
2.5248e+13  0  841.6  -26.0924  0  0  -0.200808  0  3.43398  2.82256  0  0  0.0442081  0  0.00830841
2.5257e+13  0  841.9  -25.6818  0  0  -0.194184  0  3.43648  2.74639  0  0  0.0441155  0  0.00835159
2.5266e+13  0  842.2  -25.282  0  0  -0.187575  0  3.43899  2.67325  0  0  0.0440231  0  0.00839511
2.5275e+13  0  842.5  -24.8926  0  0  -0.180979  0  3.44151  2.60299  0  0  0.043931  0  0.00843897
2.5284e+13  0  842.8  -24.5132  0  0  -0.174397  0  3.44405  2.53545  0  0  0.0438392  0  0.00848317
2.5293e+13  0  843.1  -24.1435  0  0  -0.167828  0  3.4466  2.47051  0  0  0.0437477  0  0.00852771
2.5302e+13  0  843.4  -23.783  0  0  -0.161274  0  3.44917  2.40802  0  0  0.0436564  0  0.00857261
2.5311e+13  0  843.7  -23.4314  0  0  -0.154733  0  3.45174  2.34786  0  0  0.0435654  0  0.00861786
2.532e+13  0  844  -23.0885  0  0  -0.148205  0  3.45434  2.28993  0  0  0.0434747  0  0.00866347
2.5329e+13  0  844.3  -22.7538  0  0  -0.141691  0  3.45694  2.23411  0  0  0.0433843  0  0.00870944
2.5338e+13  0  844.6  -22.4272  0  0  -0.135191  0  3.45956  2.1803  0  0  0.0432942  0  0.00875578
2.5347e+13  0  844.9  -22.1082  0  0  -0.128704  0  3.46219  2.12841  0  0  0.0432043  0  0.00880248
2.5356e+13  0  845.2  -21.7967  0  0  -0.122231  0  3.46484  2.07834  0  0  0.0431147  0  0.00884956
2.5365e+13  0  845.5  -21.4924  0  0  -0.115771  0  3.4675  2.03002  0  0  0.0430253  0  0.00889701
2.5374e+13  0  845.8  -21.1951  0  0  -0.109325  0  3.47018  1.98336  0  0  0.0429363  0  0.00894485
2.5383e+13  0  846.1  -20.9045  0  0  -0.102891  0  3.47287  1.93828  0  0  0.0428475  0  0.00899307
2.5392e+13  0  846.4  -20.6203  0  0  -0.0964715  0  3.47557  1.89473  0  0  0.042759  0  0.00904168
2.5401e+13  0  846.7  -20.3425  0  0  -0.0900648  0  3.47829  1.85262  0  0  0.0426707  0  0.00909068
2.541e+13  0  847  -20.0707  0  0  -0.0836714  0  3.48103  1.81189  0  0  0.0425827  0  0.00914008
2.5419e+13  0  847.3  -19.8048  0  0  -0.0772912  0  3.48378  1.77249  0  0  0.0424949  0  0.00918988
2.5428e+13  0  847.6  -19.5446  0  0  -0.0709241  0  3.48654  1.73436  0  0  0.0424075  0  0.00924009
2.5437e+13  0  847.9  -19.2898  0  0  -0.0645701  0  3.48932  1.69745  0  0  0.0423203  0  0.00929071
2.5446e+13  0  848.2  -19.0405  0  0  -0.0582292  0  3.49211  1.6617  0  0  0.0422333  0  0.00934175
2.5455e+13  0  848.5  -18.7963  0  0  -0.0519013  0  3.49492  1.62706  0  0  0.0421466  0  0.0093932
2.5464e+13  0  848.8  -18.5571  0  0  -0.0455863  0  3.49775  1.5935  0  0  0.0420602  0  0.00944508
2.5473e+13  0  849.1  -18.3228  0  0  -0.0392843  0  3.50059  1.56096  0  0  0.041974  0  0.00949739
2.5482e+13  0  849.4  -18.0931  0  0  -0.0329952  0  3.50345  1.5294  0  0  0.0418881  0  0.00955014
2.5491e+13  0  849.7  -17.8681  0  0  -0.026719  0  3.50632  1.49879  0  0  0.0418024  0  0.00960332
2.55e+13  0  850  -17.6475  0  0  -0.0204556  0  3.50921  1.46909  0  0  0.041717  0  0.00965694
2.5509e+13  0  850.3  -17.4312  0  0  -0.014205  0  3.51211  1.44027  0  0  0.0416319  0  0.00971102
2.5518e+13  0  850.6  -17.2192  0  0  -0.00796719  0  3.51503  1.41228  0  0  0.041547  0  0.00976555
2.5527e+13  0  850.9  -17.0111  0  0  -0.00174205  0  3.51797  1.38509  0  0  0.0414623  0  0.00982053
2.5536e+13  0  851.2  -16.8071  0  0  0.0044704  0  3.52092  1.35869  0  0  0.0413779  0  0.00987598
2.5545e+13  0  851.5  -16.6068  0  0  0.0106702  0  3.5239  1.33303  0  0  0.0412938  0  0.0099319
2.5554e+13  0  851.8  -16.4103  0  0  0.0168574  0  3.52688  1.30809  0  0  0.0412099  0  0.0099883
2.5563e+13  0  852.1  -16.2175  0  0  0.0230321  0  3.52989  1.28384  0  0  0.0411262  0  0.0100452
2.5572e+13  0  852.4  -16.0281  0  0  0.0291942  0  3.53291  1.26026  0  0  0.0410428  0  0.0101025
2.5581e+13  0  852.7  -15.8422  0  0  0.0353439  0  3.53595  1.23732  0  0  0.0409596  0  0.0101604
2.559e+13  0  853  -15.6597  0  0  0.041481  0  3.539  1.215  0  0  0.0408767  0  0.0102187
2.5599e+13  0  853.3  -15.4804  0  0  0.0476058  0  3.54208  1.19328  0  0  0.0407941  0  0.0102776
2.5608e+13  0  853.6  -15.3042  0  0  0.0537182  0  3.54517  1.17213  0  0  0.0407116  0  0.0103369
2.5617e+13  0  853.9  -15.1312  0  0  0.0598182  0  3.54828  1.15154  0  0  0.0406294  0  0.0103968
2.5626e+13  0  854.2  -14.9611  0  0  0.065906  0  3.55141  1.13149  0  0  0.0405475  0  0.0104572
2.5635e+13  0  854.5  -14.794  0  0  0.0719814  0  3.55455  1.11196  0  0  0.0404658  0  0.0105181
2.5644e+13  0  854.8  -14.6298  0  0  0.0780447  0  3.55772  1.09292  0  0  0.0403843  0  0.0105795
2.5653e+13  0  855.1  -14.4683  0  0  0.0840957  0  3.5609  1.07437  0  0  0.0403031  0  0.0106415
2.5662e+13  0  855.4  -14.3095  0  0  0.0901345  0  3.5641  1.05629  0  0  0.0402221  0  0.0107041
2.5671e+13  0  855.7  -14.1534  0  0  0.0961613  0  3.56732  1.03866  0  0  0.0401414  0  0.0107671
2.568e+13  0  856  -13.9998  0  0  0.102176  0  3.57056  1.02147  0  0  0.0400608  0  0.0108308
2.5689e+13  0  856.3  -13.8488  0  0  0.108178  0  3.57382  1.0047  0  0  0.0399806  0  0.010895
2.5698e+13  0  856.6  -13.7002  0  0  0.114169  0  3.5771  0.988341  0  0  0.0399005  0  0.0109598
2.5707e+13  0  856.9  -13.5541  0  0  0.120148  0  3.58039  0.972376  0  0  0.0398207  0  0.0110251
2.5716e+13  0  857.2  -13.4102  0  0  0.126114  0  3.58371  0.956794  0  0  0.0397411  0  0.011091
2.5725e+13  0  857.5  -13.2687  0  0  0.132069  0  3.58705  0.941584  0  0  0.0396618  0  0.0111576
2.5734e+13  0  857.8  -13.1293  0  0  0.138012  0  3.5904  0.926732  0  0  0.0395826  0  0.0112247
2.5743e+13  0  858.1  -12.9922  0  0  0.143943  0  3.59378  0.912229  0  0  0.0395037  0  0.0112924
2.5752e+13  0  858.4  -12.8571  0  0  0.149862  0  3.59718  0.898063  0  0  0.0394251  0  0.0113608
2.5761e+13  0  858.7  -12.7242  0  0  0.155769  0  3.60059  0.884225  0  0  0.0393466  0  0.0114297
2.577e+13  0  859  -12.5933  0  0  0.161665  0  3.60403  0.870703  0  0  0.0392684  0  0.0114993
2.5779e+13  0  859.3  -12.4643  0  0  0.167549  0  3.60749  0.857488  0  0  0.0391904  0  0.0115695
2.5788e+13  0  859.6  -12.3373  0  0  0.173421  0  3.61097  0.844572  0  0  0.0391127  0  0.0116404
2.5797e+13  0  859.9  -12.2122  0  0  0.179282  0  3.61448  0.831945  0  0  0.0390351  0  0.0117119
2.5806e+13  0  860.2  -12.089  0  0  0.185131  0  3.618  0.819599  0  0  0.0389578  0  0.0117841
2.5815e+13  0  860.5  -11.9676  0  0  0.190968  0  3.62154  0.807525  0  0  0.0388807  0  0.0118569
2.5824e+13  0  860.8  -11.8479  0  0  0.196794  0  3.62511  0.795716  0  0  0.0388039  0  0.0119304
2.5833e+13  0  861.1  -11.73  0  0  0.202608  0  3.6287  0.784163  0  0  0.0387272  0  0.0120047
2.5842e+13  0  861.4  -11.6138  0  0  0.208411  0  3.63231  0.77286  0  0  0.0386508  0  0.0120795
2.5851e+13  0  861.7  -11.4992  0  0  0.214202  0  3.63595  0.761799  0  0  0.0385746  0  0.0121551
2.586e+13  0  862  -11.3863  0  0  0.219982  0  3.6396  0.750974  0  0  0.0384986  0  0.0122314
2.5869e+13  0  862.3  -11.2749  0  0  0.225751  0  3.64328  0.740378  0  0  0.0384228  0  0.0123085
2.5878e+13  0  862.6  -11.1651  0  0  0.231508  0  3.64699  0.730003  0  0  0.0383473  0  0.0123862
2.5887e+13  0  862.9  -11.0569  0  0  0.237254  0  3.65071  0.719846  0  0  0.0382719  0  0.0124647
2.5896e+13  0  863.2  -10.9501  0  0  0.242989  0  3.65447  0.709898  0  0  0.0381968  0  0.0125439
2.5905e+13  0  863.5  -10.8448  0  0  0.248712  0  3.65824  0.700155  0  0  0.0381219  0  0.0126239
2.5914e+13  0  863.8  -10.7409  0  0  0.254425  0  3.66204  0.690611  0  0  0.0380472  0  0.0127047
2.5923e+13  0  864.1  -10.6385  0  0  0.260126  0  3.66586  0.68126  0  0  0.0379727  0  0.0127862
2.5932e+13  0  864.4  -10.5374  0  0  0.265815  0  3.66971  0.672098  0  0  0.0378984  0  0.0128685
2.5941e+13  0  864.7  -10.4376  0  0  0.271494  0  3.67358  0.663119  0  0  0.0378243  0  0.0129516
2.595e+13  0  865  -10.3392  0  0  0.277162  0  3.67748  0.654319  0  0  0.0377505  0  0.0130356
2.5959e+13  0  865.3  -10.2421  0  0  0.282818  0  3.6814  0.645692  0  0  0.0376768  0  0.0131203
2.5968e+13  0  865.6  -10.1463  0  0  0.288464  0  3.68535  0.637235  0  0  0.0376034  0  0.0132059
2.5977e+13  0  865.9  -10.0517  0  0  0.294099  0  3.68932  0.628943  0  0  0.0375302  0  0.0132922
2.5986e+13  0  866.2  -9.95829  0  0  0.299722  0  3.69332  0.620811  0  0  0.0374572  0  0.0133795
2.5995e+13  0  866.5  -9.86611  0  0  0.305335  0  3.69735  0.612836  0  0  0.0373843  0  0.0134676
2.6004e+13  0  866.8  -9.77511  0  0  0.310937  0  3.7014  0.605013  0  0  0.0373117  0  0.0135566
2.6013e+13  0  867.1  -9.68527  0  0  0.316527  0  3.70548  0.597339  0  0  0.0372393  0  0.0136464
2.6022e+13  0  867.4  -9.59655  0  0  0.322107  0  3.70959  0.589809  0  0  0.0371671  0  0.0137372
2.6031e+13  0  867.7  -9.50895  0  0  0.327677  0  3.71372  0.582422  0  0  0.0370951  0  0.0138288
2.604e+13  0  868  -9.42243  0  0  0.333235  0  3.71788  0.575171  0  0  0.0370233  0  0.0139214
2.6049e+13  0  868.3  -9.33699  0  0  0.338783  0  3.72207  0.568055  0  0  0.0369517  0  0.0140149
2.6058e+13  0  868.6  -9.25259  0  0  0.34432  0  3.72629  0.561071  0  0  0.0368803  0  0.0141093
2.6067e+13  0  868.9  -9.16923  0  0  0.349846  0  3.73053  0.554214  0  0  0.0368091  0  0.0142047
2.6076e+13  0  869.2  -9.08688  0  0  0.355362  0  3.73481  0.547482  0  0  0.0367381  0  0.0143011
2.6085e+13  0  869.5  -9.00552  0  0  0.360867  0  3.73911  0.540871  0  0  0.0366674  0  0.0143985
2.6094e+13  0  869.8  -8.92514  0  0  0.366361  0  3.74345  0.53438  0  0  0.0365968  0  0.0144968
2.6103e+13  0  870.1  -8.84572  0  0  0.371845  0  3.74781  0.528004  0  0  0.0365264  0  0.0145962
2.6112e+13  0  870.4  -8.76724  0  0  0.377318  0  3.7522  0.521742  0  0  0.0364561  0  0.0146965
2.6121e+13  0  870.7  -8.68968  0  0  0.382781  0  3.75662  0.51559  0  0  0.0363861  0  0.0147979
2.613e+13  0  871  -8.61303  0  0  0.388233  0  3.76108  0.509547  0  0  0.0363163  0  0.0149004
2.6139e+13  0  871.3  -8.53728  0  0  0.393675  0  3.76556  0.503609  0  0  0.0362467  0  0.0150039
2.6148e+13  0  871.6  -8.46241  0  0  0.399106  0  3.77008  0.497773  0  0  0.0361773  0  0.0151085
2.6157e+13  0  871.9  -8.38839  0  0  0.404527  0  3.77463  0.492039  0  0  0.036108  0  0.0152142
2.6166e+13  0  872.2  -8.31523  0  0  0.409938  0  3.7792  0.486403  0  0  0.036039  0  0.0153211
2.6175e+13  0  872.5  -8.2429  0  0  0.415338  0  3.78382  0.480863  0  0  0.0359702  0  0.015429
2.6184e+13  0  872.8  -8.17138  0  0  0.420728  0  3.78846  0.475417  0  0  0.0359015  0  0.0155381
2.6193e+13  0  873.1  -8.10067  0  0  0.426108  0  3.79314  0.470063  0  0  0.035833  0  0.0156483
2.6202e+13  0  873.4  -8.03076  0  0  0.431477  0  3.79785  0.464799  0  0  0.0357648  0  0.0157597
2.6211e+13  0  873.7  -7.96162  0  0  0.436836  0  3.80259  0.459623  0  0  0.0356967  0  0.0158723
2.622e+13  0  874  -7.89325  0  0  0.442185  0  3.80737  0.454532  0  0  0.0356288  0  0.0159862
2.6229e+13  0  874.3  -7.82563  0  0  0.447524  0  3.81218  0.449526  0  0  0.035561  0  0.0161012
2.6238e+13  0  874.6  -7.75875  0  0  0.452853  0  3.81702  0.444602  0  0  0.0354935  0  0.0162175
2.6247e+13  0  874.9  -7.69261  0  0  0.458171  0  3.82191  0.439758  0  0  0.0354262  0  0.016335
2.6256e+13  0  875.2  -7.62717  0  0  0.46348  0  3.82682  0.434992  0  0  0.035359  0  0.0164538
2.6265e+13  0  875.5  -7.56245  0  0  0.468778  0  3.83178  0.430304  0  0  0.035292  0  0.016574
2.6274e+13  0  875.8  -7.49841  0  0  0.474066  0  3.83676  0.425691  0  0  0.0352253  0  0.0166954
2.6283e+13  0  876.1  -7.43506  0  0  0.479345  0  3.84179  0.421151  0  0  0.0351586  0  0.0168182
2.6292e+13  0  876.4  -7.37239  0  0  0.484613  0  3.84685  0.416684  0  0  0.0350922  0  0.0169423
2.6301e+13  0  876.7  -7.31037  0  0  0.489872  0  3.85195  0.412287  0  0  0.035026  0  0.0170678
2.631e+13  0  877  -7.249  0  0  0.49512  0  3.85709  0.407959  0  0  0.0349599  0  0.0171947
2.6319e+13  0  877.3  -7.18828  0  0  0.500359  0  3.86227  0.403699  0  0  0.034894  0  0.017323
2.6328e+13  0  877.6  -7.12819  0  0  0.505588  0  3.86748  0.399506  0  0  0.0348283  0  0.0174528
2.6337e+13  0  877.9  -7.06871  0  0  0.510807  0  3.87274  0.395377  0  0  0.0347628  0  0.017584
2.6346e+13  0  878.2  -7.00985  0  0  0.516016  0  3.87803  0.391312  0  0  0.0346975  0  0.0177167
2.6355e+13  0  878.5  -6.95159  0  0  0.521215  0  3.88336  0.387309  0  0  0.0346323  0  0.0178509
2.6364e+13  0  878.8  -6.89393  0  0  0.526405  0  3.88874  0.383367  0  0  0.0345673  0  0.0179867
2.6373e+13  0  879.1  -6.83685  0  0  0.531584  0  3.89415  0.379485  0  0  0.0345025  0  0.018124
2.6382e+13  0  879.4  -6.78034  0  0  0.536755  0  3.89961  0.375662  0  0  0.0344379  0  0.0182628
2.6391e+13  0  879.7  -6.7244  0  0  0.541915  0  3.9051  0.371896  0  0  0.0343734  0  0.0184033
2.64e+13  0  880  -6.66902  0  0  0.547066  0  3.91065  0.368186  0  0  0.0343091  0  0.0185454
2.6409e+13  0  880.3  -6.61419  0  0  0.552207  0  3.91623  0.364531  0  0  0.034245  0  0.0186891
2.6418e+13  0  880.6  -6.5599  0  0  0.557339  0  3.92186  0.360931  0  0  0.0341811  0  0.0188345
2.6427e+13  0  880.9  -6.50614  0  0  0.562461  0  3.92753  0.357383  0  0  0.0341173  0  0.0189816
2.6436e+13  0  881.2  -6.45291  0  0  0.567573  0  3.93324  0.353887  0  0  0.0340537  0  0.0191304
2.6445e+13  0  881.5  -6.4002  0  0  0.572676  0  3.939  0.350443  0  0  0.0339903  0  0.019281
2.6454e+13  0  881.8  -6.348  0  0  0.577769  0  3.94481  0.347048  0  0  0.0339271  0  0.0194334
2.6463e+13  0  882.1  -6.2963  0  0  0.582853  0  3.95066  0.343702  0  0  0.033864  0  0.0195876
2.6472e+13  0  882.4  -6.2451  0  0  0.587928  0  3.95655  0.340405  0  0  0.0338011  0  0.0197436
2.6481e+13  0  882.7  -6.19439  0  0  0.592993  0  3.9625  0.337154  0  0  0.0337384  0  0.0199015
2.649e+13  0  883  -6.14416  0  0  0.598049  0  3.96849  0.33395  0  0  0.0336758  0  0.0200612
2.6499e+13  0  883.3  -6.0944  0  0  0.603095  0  3.97453  0.330791  0  0  0.0336134  0  0.0202229
2.6508e+13  0  883.6  -6.04512  0  0  0.608132  0  3.98062  0.327677  0  0  0.0335512  0  0.0203866
2.6517e+13  0  883.9  -5.99629  0  0  0.61316  0  3.98676  0.324606  0  0  0.0334891  0  0.0205523
2.6526e+13  0  884.2  -5.94792  0  0  0.618178  0  3.99295  0.321579  0  0  0.0334272  0  0.02072
2.6535e+13  0  884.5  -5.9  0  0  0.623187  0  3.99919  0.318593  0  0  0.0333655  0  0.0208897
2.6544e+13  0  884.8  -5.85253  0  0  0.628187  0  4.00548  0.315649  0  0  0.0333039  0  0.0210615
2.6553e+13  0  885.1  -5.80549  0  0  0.633177  0  4.01182  0.312745  0  0  0.0332425  0  0.0212355
2.6562e+13  0  885.4  -5.75888  0  0  0.638159  0  4.01821  0.309881  0  0  0.0331812  0  0.0214116
2.6571e+13  0  885.7  -5.71269  0  0  0.643131  0  4.02466  0.307057  0  0  0.0331202  0  0.0215899
2.658e+13  0  886  -5.66693  0  0  0.648094  0  4.03116  0.30427  0  0  0.0330592  0  0.0217705
2.6589e+13  0  886.3  -5.62158  0  0  0.653048  0  4.03772  0.301521  0  0  0.0329985  0  0.0219533
2.6598e+13  0  886.6  -5.57664  0  0  0.657993  0  4.04433  0.29881  0  0  0.0329379  0  0.0221384
2.6607e+13  0  886.9  -5.5321  0  0  0.662929  0  4.051  0.296134  0  0  0.0328775  0  0.0223259
2.6616e+13  0  887.2  -5.48795  0  0  0.667856  0  4.05772  0.293495  0  0  0.0328172  0  0.0225157
2.6625e+13  0  887.5  -5.4442  0  0  0.672773  0  4.0645  0.29089  0  0  0.0327571  0  0.022708
2.6634e+13  0  887.8  -5.40084  0  0  0.677682  0  4.07134  0.28832  0  0  0.0326971  0  0.0229028
2.6643e+13  0  888.1  -5.35786  0  0  0.682582  0  4.07824  0.285784  0  0  0.0326374  0  0.0231
2.6652e+13  0  888.4  -5.31525  0  0  0.687472  0  4.08519  0.283281  0  0  0.0325777  0  0.0232999
2.6661e+13  0  888.7  -5.27301  0  0  0.692354  0  4.09221  0.280811  0  0  0.0325182  0  0.0235023
2.667e+13  0  889  -5.23115  0  0  0.697227  0  4.09929  0.278372  0  0  0.0324589  0  0.0237074
2.6679e+13  0  889.3  -5.18964  0  0  0.702091  0  4.10643  0.275966  0  0  0.0323998  0  0.0239151
2.6688e+13  0  889.6  -5.14849  0  0  0.706947  0  4.11363  0.27359  0  0  0.0323408  0  0.0241256
2.6697e+13  0  889.9  -5.1077  0  0  0.711793  0  4.1209  0.271245  0  0  0.0322819  0  0.0243389
2.6706e+13  0  890.2  -5.06725  0  0  0.71663  0  4.12823  0.26893  0  0  0.0322232  0  0.024555
2.6715e+13  0  890.5  -5.02715  0  0  0.721459  0  4.13563  0.266644  0  0  0.0321647  0  0.0247741
2.6724e+13  0  890.8  -4.98739  0  0  0.726279  0  4.14309  0.264388  0  0  0.0321063  0  0.024996
2.6733e+13  0  891.1  -4.94796  0  0  0.73109  0  4.15062  0.262159  0  0  0.0320481  0  0.0252209
2.6742e+13  0  891.4  -4.90886  0  0  0.735893  0  4.15822  0.259959  0  0  0.03199  0  0.0254489
2.6751e+13  0  891.7  -4.87009  0  0  0.740687  0  4.16588  0.257786  0  0  0.0319321  0  0.02568
2.676e+13  0  892  -4.83164  0  0  0.745472  0  4.17362  0.255641  0  0  0.0318743  0  0.0259143
2.6769e+13  0  892.3  -4.79352  0  0  0.750248  0  4.18142  0.253522  0  0  0.0318167  0  0.0261517
2.6778e+13  0  892.6  -4.7557  0  0  0.755016  0  4.1893  0.251429  0  0  0.0317592  0  0.0263925
2.6787e+13  0  892.9  -4.7182  0  0  0.759775  0  4.19725  0.249362  0  0  0.0317019  0  0.0266365
2.6796e+13  0  893.2  -4.68101  0  0  0.764526  0  4.20528  0.24732  0  0  0.0316447  0  0.026884
2.6805e+13  0  893.5  -4.64411  0  0  0.769268  0  4.21337  0.245303  0  0  0.0315877  0  0.0271349
2.6814e+13  0  893.8  -4.60752  0  0  0.774002  0  4.22155  0.243311  0  0  0.0315308  0  0.0273894
2.6823e+13  0  894.1  -4.57123  0  0  0.778727  0  4.2298  0.241343  0  0  0.031474  0  0.0276474
2.6832e+13  0  894.4  -4.53522  0  0  0.783443  0  4.23813  0.239399  0  0  0.0314175  0  0.0279091
2.6841e+13  0  894.7  -4.49951  0  0  0.788151  0  4.24654  0.237478  0  0  0.031361  0  0.0281745
2.685e+13  0  895  -4.46408  0  0  0.792851  0  4.25503  0.23558  0  0  0.0313047  0  0.0284438
2.6859e+13  0  895.3  -4.42894  0  0  0.797542  0  4.2636  0.233704  0  0  0.0312486  0  0.0287169
2.6868e+13  0  895.6  -4.39407  0  0  0.802225  0  4.27225  0.231851  0  0  0.0311926  0  0.0289939
2.6877e+13  0  895.9  -4.35948  0  0  0.806899  0  4.28098  0.23002  0  0  0.0311368  0  0.029275
2.6886e+13  0  896.2  -4.32516  0  0  0.811565  0  4.2898  0.22821  0  0  0.0310811  0  0.0295602
2.6895e+13  0  896.5  -4.29111  0  0  0.816223  0  4.29871  0.226421  0  0  0.0310255  0  0.0298495
2.6904e+13  0  896.8  -4.25732  0  0  0.820872  0  4.3077  0.224654  0  0  0.0309701  0  0.0301431
2.6913e+13  0  897.1  -4.2238  0  0  0.825513  0  4.31679  0.222907  0  0  0.0309148  0  0.0304411
2.6922e+13  0  897.4  -4.19054  0  0  0.830146  0  4.32596  0.22118  0  0  0.0308597  0  0.0307435
2.6931e+13  0  897.7  -4.15754  0  0  0.834771  0  4.33522  0.219473  0  0  0.0308047  0  0.0310504
2.694e+13  0  898  -4.12479  0  0  0.839387  0  4.34458  0.217786  0  0  0.0307498  0  0.0313619
2.6949e+13  0  898.3  -4.09229  0  0  0.843995  0  4.35403  0.216118  0  0  0.0306951  0  0.0316782
2.6958e+13  0  898.6  -4.06003  0  0  0.848595  0  4.36358  0.21447  0  0  0.0306406  0  0.0319992
2.6967e+13  0  898.9  -4.02803  0  0  0.853186  0  4.37322  0.21284  0  0  0.0305861  0  0.0323252
2.6976e+13  0  899.2  -3.99626  0  0  0.85777  0  4.38296  0.211228  0  0  0.0305319  0  0.0326561
2.6985e+13  0  899.5  -3.96474  0  0  0.862345  0  4.3928  0.209635  0  0  0.0304777  0  0.0329922
2.6994e+13  0  899.8  -3.93345  0  0  0.866913  0  4.40275  0.208059  0  0  0.0304237  0  0.0333334
2.7003e+13  0  900.1  -3.9024  0  0  0.871472  0  4.41279  0.206502  0  0  0.0303698  0  0.03368
2.7012e+13  0  900.4  -3.87158  0  0  0.876023  0  4.42294  0.204961  0  0  0.0303161  0  0.034032
2.7021e+13  0  900.7  -3.84099  0  0  0.880566  0  4.4332  0.203438  0  0  0.0302625  0  0.0343895
2.703e+13  0  901  -3.81062  0  0  0.885101  0  4.44356  0.201932  0  0  0.0302091  0  0.0347527
2.7039e+13  0  901.3  -3.78048  0  0  0.889628  0  4.45404  0.200442  0  0  0.0301557  0  0.0351217
2.7048e+13  0  901.6  -3.75056  0  0  0.894147  0  4.46462  0.198969  0  0  0.0301025  0  0.0354966
2.7057e+13  0  901.9  -3.72086  0  0  0.898658  0  4.47532  0.197511  0  0  0.0300495  0  0.0358775
2.7066e+13  0  902.2  -3.69138  0  0  0.903162  0  4.48614  0.19607  0  0  0.0299966  0  0.0362645
2.7075e+13  0  902.5  -3.66211  0  0  0.907657  0  4.49707  0.194645  0  0  0.0299438  0  0.0366579
2.7084e+13  0  902.8  -3.63305  0  0  0.912144  0  4.50812  0.193234  0  0  0.0298912  0  0.0370577
2.7093e+13  0  903.1  -3.6042  0  0  0.916624  0  4.51929  0.19184  0  0  0.0298387  0  0.037464
2.7102e+13  0  903.4  -3.57556  0  0  0.921095  0  4.53058  0.19046  0  0  0.0297863  0  0.0378771
2.7111e+13  0  903.7  -3.54713  0  0  0.925559  0  4.542  0.189095  0  0  0.029734  0  0.038297
2.712e+13  0  904  -3.5189  0  0  0.930015  0  4.55355  0.187744  0  0  0.0296819  0  0.0387239
2.7129e+13  0  904.3  -3.49087  0  0  0.934463  0  4.56522  0.186408  0  0  0.0296299  0  0.039158
2.7138e+13  0  904.6  -3.46304  0  0  0.938903  0  4.57703  0.185086  0  0  0.0295781  0  0.0395995
2.7147e+13  0  904.9  -3.43541  0  0  0.943336  0  4.58896  0.183778  0  0  0.0295264  0  0.0400484
2.7156e+13  0  905.2  -3.40797  0  0  0.947761  0  4.60104  0.182484  0  0  0.0294748  0  0.040505
2.7165e+13  0  905.5  -3.38072  0  0  0.952178  0  4.61325  0.181203  0  0  0.0294233  0  0.0409695
2.7174e+13  0  905.8  -3.35367  0  0  0.956587  0  4.6256  0.179936  0  0  0.029372  0  0.041442
2.7183e+13  0  906.1  -3.3268  0  0  0.960989  0  4.6381  0.178682  0  0  0.0293208  0  0.0419226
2.7192e+13  0  906.4  -3.30012  0  0  0.965383  0  4.65074  0.177441  0  0  0.0292697  0  0.0424118
2.7201e+13  0  906.7  -3.27362  0  0  0.969769  0  4.66353  0.176213  0  0  0.0292188  0  0.0429095
2.721e+13  0  907  -3.24731  0  0  0.974148  0  4.67647  0.174998  0  0  0.029168  0  0.043416
2.7219e+13  0  907.3  -3.22118  0  0  0.978519  0  4.68956  0.173795  0  0  0.0291173  0  0.0439315
2.7228e+13  0  907.6  -3.19523  0  0  0.982882  0  4.70281  0.172604  0  0  0.0290667  0  0.0444562
2.7237e+13  0  907.9  -3.16945  0  0  0.987238  0  4.71621  0.171426  0  0  0.0290163  0  0.0449904
2.7246e+13  0  908.2  -3.14385  0  0  0.991587  0  4.72978  0.170259  0  0  0.028966  0  0.0455343
2.7255e+13  0  908.5  -3.11842  0  0  0.995928  0  4.74351  0.169105  0  0  0.0289158  0  0.0460881
2.7264e+13  0  908.8  -3.09317  0  0  1.00026  0  4.75741  0.167962  0  0  0.0288658  0  0.046652
2.7273e+13  0  909.1  -3.06809  0  0  1.00459  0  4.77148  0.166831  0  0  0.0288159  0  0.0472264
2.7282e+13  0  909.4  -3.04317  0  0  1.00891  0  4.78572  0.165711  0  0  0.028766  0  0.0478114
2.7291e+13  0  909.7  -3.01842  0  0  1.01322  0  4.80014  0.164602  0  0  0.0287164  0  0.0484073
2.73e+13  0  910  -2.99384  0  0  1.01752  0  4.81474  0.163504  0  0  0.0286668  0  0.0490145
2.7309e+13  0  910.3  -2.96942  0  0  1.02182  0  4.82953  0.162417  0  0  0.0286174  0  0.0496331
2.7318e+13  0  910.6  -2.94516  0  0  1.0261  0  4.8445  0.161341  0  0  0.0285681  0  0.0502635
2.7327e+13  0  910.9  -2.92106  0  0  1.03039  0  4.85966  0.160276  0  0  0.0285189  0  0.050906
2.7336e+13  0  911.2  -2.89713  0  0  1.03466  0  4.87502  0.159221  0  0  0.0284698  0  0.0515609
2.7345e+13  0  911.5  -2.87334  0  0  1.03893  0  4.89057  0.158176  0  0  0.0284209  0  0.0522284
2.7354e+13  0  911.8  -2.84972  0  0  1.04318  0  4.90633  0.157142  0  0  0.0283721  0  0.052909
2.7363e+13  0  912.1  -2.82625  0  0  1.04744  0  4.92229  0.156118  0  0  0.0283234  0  0.053603
2.7372e+13  0  912.4  -2.80293  0  0  1.05168  0  4.93846  0.155103  0  0  0.0282748  0  0.0543108
2.7381e+13  0  912.7  -2.77976  0  0  1.05592  0  4.95484  0.154099  0  0  0.0282263  0  0.0550326
2.739e+13  0  913  -2.75674  0  0  1.06015  0  4.97145  0.153104  0  0  0.028178  0  0.0557689
2.7399e+13  0  913.3  -2.73387  0  0  1.06437  0  4.98827  0.152119  0  0  0.0281298  0  0.0565201
2.7408e+13  0  913.6  -2.71114  0  0  1.06859  0  5.00533  0.151143  0  0  0.0280817  0  0.0572865
2.7417e+13  0  913.9  -2.68857  0  0  1.0728  0  5.02261  0.150177  0  0  0.0280337  0  0.0580686
2.7426e+13  0  914.2  -2.66613  0  0  1.077  0  5.04013  0.149219  0  0  0.0279858  0  0.0588668
2.7435e+13  0  914.5  -2.64384  0  0  1.08119  0  5.0579  0.148271  0  0  0.0279381  0  0.0596816
2.7444e+13  0  914.8  -2.62169  0  0  1.08538  0  5.07591  0.147332  0  0  0.0278905  0  0.0605134
2.7453e+13  0  915.1  -2.59968  0  0  1.08956  0  5.09417  0.146402  0  0  0.027843  0  0.0613628
2.7462e+13  0  915.4  -2.57781  0  0  1.09373  0  5.11269  0.14548  0  0  0.0277956  0  0.0622301
2.7471e+13  0  915.7  -2.55607  0  0  1.0979  0  5.13147  0.144567  0  0  0.0277483  0  0.0631159
2.748e+13  0  916  -2.53448  0  0  1.10205  0  5.15051  0.143663  0  0  0.0277011  0  0.0640207
2.7489e+13  0  916.3  -2.51301  0  0  1.10621  0  5.16984  0.142767  0  0  0.0276541  0  0.0649452
2.7498e+13  0  916.6  -2.49168  0  0  1.11035  0  5.18944  0.14188  0  0  0.0276072  0  0.0658897
2.7507e+13  0  916.9  -2.47048  0  0  1.11449  0  5.20933  0.141  0  0  0.0275603  0  0.0668551
2.7516e+13  0  917.2  -2.44942  0  0  1.11862  0  5.22951  0.140129  0  0  0.0275136  0  0.0678417
2.7525e+13  0  917.5  -2.42848  0  0  1.12274  0  5.24999  0.139266  0  0  0.0274671  0  0.0688504
2.7534e+13  0  917.8  -2.40767  0  0  1.12686  0  5.27077  0.138411  0  0  0.0274206  0  0.0698817
2.7543e+13  0  918.1  -2.38699  0  0  1.13097  0  5.29186  0.137563  0  0  0.0273742  0  0.0709364
2.7552e+13  0  918.4  -2.36644  0  0  1.13507  0  5.31328  0.136724  0  0  0.027328  0  0.0720151
2.7561e+13  0  918.7  -2.34601  0  0  1.13916  0  5.33502  0.135892  0  0  0.0272819  0  0.0731185
2.757e+13  0  919  -2.3257  0  0  1.14325  0  5.3571  0.135067  0  0  0.0272358  0  0.0742475
2.7579e+13  0  919.3  -2.30552  0  0  1.14733  0  5.37951  0.13425  0  0  0.0271899  0  0.0754029
2.7588e+13  0  919.6  -2.28546  0  0  1.15141  0  5.40228  0.13344  0  0  0.0271441  0  0.0765854
2.7597e+13  0  919.9  -2.26552  0  0  1.15548  0  5.42541  0.132638  0  0  0.0270985  0  0.0777959
2.7606e+13  0  920.2  -2.2457  0  0  1.15954  0  5.4489  0.131843  0  0  0.0270529  0  0.0790353
2.7615e+13  0  920.5  -2.226  0  0  1.16359  0  5.47276  0.131055  0  0  0.0270074  0  0.0803046
2.7624e+13  0  920.8  -2.20642  0  0  1.16764  0  5.49701  0.130274  0  0  0.0269621  0  0.0816047
2.7633e+13  0  921.1  -2.18695  0  0  1.17168  0  5.52166  0.1295  0  0  0.0269168  0  0.0829365
2.7642e+13  0  921.4  -2.1676  0  0  1.17571  0  5.54671  0.128732  0  0  0.0268717  0  0.0843013
2.7651e+13  0  921.7  -2.14836  0  0  1.17974  0  5.57217  0.127972  0  0  0.0268267  0  0.0856999
2.766e+13  0  922  -2.12923  0  0  1.18376  0  5.59805  0.127218  0  0  0.0267817  0  0.0871337
2.7669e+13  0  922.3  -2.11022  0  0  1.18778  0  5.62437  0.126471  0  0  0.0267369  0  0.0886037
2.7678e+13  0  922.6  -2.09132  0  0  1.19178  0  5.65113  0.12573  0  0  0.0266922  0  0.0901112
2.7687e+13  0  922.9  -2.07253  0  0  1.19578  0  5.67835  0.124996  0  0  0.0266476  0  0.0916574
2.7696e+13  0  923.2  -2.05385  0  0  1.19978  0  5.70604  0.124268  0  0  0.0266032  0  0.0932438
2.7705e+13  0  923.5  -2.03528  0  0  1.20376  0  5.73421  0.123547  0  0  0.0265588  0  0.0948717
2.7714e+13  0  923.8  -2.01681  0  0  1.20774  0  5.76287  0.122832  0  0  0.0265145  0  0.0965426
2.7723e+13  0  924.1  -1.99846  0  0  1.21172  0  5.79204  0.122123  0  0  0.0264704  0  0.098258
2.7732e+13  0  924.4  -1.9802  0  0  1.21568  0  5.82173  0.12142  0  0  0.0264263  0  0.10002
2.7741e+13  0  924.7  -1.96206  0  0  1.21964  0  5.85195  0.120723  0  0  0.0263823  0  0.101829
2.775e+13  0  925  -1.94401  0  0  1.2236  0  5.88272  0.120032  0  0  0.0263385  0  0.103688
2.7759e+13  0  925.3  -1.92607  0  0  1.22755  0  5.91406  0.119347  0  0  0.0262948  0  0.105598
2.7768e+13  0  925.6  -1.90824  0  0  1.23149  0  5.94597  0.118668  0  0  0.0262511  0  0.107561
2.7777e+13  0  925.9  -1.8905  0  0  1.23542  0  5.97848  0.117994  0  0  0.0262076  0  0.10958
2.7786e+13  0  926.2  -1.87286  0  0  1.23935  0  6.0116  0.117326  0  0  0.0261642  0  0.111655
2.7795e+13  0  926.5  -1.85533  0  0  1.24327  0  6.04534  0.116664  0  0  0.0261208  0  0.113791
2.7804e+13  0  926.8  -1.83789  0  0  1.24718  0  6.07974  0.116008  0  0  0.0260776  0  0.115988
2.7813e+13  0  927.1  -1.82055  0  0  1.25109  0  6.1148  0.115357  0  0  0.0260345  0  0.118249
2.7822e+13  0  927.4  -1.8033  0  0  1.25499  0  6.15055  0.114711  0  0  0.0259915  0  0.120578
2.7831e+13  0  927.7  -1.78616  0  0  1.25889  0  6.187  0.114071  0  0  0.0259486  0  0.122975
2.784e+13  0  928  -1.76911  0  0  1.26278  0  6.22418  0.113436  0  0  0.0259058  0  0.125445
2.7849e+13  0  928.3  -1.75215  0  0  1.26666  0  6.26211  0.112806  0  0  0.025863  0  0.12799
2.7858e+13  0  928.6  -1.73529  0  0  1.27054  0  6.30081  0.112182  0  0  0.0258204  0  0.130613
2.7867e+13  0  928.9  -1.71852  0  0  1.27441  0  6.3403  0.111563  0  0  0.0257779  0  0.133317
2.7876e+13  0  929.2  -1.70184  0  0  1.27827  0  6.38062  0.110949  0  0  0.0257355  0  0.136107
2.7885e+13  0  929.5  -1.68526  0  0  1.28213  0  6.42178  0.11034  0  0  0.0256932  0  0.138984
2.7894e+13  0  929.8  -1.66876  0  0  1.28598  0  6.46381  0.109735  0  0  0.025651  0  0.141954
2.7903e+13  0  930.1  -1.65236  0  0  1.28982  0  6.50674  0.109136  0  0  0.0256089  0  0.14502
2.7912e+13  0  930.4  -1.63604  0  0  1.29366  0  6.55061  0.108542  0  0  0.0255669  0  0.148186
2.7921e+13  0  930.7  -1.61981  0  0  1.29749  0  6.59543  0.107952  0  0  0.025525  0  0.151458
2.793e+13  0  931  -1.60368  0  0  1.30132  0  6.64125  0.107368  0  0  0.0254832  0  0.154838
2.7939e+13  0  931.3  -1.58763  0  0  1.30514  0  6.68809  0.106788  0  0  0.0254415  0  0.158333
2.7948e+13  0  931.6  -1.57166  0  0  1.30895  0  6.736  0.106212  0  0  0.0253999  0  0.161948
2.7957e+13  0  931.9  -1.55578  0  0  1.31276  0  6.785  0.105642  0  0  0.0253584  0  0.165687
2.7966e+13  0  932.2  -1.53999  0  0  1.31656  0  6.83513  0.105075  0  0  0.025317  0  0.169558
2.7975e+13  0  932.5  -1.52428  0  0  1.32035  0  6.88644  0.104514  0  0  0.0252756  0  0.173566
2.7984e+13  0  932.8  -1.50865  0  0  1.32414  0  6.93896  0.103957  0  0  0.0252344  0  0.177717
2.7993e+13  0  933.1  -1.49311  0  0  1.32792  0  6.99275  0.103404  0  0  0.0251933  0  0.182019
2.8002e+13  0  933.4  -1.47765  0  0  1.3317  0  7.04784  0.102856  0  0  0.0251523  0  0.186479
2.8011e+13  0  933.7  -1.46227  0  0  1.33547  0  7.10428  0.102312  0  0  0.0251113  0  0.191105
2.802e+13  0  934  -1.44698  0  0  1.33923  0  7.16213  0.101772  0  0  0.0250705  0  0.195905
2.8029e+13  0  934.3  -1.43176  0  0  1.34299  0  7.22144  0.101236  0  0  0.0250298  0  0.200888
2.8038e+13  0  934.6  -1.41662  0  0  1.34674  0  7.28225  0.100705  0  0  0.0249891  0  0.206064
2.8047e+13  0  934.9  -1.40157  0  0  1.35048  0  7.34464  0.100178  0  0  0.0249486  0  0.211442
2.8056e+13  0  935.2  -1.38659  0  0  1.35422  0  7.40867  0.099655  0  0  0.0249081  0  0.217033
2.8065e+13  0  935.5  -1.37169  0  0  1.35795  0  7.47439  0.0991361  0  0  0.0248678  0  0.222848
2.8074e+13  0  935.8  -1.35687  0  0  1.36168  0  7.54187  0.0986212  0  0  0.0248275  0  0.228901
2.8083e+13  0  936.1  -1.34212  0  0  1.3654  0  7.61119  0.0981103  0  0  0.0247873  0  0.235203
2.8092e+13  0  936.4  -1.32745  0  0  1.36912  0  7.68243  0.0976033  0  0  0.0247473  0  0.241769
2.8101e+13  0  936.7  -1.31286  0  0  1.37283  0  7.75566  0.0971002  0  0  0.0247073  0  0.248613
2.811e+13  0  937  -1.29834  0  0  1.37653  0  7.83097  0.096601  0  0  0.0246674  0  0.255752
2.8119e+13  0  937.3  -1.28389  0  0  1.38023  0  7.90845  0.0961056  0  0  0.0246276  0  0.263202
2.8128e+13  0  937.6  -1.26952  0  0  1.38392  0  7.98819  0.095614  0  0  0.0245879  0  0.270983
2.8137e+13  0  937.9  -1.25523  0  0  1.3876  0  8.07029  0.0951261  0  0  0.0245483  0  0.279113
2.8146e+13  0  938.2  -1.241  0  0  1.39128  0  8.15487  0.094642  0  0  0.0245088  0  0.287615
2.8155e+13  0  938.5  -1.22685  0  0  1.39495  0  8.24202  0.0941615  0  0  0.0244693  0  0.296511
2.8164e+13  0  938.8  -1.21277  0  0  1.39862  0  8.33188  0.0936847  0  0  0.02443  0  0.305825
2.8173e+13  0  939.1  -1.19876  0  0  1.40228  0  8.42457  0.0932114  0  0  0.0243907  0  0.315585
2.8182e+13  0  939.4  -1.18482  0  0  1.40594  0  8.52022  0.0927418  0  0  0.0243516  0  0.325819
2.8191e+13  0  939.7  -1.17095  0  0  1.40959  0  8.61898  0.0922756  0  0  0.0243125  0  0.336558
2.82e+13  0  940  -1.15715  0  0  1.41323  0  8.72101  0.091813  0  0  0.0242735  0  0.347837
2.8209e+13  0  940.3  -1.14342  0  0  1.41687  0  8.82646  0.0913538  0  0  0.0242347  0  0.359691
2.8218e+13  0  940.6  -1.12976  0  0  1.4205  0  8.93551  0.090898  0  0  0.0241959  0  0.372162
2.8227e+13  0  940.9  -1.11617  0  0  1.42413  0  9.04835  0.0904456  0  0  0.0241572  0  0.385291
2.8236e+13  0  941.2  -1.10264  0  0  1.42775  0  9.16518  0.0899965  0  0  0.0241185  0  0.399127
2.8245e+13  0  941.5  -1.08918  0  0  1.43136  0  9.28621  0.0895508  0  0  0.02408  0  0.413721
2.8254e+13  0  941.8  -1.07579  0  0  1.43497  0  9.41167  0.0891084  0  0  0.0240416  0  0.429128
2.8263e+13  0  942.1  -1.06247  0  0  1.43857  0  9.54181  0.0886692  0  0  0.0240032  0  0.445412
2.8272e+13  0  942.4  -1.04921  0  0  1.44217  0  9.6769  0.0882333  0  0  0.0239649  0  0.462639
2.8281e+13  0  942.7  -1.03601  0  0  1.44576  0  9.81722  0.0878005  0  0  0.0239268  0  0.480884
2.829e+13  0  943  -1.02288  0  0  1.44935  0  9.96309  0.0873709  0  0  0.0238887  0  0.500227
2.8299e+13  0  943.3  -1.00981  0  0  1.45293  0  10.1148  0.0869445  0  0  0.0238507  0  0.52076
2.8308e+13  0  943.6  -0.99681  0  0  1.4565  0  10.2728  0.0865211  0  0  0.0238128  0  0.542581
2.8317e+13  0  943.9  -0.98387  0  0  1.46007  0  10.4374  0.0861008  0  0  0.0237749  0  0.565801
2.8326e+13  0  944.2  -0.970993  0  0  1.46364  0  10.609  0.0856836  0  0  0.0237372  0  0.590541
2.8335e+13  0  944.5  -0.958178  0  0  1.46719  0  10.7882  0.0852694  0  0  0.0236995  0  0.616936
2.8344e+13  0  944.8  -0.945425  0  0  1.47075  0  10.9753  0.0848581  0  0  0.023662  0  0.645138
2.8353e+13  0  945.1  -0.932734  0  0  1.47429  0  11.171  0.0844498  0  0  0.0236245  0  0.675315
2.8362e+13  0  945.4  -0.920103  0  0  1.47783  0  11.3759  0.0840445  0  0  0.0235871  0  0.707655
2.8371e+13  0  945.7  -0.907533  0  0  1.48137  0  11.5905  0.083642  0  0  0.0235498  0  0.742369
2.838e+13  0  946  -0.895023  0  0  1.4849  0  11.8157  0.0832424  0  0  0.0235126  0  0.779695
2.8389e+13  0  946.3  -0.882573  0  0  1.48842  0  12.0522  0.0828457  0  0  0.0234754  0  0.819902
2.8398e+13  0  946.6  -0.870182  0  0  1.49194  0  12.3008  0.0824517  0  0  0.0234384  0  0.863292
2.8407e+13  0  946.9  -0.85785  0  0  1.49545  0  12.5626  0.0820606  0  0  0.0234014  0  0.910211
2.8416e+13  0  947.2  -0.845576  0  0  1.49896  0  12.8385  0.0816722  0  0  0.0233645  0  0.961049
2.8425e+13  0  947.5  -0.83336  0  0  1.50246  0  13.1298  0.0812866  0  0  0.0233277  0  1.01625
2.8434e+13  0  947.8  -0.821202  0  0  1.50596  0  13.4377  0.0809036  0  0  0.023291  0  1.07634
2.8443e+13  0  948.1  -0.809101  0  0  1.50945  0  13.7638  0.0805234  0  0  0.0232543  0  1.1419
2.8452e+13  0  948.4  -0.797057  0  0  1.51293  0  14.1096  0.0801458  0  0  0.0232178  0  1.21361
2.8461e+13  0  948.7  -0.785069  0  0  1.51641  0  14.477  0.0797709  0  0  0.0231813  0  1.29227
2.847e+13  0  949  -0.773137  0  0  1.51989  0  14.868  0.0793985  0  0  0.0231449  0  1.37879
2.8479e+13  0  949.3  -0.761261  0  0  1.52336  0  15.2849  0.0790288  0  0  0.0231086  0  1.47427
2.8488e+13  0  949.6  -0.749439  0  0  1.52682  0  15.7304  0.0786616  0  0  0.0230724  0  1.57996
2.8497e+13  0  949.9  -0.737673  0  0  1.53028  0  16.2074  0.078297  0  0  0.0230362  0  1.69739
2.8506e+13  0  950.2  -0.725961  0  0  1.53373  0  16.7195  0.0779349  0  0  0.0230001  0  1.82832
2.8515e+13  0  950.5  -0.714304  0  0  1.53718  0  17.2704  0.0775753  0  0  0.0229642  0  1.97492
2.8524e+13  0  950.8  -0.7027  0  0  1.54062  0  17.8646  0.0772181  0  0  0.0229283  0  2.13976
2.8533e+13  0  951.1  -0.691149  0  0  1.54406  0  18.5075  0.0768634  0  0  0.0228924  0  2.32598
2.8542e+13  0  951.4  -0.679651  0  0  1.54749  0  19.2049  0.0765111  0  0  0.0228567  0  2.5374
2.8551e+13  0  951.7  -0.668206  0  0  1.55091  0  19.9641  0.0761613  0  0  0.022821  0  2.77876
2.856e+13  0  952  -0.656813  0  0  1.55433  0  20.7932  0.0758138  0  0  0.0227855  0  3.05591
2.8569e+13  0  952.3  -0.645473  0  0  1.55775  0  21.7021  0.0754687  0  0  0.02275  0  3.37622
2.8578e+13  0  952.6  -0.634183  0  0  1.56116  0  22.7021  0.0751259  0  0  0.0227145  0  3.74903
2.8587e+13  0  952.9  -0.622945  0  0  1.56456  0  23.8073  0.0747854  0  0  0.0226792  0  4.1863
2.8596e+13  0  953.2  -0.611758  0  0  1.56796  0  25.0339  0.0744472  0  0  0.0226439  0  4.70355
2.8605e+13  0  953.5  -0.600621  0  0  1.57135  0  26.4018  0.0741113  0  0  0.0226087  0  5.32117
2.8614e+13  0  953.8  -0.589534  0  0  1.57474  0  27.9347  0.0737777  0  0  0.0225736  0  6.06634
2.8623e+13  0  954.1  -0.578497  0  0  1.57813  0  29.6614  0.0734463  0  0  0.0225386  0  6.97585
2.8632e+13  0  954.4  -0.56751  0  0  1.5815  0  31.6162  0.0731171  0  0  0.0225037  0  8.10033
2.8641e+13  0  954.7  -0.556572  0  0  1.58488  0  33.8398  0.0727901  0  0  0.0224688  0  9.51076
2.865e+13  0  955  -0.545683  0  0  1.58824  0  36.379  0.0724653  0  0  0.022434  0  11.3086
2.8659e+13  0  955.3  -0.534842  0  0  1.59161  0  39.2843  0.0721427  0  0  0.0223993  0  13.6416
2.8668e+13  0  955.6  -0.524049  0  0  1.59496  0  42.6015  0.0718222  0  0  0.0223646  0  16.7296
2.8677e+13  0  955.9  -0.513304  0  0  1.59832  0  46.3488  0.0715038  0  0  0.0223301  0  20.905
2.8686e+13  0  956.2  -0.502607  0  0  1.60166  0  50.4596  0.0711875  0  0  0.0222956  0  26.6747
2.8695e+13  0  956.5  -0.491957  0  0  1.605  0  54.6432  0.0708733  0  0  0.0222612  0  34.8015
2.8704e+13  0  956.8  -0.481354  0  0  1.60834  0  58.062  0.0705612  0  0  0.0222268  0  46.356
2.8713e+13  0  957.1  -0.470798  0  0  1.61167  0  58.6686  0.0702511  0  0  0.0221926  0  62.4913
2.8722e+13  0  957.4  -0.460288  0  0  1.615  0  52.3138  0.069943  0  0  0.0221584  0  83.1637
2.8731e+13  0  957.7  -0.449824  0  0  1.61832  0  33.5286  0.069637  0  0  0.0221243  0  103.746
2.874e+13  0  958  -0.439406  0  0  1.62164  0  2.4  0.0693329  0  0  0.0220903  0  113.051
2.8749e+13  0  958.3  -0.429033  0  0  1.62495  0  -28.701  0.0690308  0  0  0.0220563  0  103.686
2.8758e+13  0  958.6  -0.418705  0  0  1.62825  0  -47.4367  0.0687307  0  0  0.0220224  0  83.0871
2.8767e+13  0  958.9  -0.408422  0  0  1.63155  0  -53.7574  0.0684325  0  0  0.0219886  0  62.4264
2.8776e+13  0  959.2  -0.398184  0  0  1.63485  0  -53.1353  0.0681363  0  0  0.0219549  0  46.3084
2.8785e+13  0  959.5  -0.38799  0  0  1.63814  0  -49.7113  0.067842  0  0  0.0219212  0  34.768
2.8794e+13  0  959.8  -0.377839  0  0  1.64142  0  -45.5269  0.0675495  0  0  0.0218877  0  26.651
2.8803e+13  0  960.1  -0.367733  0  0  1.6447  0  -41.417  0.0672589  0  0  0.0218542  0  20.8881
2.8812e+13  0  960.4  -0.35767  0  0  1.64798  0  -37.6712  0.0669702  0  0  0.0218207  0  16.7172
2.8821e+13  0  960.7  -0.34765  0  0  1.65125  0  -34.3555  0.0666834  0  0  0.0217874  0  13.6323
2.883e+13  0  961  -0.337673  0  0  1.65452  0  -31.4515  0.0663983  0  0  0.0217541  0  11.3015
2.8839e+13  0  961.3  -0.327738  0  0  1.65778  0  -28.9135  0.0661151  0  0  0.0217209  0  9.50525
2.8848e+13  0  961.6  -0.317846  0  0  1.66103  0  -26.6909  0.0658337  0  0  0.0216877  0  8.09597
2.8857e+13  0  961.9  -0.307996  0  0  1.66428  0  -24.737  0.065554  0  0  0.0216546  0  6.97234
2.8866e+13  0  962.2  -0.298188  0  0  1.66753  0  -23.0111  0.0652762  0  0  0.0216217  0  6.06349
2.8875e+13  0  962.5  -0.288421  0  0  1.67077  0  -21.4787  0.0650001  0  0  0.0215887  0  5.31882
2.8884e+13  0  962.8  -0.278695  0  0  1.674  0  -20.1114  0.0647257  0  0  0.0215559  0  4.70159
2.8893e+13  0  963.1  -0.269011  0  0  1.67724  0  -18.8852  0.064453  0  0  0.0215231  0  4.18465
2.8902e+13  0  963.4  -0.259367  0  0  1.68046  0  -17.7805  0.0641821  0  0  0.0214904  0  3.74763
2.8911e+13  0  963.7  -0.249764  0  0  1.68368  0  -16.7807  0.0639128  0  0  0.0214577  0  3.37502
2.892e+13  0  964  -0.240201  0  0  1.6869  0  -15.8722  0.0636453  0  0  0.0214252  0  3.05487
2.8929e+13  0  964.3  -0.230678  0  0  1.69011  0  -15.0433  0.0633794  0  0  0.0213927  0  2.77786
2.8938e+13  0  964.6  -0.221194  0  0  1.69332  0  -14.2844  0.0631151  0  0  0.0213603  0  2.53662
2.8947e+13  0  964.9  -0.21175  0  0  1.69652  0  -13.5871  0.0628525  0  0  0.0213279  0  2.32529
2.8956e+13  0  965.2  -0.202345  0  0  1.69971  0  -12.9445  0.0625915  0  0  0.0212956  0  2.13915
2.8965e+13  0  965.5  -0.19298  0  0  1.70291  0  -12.3504  0.0623322  0  0  0.0212634  0  1.97438
2.8974e+13  0  965.8  -0.183653  0  0  1.70609  0  -11.7996  0.0620744  0  0  0.0212313  0  1.82784
2.8983e+13  0  966.1  -0.174364  0  0  1.70927  0  -11.2877  0.0618182  0  0  0.0211992  0  1.69696
2.8992e+13  0  966.4  -0.165114  0  0  1.71245  0  -10.8108  0.0615636  0  0  0.0211672  0  1.57958
2.9001e+13  0  966.7  -0.155902  0  0  1.71562  0  -10.3654  0.0613106  0  0  0.0211353  0  1.47392
2.901e+13  0  967  -0.146728  0  0  1.71879  0  -9.94856  0.0610591  0  0  0.0211034  0  1.37848
2.9019e+13  0  967.3  -0.137591  0  0  1.72195  0  -9.55766  0.0608091  0  0  0.0210716  0  1.29198
2.9028e+13  0  967.6  -0.128492  0  0  1.72511  0  -9.19037  0.0605607  0  0  0.0210399  0  1.21335
2.9037e+13  0  967.9  -0.11943  0  0  1.72827  0  -8.84463  0.0603137  0  0  0.0210082  0  1.14166
2.9046e+13  0  968.2  -0.110404  0  0  1.73142  0  -8.51863  0.0600683  0  0  0.0209766  0  1.07612
2.9055e+13  0  968.5  -0.101416  0  0  1.73456  0  -8.21074  0.0598244  0  0  0.0209451  0  1.01605
2.9064e+13  0  968.8  -0.0924636  0  0  1.7377  0  -7.9195  0.0595819  0  0  0.0209136  0  0.960865
2.9073e+13  0  969.1  -0.0835476  0  0  1.74083  0  -7.64361  0.0593409  0  0  0.0208822  0  0.910042
2.9082e+13  0  969.4  -0.0746677  0  0  1.74396  0  -7.3819  0.0591013  0  0  0.0208509  0  0.863136
2.9091e+13  0  969.7  -0.0658236  0  0  1.74709  0  -7.1333  0.0588632  0  0  0.0208197  0  0.819758
2.91e+13  0  970  -0.057015  0  0  1.75021  0  -6.89687  0.0586265  0  0  0.0207885  0  0.779561
2.9109e+13  0  970.3  -0.0482418  0  0  1.75332  0  -6.67174  0.0583912  0  0  0.0207574  0  0.742245
2.9118e+13  0  970.6  -0.0395038  0  0  1.75644  0  -6.45712  0.0581574  0  0  0.0207263  0  0.707539
2.9127e+13  0  970.9  -0.0308007  0  0  1.75954  0  -6.25231  0.0579249  0  0  0.0206953  0  0.675207
2.9136e+13  0  971.2  -0.0221324  0  0  1.76264  0  -6.05663  0.0576938  0  0  0.0206644  0  0.645038
2.9145e+13  0  971.5  -0.0134986  0  0  1.76574  0  -5.86951  0.0574641  0  0  0.0206336  0  0.616842
2.9154e+13  0  971.8  -0.00489918  0  0  1.76883  0  -5.69039  0.0572357  0  0  0.0206028  0  0.590453
2.9163e+13  0  972.1  0.00366615  0  0  1.77192  0  -5.51878  0.0570087  0  0  0.0205721  0  0.565718
2.9172e+13  0  972.4  0.0121975  0  0  1.775  0  -5.35421  0.056783  0  0  0.0205414  0  0.542504
2.9181e+13  0  972.7  0.0206952  0  0  1.77808  0  -5.19627  0.0565587  0  0  0.0205108  0  0.520687
2.919e+13  0  973  0.0291594  0  0  1.78116  0  -5.04455  0.0563357  0  0  0.0204803  0  0.500159
2.9199e+13  0  973.3  0.0375902  0  0  1.78423  0  -4.89871  0.056114  0  0  0.0204498  0  0.480819
2.9208e+13  0  973.6  0.0459878  0  0  1.78729  0  -4.75841  0.0558936  0  0  0.0204195  0  0.462578
2.9217e+13  0  973.9  0.0543526  0  0  1.79035  0  -4.62334  0.0556744  0  0  0.0203891  0  0.445355
2.9226e+13  0  974.2  0.0626846  0  0  1.79341  0  -4.49321  0.0554566  0  0  0.0203589  0  0.429074
2.9235e+13  0  974.5  0.070984  0  0  1.79646  0  -4.36776  0.05524  0  0  0.0203287  0  0.413669
2.9244e+13  0  974.8  0.079251  0  0  1.79951  0  -4.24675  0.0550247  0  0  0.0202985  0  0.399079
2.9253e+13  0  975.1  0.0874859  0  0  1.80255  0  -4.12993  0.0548106  0  0  0.0202685  0  0.385245
2.9262e+13  0  975.4  0.0956888  0  0  1.80559  0  -4.01711  0.0545978  0  0  0.0202384  0  0.372118
2.9271e+13  0  975.7  0.10386  0  0  1.80862  0  -3.90807  0.0543862  0  0  0.0202085  0  0.35965
2.928e+13  0  976  0.111999  0  0  1.81165  0  -3.80263  0.0541758  0  0  0.0201786  0  0.347798
2.9289e+13  0  976.3  0.120107  0  0  1.81467  0  -3.70062  0.0539666  0  0  0.0201488  0  0.336521
2.9298e+13  0  976.6  0.128184  0  0  1.81769  0  -3.60187  0.0537586  0  0  0.0201191  0  0.325783
2.9307e+13  0  976.9  0.13623  0  0  1.82071  0  -3.50622  0.0535519  0  0  0.0200894  0  0.315551
2.9316e+13  0  977.2  0.144244  0  0  1.82372  0  -3.41355  0.0533463  0  0  0.0200597  0  0.305793
2.9325e+13  0  977.5  0.152228  0  0  1.82673  0  -3.3237  0.0531418  0  0  0.0200302  0  0.29648
2.9334e+13  0  977.8  0.160182  0  0  1.82973  0  -3.23655  0.0529386  0  0  0.0200007  0  0.287586
2.9343e+13  0  978.1  0.168105  0  0  1.83273  0  -3.15198  0.0527365  0  0  0.0199712  0  0.279086
2.9352e+13  0  978.4  0.175998  0  0  1.83572  0  -3.06989  0.0525355  0  0  0.0199419  0  0.270957
2.9361e+13  0  978.7  0.18386  0  0  1.83871  0  -2.99016  0.0523357  0  0  0.0199125  0  0.263177
2.937e+13  0  979  0.191693  0  0  1.84169  0  -2.91268  0.052137  0  0  0.0198833  0  0.255728
2.9379e+13  0  979.3  0.199497  0  0  1.84467  0  -2.83738  0.0519395  0  0  0.0198541  0  0.24859
2.9388e+13  0  979.6  0.20727  0  0  1.84765  0  -2.76416  0.051743  0  0  0.019825  0  0.241747
2.9397e+13  0  979.9  0.215015  0  0  1.85062  0  -2.69293  0.0515477  0  0  0.0197959  0  0.235182
2.9406e+13  0  980.2  0.22273  0  0  1.85359  0  -2.62361  0.0513534  0  0  0.0197669  0  0.228881
2.9415e+13  0  980.5  0.230416  0  0  1.85655  0  -2.55613  0.0511603  0  0  0.0197379  0  0.222829
2.9424e+13  0  980.8  0.238073  0  0  1.85951  0  -2.49042  0.0509682  0  0  0.0197091  0  0.217014
2.9433e+13  0  981.1  0.245702  0  0  1.86246  0  -2.4264  0.0507772  0  0  0.0196802  0  0.211424
2.9442e+13  0  981.4  0.253302  0  0  1.86541  0  -2.36402  0.0505873  0  0  0.0196515  0  0.206047
2.9451e+13  0  981.7  0.260873  0  0  1.86836  0  -2.3032  0.0503984  0  0  0.0196228  0  0.200872
2.946e+13  0  982  0.268417  0  0  1.8713  0  -2.2439  0.0502105  0  0  0.0195941  0  0.19589
2.9469e+13  0  982.3  0.275932  0  0  1.87424  0  -2.18606  0.0500237  0  0  0.0195655  0  0.19109
2.9478e+13  0  982.6  0.283419  0  0  1.87717  0  -2.12962  0.049838  0  0  0.019537  0  0.186465
2.9487e+13  0  982.9  0.290879  0  0  1.8801  0  -2.07453  0.0496532  0  0  0.0195085  0  0.182005
2.9496e+13  0  983.2  0.298311  0  0  1.88302  0  -2.02075  0.0494695  0  0  0.0194801  0  0.177704
2.9505e+13  0  983.5  0.305715  0  0  1.88594  0  -1.96823  0.0492868  0  0  0.0194518  0  0.173553
2.9514e+13  0  983.8  0.313092  0  0  1.88886  0  -1.91692  0.0491051  0  0  0.0194235  0  0.169546
2.9523e+13  0  984.1  0.320442  0  0  1.89177  0  -1.86679  0.0489244  0  0  0.0193953  0  0.165676
2.9532e+13  0  984.4  0.327765  0  0  1.89468  0  -1.8178  0.0487447  0  0  0.0193671  0  0.161937
2.9541e+13  0  984.7  0.335061  0  0  1.89758  0  -1.7699  0.048566  0  0  0.019339  0  0.158322
2.955e+13  0  985  0.342331  0  0  1.90048  0  -1.72306  0.0483882  0  0  0.0193109  0  0.154828
2.9559e+13  0  985.3  0.349574  0  0  1.90337  0  -1.67724  0.0482114  0  0  0.0192829  0  0.151448
2.9568e+13  0  985.6  0.35679  0  0  1.90626  0  -1.63242  0.0480356  0  0  0.019255  0  0.148177
2.9577e+13  0  985.9  0.36398  0  0  1.90915  0  -1.58856  0.0478607  0  0  0.0192271  0  0.145011
2.9586e+13  0  986.2  0.371144  0  0  1.91203  0  -1.54563  0.0476868  0  0  0.0191993  0  0.141945
2.9595e+13  0  986.5  0.378282  0  0  1.91491  0  -1.5036  0.0475138  0  0  0.0191715  0  0.138976
2.9604e+13  0  986.8  0.385394  0  0  1.91778  0  -1.46244  0.0473417  0  0  0.0191438  0  0.136099
2.9613e+13  0  987.1  0.39248  0  0  1.92065  0  -1.42213  0.0471706  0  0  0.0191162  0  0.13331
2.9622e+13  0  987.4  0.399541  0  0  1.92351  0  -1.38263  0.0470004  0  0  0.0190886  0  0.130605
2.9631e+13  0  987.7  0.406576  0  0  1.92638  0  -1.34394  0.0468311  0  0  0.0190611  0  0.127983
2.964e+13  0  988  0.413586  0  0  1.92923  0  -1.30601  0.0466627  0  0  0.0190336  0  0.125438
2.9649e+13  0  988.3  0.420571  0  0  1.93209  0  -1.26883  0.0464952  0  0  0.0190062  0  0.122969
2.9658e+13  0  988.6  0.427531  0  0  1.93493  0  -1.23238  0.0463286  0  0  0.0189788  0  0.120571
2.9667e+13  0  988.9  0.434466  0  0  1.93778  0  -1.19664  0.0461629  0  0  0.0189515  0  0.118243
2.9676e+13  0  989.2  0.441376  0  0  1.94062  0  -1.16158  0.045998  0  0  0.0189242  0  0.115982
2.9685e+13  0  989.5  0.448262  0  0  1.94346  0  -1.12719  0.0458341  0  0  0.0188971  0  0.113785
2.9694e+13  0  989.8  0.455122  0  0  1.94629  0  -1.09344  0.045671  0  0  0.0188699  0  0.11165
2.9703e+13  0  990.1  0.461959  0  0  1.94912  0  -1.06032  0.0455088  0  0  0.0188428  0  0.109574
2.9712e+13  0  990.4  0.468771  0  0  1.95194  0  -1.02782  0.0453474  0  0  0.0188158  0  0.107556
2.9721e+13  0  990.7  0.47556  0  0  1.95476  0  -0.995906  0.0451869  0  0  0.0187888  0  0.105593
2.973e+13  0  991  0.482324  0  0  1.95758  0  -0.964574  0.0450272  0  0  0.0187619  0  0.103683
2.9739e+13  0  991.3  0.489064  0  0  1.96039  0  -0.933805  0.0448684  0  0  0.0187351  0  0.101825
2.9748e+13  0  991.6  0.495781  0  0  1.9632  0  -0.903584  0.0447104  0  0  0.0187082  0  0.100015
2.9757e+13  0  991.9  0.502473  0  0  1.966  0  -0.873897  0.0445532  0  0  0.0186815  0  0.0982541
2.9766e+13  0  992.2  0.509143  0  0  1.9688  0  -0.84473  0.0443968  0  0  0.0186548  0  0.0965389
2.9775e+13  0  992.5  0.515789  0  0  1.9716  0  -0.816069  0.0442413  0  0  0.0186282  0  0.0948682
2.9784e+13  0  992.8  0.522412  0  0  1.97439  0  -0.7879  0.0440866  0  0  0.0186016  0  0.0932405
2.9793e+13  0  993.1  0.529011  0  0  1.97718  0  -0.760212  0.0439326  0  0  0.018575  0  0.0916543
2.9802e+13  0  993.4  0.535588  0  0  1.97996  0  -0.732993  0.0437795  0  0  0.0185486  0  0.0901081
2.9811e+13  0  993.7  0.542142  0  0  1.98274  0  -0.70623  0.0436272  0  0  0.0185221  0  0.0886008
2.982e+13  0  994  0.548673  0  0  1.98552  0  -0.679912  0.0434756  0  0  0.0184958  0  0.0871309
2.9829e+13  0  994.3  0.555181  0  0  1.98829  0  -0.654028  0.0433249  0  0  0.0184694  0  0.0856973
2.9838e+13  0  994.6  0.561667  0  0  1.99106  0  -0.628568  0.0431749  0  0  0.0184432  0  0.0842988
2.9847e+13  0  994.9  0.56813  0  0  1.99382  0  -0.603521  0.0430257  0  0  0.018417  0  0.0829342
2.9856e+13  0  995.2  0.574571  0  0  1.99658  0  -0.578877  0.0428772  0  0  0.0183908  0  0.0816025
2.9865e+13  0  995.5  0.58099  0  0  1.99934  0  -0.554627  0.0427295  0  0  0.0183647  0  0.0803025
2.9874e+13  0  995.8  0.587387  0  0  2.00209  0  -0.530761  0.0425826  0  0  0.0183387  0  0.0790334
2.9883e+13  0  996.1  0.593761  0  0  2.00484  0  -0.507271  0.0424364  0  0  0.0183127  0  0.0777941
2.9892e+13  0  996.4  0.600114  0  0  2.00759  0  -0.484146  0.042291  0  0  0.0182867  0  0.0765837
2.9901e+13  0  996.7  0.606445  0  0  2.01033  0  -0.46138  0.0421463  0  0  0.0182608  0  0.0754013
2.991e+13  0  997  0.612755  0  0  2.01307  0  -0.438963  0.0420023  0  0  0.018235  0  0.0742461
2.9919e+13  0  997.3  0.619043  0  0  2.0158  0  -0.416888  0.0418591  0  0  0.0182092  0  0.0731172
2.9928e+13  0  997.6  0.625309  0  0  2.01853  0  -0.395147  0.0417166  0  0  0.0181835  0  0.0720138
2.9937e+13  0  997.9  0.631555  0  0  2.02125  0  -0.373733  0.0415748  0  0  0.0181578  0  0.0709352
2.9946e+13  0  998.2  0.637779  0  0  2.02397  0  -0.352637  0.0414338  0  0  0.0181322  0  0.0698807
2.9955e+13  0  998.5  0.643982  0  0  2.02669  0  -0.331854  0.0412934  0  0  0.0181066  0  0.0688495
2.9964e+13  0  998.8  0.650164  0  0  2.02941  0  -0.311376  0.0411538  0  0  0.018081  0  0.0678409
2.9973e+13  0  999.1  0.656325  0  0  2.03212  0  -0.291196  0.0410148  0  0  0.0180556  0  0.0668543
2.9982e+13  0  999.4  0.662465  0  0  2.03482  0  -0.271308  0.0408766  0  0  0.0180301  0  0.0658891
2.9991e+13  0  999.7  0.668585  0  0  2.03753  0  -0.251706  0.040739  0  0  0.0180048  0  0.0649446
3e+13  0  1000  0.674684  0  0  2.04022  0  -0.232384  0.0406022  0  0  0.0179794  0  0.0640202
3.0009e+13  0  1000.3  0.680762  0  0  2.04292  0  -0.213336  0.040466  0  0  0.0179542  0  0.0631155
3.0018e+13  0  1000.6  0.686821  0  0  2.04561  0  -0.194555  0.0403305  0  0  0.017929  0  0.0622298
3.0027e+13  0  1000.9  0.692859  0  0  2.0483  0  -0.176037  0.0401956  0  0  0.0179038  0  0.0613625
3.0036e+13  0  1001.2  0.698876  0  0  2.05098  0  -0.157776  0.0400615  0  0  0.0178787  0  0.0605133
3.0045e+13  0  1001.5  0.704874  0  0  2.05366  0  -0.139767  0.039928  0  0  0.0178536  0  0.0596816
3.0054e+13  0  1001.8  0.710852  0  0  2.05634  0  -0.122003  0.0397951  0  0  0.0178286  0  0.0588669
3.0063e+13  0  1002.1  0.71681  0  0  2.05901  0  -0.104482  0.0396629  0  0  0.0178036  0  0.0580687
3.0072e+13  0  1002.4  0.722748  0  0  2.06168  0  -0.0871964  0.0395314  0  0  0.0177787  0  0.0572867
3.0081e+13  0  1002.7  0.728666  0  0  2.06434  0  -0.0701429  0.0394005  0  0  0.0177538  0  0.0565203
3.009e+13  0  1003  0.734565  0  0  2.067  0  -0.0533166  0.0392703  0  0  0.017729  0  0.0557692
3.0099e+13  0  1003.3  0.740445  0  0  2.06966  0  -0.036713  0.0391407  0  0  0.0177042  0  0.055033
3.0108e+13  0  1003.6  0.746305  0  0  2.07232  0  -0.0203276  0.0390117  0  0  0.0176795  0  0.0543112
3.0117e+13  0  1003.9  0.752145  0  0  2.07496  0  -0.0041562  0.0388834  0  0  0.0176548  0  0.0536036
3.0126e+13  0  1004.2  0.757967  0  0  2.07761  0  0.0118054  0.0387557  0  0  0.0176302  0  0.0529096
3.0135e+13  0  1004.5  0.763769  0  0  2.08025  0  0.0275612  0.0386286  0  0  0.0176057  0  0.0522291
3.0144e+13  0  1004.8  0.769553  0  0  2.08289  0  0.0431151  0.0385022  0  0  0.0175811  0  0.0515616
3.0153e+13  0  1005.1  0.775317  0  0  2.08553  0  0.0584711  0.0383763  0  0  0.0175567  0  0.0509068
3.0162e+13  0  1005.4  0.781063  0  0  2.08816  0  0.0736329  0.0382511  0  0  0.0175322  0  0.0502643
3.0171e+13  0  1005.7  0.78679  0  0  2.09079  0  0.0886041  0.0381264  0  0  0.0175079  0  0.049634
3.018e+13  0  1006  0.792498  0  0  2.09341  0  0.103388  0.0380024  0  0  0.0174835  0  0.0490154
3.0189e+13  0  1006.3  0.798188  0  0  2.09603  0  0.117989  0.037879  0  0  0.0174592  0  0.0484083
3.0198e+13  0  1006.6  0.803859  0  0  2.09865  0  0.132409  0.0377562  0  0  0.017435  0  0.0478125
3.0207e+13  0  1006.9  0.809512  0  0  2.10126  0  0.146653  0.0376339  0  0  0.0174108  0  0.0472275
3.0216e+13  0  1007.2  0.815147  0  0  2.10387  0  0.160723  0.0375123  0  0  0.0173867  0  0.0466532
3.0225e+13  0  1007.5  0.820763  0  0  2.10648  0  0.174623  0.0373912  0  0  0.0173626  0  0.0460893
3.0234e+13  0  1007.8  0.826362  0  0  2.10908  0  0.188355  0.0372707  0  0  0.0173386  0  0.0455356
3.0243e+13  0  1008.1  0.831942  0  0  2.11168  0  0.201923  0.0371508  0  0  0.0173146  0  0.0449918
3.0252e+13  0  1008.4  0.837504  0  0  2.11427  0  0.21533  0.0370314  0  0  0.0172906  0  0.0444576
3.0261e+13  0  1008.7  0.843049  0  0  2.11687  0  0.228578  0.0369127  0  0  0.0172667  0  0.0439329
3.027e+13  0  1009  0.848576  0  0  2.11945  0  0.24167  0.0367945  0  0  0.0172429  0  0.0434175
3.0279e+13  0  1009.3  0.854085  0  0  2.12204  0  0.254609  0.0366768  0  0  0.0172191  0  0.042911
3.0288e+13  0  1009.6  0.859576  0  0  2.12462  0  0.267398  0.0365597  0  0  0.0171953  0  0.0424134
3.0297e+13  0  1009.9  0.86505  0  0  2.1272  0  0.280039  0.0364432  0  0  0.0171716  0  0.0419243
3.0306e+13  0  1010.2  0.870507  0  0  2.12977  0  0.292535  0.0363272  0  0  0.0171479  0  0.0414437
3.0315e+13  0  1010.5  0.875946  0  0  2.13234  0  0.304888  0.0362118  0  0  0.0171243  0  0.0409712
3.0324e+13  0  1010.8  0.881368  0  0  2.13491  0  0.3171  0.0360969  0  0  0.0171008  0  0.0405068
3.0333e+13  0  1011.1  0.886773  0  0  2.13747  0  0.329175  0.0359826  0  0  0.0170772  0  0.0400502
3.0342e+13  0  1011.4  0.89216  0  0  2.14003  0  0.341114  0.0358688  0  0  0.0170538  0  0.0396014
3.0351e+13  0  1011.7  0.897531  0  0  2.14259  0  0.35292  0.0357555  0  0  0.0170303  0  0.03916
3.036e+13  0  1012  0.902885  0  0  2.14514  0  0.364595  0.0356427  0  0  0.0170069  0  0.0387259
3.0369e+13  0  1012.3  0.908222  0  0  2.14769  0  0.37614  0.0355305  0  0  0.0169836  0  0.038299
3.0378e+13  0  1012.6  0.913542  0  0  2.15024  0  0.387559  0.0354188  0  0  0.0169603  0  0.0378791
3.0387e+13  0  1012.9  0.918845  0  0  2.15278  0  0.398853  0.0353077  0  0  0.0169371  0  0.0374661
3.0396e+13  0  1013.2  0.924132  0  0  2.15532  0  0.410025  0.035197  0  0  0.0169139  0  0.0370598
3.0405e+13  0  1013.5  0.929402  0  0  2.15785  0  0.421075  0.0350869  0  0  0.0168907  0  0.0366601
3.0414e+13  0  1013.8  0.934655  0  0  2.16038  0  0.432007  0.0349773  0  0  0.0168676  0  0.0362668
3.0423e+13  0  1014.1  0.939893  0  0  2.16291  0  0.442822  0.0348681  0  0  0.0168445  0  0.0358797
3.0432e+13  0  1014.4  0.945114  0  0  2.16544  0  0.453522  0.0347595  0  0  0.0168215  0  0.0354989
3.0441e+13  0  1014.7  0.950318  0  0  2.16796  0  0.464108  0.0346514  0  0  0.0167985  0  0.035124
3.045e+13  0  1015  0.955507  0  0  2.17048  0  0.474584  0.0345438  0  0  0.0167756  0  0.0347551
3.0459e+13  0  1015.3  0.960679  0  0  2.17299  0  0.484949  0.0344367  0  0  0.0167527  0  0.034392
3.0468e+13  0  1015.6  0.965836  0  0  2.1755  0  0.495207  0.0343301  0  0  0.0167299  0  0.0340345
3.0477e+13  0  1015.9  0.970976  0  0  2.17801  0  0.505358  0.034224  0  0  0.0167071  0  0.0336825
3.0486e+13  0  1016.2  0.976101  0  0  2.18051  0  0.515405  0.0341183  0  0  0.0166843  0  0.033336
3.0495e+13  0  1016.5  0.98121  0  0  2.18301  0  0.525348  0.0340132  0  0  0.0166616  0  0.0329948
3.0504e+13  0  1016.8  0.986303  0  0  2.18551  0  0.535191  0.0339085  0  0  0.0166389  0  0.0326587
3.0513e+13  0  1017.1  0.99138  0  0  2.18801  0  0.544933  0.0338043  0  0  0.0166163  0  0.0323278
3.0522e+13  0  1017.4  0.996442  0  0  2.1905  0  0.554577  0.0337005  0  0  0.0165937  0  0.0320019
3.0531e+13  0  1017.7  1.00149  0  0  2.19298  0  0.564124  0.0335973  0  0  0.0165712  0  0.0316809
3.054e+13  0  1018  1.00652  0  0  2.19547  0  0.573575  0.0334945  0  0  0.0165487  0  0.0313647
3.0549e+13  0  1018.3  1.01153  0  0  2.19795  0  0.582932  0.0333922  0  0  0.0165263  0  0.0310532
3.0558e+13  0  1018.6  1.01653  0  0  2.20043  0  0.592197  0.0332903  0  0  0.0165039  0  0.0307463
3.0567e+13  0  1018.9  1.02152  0  0  2.2029  0  0.601371  0.0331889  0  0  0.0164815  0  0.030444
3.0576e+13  0  1019.2  1.02649  0  0  2.20537  0  0.610454  0.033088  0  0  0.0164592  0  0.030146
3.0585e+13  0  1019.5  1.03144  0  0  2.20784  0  0.619449  0.0329875  0  0  0.0164369  0  0.0298525
3.0594e+13  0  1019.8  1.03638  0  0  2.2103  0  0.628357  0.0328875  0  0  0.0164147  0  0.0295631
3.0603e+13  0  1020.1  1.04131  0  0  2.21276  0  0.637178  0.0327879  0  0  0.0163925  0  0.029278
3.0612e+13  0  1020.4  1.04622  0  0  2.21522  0  0.645915  0.0326888  0  0  0.0163704  0  0.028997
3.0621e+13  0  1020.7  1.05111  0  0  2.21767  0  0.654568  0.0325901  0  0  0.0163483  0  0.0287199
3.063e+13  0  1021  1.05599  0  0  2.22012  0  0.663138  0.0324919  0  0  0.0163262  0  0.0284469
3.0639e+13  0  1021.3  1.06086  0  0  2.22257  0  0.671628  0.0323941  0  0  0.0163042  0  0.0281777
3.0648e+13  0  1021.6  1.06571  0  0  2.22501  0  0.680037  0.0322967  0  0  0.0162822  0  0.0279123
3.0657e+13  0  1021.9  1.07055  0  0  2.22745  0  0.688367  0.0321998  0  0  0.0162603  0  0.0276506
3.0666e+13  0  1022.2  1.07537  0  0  2.22989  0  0.696619  0.0321033  0  0  0.0162384  0  0.0273926
3.0675e+13  0  1022.5  1.08017  0  0  2.23233  0  0.704795  0.0320072  0  0  0.0162166  0  0.0271382
3.0684e+13  0  1022.8  1.08497  0  0  2.23476  0  0.712895  0.0319116  0  0  0.0161948  0  0.0268873
3.0693e+13  0  1023.1  1.08975  0  0  2.23718  0  0.72092  0.0318163  0  0  0.016173  0  0.0266399
3.0702e+13  0  1023.4  1.09451  0  0  2.23961  0  0.728872  0.0317215  0  0  0.0161513  0  0.0263958
3.0711e+13  0  1023.7  1.09926  0  0  2.24203  0  0.73675  0.0316272  0  0  0.0161296  0  0.0261551
3.072e+13  0  1024  1.104  0  0  2.24445  0  0.744558  0.0315332  0  0  0.016108  0  0.0259177
3.0729e+13  0  1024.3  1.10872  0  0  2.24686  0  0.752294  0.0314396  0  0  0.0160864  0  0.0256835
3.0738e+13  0  1024.6  1.11343  0  0  2.24927  0  0.759961  0.0313465  0  0  0.0160648  0  0.0254524
3.0747e+13  0  1024.9  1.11812  0  0  2.25168  0  0.767559  0.0312538  0  0  0.0160433  0  0.0252245
3.0756e+13  0  1025.2  1.1228  0  0  2.25408  0  0.775089  0.0311614  0  0  0.0160218  0  0.0249996
3.0765e+13  0  1025.5  1.12747  0  0  2.25649  0  0.782552  0.0310695  0  0  0.0160004  0  0.0247776
3.0774e+13  0  1025.8  1.13212  0  0  2.25888  0  0.78995  0.030978  0  0  0.015979  0  0.0245587
3.0783e+13  0  1026.1  1.13676  0  0  2.26128  0  0.797282  0.0308869  0  0  0.0159576  0  0.0243426
3.0792e+13  0  1026.4  1.14138  0  0  2.26367  0  0.804549  0.0307962  0  0  0.0159363  0  0.0241293
3.0801e+13  0  1026.7  1.146  0  0  2.26606  0  0.811753  0.0307059  0  0  0.0159151  0  0.0239188
3.081e+13  0  1027  1.15059  0  0  2.26845  0  0.818895  0.0306159  0  0  0.0158938  0  0.0237111
3.0819e+13  0  1027.3  1.15518  0  0  2.27083  0  0.825974  0.0305264  0  0  0.0158726  0  0.0235061
3.0828e+13  0  1027.6  1.15975  0  0  2.27321  0  0.832993  0.0304372  0  0  0.0158515  0  0.0233037
3.0837e+13  0  1027.9  1.16431  0  0  2.27558  0  0.839951  0.0303485  0  0  0.0158304  0  0.0231039
3.0846e+13  0  1028.2  1.16885  0  0  2.27796  0  0.84685  0.0302601  0  0  0.0158093  0  0.0229066
3.0855e+13  0  1028.5  1.17339  0  0  2.28033  0  0.853689  0.0301721  0  0  0.0157883  0  0.0227119
3.0864e+13  0  1028.8  1.1779  0  0  2.28269  0  0.860471  0.0300845  0  0  0.0157673  0  0.0225196
3.0873e+13  0  1029.1  1.18241  0  0  2.28506  0  0.867196  0.0299972  0  0  0.0157464  0  0.0223298
3.0882e+13  0  1029.4  1.1869  0  0  2.28742  0  0.873864  0.0299104  0  0  0.0157255  0  0.0221424
3.0891e+13  0  1029.7  1.19138  0  0  2.28977  0  0.880477  0.0298239  0  0  0.0157046  0  0.0219573
3.09e+13  0  1030  1.19585  0  0  2.29213  0  0.887034  0.0297377  0  0  0.0156838  0  0.0217745
3.0909e+13  0  1030.3  1.2003  0  0  2.29448  0  0.893536  0.029652  0  0  0.015663  0  0.021594
3.0918e+13  0  1030.6  1.20474  0  0  2.29683  0  0.899985  0.0295666  0  0  0.0156422  0  0.0214157
3.0927e+13  0  1030.9  1.20917  0  0  2.29917  0  0.906381  0.0294816  0  0  0.0156215  0  0.0212396
3.0936e+13  0  1031.2  1.21358  0  0  2.30151  0  0.912724  0.0293969  0  0  0.0156008  0  0.0210656
3.0945e+13  0  1031.5  1.21799  0  0  2.30385  0  0.919016  0.0293126  0  0  0.0155802  0  0.0208938
3.0954e+13  0  1031.8  1.22238  0  0  2.30619  0  0.925256  0.0292287  0  0  0.0155596  0  0.0207241
3.0963e+13  0  1032.1  1.22675  0  0  2.30852  0  0.931446  0.0291451  0  0  0.0155391  0  0.0205565
3.0972e+13  0  1032.4  1.23112  0  0  2.31085  0  0.937586  0.0290618  0  0  0.0155185  0  0.0203908
3.0981e+13  0  1032.7  1.23547  0  0  2.31317  0  0.943676  0.028979  0  0  0.0154981  0  0.0202272
3.099e+13  0  1033  1.23981  0  0  2.3155  0  0.949718  0.0288964  0  0  0.0154776  0  0.0200655
3.0999e+13  0  1033.3  1.24414  0  0  2.31782  0  0.955712  0.0288143  0  0  0.0154572  0  0.0199058
3.1008e+13  0  1033.6  1.24845  0  0  2.32013  0  0.961658  0.0287324  0  0  0.0154369  0  0.0197479
3.1017e+13  0  1033.9  1.25276  0  0  2.32245  0  0.967556  0.0286509  0  0  0.0154165  0  0.0195919
3.1026e+13  0  1034.2  1.25705  0  0  2.32476  0  0.973409  0.0285698  0  0  0.0153963  0  0.0194378
3.1035e+13  0  1034.5  1.26133  0  0  2.32707  0  0.979215  0.028489  0  0  0.015376  0  0.0192854
3.1044e+13  0  1034.8  1.26559  0  0  2.32937  0  0.984976  0.0284085  0  0  0.0153558  0  0.0191349
3.1053e+13  0  1035.1  1.26985  0  0  2.33167  0  0.990692  0.0283284  0  0  0.0153356  0  0.0189861
3.1062e+13  0  1035.4  1.27409  0  0  2.33397  0  0.996364  0.0282486  0  0  0.0153155  0  0.018839
3.1071e+13  0  1035.7  1.27832  0  0  2.33627  0  1.00199  0.0281691  0  0  0.0152954  0  0.0186936
3.108e+13  0  1036  1.28254  0  0  2.33856  0  1.00758  0.02809  0  0  0.0152753  0  0.0185499
3.1089e+13  0  1036.3  1.28674  0  0  2.34085  0  1.01312  0.0280112  0  0  0.0152553  0  0.0184078
3.1098e+13  0  1036.6  1.29094  0  0  2.34314  0  1.01862  0.0279327  0  0  0.0152353  0  0.0182674
3.1107e+13  0  1036.9  1.29512  0  0  2.34542  0  1.02408  0.0278546  0  0  0.0152154  0  0.0181286
3.1116e+13  0  1037.2  1.29929  0  0  2.3477  0  1.02949  0.0277767  0  0  0.0151955  0  0.0179913
3.1125e+13  0  1037.5  1.30345  0  0  2.34998  0  1.03487  0.0276992  0  0  0.0151756  0  0.0178556
3.1134e+13  0  1037.8  1.3076  0  0  2.35225  0  1.0402  0.027622  0  0  0.0151558  0  0.0177214
3.1143e+13  0  1038.1  1.31174  0  0  2.35453  0  1.0455  0.0275452  0  0  0.015136  0  0.0175887
3.1152e+13  0  1038.4  1.31587  0  0  2.3568  0  1.05075  0.0274686  0  0  0.0151162  0  0.0174575
3.1161e+13  0  1038.7  1.31998  0  0  2.35906  0  1.05597  0.0273924  0  0  0.0150965  0  0.0173278
3.117e+13  0  1039  1.32408  0  0  2.36132  0  1.06115  0.0273165  0  0  0.0150768  0  0.0171995
3.1179e+13  0  1039.3  1.32817  0  0  2.36358  0  1.06628  0.0272409  0  0  0.0150572  0  0.0170726
3.1188e+13  0  1039.6  1.33225  0  0  2.36584  0  1.07139  0.0271656  0  0  0.0150375  0  0.0169471
3.1197e+13  0  1039.9  1.33632  0  0  2.3681  0  1.07645  0.0270906  0  0  0.015018  0  0.016823
3.1206e+13  0  1040.2  1.34038  0  0  2.37035  0  1.08148  0.0270159  0  0  0.0149984  0  0.0167003
3.1215e+13  0  1040.5  1.34442  0  0  2.37259  0  1.08647  0.0269415  0  0  0.0149789  0  0.0165789
3.1224e+13  0  1040.8  1.34846  0  0  2.37484  0  1.09142  0.0268675  0  0  0.0149594  0  0.0164588
3.1233e+13  0  1041.1  1.35248  0  0  2.37708  0  1.09634  0.0267937  0  0  0.01494  0  0.01634
3.1242e+13  0  1041.4  1.3565  0  0  2.37932  0  1.10122  0.0267202  0  0  0.0149206  0  0.0162224
3.1251e+13  0  1041.7  1.3605  0  0  2.38156  0  1.10607  0.0266471  0  0  0.0149013  0  0.0161062
3.126e+13  0  1042  1.36449  0  0  2.38379  0  1.11088  0.0265742  0  0  0.0148819  0  0.0159912
3.1269e+13  0  1042.3  1.36847  0  0  2.38602  0  1.11566  0.0265016  0  0  0.0148626  0  0.0158774
3.1278e+13  0  1042.6  1.37244  0  0  2.38825  0  1.12041  0.0264293  0  0  0.0148434  0  0.0157648
3.1287e+13  0  1042.9  1.3764  0  0  2.39048  0  1.12512  0.0263573  0  0  0.0148242  0  0.0156534
3.1296e+13  0  1043.2  1.38034  0  0  2.3927  0  1.1298  0.0262856  0  0  0.014805  0  0.0155432
3.1305e+13  0  1043.5  1.38428  0  0  2.39492  0  1.13444  0.0262142  0  0  0.0147858  0  0.0154341
3.1314e+13  0  1043.8  1.38821  0  0  2.39713  0  1.13906  0.0261431  0  0  0.0147667  0  0.0153262
3.1323e+13  0  1044.1  1.39212  0  0  2.39935  0  1.14364  0.0260722  0  0  0.0147476  0  0.0152194
3.1332e+13  0  1044.4  1.39603  0  0  2.40156  0  1.14818  0.0260017  0  0  0.0147286  0  0.0151138
3.1341e+13  0  1044.7  1.39992  0  0  2.40377  0  1.1527  0.0259314  0  0  0.0147096  0  0.0150092
3.135e+13  0  1045  1.40381  0  0  2.40597  0  1.15719  0.0258614  0  0  0.0146906  0  0.0149057
3.1359e+13  0  1045.3  1.40768  0  0  2.40817  0  1.16164  0.0257917  0  0  0.0146717  0  0.0148032
3.1368e+13  0  1045.6  1.41154  0  0  2.41037  0  1.16607  0.0257223  0  0  0.0146528  0  0.0147018
3.1377e+13  0  1045.9  1.41539  0  0  2.41257  0  1.17046  0.0256531  0  0  0.0146339  0  0.0146015
3.1386e+13  0  1046.2  1.41924  0  0  2.41476  0  1.17483  0.0255842  0  0  0.0146151  0  0.0145022
3.1395e+13  0  1046.5  1.42307  0  0  2.41695  0  1.17916  0.0255156  0  0  0.0145963  0  0.0144038
3.1404e+13  0  1046.8  1.42689  0  0  2.41914  0  1.18347  0.0254473  0  0  0.0145775  0  0.0143065
3.1413e+13  0  1047.1  1.4307  0  0  2.42133  0  1.18774  0.0253792  0  0  0.0145588  0  0.0142102
3.1422e+13  0  1047.4  1.4345  0  0  2.42351  0  1.19199  0.0253114  0  0  0.0145401  0  0.0141148
3.1431e+13  0  1047.7  1.43829  0  0  2.42569  0  1.19621  0.0252439  0  0  0.0145214  0  0.0140204
3.144e+13  0  1048  1.44208  0  0  2.42786  0  1.2004  0.0251766  0  0  0.0145028  0  0.0139269
3.1449e+13  0  1048.3  1.44585  0  0  2.43004  0  1.20456  0.0251096  0  0  0.0144842  0  0.0138343
3.1458e+13  0  1048.6  1.44961  0  0  2.43221  0  1.2087  0.0250429  0  0  0.0144657  0  0.0137427
3.1467e+13  0  1048.9  1.45336  0  0  2.43438  0  1.21281  0.0249764  0  0  0.0144471  0  0.013652
3.1476e+13  0  1049.2  1.4571  0  0  2.43654  0  1.21689  0.0249102  0  0  0.0144286  0  0.0135621
3.1485e+13  0  1049.5  1.46083  0  0  2.43871  0  1.22094  0.0248443  0  0  0.0144102  0  0.0134732
3.1494e+13  0  1049.8  1.46455  0  0  2.44087  0  1.22497  0.0247786  0  0  0.0143918  0  0.0133851
3.1503e+13  0  1050.1  1.46826  0  0  2.44302  0  1.22897  0.0247131  0  0  0.0143734  0  0.0132979
3.1512e+13  0  1050.4  1.47196  0  0  2.44518  0  1.23295  0.024648  0  0  0.014355  0  0.0132115
3.1521e+13  0  1050.7  1.47566  0  0  2.44733  0  1.2369  0.024583  0  0  0.0143367  0  0.013126
3.153e+13  0  1051  1.47934  0  0  2.44948  0  1.24082  0.0245184  0  0  0.0143184  0  0.0130413
3.1539e+13  0  1051.3  1.48301  0  0  2.45162  0  1.24472  0.024454  0  0  0.0143001  0  0.0129574
3.1548e+13  0  1051.6  1.48667  0  0  2.45377  0  1.24859  0.0243898  0  0  0.0142819  0  0.0128743
3.1557e+13  0  1051.9  1.49033  0  0  2.45591  0  1.25244  0.0243259  0  0  0.0142637  0  0.012792
3.1566e+13  0  1052.2  1.49397  0  0  2.45805  0  1.25627  0.0242622  0  0  0.0142456  0  0.0127105
3.1575e+13  0  1052.5  1.4976  0  0  2.46018  0  1.26007  0.0241988  0  0  0.0142274  0  0.0126298
3.1584e+13  0  1052.8  1.50123  0  0  2.46232  0  1.26384  0.0241356  0  0  0.0142093  0  0.0125498
3.1593e+13  0  1053.1  1.50484  0  0  2.46445  0  1.2676  0.0240727  0  0  0.0141913  0  0.0124706
3.1602e+13  0  1053.4  1.50845  0  0  2.46657  0  1.27132  0.02401  0  0  0.0141733  0  0.0123921
3.1611e+13  0  1053.7  1.51204  0  0  2.4687  0  1.27503  0.0239475  0  0  0.0141553  0  0.0123144
3.162e+13  0  1054  1.51563  0  0  2.47082  0  1.27871  0.0238853  0  0  0.0141373  0  0.0122374
3.1629e+13  0  1054.3  1.51921  0  0  2.47294  0  1.28237  0.0238234  0  0  0.0141194  0  0.0121611
3.1638e+13  0  1054.6  1.52278  0  0  2.47505  0  1.28601  0.0237616  0  0  0.0141015  0  0.0120855
3.1647e+13  0  1054.9  1.52634  0  0  2.47717  0  1.28962  0.0237001  0  0  0.0140836  0  0.0120107
3.1656e+13  0  1055.2  1.52989  0  0  2.47928  0  1.29321  0.0236389  0  0  0.0140658  0  0.0119365
3.1665e+13  0  1055.5  1.53343  0  0  2.48139  0  1.29678  0.0235778  0  0  0.014048  0  0.011863
3.1674e+13  0  1055.8  1.53696  0  0  2.48349  0  1.30033  0.0235171  0  0  0.0140302  0  0.0117902
3.1683e+13  0  1056.1  1.54048  0  0  2.4856  0  1.30385  0.0234565  0  0  0.0140125  0  0.011718
3.1692e+13  0  1056.4  1.54399  0  0  2.4877  0  1.30736  0.0233962  0  0  0.0139948  0  0.0116465
3.1701e+13  0  1056.7  1.5475  0  0  2.4898  0  1.31084  0.0233361  0  0  0.0139771  0  0.0115757
3.171e+13  0  1057  1.55099  0  0  2.49189  0  1.3143  0.0232762  0  0  0.0139595  0  0.0115055
3.1719e+13  0  1057.3  1.55448  0  0  2.49398  0  1.31774  0.0232166  0  0  0.0139419  0  0.0114359
3.1728e+13  0  1057.6  1.55796  0  0  2.49607  0  1.32116  0.0231571  0  0  0.0139243  0  0.0113669
3.1737e+13  0  1057.9  1.56143  0  0  2.49816  0  1.32456  0.0230979  0  0  0.0139067  0  0.0112986
3.1746e+13  0  1058.2  1.56489  0  0  2.50025  0  1.32794  0.023039  0  0  0.0138892  0  0.0112309
3.1755e+13  0  1058.5  1.56834  0  0  2.50233  0  1.3313  0.0229802  0  0  0.0138717  0  0.0111638
3.1764e+13  0  1058.8  1.57178  0  0  2.50441  0  1.33464  0.0229217  0  0  0.0138543  0  0.0110973
3.1773e+13  0  1059.1  1.57521  0  0  2.50648  0  1.33796  0.0228634  0  0  0.0138369  0  0.0110314
3.1782e+13  0  1059.4  1.57864  0  0  2.50856  0  1.34125  0.0228053  0  0  0.0138195  0  0.0109661
3.1791e+13  0  1059.7  1.58205  0  0  2.51063  0  1.34453  0.0227475  0  0  0.0138021  0  0.0109013
3.18e+13  0  1060  1.58546  0  0  2.5127  0  1.34779  0.0226898  0  0  0.0137848  0  0.0108372
3.1809e+13  0  1060.3  1.58886  0  0  2.51476  0  1.35104  0.0226324  0  0  0.0137675  0  0.0107735
3.1818e+13  0  1060.6  1.59225  0  0  2.51683  0  1.35426  0.0225752  0  0  0.0137502  0  0.0107105
3.1827e+13  0  1060.9  1.59563  0  0  2.51889  0  1.35746  0.0225182  0  0  0.013733  0  0.010648
3.1836e+13  0  1061.2  1.599  0  0  2.52095  0  1.36064  0.0224614  0  0  0.0137158  0  0.010586
3.1845e+13  0  1061.5  1.60237  0  0  2.523  0  1.36381  0.0224048  0  0  0.0136986  0  0.0105246
3.1854e+13  0  1061.8  1.60573  0  0  2.52506  0  1.36696  0.0223484  0  0  0.0136815  0  0.0104637
3.1863e+13  0  1062.1  1.60907  0  0  2.52711  0  1.37009  0.0222923  0  0  0.0136644  0  0.0104033
3.1872e+13  0  1062.4  1.61241  0  0  2.52916  0  1.3732  0.0222363  0  0  0.0136473  0  0.0103435
3.1881e+13  0  1062.7  1.61574  0  0  2.5312  0  1.37629  0.0221806  0  0  0.0136302  0  0.0102841
3.189e+13  0  1063  1.61907  0  0  2.53325  0  1.37937  0.022125  0  0  0.0136132  0  0.0102253
3.1899e+13  0  1063.3  1.62238  0  0  2.53529  0  1.38243  0.0220697  0  0  0.0135962  0  0.010167
3.1908e+13  0  1063.6  1.62569  0  0  2.53732  0  1.38547  0.0220146  0  0  0.0135793  0  0.0101092
3.1917e+13  0  1063.9  1.62898  0  0  2.53936  0  1.38849  0.0219597  0  0  0.0135623  0  0.0100518
3.1926e+13  0  1064.2  1.63227  0  0  2.54139  0  1.3915  0.021905  0  0  0.0135454  0  0.00999497
3.1935e+13  0  1064.5  1.63555  0  0  2.54342  0  1.39449  0.0218504  0  0  0.0135286  0  0.0099386
3.1944e+13  0  1064.8  1.63883  0  0  2.54545  0  1.39746  0.0217961  0  0  0.0135117  0  0.0098827
3.1953e+13  0  1065.1  1.64209  0  0  2.54748  0  1.40042  0.021742  0  0  0.0134949  0  0.00982727
3.1962e+13  0  1065.4  1.64535  0  0  2.5495  0  1.40336  0.0216881  0  0  0.0134781  0  0.0097723
3.1971e+13  0  1065.7  1.6486  0  0  2.55152  0  1.40628  0.0216344  0  0  0.0134614  0  0.0097178
3.198e+13  0  1066  1.65184  0  0  2.55354  0  1.40919  0.0215808  0  0  0.0134447  0  0.00966374
3.1989e+13  0  1066.3  1.65507  0  0  2.55555  0  1.41208  0.0215275  0  0  0.013428  0  0.00961014
3.1998e+13  0  1066.6  1.6583  0  0  2.55757  0  1.41495  0.0214744  0  0  0.0134113  0  0.00955698
3.2007e+13  0  1066.9  1.66151  0  0  2.55958  0  1.41781  0.0214215  0  0  0.0133947  0  0.00950426
3.2016e+13  0  1067.2  1.66472  0  0  2.56158  0  1.42065  0.0213687  0  0  0.0133781  0  0.00945197
3.2025e+13  0  1067.5  1.66792  0  0  2.56359  0  1.42348  0.0213162  0  0  0.0133615  0  0.00940011
3.2034e+13  0  1067.8  1.67111  0  0  2.56559  0  1.42629  0.0212638  0  0  0.0133449  0  0.00934868
3.2043e+13  0  1068.1  1.6743  0  0  2.56759  0  1.42909  0.0212116  0  0  0.0133284  0  0.00929766
3.2052e+13  0  1068.4  1.67748  0  0  2.56959  0  1.43187  0.0211596  0  0  0.0133119  0  0.00924706
3.2061e+13  0  1068.7  1.68065  0  0  2.57159  0  1.43463  0.0211078  0  0  0.0132955  0  0.00919688
3.207e+13  0  1069  1.68381  0  0  2.57358  0  1.43739  0.0210562  0  0  0.0132791  0  0.00914709
3.2079e+13  0  1069.3  1.68696  0  0  2.57557  0  1.44012  0.0210048  0  0  0.0132627  0  0.00909771
3.2088e+13  0  1069.6  1.69011  0  0  2.57756  0  1.44284  0.0209536  0  0  0.0132463  0  0.00904873
3.2097e+13  0  1069.9  1.69325  0  0  2.57954  0  1.44555  0.0209025  0  0  0.0132299  0  0.00900014
3.2106e+13  0  1070.2  1.69638  0  0  2.58153  0  1.44824  0.0208517  0  0  0.0132136  0  0.00895194
3.2115e+13  0  1070.5  1.6995  0  0  2.58351  0  1.45092  0.020801  0  0  0.0131973  0  0.00890413
3.2124e+13  0  1070.8  1.70262  0  0  2.58549  0  1.45358  0.0207505  0  0  0.0131811  0  0.0088567
3.2133e+13  0  1071.1  1.70573  0  0  2.58746  0  1.45623  0.0207002  0  0  0.0131649  0  0.00880964
3.2142e+13  0  1071.4  1.70883  0  0  2.58944  0  1.45887  0.02065  0  0  0.0131487  0  0.00876296
3.2151e+13  0  1071.7  1.71192  0  0  2.59141  0  1.46149  0.0206001  0  0  0.0131325  0  0.00871664
3.216e+13  0  1072  1.71501  0  0  2.59337  0  1.4641  0.0205503  0  0  0.0131163  0  0.00867069
3.2169e+13  0  1072.3  1.71809  0  0  2.59534  0  1.46669  0.0205007  0  0  0.0131002  0  0.00862511
3.2178e+13  0  1072.6  1.72116  0  0  2.5973  0  1.46927  0.0204513  0  0  0.0130841  0  0.00857988
3.2187e+13  0  1072.9  1.72422  0  0  2.59927  0  1.47184  0.020402  0  0  0.0130681  0  0.008535
3.2196e+13  0  1073.2  1.72728  0  0  2.60123  0  1.47439  0.0203529  0  0  0.013052  0  0.00849047
3.2205e+13  0  1073.5  1.73033  0  0  2.60318  0  1.47693  0.020304  0  0  0.013036  0  0.00844629
3.2214e+13  0  1073.8  1.73337  0  0  2.60514  0  1.47946  0.0202553  0  0  0.0130201  0  0.00840246
3.2223e+13  0  1074.1  1.7364  0  0  2.60709  0  1.48197  0.0202068  0  0  0.0130041  0  0.00835896
3.2232e+13  0  1074.4  1.73943  0  0  2.60904  0  1.48448  0.0201584  0  0  0.0129882  0  0.0083158
3.2241e+13  0  1074.7  1.74245  0  0  2.61098  0  1.48696  0.0201102  0  0  0.0129723  0  0.00827297
3.225e+13  0  1075  1.74546  0  0  2.61293  0  1.48944  0.0200621  0  0  0.0129564  0  0.00823047
3.2259e+13  0  1075.3  1.74847  0  0  2.61487  0  1.4919  0.0200143  0  0  0.0129406  0  0.00818829
3.2268e+13  0  1075.6  1.75146  0  0  2.61681  0  1.49435  0.0199665  0  0  0.0129248  0  0.00814644
3.2277e+13  0  1075.9  1.75446  0  0  2.61875  0  1.49679  0.019919  0  0  0.012909  0  0.00810491
3.2286e+13  0  1076.2  1.75744  0  0  2.62068  0  1.49921  0.0198716  0  0  0.0128933  0  0.00806369
3.2295e+13  0  1076.5  1.76042  0  0  2.62262  0  1.50163  0.0198245  0  0  0.0128775  0  0.00802279
3.2304e+13  0  1076.8  1.76339  0  0  2.62455  0  1.50403  0.0197774  0  0  0.0128618  0  0.00798219
3.2313e+13  0  1077.1  1.76635  0  0  2.62647  0  1.50641  0.0197305  0  0  0.0128462  0  0.00794191
3.2322e+13  0  1077.4  1.7693  0  0  2.6284  0  1.50879  0.0196838  0  0  0.0128305  0  0.00790192
3.2331e+13  0  1077.7  1.77225  0  0  2.63032  0  1.51115  0.0196373  0  0  0.0128149  0  0.00786224
3.234e+13  0  1078  1.77519  0  0  2.63224  0  1.51351  0.0195909  0  0  0.0127993  0  0.00782285
3.2349e+13  0  1078.3  1.77813  0  0  2.63416  0  1.51585  0.0195447  0  0  0.0127837  0  0.00778376
3.2358e+13  0  1078.6  1.78106  0  0  2.63608  0  1.51818  0.0194986  0  0  0.0127682  0  0.00774495
3.2367e+13  0  1078.9  1.78398  0  0  2.63799  0  1.52049  0.0194528  0  0  0.0127527  0  0.00770644
3.2376e+13  0  1079.2  1.78689  0  0  2.63991  0  1.5228  0.019407  0  0  0.0127372  0  0.00766821
3.2385e+13  0  1079.5  1.7898  0  0  2.64181  0  1.52509  0.0193614  0  0  0.0127218  0  0.00763027
3.2394e+13  0  1079.8  1.7927  0  0  2.64372  0  1.52738  0.019316  0  0  0.0127063  0  0.00759261
3.2403e+13  0  1080.1  1.79559  0  0  2.64563  0  1.52965  0.0192708  0  0  0.0126909  0  0.00755522
3.2412e+13  0  1080.4  1.79848  0  0  2.64753  0  1.53191  0.0192256  0  0  0.0126755  0  0.00751811
3.2421e+13  0  1080.7  1.80136  0  0  2.64943  0  1.53416  0.0191807  0  0  0.0126602  0  0.00748126
3.243e+13  0  1081  1.80423  0  0  2.65133  0  1.5364  0.0191359  0  0  0.0126449  0  0.00744469
3.2439e+13  0  1081.3  1.8071  0  0  2.65322  0  1.53863  0.0190913  0  0  0.0126296  0  0.00740839
3.2448e+13  0  1081.6  1.80996  0  0  2.65512  0  1.54084  0.0190468  0  0  0.0126143  0  0.00737235
3.2457e+13  0  1081.9  1.81281  0  0  2.65701  0  1.54305  0.0190024  0  0  0.0125991  0  0.00733657
3.2466e+13  0  1082.2  1.81566  0  0  2.6589  0  1.54524  0.0189583  0  0  0.0125838  0  0.00730105
3.2475e+13  0  1082.5  1.8185  0  0  2.66078  0  1.54743  0.0189142  0  0  0.0125686  0  0.00726578
3.2484e+13  0  1082.8  1.82133  0  0  2.66267  0  1.5496  0.0188704  0  0  0.0125535  0  0.00723078
3.2493e+13  0  1083.1  1.82416  0  0  2.66455  0  1.55177  0.0188266  0  0  0.0125383  0  0.00719602
3.2502e+13  0  1083.4  1.82698  0  0  2.66643  0  1.55392  0.0187831  0  0  0.0125232  0  0.00716151
3.2511e+13  0  1083.7  1.8298  0  0  2.6683  0  1.55606  0.0187396  0  0  0.0125081  0  0.00712725
3.252e+13  0  1084  1.8326  0  0  2.67018  0  1.5582  0.0186963  0  0  0.0124931  0  0.00709323
3.2529e+13  0  1084.3  1.8354  0  0  2.67205  0  1.56032  0.0186532  0  0  0.012478  0  0.00705945
3.2538e+13  0  1084.6  1.8382  0  0  2.67392  0  1.56243  0.0186102  0  0  0.012463  0  0.00702592
3.2547e+13  0  1084.9  1.84099  0  0  2.67579  0  1.56453  0.0185674  0  0  0.012448  0  0.00699262
3.2556e+13  0  1085.2  1.84377  0  0  2.67766  0  1.56663  0.0185247  0  0  0.0124331  0  0.00695956
3.2565e+13  0  1085.5  1.84654  0  0  2.67952  0  1.56871  0.0184821  0  0  0.0124181  0  0.00692673
3.2574e+13  0  1085.8  1.84931  0  0  2.68138  0  1.57078  0.0184397  0  0  0.0124032  0  0.00689413
3.2583e+13  0  1086.1  1.85207  0  0  2.68324  0  1.57284  0.0183975  0  0  0.0123883  0  0.00686176
3.2592e+13  0  1086.4  1.85483  0  0  2.6851  0  1.5749  0.0183554  0  0  0.0123735  0  0.00682962
3.2601e+13  0  1086.7  1.85758  0  0  2.68695  0  1.57694  0.0183134  0  0  0.0123587  0  0.0067977
3.261e+13  0  1087  1.86032  0  0  2.68881  0  1.57898  0.0182716  0  0  0.0123438  0  0.006766
3.2619e+13  0  1087.3  1.86306  0  0  2.69066  0  1.581  0.0182299  0  0  0.0123291  0  0.00673453
3.2628e+13  0  1087.6  1.86579  0  0  2.6925  0  1.58302  0.0181883  0  0  0.0123143  0  0.00670327
3.2637e+13  0  1087.9  1.86852  0  0  2.69435  0  1.58502  0.0181469  0  0  0.0122996  0  0.00667223
3.2646e+13  0  1088.2  1.87124  0  0  2.69619  0  1.58702  0.0181056  0  0  0.0122849  0  0.0066414
3.2655e+13  0  1088.5  1.87395  0  0  2.69804  0  1.58901  0.0180645  0  0  0.0122702  0  0.00661079
3.2664e+13  0  1088.8  1.87665  0  0  2.69988  0  1.59099  0.0180235  0  0  0.0122555  0  0.00658038
3.2673e+13  0  1089.1  1.87935  0  0  2.70171  0  1.59296  0.0179826  0  0  0.0122409  0  0.00655019
3.2682e+13  0  1089.4  1.88205  0  0  2.70355  0  1.59492  0.0179419  0  0  0.0122263  0  0.0065202
3.2691e+13  0  1089.7  1.88474  0  0  2.70538  0  1.59687  0.0179013  0  0  0.0122117  0  0.00649041
3.27e+13  0  1090  1.88742  0  0  2.70721  0  1.59881  0.0178609  0  0  0.0121971  0  0.00646083
3.2709e+13  0  1090.3  1.89009  0  0  2.70904  0  1.60074  0.0178206  0  0  0.0121826  0  0.00643145
3.2718e+13  0  1090.6  1.89276  0  0  2.71087  0  1.60267  0.0177804  0  0  0.0121681  0  0.00640227
3.2727e+13  0  1090.9  1.89543  0  0  2.71269  0  1.60458  0.0177403  0  0  0.0121536  0  0.00637329
3.2736e+13  0  1091.2  1.89809  0  0  2.71451  0  1.60649  0.0177004  0  0  0.0121391  0  0.0063445
3.2745e+13  0  1091.5  1.90074  0  0  2.71633  0  1.60839  0.0176606  0  0  0.0121247  0  0.00631591
3.2754e+13  0  1091.8  1.90338  0  0  2.71815  0  1.61028  0.017621  0  0  0.0121103  0  0.00628751
3.2763e+13  0  1092.1  1.90602  0  0  2.71996  0  1.61216  0.0175815  0  0  0.0120959  0  0.00625929
3.2772e+13  0  1092.4  1.90866  0  0  2.72178  0  1.61404  0.0175421  0  0  0.0120815  0  0.00623127
3.2781e+13  0  1092.7  1.91129  0  0  2.72359  0  1.6159  0.0175028  0  0  0.0120672  0  0.00620344
3.279e+13  0  1093  1.91391  0  0  2.7254  0  1.61776  0.0174637  0  0  0.0120529  0  0.00617579
3.2799e+13  0  1093.3  1.91652  0  0  2.7272  0  1.61961  0.0174247  0  0  0.0120386  0  0.00614832
3.2808e+13  0  1093.6  1.91913  0  0  2.72901  0  1.62145  0.0173858  0  0  0.0120243  0  0.00612104
3.2817e+13  0  1093.9  1.92174  0  0  2.73081  0  1.62328  0.0173471  0  0  0.0120101  0  0.00609393
3.2826e+13  0  1094.2  1.92434  0  0  2.73261  0  1.6251  0.0173085  0  0  0.0119959  0  0.00606701
3.2835e+13  0  1094.5  1.92693  0  0  2.73441  0  1.62692  0.01727  0  0  0.0119817  0  0.00604026
3.2844e+13  0  1094.8  1.92952  0  0  2.73621  0  1.62873  0.0172316  0  0  0.0119675  0  0.00601369
3.2853e+13  0  1095.1  1.9321  0  0  2.738  0  1.63053  0.0171934  0  0  0.0119534  0  0.00598729
3.2862e+13  0  1095.4  1.93468  0  0  2.73979  0  1.63232  0.0171553  0  0  0.0119392  0  0.00596107
3.2871e+13  0  1095.7  1.93725  0  0  2.74158  0  1.6341  0.0171173  0  0  0.0119251  0  0.00593501
3.288e+13  0  1096  1.93981  0  0  2.74337  0  1.63588  0.0170794  0  0  0.0119111  0  0.00590913
3.2889e+13  0  1096.3  1.94237  0  0  2.74516  0  1.63765  0.0170417  0  0  0.011897  0  0.00588342
3.2898e+13  0  1096.6  1.94492  0  0  2.74694  0  1.63941  0.0170041  0  0  0.011883  0  0.00585787
3.2907e+13  0  1096.9  1.94747  0  0  2.74872  0  1.64116  0.0169666  0  0  0.011869  0  0.00583248
3.2916e+13  0  1097.2  1.95001  0  0  2.7505  0  1.64291  0.0169292  0  0  0.011855  0  0.00580727
3.2925e+13  0  1097.5  1.95255  0  0  2.75228  0  1.64465  0.016892  0  0  0.011841  0  0.00578221
3.2934e+13  0  1097.8  1.95508  0  0  2.75405  0  1.64638  0.0168548  0  0  0.0118271  0  0.00575731
3.2943e+13  0  1098.1  1.9576  0  0  2.75582  0  1.6481  0.0168178  0  0  0.0118132  0  0.00573258
3.2952e+13  0  1098.4  1.96012  0  0  2.7576  0  1.64982  0.0167809  0  0  0.0117993  0  0.005708
3.2961e+13  0  1098.7  1.96264  0  0  2.75936  0  1.65152  0.0167442  0  0  0.0117854  0  0.00568358
3.297e+13  0  1099  1.96515  0  0  2.76113  0  1.65323  0.0167075  0  0  0.0117716  0  0.00565932
3.2979e+13  0  1099.3  1.96765  0  0  2.7629  0  1.65492  0.016671  0  0  0.0117578  0  0.00563521
3.2988e+13  0  1099.6  1.97015  0  0  2.76466  0  1.65661  0.0166346  0  0  0.011744  0  0.00561125
3.2997e+13  0  1099.9  1.97264  0  0  2.76642  0  1.65829  0.0165983  0  0  0.0117302  0  0.00558745
3.3006e+13  0  1100.2  1.97513  0  0  2.76818  0  1.65996  0.0165621  0  0  0.0117164  0  0.00556379
3.3015e+13  0  1100.5  1.97761  0  0  2.76993  0  1.66162  0.016526  0  0  0.0117027  0  0.00554029
3.3024e+13  0  1100.8  1.98008  0  0  2.77169  0  1.66328  0.0164901  0  0  0.011689  0  0.00551693
3.3033e+13  0  1101.1  1.98255  0  0  2.77344  0  1.66493  0.0164542  0  0  0.0116753  0  0.00549372
3.3042e+13  0  1101.4  1.98502  0  0  2.77519  0  1.66658  0.0164185  0  0  0.0116617  0  0.00547065
3.3051e+13  0  1101.7  1.98748  0  0  2.77694  0  1.66822  0.0163829  0  0  0.011648  0  0.00544773
3.306e+13  0  1102  1.98993  0  0  2.77868  0  1.66985  0.0163474  0  0  0.0116344  0  0.00542496
3.3069e+13  0  1102.3  1.99238  0  0  2.78043  0  1.67147  0.0163121  0  0  0.0116208  0  0.00540232
3.3078e+13  0  1102.6  1.99483  0  0  2.78217  0  1.67309  0.0162768  0  0  0.0116072  0  0.00537983
3.3087e+13  0  1102.9  1.99727  0  0  2.78391  0  1.6747  0.0162416  0  0  0.0115937  0  0.00535747
3.3096e+13  0  1103.2  1.9997  0  0  2.78565  0  1.6763  0.0162066  0  0  0.0115802  0  0.00533526
3.3105e+13  0  1103.5  2.00213  0  0  2.78738  0  1.6779  0.0161717  0  0  0.0115667  0  0.00531318
3.3114e+13  0  1103.8  2.00455  0  0  2.78912  0  1.67949  0.0161369  0  0  0.0115532  0  0.00529123
3.3123e+13  0  1104.1  2.00697  0  0  2.79085  0  1.68107  0.0161022  0  0  0.0115397  0  0.00526943
3.3132e+13  0  1104.4  2.00938  0  0  2.79258  0  1.68265  0.0160676  0  0  0.0115263  0  0.00524775
3.3141e+13  0  1104.7  2.01179  0  0  2.79431  0  1.68422  0.0160331  0  0  0.0115129  0  0.00522621
3.315e+13  0  1105  2.01419  0  0  2.79603  0  1.68579  0.0159987  0  0  0.0114995  0  0.0052048
3.3159e+13  0  1105.3  2.01659  0  0  2.79776  0  1.68734  0.0159644  0  0  0.0114861  0  0.00518352
3.3168e+13  0  1105.6  2.01898  0  0  2.79948  0  1.6889  0.0159303  0  0  0.0114728  0  0.00516237
3.3177e+13  0  1105.9  2.02137  0  0  2.8012  0  1.69044  0.0158962  0  0  0.0114594  0  0.00514135
3.3186e+13  0  1106.2  2.02375  0  0  2.80292  0  1.69198  0.0158623  0  0  0.0114461  0  0.00512046
3.3195e+13  0  1106.5  2.02612  0  0  2.80463  0  1.69351  0.0158284  0  0  0.0114329  0  0.00509969
3.3204e+13  0  1106.8  2.02849  0  0  2.80635  0  1.69504  0.0157947  0  0  0.0114196  0  0.00507905
3.3213e+13  0  1107.1  2.03086  0  0  2.80806  0  1.69656  0.0157611  0  0  0.0114064  0  0.00505854
3.3222e+13  0  1107.4  2.03322  0  0  2.80977  0  1.69807  0.0157276  0  0  0.0113932  0  0.00503815
3.3231e+13  0  1107.7  2.03558  0  0  2.81148  0  1.69958  0.0156941  0  0  0.01138  0  0.00501788
3.324e+13  0  1108  2.03793  0  0  2.81318  0  1.70109  0.0156608  0  0  0.0113668  0  0.00499773
3.3249e+13  0  1108.3  2.04028  0  0  2.81489  0  1.70258  0.0156276  0  0  0.0113536  0  0.0049777
3.3258e+13  0  1108.6  2.04262  0  0  2.81659  0  1.70407  0.0155945  0  0  0.0113405  0  0.00495779
3.3267e+13  0  1108.9  2.04495  0  0  2.81829  0  1.70556  0.0155615  0  0  0.0113274  0  0.004938
3.3276e+13  0  1109.2  2.04729  0  0  2.81999  0  1.70703  0.0155286  0  0  0.0113143  0  0.00491833
3.3285e+13  0  1109.5  2.04961  0  0  2.82168  0  1.70851  0.0154958  0  0  0.0113012  0  0.00489877
3.3294e+13  0  1109.8  2.05193  0  0  2.82338  0  1.70997  0.0154631  0  0  0.0112882  0  0.00487933
3.3303e+13  0  1110.1  2.05425  0  0  2.82507  0  1.71143  0.0154305  0  0  0.0112752  0  0.00486001
3.3312e+13  0  1110.4  2.05656  0  0  2.82676  0  1.71289  0.0153981  0  0  0.0112622  0  0.0048408
3.3321e+13  0  1110.7  2.05887  0  0  2.82845  0  1.71434  0.0153657  0  0  0.0112492  0  0.0048217
3.333e+13  0  1111  2.06117  0  0  2.83013  0  1.71578  0.0153334  0  0  0.0112362  0  0.00480272
3.3339e+13  0  1111.3  2.06347  0  0  2.83182  0  1.71722  0.0153012  0  0  0.0112233  0  0.00478384
3.3348e+13  0  1111.6  2.06576  0  0  2.8335  0  1.71865  0.0152691  0  0  0.0112104  0  0.00476508
3.3357e+13  0  1111.9  2.06805  0  0  2.83518  0  1.72008  0.0152371  0  0  0.0111975  0  0.00474643
3.3366e+13  0  1112.2  2.07033  0  0  2.83686  0  1.7215  0.0152052  0  0  0.0111846  0  0.00472788
3.3375e+13  0  1112.5  2.07261  0  0  2.83854  0  1.72291  0.0151734  0  0  0.0111718  0  0.00470944
3.3384e+13  0  1112.8  2.07488  0  0  2.84021  0  1.72432  0.0151417  0  0  0.0111589  0  0.00469111
3.3393e+13  0  1113.1  2.07715  0  0  2.84189  0  1.72573  0.0151101  0  0  0.0111461  0  0.00467289
3.3402e+13  0  1113.4  2.07942  0  0  2.84356  0  1.72713  0.0150786  0  0  0.0111333  0  0.00465477
3.3411e+13  0  1113.7  2.08168  0  0  2.84522  0  1.72852  0.0150472  0  0  0.0111206  0  0.00463676
3.342e+13  0  1114  2.08393  0  0  2.84689  0  1.72991  0.0150159  0  0  0.0111078  0  0.00461885
3.3429e+13  0  1114.3  2.08618  0  0  2.84856  0  1.73129  0.0149847  0  0  0.0110951  0  0.00460104
3.3438e+13  0  1114.6  2.08843  0  0  2.85022  0  1.73267  0.0149536  0  0  0.0110824  0  0.00458334
3.3447e+13  0  1114.9  2.09067  0  0  2.85188  0  1.73404  0.0149226  0  0  0.0110697  0  0.00456574
3.3456e+13  0  1115.2  2.0929  0  0  2.85354  0  1.73541  0.0148917  0  0  0.011057  0  0.00454824
3.3465e+13  0  1115.5  2.09513  0  0  2.8552  0  1.73677  0.0148608  0  0  0.0110444  0  0.00453083
3.3474e+13  0  1115.8  2.09736  0  0  2.85685  0  1.73813  0.0148301  0  0  0.0110317  0  0.00451353
3.3483e+13  0  1116.1  2.09958  0  0  2.85851  0  1.73948  0.0147995  0  0  0.0110191  0  0.00449633
3.3492e+13  0  1116.4  2.1018  0  0  2.86016  0  1.74083  0.0147689  0  0  0.0110066  0  0.00447922
3.3501e+13  0  1116.7  2.10401  0  0  2.86181  0  1.74217  0.0147385  0  0  0.010994  0  0.00446221
3.351e+13  0  1117  2.10622  0  0  2.86346  0  1.7435  0.0147081  0  0  0.0109814  0  0.0044453
3.3519e+13  0  1117.3  2.10842  0  0  2.8651  0  1.74483  0.0146778  0  0  0.0109689  0  0.00442848
3.3528e+13  0  1117.6  2.11062  0  0  2.86675  0  1.74616  0.0146476  0  0  0.0109564  0  0.00441176
3.3537e+13  0  1117.9  2.11282  0  0  2.86839  0  1.74748  0.0146176  0  0  0.0109439  0  0.00439513
3.3546e+13  0  1118.2  2.11501  0  0  2.87003  0  1.7488  0.0145876  0  0  0.0109315  0  0.00437859
3.3555e+13  0  1118.5  2.11719  0  0  2.87167  0  1.75011  0.0145577  0  0  0.010919  0  0.00436215
3.3564e+13  0  1118.8  2.11938  0  0  2.87331  0  1.75141  0.0145278  0  0  0.0109066  0  0.0043458
3.3573e+13  0  1119.1  2.12155  0  0  2.87494  0  1.75271  0.0144981  0  0  0.0108942  0  0.00432954
3.3582e+13  0  1119.4  2.12372  0  0  2.87658  0  1.75401  0.0144685  0  0  0.0108818  0  0.00431337
3.3591e+13  0  1119.7  2.12589  0  0  2.87821  0  1.7553  0.0144389  0  0  0.0108695  0  0.00429729
3.36e+13  0  1120  2.12806  0  0  2.87984  0  1.75659  0.0144095  0  0  0.0108571  0  0.0042813
3.3609e+13  0  1120.3  2.13021  0  0  2.88146  0  1.75787  0.0143801  0  0  0.0108448  0  0.0042654
3.3618e+13  0  1120.6  2.13237  0  0  2.88309  0  1.75915  0.0143508  0  0  0.0108325  0  0.00424959
3.3627e+13  0  1120.9  2.13452  0  0  2.88471  0  1.76042  0.0143216  0  0  0.0108202  0  0.00423386
3.3636e+13  0  1121.2  2.13667  0  0  2.88634  0  1.76169  0.0142925  0  0  0.0108079  0  0.00421822
3.3645e+13  0  1121.5  2.13881  0  0  2.88796  0  1.76295  0.0142635  0  0  0.0107957  0  0.00420267
3.3654e+13  0  1121.8  2.14094  0  0  2.88957  0  1.76421  0.0142346  0  0  0.0107835  0  0.0041872
3.3663e+13  0  1122.1  2.14308  0  0  2.89119  0  1.76546  0.0142057  0  0  0.0107713  0  0.00417182
3.3672e+13  0  1122.4  2.14521  0  0  2.89281  0  1.76671  0.014177  0  0  0.0107591  0  0.00415652
3.3681e+13  0  1122.7  2.14733  0  0  2.89442  0  1.76796  0.0141483  0  0  0.0107469  0  0.0041413
3.369e+13  0  1123  2.14945  0  0  2.89603  0  1.7692  0.0141197  0  0  0.0107348  0  0.00412617
3.3699e+13  0  1123.3  2.15157  0  0  2.89764  0  1.77043  0.0140912  0  0  0.0107226  0  0.00411112
3.3708e+13  0  1123.6  2.15368  0  0  2.89925  0  1.77166  0.0140628  0  0  0.0107105  0  0.00409615
3.3717e+13  0  1123.9  2.15578  0  0  2.90085  0  1.77289  0.0140344  0  0  0.0106984  0  0.00408127
3.3726e+13  0  1124.2  2.15789  0  0  2.90246  0  1.77411  0.0140062  0  0  0.0106864  0  0.00406646
3.3735e+13  0  1124.5  2.15999  0  0  2.90406  0  1.77533  0.013978  0  0  0.0106743  0  0.00405173
3.3744e+13  0  1124.8  2.16208  0  0  2.90566  0  1.77654  0.0139499  0  0  0.0106623  0  0.00403709
3.3753e+13  0  1125.1  2.16417  0  0  2.90726  0  1.77775  0.0139219  0  0  0.0106503  0  0.00402252
3.3762e+13  0  1125.4  2.16626  0  0  2.90885  0  1.77896  0.013894  0  0  0.0106383  0  0.00400803
3.3771e+13  0  1125.7  2.16834  0  0  2.91045  0  1.78016  0.0138662  0  0  0.0106263  0  0.00399362
3.378e+13  0  1126  2.17042  0  0  2.91204  0  1.78135  0.0138384  0  0  0.0106144  0  0.00397928
3.3789e+13  0  1126.3  2.17249  0  0  2.91363  0  1.78254  0.0138108  0  0  0.0106024  0  0.00396502
3.3798e+13  0  1126.6  2.17456  0  0  2.91522  0  1.78373  0.0137832  0  0  0.0105905  0  0.00395084
3.3807e+13  0  1126.9  2.17662  0  0  2.91681  0  1.78491  0.0137557  0  0  0.0105786  0  0.00393673
3.3816e+13  0  1127.2  2.17868  0  0  2.9184  0  1.78609  0.0137282  0  0  0.0105667  0  0.0039227
3.3825e+13  0  1127.5  2.18074  0  0  2.91998  0  1.78727  0.0137009  0  0  0.0105549  0  0.00390874
3.3834e+13  0  1127.8  2.18279  0  0  2.92156  0  1.78844  0.0136736  0  0  0.010543  0  0.00389486
3.3843e+13  0  1128.1  2.18484  0  0  2.92314  0  1.7896  0.0136464  0  0  0.0105312  0  0.00388105
3.3852e+13  0  1128.4  2.18689  0  0  2.92472  0  1.79077  0.0136193  0  0  0.0105194  0  0.00386731
3.3861e+13  0  1128.7  2.18893  0  0  2.9263  0  1.79193  0.0135923  0  0  0.0105076  0  0.00385365
3.387e+13  0  1129  2.19097  0  0  2.92787  0  1.79308  0.0135653  0  0  0.0104959  0  0.00384006
3.3879e+13  0  1129.3  2.193  0  0  2.92945  0  1.79423  0.0135385  0  0  0.0104841  0  0.00382653
3.3888e+13  0  1129.6  2.19503  0  0  2.93102  0  1.79537  0.0135117  0  0  0.0104724  0  0.00381308
3.3897e+13  0  1129.9  2.19705  0  0  2.93259  0  1.79652  0.013485  0  0  0.0104607  0  0.0037997
3.3906e+13  0  1130.2  2.19907  0  0  2.93416  0  1.79765  0.0134583  0  0  0.010449  0  0.00378639
3.3915e+13  0  1130.5  2.20109  0  0  2.93572  0  1.79879  0.0134318  0  0  0.0104373  0  0.00377315
3.3924e+13  0  1130.8  2.2031  0  0  2.93729  0  1.79992  0.0134053  0  0  0.0104257  0  0.00375998
3.3933e+13  0  1131.1  2.20511  0  0  2.93885  0  1.80104  0.0133789  0  0  0.010414  0  0.00374688
3.3942e+13  0  1131.4  2.20711  0  0  2.94041  0  1.80217  0.0133525  0  0  0.0104024  0  0.00373384
3.3951e+13  0  1131.7  2.20912  0  0  2.94197  0  1.80328  0.0133263  0  0  0.0103908  0  0.00372087
3.396e+13  0  1132  2.21111  0  0  2.94353  0  1.8044  0.0133001  0  0  0.0103792  0  0.00370797
3.3969e+13  0  1132.3  2.2131  0  0  2.94508  0  1.80551  0.013274  0  0  0.0103677  0  0.00369514
3.3978e+13  0  1132.6  2.21509  0  0  2.94664  0  1.80662  0.013248  0  0  0.0103561  0  0.00368237
3.3987e+13  0  1132.9  2.21708  0  0  2.94819  0  1.80772  0.013222  0  0  0.0103446  0  0.00366967
3.3996e+13  0  1133.2  2.21906  0  0  2.94974  0  1.80882  0.0131962  0  0  0.0103331  0  0.00365703
3.4005e+13  0  1133.5  2.22104  0  0  2.95129  0  1.80991  0.0131704  0  0  0.0103216  0  0.00364446
3.4014e+13  0  1133.8  2.22301  0  0  2.95284  0  1.811  0.0131446  0  0  0.0103101  0  0.00363195
3.4023e+13  0  1134.1  2.22498  0  0  2.95438  0  1.81209  0.013119  0  0  0.0102987  0  0.00361951
3.4032e+13  0  1134.4  2.22695  0  0  2.95593  0  1.81318  0.0130934  0  0  0.0102872  0  0.00360713
3.4041e+13  0  1134.7  2.22891  0  0  2.95747  0  1.81426  0.0130679  0  0  0.0102758  0  0.00359481
3.405e+13  0  1135  2.23087  0  0  2.95901  0  1.81533  0.0130425  0  0  0.0102644  0  0.00358255
3.4059e+13  0  1135.3  2.23282  0  0  2.96055  0  1.8164  0.0130171  0  0  0.010253  0  0.00357036
3.4068e+13  0  1135.6  2.23477  0  0  2.96209  0  1.81747  0.0129918  0  0  0.0102417  0  0.00355823
3.4077e+13  0  1135.9  2.23672  0  0  2.96362  0  1.81854  0.0129666  0  0  0.0102303  0  0.00354616
3.4086e+13  0  1136.2  2.23866  0  0  2.96516  0  1.8196  0.0129414  0  0  0.010219  0  0.00353415
3.4095e+13  0  1136.5  2.2406  0  0  2.96669  0  1.82066  0.0129164  0  0  0.0102077  0  0.0035222
3.4104e+13  0  1136.8  2.24254  0  0  2.96822  0  1.82171  0.0128914  0  0  0.0101964  0  0.00351031
3.4113e+13  0  1137.1  2.24447  0  0  2.96975  0  1.82277  0.0128664  0  0  0.0101851  0  0.00349849
3.4122e+13  0  1137.4  2.24639  0  0  2.97127  0  1.82381  0.0128416  0  0  0.0101739  0  0.00348672
3.4131e+13  0  1137.7  2.24832  0  0  2.9728  0  1.82486  0.0128168  0  0  0.0101626  0  0.00347501
3.414e+13  0  1138  2.25024  0  0  2.97432  0  1.8259  0.0127921  0  0  0.0101514  0  0.00346335
3.4149e+13  0  1138.3  2.25216  0  0  2.97584  0  1.82694  0.0127674  0  0  0.0101402  0  0.00345176
3.4158e+13  0  1138.6  2.25407  0  0  2.97736  0  1.82797  0.0127429  0  0  0.010129  0  0.00344023
3.4167e+13  0  1138.9  2.25598  0  0  2.97888  0  1.829  0.0127183  0  0  0.0101178  0  0.00342875
3.4176e+13  0  1139.2  2.25788  0  0  2.9804  0  1.83003  0.0126939  0  0  0.0101067  0  0.00341733
3.4185e+13  0  1139.5  2.25979  0  0  2.98191  0  1.83105  0.0126695  0  0  0.0100955  0  0.00340596
3.4194e+13  0  1139.8  2.26169  0  0  2.98343  0  1.83207  0.0126452  0  0  0.0100844  0  0.00339465
3.4203e+13  0  1140.1  2.26358  0  0  2.98494  0  1.83309  0.012621  0  0  0.0100733  0  0.0033834
3.4212e+13  0  1140.4  2.26547  0  0  2.98645  0  1.8341  0.0125968  0  0  0.0100622  0  0.0033722
3.4221e+13  0  1140.7  2.26736  0  0  2.98796  0  1.83511  0.0125727  0  0  0.0100512  0  0.00336106
3.423e+13  0  1141  2.26924  0  0  2.98946  0  1.83612  0.0125487  0  0  0.0100401  0  0.00334997
3.4239e+13  0  1141.3  2.27112  0  0  2.99097  0  1.83712  0.0125248  0  0  0.0100291  0  0.00333894
3.4248e+13  0  1141.6  2.273  0  0  2.99247  0  1.83812  0.0125009  0  0  0.0100181  0  0.00332796
3.4257e+13  0  1141.9  2.27487  0  0  2.99398  0  1.83912  0.012477  0  0  0.0100071  0  0.00331704
3.4266e+13  0  1142.2  2.27674  0  0  2.99548  0  1.84011  0.0124533  0  0  0.0099961  0  0.00330617
3.4275e+13  0  1142.5  2.27861  0  0  2.99697  0  1.8411  0.0124296  0  0  0.00998514  0  0.00329535
3.4284e+13  0  1142.8  2.28047  0  0  2.99847  0  1.84209  0.012406  0  0  0.00997419  0  0.00328458
3.4293e+13  0  1143.1  2.28233  0  0  2.99997  0  1.84307  0.0123824  0  0  0.00996326  0  0.00327387
3.4302e+13  0  1143.4  2.28419  0  0  3.00146  0  1.84405  0.0123589  0  0  0.00995235  0  0.00326321
3.4311e+13  0  1143.7  2.28604  0  0  3.00295  0  1.84503  0.0123355  0  0  0.00994145  0  0.0032526
3.432e+13  0  1144  2.28789  0  0  3.00444  0  1.846  0.0123121  0  0  0.00993057  0  0.00324204
3.4329e+13  0  1144.3  2.28973  0  0  3.00593  0  1.84697  0.0122888  0  0  0.00991971  0  0.00323153
3.4338e+13  0  1144.6  2.29157  0  0  3.00742  0  1.84794  0.0122656  0  0  0.00990887  0  0.00322107
3.4347e+13  0  1144.9  2.29341  0  0  3.0089  0  1.84891  0.0122424  0  0  0.00989804  0  0.00321067
3.4356e+13  0  1145.2  2.29524  0  0  3.01039  0  1.84987  0.0122193  0  0  0.00988723  0  0.00320031
3.4365e+13  0  1145.5  2.29708  0  0  3.01187  0  1.85083  0.0121962  0  0  0.00987643  0  0.00319
3.4374e+13  0  1145.8  2.2989  0  0  3.01335  0  1.85178  0.0121733  0  0  0.00986565  0  0.00317974
3.4383e+13  0  1146.1  2.30073  0  0  3.01483  0  1.85273  0.0121504  0  0  0.00985489  0  0.00316954
3.4392e+13  0  1146.4  2.30255  0  0  3.01631  0  1.85368  0.0121275  0  0  0.00984415  0  0.00315938
3.4401e+13  0  1146.7  2.30437  0  0  3.01778  0  1.85463  0.0121047  0  0  0.00983342  0  0.00314926
3.441e+13  0  1147  2.30618  0  0  3.01926  0  1.85557  0.012082  0  0  0.0098227  0  0.0031392
3.4419e+13  0  1147.3  2.30799  0  0  3.02073  0  1.85651  0.0120593  0  0  0.00981201  0  0.00312919
3.4428e+13  0  1147.6  2.3098  0  0  3.0222  0  1.85745  0.0120367  0  0  0.00980133  0  0.00311922
3.4437e+13  0  1147.9  2.3116  0  0  3.02367  0  1.85838  0.0120142  0  0  0.00979067  0  0.0031093
3.4446e+13  0  1148.2  2.3134  0  0  3.02514  0  1.85932  0.0119917  0  0  0.00978002  0  0.00309942
3.4455e+13  0  1148.5  2.3152  0  0  3.0266  0  1.86024  0.0119693  0  0  0.00976939  0  0.0030896
3.4464e+13  0  1148.8  2.31699  0  0  3.02807  0  1.86117  0.011947  0  0  0.00975878  0  0.00307982
3.4473e+13  0  1149.1  2.31878  0  0  3.02953  0  1.86209  0.0119247  0  0  0.00974818  0  0.00307008
3.4482e+13  0  1149.4  2.32057  0  0  3.03099  0  1.86301  0.0119024  0  0  0.0097376  0  0.00306039
3.4491e+13  0  1149.7  2.32235  0  0  3.03245  0  1.86393  0.0118803  0  0  0.00972703  0  0.00305075
3.45e+13  0  1150  2.32413  0  0  3.03391  0  1.86484  0.0118582  0  0  0.00971648  0  0.00304115
3.4509e+13  0  1150.3  2.32591  0  0  3.03537  0  1.86575  0.0118361  0  0  0.00970595  0  0.0030316
3.4518e+13  0  1150.6  2.32768  0  0  3.03682  0  1.86666  0.0118141  0  0  0.00969543  0  0.00302209
3.4527e+13  0  1150.9  2.32945  0  0  3.03828  0  1.86757  0.0117922  0  0  0.00968493  0  0.00301263
3.4536e+13  0  1151.2  2.33122  0  0  3.03973  0  1.86847  0.0117703  0  0  0.00967445  0  0.00300321
3.4545e+13  0  1151.5  2.33298  0  0  3.04118  0  1.86937  0.0117485  0  0  0.00966398  0  0.00299383
3.4554e+13  0  1151.8  2.33474  0  0  3.04263  0  1.87026  0.0117268  0  0  0.00965353  0  0.0029845
3.4563e+13  0  1152.1  2.3365  0  0  3.04407  0  1.87116  0.0117051  0  0  0.00964309  0  0.00297521
3.4572e+13  0  1152.4  2.33826  0  0  3.04552  0  1.87205  0.0116835  0  0  0.00963267  0  0.00296596
3.4581e+13  0  1152.7  2.34001  0  0  3.04696  0  1.87294  0.0116619  0  0  0.00962227  0  0.00295676
3.459e+13  0  1153  2.34175  0  0  3.04841  0  1.87382  0.0116404  0  0  0.00961188  0  0.0029476
3.4599e+13  0  1153.3  2.3435  0  0  3.04985  0  1.87471  0.0116189  0  0  0.00960151  0  0.00293848
3.4608e+13  0  1153.6  2.34524  0  0  3.05129  0  1.87559  0.0115975  0  0  0.00959115  0  0.0029294
3.4617e+13  0  1153.9  2.34698  0  0  3.05272  0  1.87646  0.0115762  0  0  0.00958081  0  0.00292037
3.4626e+13  0  1154.2  2.34871  0  0  3.05416  0  1.87734  0.0115549  0  0  0.00957048  0  0.00291137
3.4635e+13  0  1154.5  2.35044  0  0  3.0556  0  1.87821  0.0115337  0  0  0.00956017  0  0.00290242
3.4644e+13  0  1154.8  2.35217  0  0  3.05703  0  1.87908  0.0115125  0  0  0.00954988  0  0.00289351
3.4653e+13  0  1155.1  2.3539  0  0  3.05846  0  1.87995  0.0114914  0  0  0.0095396  0  0.00288464
3.4662e+13  0  1155.4  2.35562  0  0  3.05989  0  1.88081  0.0114703  0  0  0.00952934  0  0.0028758
3.4671e+13  0  1155.7  2.35734  0  0  3.06132  0  1.88167  0.0114494  0  0  0.00951909  0  0.00286701
3.468e+13  0  1156  2.35905  0  0  3.06275  0  1.88253  0.0114284  0  0  0.00950886  0  0.00285826
3.4689e+13  0  1156.3  2.36077  0  0  3.06417  0  1.88339  0.0114075  0  0  0.00949864  0  0.00284955
3.4698e+13  0  1156.6  2.36248  0  0  3.0656  0  1.88424  0.0113867  0  0  0.00948844  0  0.00284088
3.4707e+13  0  1156.9  2.36418  0  0  3.06702  0  1.88509  0.0113659  0  0  0.00947826  0  0.00283225
3.4716e+13  0  1157.2  2.36589  0  0  3.06844  0  1.88594  0.0113452  0  0  0.00946809  0  0.00282366
3.4725e+13  0  1157.5  2.36759  0  0  3.06986  0  1.88679  0.0113246  0  0  0.00945793  0  0.0028151
3.4734e+13  0  1157.8  2.36928  0  0  3.07128  0  1.88763  0.0113039  0  0  0.00944779  0  0.00280659
3.4743e+13  0  1158.1  2.37098  0  0  3.07269  0  1.88847  0.0112834  0  0  0.00943767  0  0.00279811
3.4752e+13  0  1158.4  2.37267  0  0  3.07411  0  1.88931  0.0112629  0  0  0.00942756  0  0.00278967
3.4761e+13  0  1158.7  2.37436  0  0  3.07552  0  1.89014  0.0112425  0  0  0.00941747  0  0.00278127
3.477e+13  0  1159  2.37604  0  0  3.07693  0  1.89098  0.0112221  0  0  0.00940739  0  0.0027729
3.4779e+13  0  1159.3  2.37772  0  0  3.07834  0  1.89181  0.0112017  0  0  0.00939733  0  0.00276458
3.4788e+13  0  1159.6  2.3794  0  0  3.07975  0  1.89263  0.0111815  0  0  0.00938728  0  0.00275629
3.4797e+13  0  1159.9  2.38108  0  0  3.08116  0  1.89346  0.0111612  0  0  0.00937725  0  0.00274804
3.4806e+13  0  1160.2  2.38275  0  0  3.08257  0  1.89428  0.0111411  0  0  0.00936723  0  0.00273982
3.4815e+13  0  1160.5  2.38442  0  0  3.08397  0  1.8951  0.011121  0  0  0.00935723  0  0.00273164
3.4824e+13  0  1160.8  2.38608  0  0  3.08537  0  1.89592  0.0111009  0  0  0.00934724  0  0.0027235
3.4833e+13  0  1161.1  2.38775  0  0  3.08677  0  1.89674  0.0110809  0  0  0.00933727  0  0.00271539
3.4842e+13  0  1161.4  2.38941  0  0  3.08817  0  1.89755  0.0110609  0  0  0.00932731  0  0.00270732
3.4851e+13  0  1161.7  2.39107  0  0  3.08957  0  1.89836  0.011041  0  0  0.00931737  0  0.00269928
3.486e+13  0  1162  2.39272  0  0  3.09097  0  1.89917  0.0110212  0  0  0.00930745  0  0.00269128
3.4869e+13  0  1162.3  2.39437  0  0  3.09236  0  1.89998  0.0110014  0  0  0.00929753  0  0.00268332
3.4878e+13  0  1162.6  2.39602  0  0  3.09376  0  1.90078  0.0109816  0  0  0.00928764  0  0.00267539
3.4887e+13  0  1162.9  2.39767  0  0  3.09515  0  1.90158  0.0109619  0  0  0.00927775  0  0.0026675
3.4896e+13  0  1163.2  2.39931  0  0  3.09654  0  1.90238  0.0109423  0  0  0.00926789  0  0.00265964
3.4905e+13  0  1163.5  2.40095  0  0  3.09793  0  1.90318  0.0109227  0  0  0.00925803  0  0.00265181
3.4914e+13  0  1163.8  2.40259  0  0  3.09932  0  1.90397  0.0109032  0  0  0.0092482  0  0.00264402
3.4923e+13  0  1164.1  2.40422  0  0  3.1007  0  1.90476  0.0108837  0  0  0.00923837  0  0.00263626
3.4932e+13  0  1164.4  2.40585  0  0  3.10209  0  1.90555  0.0108642  0  0  0.00922856  0  0.00262854
3.4941e+13  0  1164.7  2.40748  0  0  3.10347  0  1.90634  0.0108448  0  0  0.00921877  0  0.00262085
3.495e+13  0  1165  2.4091  0  0  3.10486  0  1.90713  0.0108255  0  0  0.00920899  0  0.00261319
3.4959e+13  0  1165.3  2.41073  0  0  3.10624  0  1.90791  0.0108062  0  0  0.00919923  0  0.00260557
3.4968e+13  0  1165.6  2.41235  0  0  3.10762  0  1.90869  0.010787  0  0  0.00918948  0  0.00259798
3.4977e+13  0  1165.9  2.41396  0  0  3.10899  0  1.90947  0.0107678  0  0  0.00917974  0  0.00259042
3.4986e+13  0  1166.2  2.41558  0  0  3.11037  0  1.91024  0.0107487  0  0  0.00917002  0  0.0025829
3.4995e+13  0  1166.5  2.41719  0  0  3.11174  0  1.91102  0.0107296  0  0  0.00916032  0  0.0025754
3.5004e+13  0  1166.8  2.41879  0  0  3.11312  0  1.91179  0.0107105  0  0  0.00915063  0  0.00256794
3.5013e+13  0  1167.1  2.4204  0  0  3.11449  0  1.91256  0.0106916  0  0  0.00914095  0  0.00256052
3.5022e+13  0  1167.4  2.422  0  0  3.11586  0  1.91333  0.0106726  0  0  0.00913129  0  0.00255312
3.5031e+13  0  1167.7  2.4236  0  0  3.11723  0  1.91409  0.0106537  0  0  0.00912164  0  0.00254576
3.504e+13  0  1168  2.4252  0  0  3.1186  0  1.91485  0.0106349  0  0  0.009112  0  0.00253842
3.5049e+13  0  1168.3  2.42679  0  0  3.11996  0  1.91561  0.0106161  0  0  0.00910238  0  0.00253112
3.5058e+13  0  1168.6  2.42838  0  0  3.12133  0  1.91637  0.0105974  0  0  0.00909278  0  0.00252385
3.5067e+13  0  1168.9  2.42997  0  0  3.12269  0  1.91713  0.0105787  0  0  0.00908319  0  0.00251661
3.5076e+13  0  1169.2  2.43156  0  0  3.12405  0  1.91788  0.01056  0  0  0.00907361  0  0.0025094
3.5085e+13  0  1169.5  2.43314  0  0  3.12541  0  1.91863  0.0105414  0  0  0.00906405  0  0.00250223
3.5094e+13  0  1169.8  2.43472  0  0  3.12677  0  1.91938  0.0105229  0  0  0.0090545  0  0.00249508
3.5103e+13  0  1170.1  2.43629  0  0  3.12813  0  1.92013  0.0105044  0  0  0.00904497  0  0.00248796
3.5112e+13  0  1170.4  2.43787  0  0  3.12948  0  1.92088  0.0104859  0  0  0.00903545  0  0.00248088
3.5121e+13  0  1170.7  2.43944  0  0  3.13084  0  1.92162  0.0104675  0  0  0.00902594  0  0.00247382
3.513e+13  0  1171  2.44101  0  0  3.13219  0  1.92236  0.0104492  0  0  0.00901645  0  0.00246679
3.5139e+13  0  1171.3  2.44257  0  0  3.13354  0  1.9231  0.0104309  0  0  0.00900697  0  0.0024598
3.5148e+13  0  1171.6  2.44414  0  0  3.13489  0  1.92384  0.0104126  0  0  0.00899751  0  0.00245283
3.5157e+13  0  1171.9  2.4457  0  0  3.13624  0  1.92457  0.0103944  0  0  0.00898806  0  0.00244589
3.5166e+13  0  1172.2  2.44726  0  0  3.13759  0  1.9253  0.0103762  0  0  0.00897862  0  0.00243898
3.5175e+13  0  1172.5  2.44881  0  0  3.13894  0  1.92603  0.0103581  0  0  0.0089692  0  0.0024321
3.5184e+13  0  1172.8  2.45036  0  0  3.14028  0  1.92676  0.01034  0  0  0.0089598  0  0.00242525
3.5193e+13  0  1173.1  2.45191  0  0  3.14162  0  1.92749  0.010322  0  0  0.0089504  0  0.00241843
3.5202e+13  0  1173.4  2.45346  0  0  3.14297  0  1.92821  0.010304  0  0  0.00894102  0  0.00241163
3.5211e+13  0  1173.7  2.455  0  0  3.14431  0  1.92894  0.0102861  0  0  0.00893166  0  0.00240487
3.522e+13  0  1174  2.45655  0  0  3.14565  0  1.92966  0.0102682  0  0  0.0089223  0  0.00239813
3.5229e+13  0  1174.3  2.45808  0  0  3.14698  0  1.93037  0.0102503  0  0  0.00891297  0  0.00239142
3.5238e+13  0  1174.6  2.45962  0  0  3.14832  0  1.93109  0.0102325  0  0  0.00890364  0  0.00238474
3.5247e+13  0  1174.9  2.46115  0  0  3.14965  0  1.9318  0.0102148  0  0  0.00889433  0  0.00237809
3.5256e+13  0  1175.2  2.46268  0  0  3.15099  0  1.93252  0.0101971  0  0  0.00888503  0  0.00237146
3.5265e+13  0  1175.5  2.46421  0  0  3.15232  0  1.93323  0.0101794  0  0  0.00887575  0  0.00236486
3.5274e+13  0  1175.8  2.46574  0  0  3.15365  0  1.93394  0.0101618  0  0  0.00886648  0  0.00235829
3.5283e+13  0  1176.1  2.46726  0  0  3.15498  0  1.93464  0.0101442  0  0  0.00885723  0  0.00235175
3.5292e+13  0  1176.4  2.46878  0  0  3.15631  0  1.93535  0.0101267  0  0  0.00884798  0  0.00234523
3.5301e+13  0  1176.7  2.4703  0  0  3.15763  0  1.93605  0.0101092  0  0  0.00883875  0  0.00233874
3.531e+13  0  1177  2.47181  0  0  3.15896  0  1.93675  0.0100918  0  0  0.00882954  0  0.00233227
3.5319e+13  0  1177.3  2.47333  0  0  3.16028  0  1.93745  0.0100744  0  0  0.00882034  0  0.00232584
3.5328e+13  0  1177.6  2.47484  0  0  3.1616  0  1.93815  0.010057  0  0  0.00881115  0  0.00231943
3.5337e+13  0  1177.9  2.47634  0  0  3.16293  0  1.93884  0.0100397  0  0  0.00880198  0  0.00231304
3.5346e+13  0  1178.2  2.47785  0  0  3.16425  0  1.93953  0.0100224  0  0  0.00879281  0  0.00230668
3.5355e+13  0  1178.5  2.47935  0  0  3.16556  0  1.94022  0.0100052  0  0  0.00878367  0  0.00230035
3.5364e+13  0  1178.8  2.48085  0  0  3.16688  0  1.94091  0.00998802  0  0  0.00877453  0  0.00229404
3.5373e+13  0  1179.1  2.48235  0  0  3.1682  0  1.9416  0.00997088  0  0  0.00876541  0  0.00228776
3.5382e+13  0  1179.4  2.48384  0  0  3.16951  0  1.94229  0.00995379  0  0  0.0087563  0  0.00228151
3.5391e+13  0  1179.7  2.48533  0  0  3.17082  0  1.94297  0.00993674  0  0  0.00874721  0  0.00227528
3.54e+13  0  1180  2.48682  0  0  3.17213  0  1.94365  0.00991973  0  0  0.00873813  0  0.00226907
3.5409e+13  0  1180.3  2.48831  0  0  3.17344  0  1.94433  0.00990277  0  0  0.00872906  0  0.00226289
3.5418e+13  0  1180.6  2.48979  0  0  3.17475  0  1.94501  0.00988584  0  0  0.00872001  0  0.00225674
3.5427e+13  0  1180.9  2.49127  0  0  3.17606  0  1.94569  0.00986896  0  0  0.00871097  0  0.00225061
3.5436e+13  0  1181.2  2.49275  0  0  3.17737  0  1.94636  0.00985213  0  0  0.00870194  0  0.0022445
3.5445e+13  0  1181.5  2.49423  0  0  3.17867  0  1.94703  0.00983533  0  0  0.00869292  0  0.00223842
3.5454e+13  0  1181.8  2.4957  0  0  3.17997  0  1.9477  0.00981858  0  0  0.00868392  0  0.00223236
3.5463e+13  0  1182.1  2.49717  0  0  3.18128  0  1.94837  0.00980187  0  0  0.00867493  0  0.00222633
3.5472e+13  0  1182.4  2.49864  0  0  3.18258  0  1.94904  0.0097852  0  0  0.00866596  0  0.00222032
3.5481e+13  0  1182.7  2.50011  0  0  3.18388  0  1.9497  0.00976857  0  0  0.008657  0  0.00221434
3.549e+13  0  1183  2.50157  0  0  3.18517  0  1.95037  0.00975198  0  0  0.00864805  0  0.00220838
3.5499e+13  0  1183.3  2.50303  0  0  3.18647  0  1.95103  0.00973543  0  0  0.00863911  0  0.00220244
3.5508e+13  0  1183.6  2.50449  0  0  3.18776  0  1.95169  0.00971893  0  0  0.00863019  0  0.00219653
3.5517e+13  0  1183.9  2.50595  0  0  3.18906  0  1.95235  0.00970246  0  0  0.00862128  0  0.00219064
3.5526e+13  0  1184.2  2.5074  0  0  3.19035  0  1.953  0.00968604  0  0  0.00861238  0  0.00218478
3.5535e+13  0  1184.5  2.50886  0  0  3.19164  0  1.95366  0.00966966  0  0  0.0086035  0  0.00217894
3.5544e+13  0  1184.8  2.5103  0  0  3.19293  0  1.95431  0.00965332  0  0  0.00859463  0  0.00217312
3.5553e+13  0  1185.1  2.51175  0  0  3.19422  0  1.95496  0.00963702  0  0  0.00858577  0  0.00216732
3.5562e+13  0  1185.4  2.5132  0  0  3.19551  0  1.95561  0.00962076  0  0  0.00857692  0  0.00216155
3.5571e+13  0  1185.7  2.51464  0  0  3.19679  0  1.95626  0.00960454  0  0  0.00856809  0  0.0021558
3.558e+13  0  1186  2.51608  0  0  3.19808  0  1.9569  0.00958835  0  0  0.00855927  0  0.00215007
3.5589e+13  0  1186.3  2.51751  0  0  3.19936  0  1.95755  0.00957221  0  0  0.00855046  0  0.00214437
3.5598e+13  0  1186.6  2.51895  0  0  3.20064  0  1.95819  0.00955611  0  0  0.00854167  0  0.00213869
3.5607e+13  0  1186.9  2.52038  0  0  3.20192  0  1.95883  0.00954005  0  0  0.00853289  0  0.00213303
3.5616e+13  0  1187.2  2.52181  0  0  3.2032  0  1.95947  0.00952403  0  0  0.00852412  0  0.00212739
3.5625e+13  0  1187.5  2.52324  0  0  3.20448  0  1.96011  0.00950805  0  0  0.00851536  0  0.00212177
3.5634e+13  0  1187.8  2.52466  0  0  3.20576  0  1.96074  0.00949211  0  0  0.00850662  0  0.00211618
3.5643e+13  0  1188.1  2.52608  0  0  3.20703  0  1.96138  0.0094762  0  0  0.00849789  0  0.00211061
3.5652e+13  0  1188.4  2.52751  0  0  3.20831  0  1.96201  0.00946034  0  0  0.00848917  0  0.00210506
3.5661e+13  0  1188.7  2.52892  0  0  3.20958  0  1.96264  0.00944451  0  0  0.00848046  0  0.00209953
3.567e+13  0  1189  2.53034  0  0  3.21085  0  1.96327  0.00942872  0  0  0.00847177  0  0.00209403
3.5679e+13  0  1189.3  2.53175  0  0  3.21212  0  1.9639  0.00941298  0  0  0.00846309  0  0.00208854
3.5688e+13  0  1189.6  2.53316  0  0  3.21339  0  1.96452  0.00939727  0  0  0.00845442  0  0.00208308
3.5697e+13  0  1189.9  2.53457  0  0  3.21466  0  1.96515  0.00938159  0  0  0.00844577  0  0.00207763
3.5706e+13  0  1190.2  2.53598  0  0  3.21592  0  1.96577  0.00936596  0  0  0.00843712  0  0.00207221
3.5715e+13  0  1190.5  2.53738  0  0  3.21719  0  1.96639  0.00935037  0  0  0.00842849  0  0.00206681
3.5724e+13  0  1190.8  2.53878  0  0  3.21845  0  1.96701  0.00933481  0  0  0.00841988  0  0.00206143
3.5733e+13  0  1191.1  2.54018  0  0  3.21971  0  1.96763  0.00931929  0  0  0.00841127  0  0.00205607
3.5742e+13  0  1191.4  2.54158  0  0  3.22098  0  1.96824  0.00930381  0  0  0.00840268  0  0.00205074
3.5751e+13  0  1191.7  2.54297  0  0  3.22223  0  1.96886  0.00928837  0  0  0.0083941  0  0.00204542
3.576e+13  0  1192  2.54436  0  0  3.22349  0  1.96947  0.00927296  0  0  0.00838553  0  0.00204012
3.5769e+13  0  1192.3  2.54575  0  0  3.22475  0  1.97008  0.00925759  0  0  0.00837697  0  0.00203484
3.5778e+13  0  1192.6  2.54714  0  0  3.22601  0  1.97069  0.00924226  0  0  0.00836843  0  0.00202959
3.5787e+13  0  1192.9  2.54853  0  0  3.22726  0  1.9713  0.00922697  0  0  0.0083599  0  0.00202435
3.5796e+13  0  1193.2  2.54991  0  0  3.22851  0  1.9719  0.00921171  0  0  0.00835138  0  0.00201914
3.5805e+13  0  1193.5  2.55129  0  0  3.22977  0  1.97251  0.00919649  0  0  0.00834287  0  0.00201394
3.5814e+13  0  1193.8  2.55267  0  0  3.23102  0  1.97311  0.0091813  0  0  0.00833437  0  0.00200876
3.5823e+13  0  1194.1  2.55404  0  0  3.23227  0  1.97372  0.00916616  0  0  0.00832589  0  0.00200361
3.5832e+13  0  1194.4  2.55542  0  0  3.23351  0  1.97432  0.00915105  0  0  0.00831742  0  0.00199847
3.5841e+13  0  1194.7  2.55679  0  0  3.23476  0  1.97491  0.00913597  0  0  0.00830896  0  0.00199335
3.585e+13  0  1195  2.55816  0  0  3.23601  0  1.97551  0.00912094  0  0  0.00830052  0  0.00198825
3.5859e+13  0  1195.3  2.55952  0  0  3.23725  0  1.97611  0.00910594  0  0  0.00829208  0  0.00198317
3.5868e+13  0  1195.6  2.56089  0  0  3.2385  0  1.9767  0.00909097  0  0  0.00828366  0  0.00197812
3.5877e+13  0  1195.9  2.56225  0  0  3.23974  0  1.97729  0.00907604  0  0  0.00827525  0  0.00197307
3.5886e+13  0  1196.2  2.56361  0  0  3.24098  0  1.97788  0.00906115  0  0  0.00826685  0  0.00196805
3.5895e+13  0  1196.5  2.56497  0  0  3.24222  0  1.97847  0.00904629  0  0  0.00825847  0  0.00196305
3.5904e+13  0  1196.8  2.56633  0  0  3.24346  0  1.97906  0.00903147  0  0  0.00825009  0  0.00195807
3.5913e+13  0  1197.1  2.56768  0  0  3.24469  0  1.97965  0.00901668  0  0  0.00824173  0  0.0019531
3.5922e+13  0  1197.4  2.56903  0  0  3.24593  0  1.98023  0.00900193  0  0  0.00823338  0  0.00194816
3.5931e+13  0  1197.7  2.57038  0  0  3.24716  0  1.98082  0.00898722  0  0  0.00822504  0  0.00194323
3.594e+13  0  1198  2.57173  0  0  3.2484  0  1.9814  0.00897254  0  0  0.00821671  0  0.00193832
3.5949e+13  0  1198.3  2.57307  0  0  3.24963  0  1.98198  0.00895789  0  0  0.0082084  0  0.00193343
3.5958e+13  0  1198.6  2.57441  0  0  3.25086  0  1.98256  0.00894328  0  0  0.0082001  0  0.00192856
3.5967e+13  0  1198.9  2.57575  0  0  3.25209  0  1.98314  0.00892871  0  0  0.00819181  0  0.0019237
3.5976e+13  0  1199.2  2.57709  0  0  3.25331  0  1.98371  0.00891417  0  0  0.00818353  0  0.00191887
3.5985e+13  0  1199.5  2.57843  0  0  3.25454  0  1.98429  0.00889966  0  0  0.00817526  0  0.00191405
3.5994e+13  0  1199.8  2.57976  0  0  3.25577  0  1.98486  0.00888519  0  0  0.008167  0  0.00190925
3.6003e+13  0  1200.1  2.58109  0  0  3.25699  0  1.98544  0.00887075  0  0  0.00815876  0  0.00190447
3.6012e+13  0  1200.4  2.58242  0  0  3.25822  0  1.98601  0.00885635  0  0  0.00815053  0  0.0018997
3.6021e+13  0  1200.7  2.58375  0  0  3.25944  0  1.98657  0.00884198  0  0  0.00814231  0  0.00189496
3.603e+13  0  1201  2.58508  0  0  3.26066  0  1.98714  0.00882765  0  0  0.0081341  0  0.00189023
3.6039e+13  0  1201.3  2.5864  0  0  3.26188  0  1.98771  0.00881335  0  0  0.0081259  0  0.00188552
3.6048e+13  0  1201.6  2.58772  0  0  3.2631  0  1.98827  0.00879908  0  0  0.00811772  0  0.00188082
3.6057e+13  0  1201.9  2.58904  0  0  3.26431  0  1.98884  0.00878485  0  0  0.00810954  0  0.00187615
3.6066e+13  0  1202.2  2.59035  0  0  3.26553  0  1.9894  0.00877065  0  0  0.00810138  0  0.00187149
3.6075e+13  0  1202.5  2.59167  0  0  3.26674  0  1.98996  0.00875649  0  0  0.00809323  0  0.00186684
3.6084e+13  0  1202.8  2.59298  0  0  3.26796  0  1.99052  0.00874236  0  0  0.00808509  0  0.00186222
3.6093e+13  0  1203.1  2.59429  0  0  3.26917  0  1.99108  0.00872826  0  0  0.00807696  0  0.00185761
3.6102e+13  0  1203.4  2.5956  0  0  3.27038  0  1.99163  0.00871419  0  0  0.00806884  0  0.00185302
3.6111e+13  0  1203.7  2.59691  0  0  3.27159  0  1.99219  0.00870016  0  0  0.00806074  0  0.00184844
3.612e+13  0  1204  2.59821  0  0  3.2728  0  1.99274  0.00868616  0  0  0.00805265  0  0.00184389
3.6129e+13  0  1204.3  2.59951  0  0  3.274  0  1.9933  0.0086722  0  0  0.00804456  0  0.00183934
3.6138e+13  0  1204.6  2.60081  0  0  3.27521  0  1.99385  0.00865826  0  0  0.00803649  0  0.00183482
3.6147e+13  0  1204.9  2.60211  0  0  3.27642  0  1.9944  0.00864436  0  0  0.00802844  0  0.00183031
3.6156e+13  0  1205.2  2.6034  0  0  3.27762  0  1.99494  0.0086305  0  0  0.00802039  0  0.00182582
3.6165e+13  0  1205.5  2.6047  0  0  3.27882  0  1.99549  0.00861666  0  0  0.00801235  0  0.00182135
3.6174e+13  0  1205.8  2.60599  0  0  3.28002  0  1.99604  0.00860286  0  0  0.00800433  0  0.00181689
3.6183e+13  0  1206.1  2.60728  0  0  3.28122  0  1.99658  0.00858909  0  0  0.00799631  0  0.00181244
3.6192e+13  0  1206.4  2.60857  0  0  3.28242  0  1.99713  0.00857535  0  0  0.00798831  0  0.00180802
3.6201e+13  0  1206.7  2.60985  0  0  3.28362  0  1.99767  0.00856164  0  0  0.00798032  0  0.00180361
3.621e+13  0  1207  2.61113  0  0  3.28482  0  1.99821  0.00854797  0  0  0.00797234  0  0.00179921
3.6219e+13  0  1207.3  2.61241  0  0  3.28601  0  1.99875  0.00853433  0  0  0.00796437  0  0.00179483
3.6228e+13  0  1207.6  2.61369  0  0  3.2872  0  1.99928  0.00852072  0  0  0.00795641  0  0.00179047
3.6237e+13  0  1207.9  2.61497  0  0  3.2884  0  1.99982  0.00850714  0  0  0.00794847  0  0.00178612
3.6246e+13  0  1208.2  2.61625  0  0  3.28959  0  2.00036  0.00849359  0  0  0.00794053  0  0.00178179
3.6255e+13  0  1208.5  2.61752  0  0  3.29078  0  2.00089  0.00848008  0  0  0.00793261  0  0.00177747
3.6264e+13  0  1208.8  2.61879  0  0  3.29197  0  2.00142  0.00846659  0  0  0.00792469  0  0.00177317
3.6273e+13  0  1209.1  2.62006  0  0  3.29316  0  2.00195  0.00845314  0  0  0.00791679  0  0.00176889
3.6282e+13  0  1209.4  2.62133  0  0  3.29434  0  2.00248  0.00843972  0  0  0.0079089  0  0.00176462
3.6291e+13  0  1209.7  2.62259  0  0  3.29553  0  2.00301  0.00842633  0  0  0.00790102  0  0.00176036
3.63e+13  0  1210  2.62385  0  0  3.29671  0  2.00354  0.00841297  0  0  0.00789315  0  0.00175612
3.6309e+13  0  1210.3  2.62511  0  0  3.2979  0  2.00407  0.00839964  0  0  0.0078853  0  0.0017519
3.6318e+13  0  1210.6  2.62637  0  0  3.29908  0  2.00459  0.00838635  0  0  0.00787745  0  0.00174769
3.6327e+13  0  1210.9  2.62763  0  0  3.30026  0  2.00511  0.00837308  0  0  0.00786961  0  0.0017435
3.6336e+13  0  1211.2  2.62888  0  0  3.30144  0  2.00564  0.00835985  0  0  0.00786179  0  0.00173932
3.6345e+13  0  1211.5  2.63014  0  0  3.30262  0  2.00616  0.00834664  0  0  0.00785398  0  0.00173515
3.6354e+13  0  1211.8  2.63139  0  0  3.3038  0  2.00668  0.00833347  0  0  0.00784617  0  0.001731
3.6363e+13  0  1212.1  2.63264  0  0  3.30497  0  2.0072  0.00832032  0  0  0.00783838  0  0.00172687
3.6372e+13  0  1212.4  2.63388  0  0  3.30615  0  2.00771  0.00830721  0  0  0.0078306  0  0.00172275
3.6381e+13  0  1212.7  2.63513  0  0  3.30732  0  2.00823  0.00829412  0  0  0.00782283  0  0.00171864
3.639e+13  0  1213  2.63637  0  0  3.3085  0  2.00875  0.00828107  0  0  0.00781507  0  0.00171455
3.6399e+13  0  1213.3  2.63761  0  0  3.30967  0  2.00926  0.00826805  0  0  0.00780732  0  0.00171047
3.6408e+13  0  1213.6  2.63885  0  0  3.31084  0  2.00977  0.00825505  0  0  0.00779958  0  0.00170641
3.6417e+13  0  1213.9  2.64009  0  0  3.31201  0  2.01028  0.00824209  0  0  0.00779186  0  0.00170236
3.6426e+13  0  1214.2  2.64133  0  0  3.31317  0  2.01079  0.00822916  0  0  0.00778414  0  0.00169833
3.6435e+13  0  1214.5  2.64256  0  0  3.31434  0  2.0113  0.00821625  0  0  0.00777644  0  0.00169431
3.6444e+13  0  1214.8  2.64379  0  0  3.31551  0  2.01181  0.00820338  0  0  0.00776874  0  0.00169031
3.6453e+13  0  1215.1  2.64502  0  0  3.31667  0  2.01232  0.00819053  0  0  0.00776106  0  0.00168631
3.6462e+13  0  1215.4  2.64625  0  0  3.31784  0  2.01282  0.00817772  0  0  0.00775338  0  0.00168234
3.6471e+13  0  1215.7  2.64747  0  0  3.319  0  2.01333  0.00816493  0  0  0.00774572  0  0.00167837
3.648e+13  0  1216  2.6487  0  0  3.32016  0  2.01383  0.00815217  0  0  0.00773807  0  0.00167442
3.6489e+13  0  1216.3  2.64992  0  0  3.32132  0  2.01433  0.00813945  0  0  0.00773043  0  0.00167049
3.6498e+13  0  1216.6  2.65114  0  0  3.32248  0  2.01483  0.00812675  0  0  0.0077228  0  0.00166656
3.6507e+13  0  1216.9  2.65236  0  0  3.32364  0  2.01533  0.00811408  0  0  0.00771518  0  0.00166266
3.6516e+13  0  1217.2  2.65357  0  0  3.32479  0  2.01583  0.00810144  0  0  0.00770757  0  0.00165876
3.6525e+13  0  1217.5  2.65479  0  0  3.32595  0  2.01632  0.00808882  0  0  0.00769997  0  0.00165488
3.6534e+13  0  1217.8  2.656  0  0  3.3271  0  2.01682  0.00807624  0  0  0.00769238  0  0.00165101
3.6543e+13  0  1218.1  2.65721  0  0  3.32826  0  2.01732  0.00806368  0  0  0.0076848  0  0.00164716
3.6552e+13  0  1218.4  2.65842  0  0  3.32941  0  2.01781  0.00805116  0  0  0.00767724  0  0.00164331
3.6561e+13  0  1218.7  2.65962  0  0  3.33056  0  2.0183  0.00803866  0  0  0.00766968  0  0.00163949
3.657e+13  0  1219  2.66083  0  0  3.33171  0  2.01879  0.00802619  0  0  0.00766213  0  0.00163567
3.6579e+13  0  1219.3  2.66203  0  0  3.33286  0  2.01928  0.00801375  0  0  0.0076546  0  0.00163187
3.6588e+13  0  1219.6  2.66323  0  0  3.33401  0  2.01977  0.00800134  0  0  0.00764707  0  0.00162808
3.6597e+13  0  1219.9  2.66443  0  0  3.33515  0  2.02026  0.00798895  0  0  0.00763955  0  0.0016243
3.6606e+13  0  1220.2  2.66563  0  0  3.3363  0  2.02075  0.00797659  0  0  0.00763205  0  0.00162054
3.6615e+13  0  1220.5  2.66683  0  0  3.33744  0  2.02123  0.00796426  0  0  0.00762456  0  0.00161679
3.6624e+13  0  1220.8  2.66802  0  0  3.33858  0  2.02172  0.00795196  0  0  0.00761707  0  0.00161306
3.6633e+13  0  1221.1  2.66921  0  0  3.33973  0  2.0222  0.00793969  0  0  0.0076096  0  0.00160933
3.6642e+13  0  1221.4  2.6704  0  0  3.34087  0  2.02268  0.00792744  0  0  0.00760213  0  0.00160562
3.6651e+13  0  1221.7  2.67159  0  0  3.34201  0  2.02316  0.00791522  0  0  0.00759468  0  0.00160192
3.666e+13  0  1222  2.67278  0  0  3.34315  0  2.02364  0.00790303  0  0  0.00758724  0  0.00159823
3.6669e+13  0  1222.3  2.67396  0  0  3.34428  0  2.02412  0.00789087  0  0  0.00757981  0  0.00159456
3.6678e+13  0  1222.6  2.67514  0  0  3.34542  0  2.0246  0.00787873  0  0  0.00757238  0  0.0015909
3.6687e+13  0  1222.9  2.67632  0  0  3.34656  0  2.02508  0.00786662  0  0  0.00756497  0  0.00158725
3.6696e+13  0  1223.2  2.6775  0  0  3.34769  0  2.02555  0.00785454  0  0  0.00755757  0  0.00158362
3.6705e+13  0  1223.5  2.67868  0  0  3.34882  0  2.02603  0.00784249  0  0  0.00755018  0  0.00157999
3.6714e+13  0  1223.8  2.67986  0  0  3.34995  0  2.0265  0.00783046  0  0  0.00754279  0  0.00157638
3.6723e+13  0  1224.1  2.68103  0  0  3.35109  0  2.02697  0.00781846  0  0  0.00753542  0  0.00157278
3.6732e+13  0  1224.4  2.6822  0  0  3.35222  0  2.02744  0.00780649  0  0  0.00752806  0  0.00156919
3.6741e+13  0  1224.7  2.68337  0  0  3.35334  0  2.02791  0.00779454  0  0  0.00752071  0  0.00156562
3.675e+13  0  1225  2.68454  0  0  3.35447  0  2.02838  0.00778262  0  0  0.00751337  0  0.00156206
3.6759e+13  0  1225.3  2.68571  0  0  3.3556  0  2.02885  0.00777073  0  0  0.00750604  0  0.0015585
3.6768e+13  0  1225.6  2.68687  0  0  3.35672  0  2.02932  0.00775886  0  0  0.00749872  0  0.00155497
3.6777e+13  0  1225.9  2.68803  0  0  3.35785  0  2.02978  0.00774702  0  0  0.00749141  0  0.00155144
3.6786e+13  0  1226.2  2.68919  0  0  3.35897  0  2.03025  0.0077352  0  0  0.0074841  0  0.00154792
3.6795e+13  0  1226.5  2.69035  0  0  3.36009  0  2.03071  0.00772342  0  0  0.00747681  0  0.00154442
3.6804e+13  0  1226.8  2.69151  0  0  3.36121  0  2.03118  0.00771165  0  0  0.00746953  0  0.00154093
3.6813e+13  0  1227.1  2.69267  0  0  3.36233  0  2.03164  0.00769992  0  0  0.00746226  0  0.00153745
3.6822e+13  0  1227.4  2.69382  0  0  3.36345  0  2.0321  0.00768821  0  0  0.007455  0  0.00153398
3.6831e+13  0  1227.7  2.69497  0  0  3.36457  0  2.03256  0.00767653  0  0  0.00744775  0  0.00153052
3.684e+13  0  1228  2.69612  0  0  3.36569  0  2.03302  0.00766487  0  0  0.00744051  0  0.00152708
3.6849e+13  0  1228.3  2.69727  0  0  3.3668  0  2.03347  0.00765324  0  0  0.00743328  0  0.00152364
3.6858e+13  0  1228.6  2.69842  0  0  3.36792  0  2.03393  0.00764163  0  0  0.00742605  0  0.00152022
3.6867e+13  0  1228.9  2.69956  0  0  3.36903  0  2.03439  0.00763005  0  0  0.00741884  0  0.00151681
3.6876e+13  0  1229.2  2.70071  0  0  3.37014  0  2.03484  0.0076185  0  0  0.00741164  0  0.00151341
3.6885e+13  0  1229.5  2.70185  0  0  3.37125  0  2.03529  0.00760697  0  0  0.00740445  0  0.00151002
3.6894e+13  0  1229.8  2.70299  0  0  3.37236  0  2.03575  0.00759546  0  0  0.00739727  0  0.00150665
3.6903e+13  0  1230.1  2.70413  0  0  3.37347  0  2.0362  0.00758399  0  0  0.00739009  0  0.00150328
3.6912e+13  0  1230.4  2.70527  0  0  3.37458  0  2.03665  0.00757253  0  0  0.00738293  0  0.00149992
3.6921e+13  0  1230.7  2.7064  0  0  3.37569  0  2.0371  0.00756111  0  0  0.00737578  0  0.00149658
3.693e+13  0  1231  2.70753  0  0  3.37679  0  2.03755  0.0075497  0  0  0.00736863  0  0.00149325
3.6939e+13  0  1231.3  2.70867  0  0  3.3779  0  2.03799  0.00753833  0  0  0.0073615  0  0.00148993
3.6948e+13  0  1231.6  2.70979  0  0  3.379  0  2.03844  0.00752697  0  0  0.00735438  0  0.00148662
3.6957e+13  0  1231.9  2.71092  0  0  3.3801  0  2.03889  0.00751565  0  0  0.00734726  0  0.00148332
3.6966e+13  0  1232.2  2.71205  0  0  3.38121  0  2.03933  0.00750434  0  0  0.00734016  0  0.00148003
3.6975e+13  0  1232.5  2.71317  0  0  3.38231  0  2.03977  0.00749307  0  0  0.00733306  0  0.00147675
3.6984e+13  0  1232.8  2.7143  0  0  3.38341  0  2.04022  0.00748181  0  0  0.00732598  0  0.00147348
3.6993e+13  0  1233.1  2.71542  0  0  3.3845  0  2.04066  0.00747058  0  0  0.0073189  0  0.00147022
3.7002e+13  0  1233.4  2.71654  0  0  3.3856  0  2.0411  0.00745938  0  0  0.00731184  0  0.00146698
3.7011e+13  0  1233.7  2.71766  0  0  3.3867  0  2.04154  0.0074482  0  0  0.00730478  0  0.00146374
3.702e+13  0  1234  2.71877  0  0  3.38779  0  2.04198  0.00743705  0  0  0.00729773  0  0.00146052
3.7029e+13  0  1234.3  2.71989  0  0  3.38889  0  2.04241  0.00742592  0  0  0.0072907  0  0.0014573
3.7038e+13  0  1234.6  2.721  0  0  3.38998  0  2.04285  0.00741481  0  0  0.00728367  0  0.0014541
3.7047e+13  0  1234.9  2.72211  0  0  3.39107  0  2.04329  0.00740373  0  0  0.00727665  0  0.00145091
3.7056e+13  0  1235.2  2.72322  0  0  3.39216  0  2.04372  0.00739267  0  0  0.00726964  0  0.00144772
3.7065e+13  0  1235.5  2.72433  0  0  3.39325  0  2.04416  0.00738164  0  0  0.00726264  0  0.00144455
3.7074e+13  0  1235.8  2.72544  0  0  3.39434  0  2.04459  0.00737063  0  0  0.00725565  0  0.00144139
3.7083e+13  0  1236.1  2.72654  0  0  3.39543  0  2.04502  0.00735964  0  0  0.00724867  0  0.00143823
3.7092e+13  0  1236.4  2.72764  0  0  3.39652  0  2.04545  0.00734868  0  0  0.0072417  0  0.00143509
3.7101e+13  0  1236.7  2.72875  0  0  3.3976  0  2.04588  0.00733774  0  0  0.00723474  0  0.00143196
3.711e+13  0  1237  2.72984  0  0  3.39869  0  2.04631  0.00732683  0  0  0.00722779  0  0.00142884
3.7119e+13  0  1237.3  2.73094  0  0  3.39977  0  2.04674  0.00731594  0  0  0.00722084  0  0.00142573
3.7128e+13  0  1237.6  2.73204  0  0  3.40085  0  2.04717  0.00730507  0  0  0.00721391  0  0.00142263
3.7137e+13  0  1237.9  2.73313  0  0  3.40193  0  2.04759  0.00729423  0  0  0.00720699  0  0.00141953
3.7146e+13  0  1238.2  2.73423  0  0  3.40301  0  2.04802  0.00728341  0  0  0.00720007  0  0.00141645
3.7155e+13  0  1238.5  2.73532  0  0  3.40409  0  2.04844  0.00727261  0  0  0.00719317  0  0.00141338
3.7164e+13  0  1238.8  2.73641  0  0  3.40517  0  2.04887  0.00726184  0  0  0.00718627  0  0.00141032
3.7173e+13  0  1239.1  2.7375  0  0  3.40625  0  2.04929  0.00725109  0  0  0.00717938  0  0.00140727
3.7182e+13  0  1239.4  2.73858  0  0  3.40733  0  2.04971  0.00724037  0  0  0.00717251  0  0.00140422
3.7191e+13  0  1239.7  2.73967  0  0  3.4084  0  2.05013  0.00722966  0  0  0.00716564  0  0.00140119
3.72e+13  0  1240  2.74075  0  0  3.40948  0  2.05055  0.00721898  0  0  0.00715878  0  0.00139817
3.7209e+13  0  1240.3  2.74184  0  0  3.41055  0  2.05097  0.00720833  0  0  0.00715193  0  0.00139515
3.7218e+13  0  1240.6  2.74292  0  0  3.41162  0  2.05139  0.00719769  0  0  0.00714509  0  0.00139215
3.7227e+13  0  1240.9  2.74399  0  0  3.41269  0  2.0518  0.00718708  0  0  0.00713826  0  0.00138916
3.7236e+13  0  1241.2  2.74507  0  0  3.41376  0  2.05222  0.00717649  0  0  0.00713143  0  0.00138617
3.7245e+13  0  1241.5  2.74615  0  0  3.41483  0  2.05264  0.00716593  0  0  0.00712462  0  0.0013832
3.7254e+13  0  1241.8  2.74722  0  0  3.4159  0  2.05305  0.00715538  0  0  0.00711782  0  0.00138023
3.7263e+13  0  1242.1  2.74829  0  0  3.41697  0  2.05346  0.00714486  0  0  0.00711102  0  0.00137727
3.7272e+13  0  1242.4  2.74936  0  0  3.41803  0  2.05388  0.00713436  0  0  0.00710424  0  0.00137433
3.7281e+13  0  1242.7  2.75043  0  0  3.4191  0  2.05429  0.00712389  0  0  0.00709746  0  0.00137139
3.729e+13  0  1243  2.7515  0  0  3.42016  0  2.0547  0.00711344  0  0  0.00709069  0  0.00136846
3.7299e+13  0  1243.3  2.75257  0  0  3.42123  0  2.05511  0.00710301  0  0  0.00708393  0  0.00136554
3.7308e+13  0  1243.6  2.75363  0  0  3.42229  0  2.05552  0.0070926  0  0  0.00707718  0  0.00136263
3.7317e+13  0  1243.9  2.7547  0  0  3.42335  0  2.05593  0.00708221  0  0  0.00707044  0  0.00135973
3.7326e+13  0  1244.2  2.75576  0  0  3.42441  0  2.05634  0.00707185  0  0  0.00706371  0  0.00135684
3.7335e+13  0  1244.5  2.75682  0  0  3.42547  0  2.05674  0.00706151  0  0  0.00705699  0  0.00135396
3.7344e+13  0  1244.8  2.75788  0  0  3.42653  0  2.05715  0.00705119  0  0  0.00705027  0  0.00135108
3.7353e+13  0  1245.1  2.75893  0  0  3.42758  0  2.05755  0.00704089  0  0  0.00704357  0  0.00134822
3.7362e+13  0  1245.4  2.75999  0  0  3.42864  0  2.05796  0.00703061  0  0  0.00703687  0  0.00134536
3.7371e+13  0  1245.7  2.76104  0  0  3.42969  0  2.05836  0.00702036  0  0  0.00703019  0  0.00134252
3.738e+13  0  1246  2.76209  0  0  3.43075  0  2.05876  0.00701013  0  0  0.00702351  0  0.00133968
3.7389e+13  0  1246.3  2.76314  0  0  3.4318  0  2.05916  0.00699992  0  0  0.00701684  0  0.00133685
3.7398e+13  0  1246.6  2.76419  0  0  3.43285  0  2.05956  0.00698973  0  0  0.00701018  0  0.00133403
3.7407e+13  0  1246.9  2.76524  0  0  3.4339  0  2.05996  0.00697956  0  0  0.00700353  0  0.00133122
3.7416e+13  0  1247.2  2.76629  0  0  3.43495  0  2.06036  0.00696942  0  0  0.00699689  0  0.00132842
3.7425e+13  0  1247.5  2.76733  0  0  3.436  0  2.06076  0.00695929  0  0  0.00699025  0  0.00132563
3.7434e+13  0  1247.8  2.76838  0  0  3.43705  0  2.06116  0.00694919  0  0  0.00698363  0  0.00132284
3.7443e+13  0  1248.1  2.76942  0  0  3.4381  0  2.06155  0.00693911  0  0  0.00697701  0  0.00132006
3.7452e+13  0  1248.4  2.77046  0  0  3.43914  0  2.06195  0.00692905  0  0  0.00697041  0  0.0013173
3.7461e+13  0  1248.7  2.7715  0  0  3.44019  0  2.06235  0.00691901  0  0  0.00696381  0  0.00131454
3.747e+13  0  1249  2.77253  0  0  3.44123  0  2.06274  0.00690899  0  0  0.00695722  0  0.00131179
3.7479e+13  0  1249.3  2.77357  0  0  3.44228  0  2.06313  0.006899  0  0  0.00695064  0  0.00130904
3.7488e+13  0  1249.6  2.7746  0  0  3.44332  0  2.06352  0.00688902  0  0  0.00694407  0  0.00130631
3.7497e+13  0  1249.9  2.77563  0  0  3.44436  0  2.06392  0.00687907  0  0  0.0069375  0  0.00130359
3.7506e+13  0  1250.2  2.77667  0  0  3.4454  0  2.06431  0.00686913  0  0  0.00693095  0  0.00130087
3.7515e+13  0  1250.5  2.7777  0  0  3.44644  0  2.0647  0.00685922  0  0  0.0069244  0  0.00129816
3.7524e+13  0  1250.8  2.77872  0  0  3.44748  0  2.06509  0.00684933  0  0  0.00691786  0  0.00129546
3.7533e+13  0  1251.1  2.77975  0  0  3.44851  0  2.06547  0.00683946  0  0  0.00691134  0  0.00129277
3.7542e+13  0  1251.4  2.78078  0  0  3.44955  0  2.06586  0.00682961  0  0  0.00690482  0  0.00129009
3.7551e+13  0  1251.7  2.7818  0  0  3.45059  0  2.06625  0.00681978  0  0  0.0068983  0  0.00128741
3.756e+13  0  1252  2.78282  0  0  3.45162  0  2.06663  0.00680997  0  0  0.0068918  0  0.00128474
3.7569e+13  0  1252.3  2.78384  0  0  3.45265  0  2.06702  0.00680018  0  0  0.00688531  0  0.00128209
3.7578e+13  0  1252.6  2.78486  0  0  3.45369  0  2.0674  0.00679042  0  0  0.00687882  0  0.00127944
3.7587e+13  0  1252.9  2.78588  0  0  3.45472  0  2.06779  0.00678067  0  0  0.00687235  0  0.00127679
3.7596e+13  0  1253.2  2.78689  0  0  3.45575  0  2.06817  0.00677094  0  0  0.00686588  0  0.00127416
3.7605e+13  0  1253.5  2.78791  0  0  3.45678  0  2.06855  0.00676124  0  0  0.00685942  0  0.00127153
3.7614e+13  0  1253.8  2.78892  0  0  3.4578  0  2.06893  0.00675155  0  0  0.00685297  0  0.00126891
3.7623e+13  0  1254.1  2.78994  0  0  3.45883  0  2.06931  0.00674188  0  0  0.00684652  0  0.0012663
3.7632e+13  0  1254.4  2.79095  0  0  3.45986  0  2.06969  0.00673224  0  0  0.00684009  0  0.0012637
3.7641e+13  0  1254.7  2.79195  0  0  3.46088  0  2.07007  0.00672261  0  0  0.00683366  0  0.00126111
3.765e+13  0  1255  2.79296  0  0  3.46191  0  2.07045  0.00671301  0  0  0.00682725  0  0.00125852
3.7659e+13  0  1255.3  2.79397  0  0  3.46293  0  2.07083  0.00670342  0  0  0.00682084  0  0.00125594
3.7668e+13  0  1255.6  2.79497  0  0  3.46395  0  2.0712  0.00669386  0  0  0.00681444  0  0.00125337
3.7677e+13  0  1255.9  2.79598  0  0  3.46498  0  2.07158  0.00668431  0  0  0.00680804  0  0.00125081
3.7686e+13  0  1256.2  2.79698  0  0  3.466  0  2.07195  0.00667479  0  0  0.00680166  0  0.00124825
3.7695e+13  0  1256.5  2.79798  0  0  3.46702  0  2.07233  0.00666528  0  0  0.00679528  0  0.0012457
3.7704e+13  0  1256.8  2.79898  0  0  3.46804  0  2.0727  0.00665579  0  0  0.00678892  0  0.00124316
3.7713e+13  0  1257.1  2.79998  0  0  3.46905  0  2.07307  0.00664633  0  0  0.00678256  0  0.00124063
3.7722e+13  0  1257.4  2.80097  0  0  3.47007  0  2.07344  0.00663688  0  0  0.00677621  0  0.0012381
3.7731e+13  0  1257.7  2.80197  0  0  3.47109  0  2.07381  0.00662745  0  0  0.00676987  0  0.00123559
3.774e+13  0  1258  2.80296  0  0  3.4721  0  2.07419  0.00661804  0  0  0.00676353  0  0.00123308
3.7749e+13  0  1258.3  2.80395  0  0  3.47312  0  2.07455  0.00660866  0  0  0.00675721  0  0.00123058
3.7758e+13  0  1258.6  2.80494  0  0  3.47413  0  2.07492  0.00659929  0  0  0.00675089  0  0.00122808
3.7767e+13  0  1258.9  2.80593  0  0  3.47514  0  2.07529  0.00658994  0  0  0.00674458  0  0.00122559
3.7776e+13  0  1259.2  2.80692  0  0  3.47615  0  2.07566  0.00658061  0  0  0.00673828  0  0.00122311
3.7785e+13  0  1259.5  2.80791  0  0  3.47716  0  2.07603  0.00657129  0  0  0.00673199  0  0.00122064
3.7794e+13  0  1259.8  2.80889  0  0  3.47817  0  2.07639  0.006562  0  0  0.00672571  0  0.00121818
3.7803e+13  0  1260.1  2.80987  0  0  3.47918  0  2.07676  0.00655273  0  0  0.00671943  0  0.00121572
3.7812e+13  0  1260.4  2.81086  0  0  3.48019  0  2.07712  0.00654348  0  0  0.00671316  0  0.00121327
3.7821e+13  0  1260.7  2.81184  0  0  3.48119  0  2.07748  0.00653424  0  0  0.0067069  0  0.00121083
3.783e+13  0  1261  2.81282  0  0  3.4822  0  2.07785  0.00652503  0  0  0.00670065  0  0.00120839
3.7839e+13  0  1261.3  2.81379  0  0  3.4832  0  2.07821  0.00651583  0  0  0.00669441  0  0.00120596
3.7848e+13  0  1261.6  2.81477  0  0  3.48421  0  2.07857  0.00650665  0  0  0.00668818  0  0.00120354
3.7857e+13  0  1261.9  2.81575  0  0  3.48521  0  2.07893  0.00649749  0  0  0.00668195  0  0.00120113
3.7866e+13  0  1262.2  2.81672  0  0  3.48621  0  2.07929  0.00648835  0  0  0.00667573  0  0.00119872
3.7875e+13  0  1262.5  2.81769  0  0  3.48721  0  2.07965  0.00647923  0  0  0.00666952  0  0.00119632
3.7884e+13  0  1262.8  2.81866  0  0  3.48821  0  2.08001  0.00647013  0  0  0.00666332  0  0.00119393
3.7893e+13  0  1263.1  2.81963  0  0  3.48921  0  2.08037  0.00646104  0  0  0.00665712  0  0.00119154
3.7902e+13  0  1263.4  2.8206  0  0  3.49021  0  2.08072  0.00645198  0  0  0.00665094  0  0.00118916
3.7911e+13  0  1263.7  2.82157  0  0  3.49121  0  2.08108  0.00644293  0  0  0.00664476  0  0.00118679
3.792e+13  0  1264  2.82254  0  0  3.4922  0  2.08144  0.0064339  0  0  0.00663859  0  0.00118443
3.7929e+13  0  1264.3  2.8235  0  0  3.4932  0  2.08179  0.00642489  0  0  0.00663243  0  0.00118207
3.7938e+13  0  1264.6  2.82446  0  0  3.49419  0  2.08215  0.0064159  0  0  0.00662627  0  0.00117972
3.7947e+13  0  1264.9  2.82542  0  0  3.49519  0  2.0825  0.00640692  0  0  0.00662013  0  0.00117737
3.7956e+13  0  1265.2  2.82638  0  0  3.49618  0  2.08285  0.00639797  0  0  0.00661399  0  0.00117504
3.7965e+13  0  1265.5  2.82734  0  0  3.49717  0  2.0832  0.00638903  0  0  0.00660786  0  0.00117271
3.7974e+13  0  1265.8  2.8283  0  0  3.49816  0  2.08356  0.00638011  0  0  0.00660174  0  0.00117038
3.7983e+13  0  1266.1  2.82926  0  0  3.49915  0  2.08391  0.00637121  0  0  0.00659562  0  0.00116807
3.7992e+13  0  1266.4  2.83021  0  0  3.50014  0  2.08426  0.00636233  0  0  0.00658952  0  0.00116576
3.8001e+13  0  1266.7  2.83117  0  0  3.50113  0  2.08461  0.00635346  0  0  0.00658342  0  0.00116346
3.801e+13  0  1267  2.83212  0  0  3.50211  0  2.08495  0.00634462  0  0  0.00657733  0  0.00116116
3.8019e+13  0  1267.3  2.83307  0  0  3.5031  0  2.0853  0.00633579  0  0  0.00657125  0  0.00115887
3.8028e+13  0  1267.6  2.83402  0  0  3.50409  0  2.08565  0.00632698  0  0  0.00656517  0  0.00115659
3.8037e+13  0  1267.9  2.83497  0  0  3.50507  0  2.086  0.00631818  0  0  0.0065591  0  0.00115431
3.8046e+13  0  1268.2  2.83591  0  0  3.50605  0  2.08634  0.00630941  0  0  0.00655305  0  0.00115204
3.8055e+13  0  1268.5  2.83686  0  0  3.50704  0  2.08669  0.00630065  0  0  0.00654699  0  0.00114978
3.8064e+13  0  1268.8  2.8378  0  0  3.50802  0  2.08703  0.00629191  0  0  0.00654095  0  0.00114752
3.8073e+13  0  1269.1  2.83875  0  0  3.509  0  2.08738  0.00628319  0  0  0.00653492  0  0.00114527
3.8082e+13  0  1269.4  2.83969  0  0  3.50998  0  2.08772  0.00627448  0  0  0.00652889  0  0.00114303
3.8091e+13  0  1269.7  2.84063  0  0  3.51096  0  2.08806  0.0062658  0  0  0.00652287  0  0.00114079
3.81e+13  0  1270  2.84157  0  0  3.51194  0  2.0884  0.00625713  0  0  0.00651686  0  0.00113856
3.8109e+13  0  1270.3  2.84251  0  0  3.51291  0  2.08874  0.00624848  0  0  0.00651085  0  0.00113634
3.8118e+13  0  1270.6  2.84344  0  0  3.51389  0  2.08909  0.00623984  0  0  0.00650486  0  0.00113412
3.8127e+13  0  1270.9  2.84438  0  0  3.51486  0  2.08943  0.00623122  0  0  0.00649887  0  0.00113191
3.8136e+13  0  1271.2  2.84531  0  0  3.51584  0  2.08976  0.00622262  0  0  0.00649289  0  0.0011297
3.8145e+13  0  1271.5  2.84625  0  0  3.51681  0  2.0901  0.00621404  0  0  0.00648691  0  0.00112751
3.8154e+13  0  1271.8  2.84718  0  0  3.51778  0  2.09044  0.00620548  0  0  0.00648095  0  0.00112531
3.8163e+13  0  1272.1  2.84811  0  0  3.51876  0  2.09078  0.00619693  0  0  0.00647499  0  0.00112313
3.8172e+13  0  1272.4  2.84904  0  0  3.51973  0  2.09111  0.0061884  0  0  0.00646904  0  0.00112095
3.8181e+13  0  1272.7  2.84996  0  0  3.5207  0  2.09145  0.00617988  0  0  0.0064631  0  0.00111877
3.819e+13  0  1273  2.85089  0  0  3.52167  0  2.09179  0.00617138  0  0  0.00645716  0  0.00111661
3.8199e+13  0  1273.3  2.85181  0  0  3.52263  0  2.09212  0.0061629  0  0  0.00645123  0  0.00111445
3.8208e+13  0  1273.6  2.85274  0  0  3.5236  0  2.09245  0.00615444  0  0  0.00644531  0  0.00111229
3.8217e+13  0  1273.9  2.85366  0  0  3.52457  0  2.09279  0.00614599  0  0  0.0064394  0  0.00111014
3.8226e+13  0  1274.2  2.85458  0  0  3.52553  0  2.09312  0.00613757  0  0  0.0064335  0  0.001108
3.8235e+13  0  1274.5  2.8555  0  0  3.5265  0  2.09345  0.00612915  0  0  0.0064276  0  0.00110586
3.8244e+13  0  1274.8  2.85642  0  0  3.52746  0  2.09378  0.00612076  0  0  0.00642171  0  0.00110373
3.8253e+13  0  1275.1  2.85734  0  0  3.52842  0  2.09412  0.00611238  0  0  0.00641583  0  0.00110161
3.8262e+13  0  1275.4  2.85825  0  0  3.52939  0  2.09445  0.00610402  0  0  0.00640996  0  0.00109949
3.8271e+13  0  1275.7  2.85917  0  0  3.53035  0  2.09477  0.00609567  0  0  0.00640409  0  0.00109738
3.828e+13  0  1276  2.86008  0  0  3.53131  0  2.0951  0.00608734  0  0  0.00639823  0  0.00109527
3.8289e+13  0  1276.3  2.861  0  0  3.53227  0  2.09543  0.00607903  0  0  0.00639238  0  0.00109317
3.8298e+13  0  1276.6  2.86191  0  0  3.53322  0  2.09576  0.00607073  0  0  0.00638653  0  0.00109108
3.8307e+13  0  1276.9  2.86282  0  0  3.53418  0  2.09609  0.00606245  0  0  0.0063807  0  0.00108899
3.8316e+13  0  1277.2  2.86373  0  0  3.53514  0  2.09641  0.00605419  0  0  0.00637487  0  0.00108691
3.8325e+13  0  1277.5  2.86463  0  0  3.53609  0  2.09674  0.00604594  0  0  0.00636905  0  0.00108483
3.8334e+13  0  1277.8  2.86554  0  0  3.53705  0  2.09706  0.00603771  0  0  0.00636323  0  0.00108276
3.8343e+13  0  1278.1  2.86644  0  0  3.538  0  2.09739  0.0060295  0  0  0.00635742  0  0.0010807
3.8352e+13  0  1278.4  2.86735  0  0  3.53896  0  2.09771  0.0060213  0  0  0.00635163  0  0.00107864
3.8361e+13  0  1278.7  2.86825  0  0  3.53991  0  2.09804  0.00601312  0  0  0.00634583  0  0.00107658
3.837e+13  0  1279  2.86915  0  0  3.54086  0  2.09836  0.00600495  0  0  0.00634005  0  0.00107454
3.8379e+13  0  1279.3  2.87005  0  0  3.54181  0  2.09868  0.0059968  0  0  0.00633427  0  0.00107249
3.8388e+13  0  1279.6  2.87095  0  0  3.54276  0  2.099  0.00598867  0  0  0.0063285  0  0.00107046
3.8397e+13  0  1279.9  2.87185  0  0  3.54371  0  2.09932  0.00598055  0  0  0.00632274  0  0.00106843
3.8406e+13  0  1280.2  2.87275  0  0  3.54466  0  2.09964  0.00597245  0  0  0.00631698  0  0.0010664
3.8415e+13  0  1280.5  2.87364  0  0  3.5456  0  2.09996  0.00596437  0  0  0.00631124  0  0.00106438
3.8424e+13  0  1280.8  2.87453  0  0  3.54655  0  2.10028  0.0059563  0  0  0.0063055  0  0.00106237
3.8433e+13  0  1281.1  2.87543  0  0  3.5475  0  2.1006  0.00594824  0  0  0.00629976  0  0.00106036
3.8442e+13  0  1281.4  2.87632  0  0  3.54844  0  2.10092  0.00594021  0  0  0.00629404  0  0.00105836
3.8451e+13  0  1281.7  2.87721  0  0  3.54938  0  2.10123  0.00593218  0  0  0.00628832  0  0.00105636
3.846e+13  0  1282  2.8781  0  0  3.55033  0  2.10155  0.00592418  0  0  0.00628261  0  0.00105437
3.8469e+13  0  1282.3  2.87899  0  0  3.55127  0  2.10187  0.00591619  0  0  0.0062769  0  0.00105239
3.8478e+13  0  1282.6  2.87987  0  0  3.55221  0  2.10218  0.00590821  0  0  0.00627121  0  0.00105041
3.8487e+13  0  1282.9  2.88076  0  0  3.55315  0  2.1025  0.00590025  0  0  0.00626552  0  0.00104843
3.8496e+13  0  1283.2  2.88164  0  0  3.55409  0  2.10281  0.00589231  0  0  0.00625983  0  0.00104647
3.8505e+13  0  1283.5  2.88253  0  0  3.55503  0  2.10313  0.00588438  0  0  0.00625416  0  0.0010445
3.8514e+13  0  1283.8  2.88341  0  0  3.55597  0  2.10344  0.00587647  0  0  0.00624849  0  0.00104254
3.8523e+13  0  1284.1  2.88429  0  0  3.5569  0  2.10375  0.00586857  0  0  0.00624283  0  0.00104059
3.8532e+13  0  1284.4  2.88517  0  0  3.55784  0  2.10406  0.00586069  0  0  0.00623718  0  0.00103864
3.8541e+13  0  1284.7  2.88605  0  0  3.55877  0  2.10437  0.00585283  0  0  0.00623153  0  0.0010367
3.855e+13  0  1285  2.88692  0  0  3.55971  0  2.10468  0.00584497  0  0  0.00622589  0  0.00103477
3.8559e+13  0  1285.3  2.8878  0  0  3.56064  0  2.10499  0.00583714  0  0  0.00622026  0  0.00103283
3.8568e+13  0  1285.6  2.88868  0  0  3.56157  0  2.1053  0.00582932  0  0  0.00621463  0  0.00103091
3.8577e+13  0  1285.9  2.88955  0  0  3.56251  0  2.10561  0.00582151  0  0  0.00620901  0  0.00102899
3.8586e+13  0  1286.2  2.89042  0  0  3.56344  0  2.10592  0.00581372  0  0  0.0062034  0  0.00102707
3.8595e+13  0  1286.5  2.89129  0  0  3.56437  0  2.10623  0.00580595  0  0  0.0061978  0  0.00102516
3.8604e+13  0  1286.8  2.89216  0  0  3.5653  0  2.10654  0.00579819  0  0  0.0061922  0  0.00102326
3.8613e+13  0  1287.1  2.89303  0  0  3.56622  0  2.10684  0.00579045  0  0  0.00618661  0  0.00102136
3.8622e+13  0  1287.4  2.8939  0  0  3.56715  0  2.10715  0.00578272  0  0  0.00618103  0  0.00101946
3.8631e+13  0  1287.7  2.89477  0  0  3.56808  0  2.10746  0.005775  0  0  0.00617546  0  0.00101757
3.864e+13  0  1288  2.89563  0  0  3.569  0  2.10776  0.0057673  0  0  0.00616989  0  0.00101569
3.8649e+13  0  1288.3  2.8965  0  0  3.56993  0  2.10806  0.00575962  0  0  0.00616433  0  0.00101381
3.8658e+13  0  1288.6  2.89736  0  0  3.57085  0  2.10837  0.00575195  0  0  0.00615877  0  0.00101194
3.8667e+13  0  1288.9  2.89822  0  0  3.57178  0  2.10867  0.00574429  0  0  0.00615322  0  0.00101007
3.8676e+13  0  1289.2  2.89908  0  0  3.5727  0  2.10897  0.00573665  0  0  0.00614768  0  0.00100821
3.8685e+13  0  1289.5  2.89994  0  0  3.57362  0  2.10928  0.00572903  0  0  0.00614215  0  0.00100635
3.8694e+13  0  1289.8  2.9008  0  0  3.57454  0  2.10958  0.00572142  0  0  0.00613662  0  0.00100449
3.8703e+13  0  1290.1  2.90166  0  0  3.57546  0  2.10988  0.00571382  0  0  0.00613111  0  0.00100265
3.8712e+13  0  1290.4  2.90252  0  0  3.57638  0  2.11018  0.00570624  0  0  0.00612559  0  0.0010008
3.8721e+13  0  1290.7  2.90337  0  0  3.5773  0  2.11048  0.00569867  0  0  0.00612009  0  0.000998963
3.873e+13  0  1291  2.90423  0  0  3.57822  0  2.11078  0.00569112  0  0  0.00611459  0  0.00099713
3.8739e+13  0  1291.3  2.90508  0  0  3.57913  0  2.11108  0.00568358  0  0  0.0061091  0  0.000995302
3.8748e+13  0  1291.6  2.90593  0  0  3.58005  0  2.11138  0.00567606  0  0  0.00610361  0  0.000993478
3.8757e+13  0  1291.9  2.90678  0  0  3.58097  0  2.11167  0.00566855  0  0  0.00609813  0  0.000991659
3.8766e+13  0  1292.2  2.90763  0  0  3.58188  0  2.11197  0.00566106  0  0  0.00609266  0  0.000989846
3.8775e+13  0  1292.5  2.90848  0  0  3.58279  0  2.11227  0.00565358  0  0  0.0060872  0  0.000988037
3.8784e+13  0  1292.8  2.90933  0  0  3.58371  0  2.11256  0.00564611  0  0  0.00608174  0  0.000986233
3.8793e+13  0  1293.1  2.91017  0  0  3.58462  0  2.11286  0.00563866  0  0  0.00607629  0  0.000984434
3.8802e+13  0  1293.4  2.91102  0  0  3.58553  0  2.11316  0.00563123  0  0  0.00607085  0  0.00098264
3.8811e+13  0  1293.7  2.91186  0  0  3.58644  0  2.11345  0.0056238  0  0  0.00606541  0  0.000980851
3.882e+13  0  1294  2.91271  0  0  3.58735  0  2.11374  0.00561639  0  0  0.00605998  0  0.000979066
3.8829e+13  0  1294.3  2.91355  0  0  3.58826  0  2.11404  0.005609  0  0  0.00605456  0  0.000977286
3.8838e+13  0  1294.6  2.91439  0  0  3.58916  0  2.11433  0.00560162  0  0  0.00604914  0  0.000975511
3.8847e+13  0  1294.9  2.91523  0  0  3.59007  0  2.11462  0.00559425  0  0  0.00604373  0  0.000973741
3.8856e+13  0  1295.2  2.91607  0  0  3.59098  0  2.11491  0.0055869  0  0  0.00603833  0  0.000971975
3.8865e+13  0  1295.5  2.91691  0  0  3.59188  0  2.11521  0.00557957  0  0  0.00603293  0  0.000970215
3.8874e+13  0  1295.8  2.91774  0  0  3.59279  0  2.1155  0.00557224  0  0  0.00602754  0  0.000968458
3.8883e+13  0  1296.1  2.91858  0  0  3.59369  0  2.11579  0.00556493  0  0  0.00602216  0  0.000966707
3.8892e+13  0  1296.4  2.91941  0  0  3.59459  0  2.11608  0.00555764  0  0  0.00601678  0  0.00096496
3.8901e+13  0  1296.7  2.92024  0  0  3.5955  0  2.11637  0.00555035  0  0  0.00601142  0  0.000963218
3.891e+13  0  1297  2.92108  0  0  3.5964  0  2.11665  0.00554309  0  0  0.00600605  0  0.000961481
3.8919e+13  0  1297.3  2.92191  0  0  3.5973  0  2.11694  0.00553583  0  0  0.0060007  0  0.000959748
3.8928e+13  0  1297.6  2.92274  0  0  3.5982  0  2.11723  0.00552859  0  0  0.00599535  0  0.00095802
3.8937e+13  0  1297.9  2.92357  0  0  3.5991  0  2.11752  0.00552136  0  0  0.00599001  0  0.000956296
3.8946e+13  0  1298.2  2.92439  0  0  3.6  0  2.1178  0.00551415  0  0  0.00598467  0  0.000954577
3.8955e+13  0  1298.5  2.92522  0  0  3.60089  0  2.11809  0.00550695  0  0  0.00597934  0  0.000952862
3.8964e+13  0  1298.8  2.92604  0  0  3.60179  0  2.11838  0.00549977  0  0  0.00597402  0  0.000951152
3.8973e+13  0  1299.1  2.92687  0  0  3.60268  0  2.11866  0.00549259  0  0  0.0059687  0  0.000949447
3.8982e+13  0  1299.4  2.92769  0  0  3.60358  0  2.11895  0.00548544  0  0  0.00596339  0  0.000947746
3.8991e+13  0  1299.7  2.92851  0  0  3.60447  0  2.11923  0.00547829  0  0  0.00595809  0  0.000946049
3.9e+13  0  1300  2.92934  0  0  3.60537  0  2.11951  0.00547116  0  0  0.00595279  0  0.000944357
3.9009e+13  0  1300.3  2.93016  0  0  3.60626  0  2.1198  0.00546404  0  0  0.0059475  0  0.00094267
3.9018e+13  0  1300.6  2.93098  0  0  3.60715  0  2.12008  0.00545694  0  0  0.00594222  0  0.000940987
3.9027e+13  0  1300.9  2.93179  0  0  3.60804  0  2.12036  0.00544985  0  0  0.00593694  0  0.000939308
3.9036e+13  0  1301.2  2.93261  0  0  3.60893  0  2.12064  0.00544277  0  0  0.00593168  0  0.000937634
3.9045e+13  0  1301.5  2.93343  0  0  3.60982  0  2.12092  0.0054357  0  0  0.00592641  0  0.000935964
3.9054e+13  0  1301.8  2.93424  0  0  3.61071  0  2.1212  0.00542865  0  0  0.00592116  0  0.000934299
3.9063e+13  0  1302.1  2.93505  0  0  3.6116  0  2.12148  0.00542162  0  0  0.0059159  0  0.000932638
3.9072e+13  0  1302.4  2.93587  0  0  3.61248  0  2.12176  0.00541459  0  0  0.00591066  0  0.000930981
3.9081e+13  0  1302.7  2.93668  0  0  3.61337  0  2.12204  0.00540758  0  0  0.00590542  0  0.000929328
3.909e+13  0  1303  2.93749  0  0  3.61426  0  2.12232  0.00540058  0  0  0.00590019  0  0.00092768
3.9099e+13  0  1303.3  2.9383  0  0  3.61514  0  2.1226  0.0053936  0  0  0.00589497  0  0.000926037
3.9108e+13  0  1303.6  2.93911  0  0  3.61602  0  2.12288  0.00538662  0  0  0.00588975  0  0.000924397
3.9117e+13  0  1303.9  2.93991  0  0  3.61691  0  2.12315  0.00537967  0  0  0.00588454  0  0.000922762
3.9126e+13  0  1304.2  2.94072  0  0  3.61779  0  2.12343  0.00537272  0  0  0.00587934  0  0.000921131
3.9135e+13  0  1304.5  2.94153  0  0  3.61867  0  2.12371  0.00536579  0  0  0.00587414  0  0.000919504
3.9144e+13  0  1304.8  2.94233  0  0  3.61955  0  2.12398  0.00535887  0  0  0.00586894  0  0.000917882
3.9153e+13  0  1305.1  2.94313  0  0  3.62043  0  2.12426  0.00535196  0  0  0.00586376  0  0.000916263
3.9162e+13  0  1305.4  2.94394  0  0  3.62131  0  2.12453  0.00534507  0  0  0.00585858  0  0.000914649
3.9171e+13  0  1305.7  2.94474  0  0  3.62219  0  2.12481  0.00533819  0  0  0.00585341  0  0.00091304
3.918e+13  0  1306  2.94554  0  0  3.62307  0  2.12508  0.00533132  0  0  0.00584824  0  0.000911434
3.9189e+13  0  1306.3  2.94634  0  0  3.62394  0  2.12535  0.00532446  0  0  0.00584308  0  0.000909832
3.9198e+13  0  1306.6  2.94714  0  0  3.62482  0  2.12563  0.00531762  0  0  0.00583793  0  0.000908235
3.9207e+13  0  1306.9  2.94793  0  0  3.6257  0  2.1259  0.00531079  0  0  0.00583278  0  0.000906642
3.9216e+13  0  1307.2  2.94873  0  0  3.62657  0  2.12617  0.00530397  0  0  0.00582764  0  0.000905053
3.9225e+13  0  1307.5  2.94952  0  0  3.62744  0  2.12644  0.00529717  0  0  0.0058225  0  0.000903468
3.9234e+13  0  1307.8  2.95032  0  0  3.62832  0  2.12671  0.00529038  0  0  0.00581738  0  0.000901887
3.9243e+13  0  1308.1  2.95111  0  0  3.62919  0  2.12698  0.0052836  0  0  0.00581225  0  0.00090031
3.9252e+13  0  1308.4  2.9519  0  0  3.63006  0  2.12725  0.00527683  0  0  0.00580714  0  0.000898737
3.9261e+13  0  1308.7  2.95269  0  0  3.63093  0  2.12752  0.00527008  0  0  0.00580203  0  0.000897168
3.927e+13  0  1309  2.95348  0  0  3.6318  0  2.12779  0.00526334  0  0  0.00579693  0  0.000895603
3.9279e+13  0  1309.3  2.95427  0  0  3.63267  0  2.12806  0.00525661  0  0  0.00579183  0  0.000894043
3.9288e+13  0  1309.6  2.95506  0  0  3.63354  0  2.12833  0.00524989  0  0  0.00578674  0  0.000892486
3.9297e+13  0  1309.9  2.95585  0  0  3.63441  0  2.12859  0.00524319  0  0  0.00578165  0  0.000890933
3.9306e+13  0  1310.2  2.95663  0  0  3.63527  0  2.12886  0.0052365  0  0  0.00577658  0  0.000889385
3.9315e+13  0  1310.5  2.95742  0  0  3.63614  0  2.12913  0.00522982  0  0  0.0057715  0  0.00088784
3.9324e+13  0  1310.8  2.9582  0  0  3.637  0  2.12939  0.00522315  0  0  0.00576644  0  0.000886299
3.9333e+13  0  1311.1  2.95899  0  0  3.63787  0  2.12966  0.0052165  0  0  0.00576138  0  0.000884762
3.9342e+13  0  1311.4  2.95977  0  0  3.63873  0  2.12992  0.00520985  0  0  0.00575633  0  0.000883229
3.9351e+13  0  1311.7  2.96055  0  0  3.6396  0  2.13019  0.00520323  0  0  0.00575128  0  0.0008817
3.936e+13  0  1312  2.96133  0  0  3.64046  0  2.13045  0.00519661  0  0  0.00574624  0  0.000880175
3.9369e+13  0  1312.3  2.96211  0  0  3.64132  0  2.13072  0.00519  0  0  0.0057412  0  0.000878654
3.9378e+13  0  1312.6  2.96288  0  0  3.64218  0  2.13098  0.00518341  0  0  0.00573617  0  0.000877136
3.9387e+13  0  1312.9  2.96366  0  0  3.64304  0  2.13124  0.00517683  0  0  0.00573115  0  0.000875623
3.9396e+13  0  1313.2  2.96444  0  0  3.6439  0  2.13151  0.00517026  0  0  0.00572614  0  0.000874113
3.9405e+13  0  1313.5  2.96521  0  0  3.64476  0  2.13177  0.0051637  0  0  0.00572113  0  0.000872607
3.9414e+13  0  1313.8  2.96599  0  0  3.64562  0  2.13203  0.00515716  0  0  0.00571612  0  0.000871105
3.9423e+13  0  1314.1  2.96676  0  0  3.64647  0  2.13229  0.00515063  0  0  0.00571112  0  0.000869607
3.9432e+13  0  1314.4  2.96753  0  0  3.64733  0  2.13255  0.0051441  0  0  0.00570613  0  0.000868113
3.9441e+13  0  1314.7  2.9683  0  0  3.64818  0  2.13281  0.0051376  0  0  0.00570115  0  0.000866622
3.945e+13  0  1315  2.96907  0  0  3.64904  0  2.13307  0.0051311  0  0  0.00569617  0  0.000865135
3.9459e+13  0  1315.3  2.96984  0  0  3.64989  0  2.13333  0.00512461  0  0  0.00569119  0  0.000863652
3.9468e+13  0  1315.6  2.97061  0  0  3.65075  0  2.13359  0.00511814  0  0  0.00568623  0  0.000862173
3.9477e+13  0  1315.9  2.97138  0  0  3.6516  0  2.13385  0.00511168  0  0  0.00568127  0  0.000860697
3.9486e+13  0  1316.2  2.97214  0  0  3.65245  0  2.13411  0.00510523  0  0  0.00567631  0  0.000859225
3.9495e+13  0  1316.5  2.97291  0  0  3.6533  0  2.13436  0.00509879  0  0  0.00567136  0  0.000857757
3.9504e+13  0  1316.8  2.97367  0  0  3.65415  0  2.13462  0.00509237  0  0  0.00566642  0  0.000856292
3.9513e+13  0  1317.1  2.97444  0  0  3.655  0  2.13488  0.00508595  0  0  0.00566148  0  0.000854831
3.9522e+13  0  1317.4  2.9752  0  0  3.65585  0  2.13513  0.00507955  0  0  0.00565655  0  0.000853374
3.9531e+13  0  1317.7  2.97596  0  0  3.6567  0  2.13539  0.00507316  0  0  0.00565162  0  0.000851921
3.954e+13  0  1318  2.97672  0  0  3.65755  0  2.13564  0.00506678  0  0  0.0056467  0  0.000850471
3.9549e+13  0  1318.3  2.97748  0  0  3.65839  0  2.1359  0.00506042  0  0  0.00564179  0  0.000849025
3.9558e+13  0  1318.6  2.97824  0  0  3.65924  0  2.13615  0.00505406  0  0  0.00563688  0  0.000847582
3.9567e+13  0  1318.9  2.979  0  0  3.66008  0  2.13641  0.00504772  0  0  0.00563198  0  0.000846143
3.9576e+13  0  1319.2  2.97975  0  0  3.66093  0  2.13666  0.00504138  0  0  0.00562709  0  0.000844708
3.9585e+13  0  1319.5  2.98051  0  0  3.66177  0  2.13691  0.00503506  0  0  0.0056222  0  0.000843276
3.9594e+13  0  1319.8  2.98126  0  0  3.66262  0  2.13717  0.00502875  0  0  0.00561731  0  0.000841848
3.9603e+13  0  1320.1  2.98202  0  0  3.66346  0  2.13742  0.00502245  0  0  0.00561244  0  0.000840423
3.9612e+13  0  1320.4  2.98277  0  0  3.6643  0  2.13767  0.00501617  0  0  0.00560757  0  0.000839002
3.9621e+13  0  1320.7  2.98352  0  0  3.66514  0  2.13792  0.00500989  0  0  0.0056027  0  0.000837584
3.963e+13  0  1321  2.98427  0  0  3.66598  0  2.13817  0.00500363  0  0  0.00559784  0  0.00083617
3.9639e+13  0  1321.3  2.98502  0  0  3.66682  0  2.13842  0.00499738  0  0  0.00559299  0  0.000834759
3.9648e+13  0  1321.6  2.98577  0  0  3.66766  0  2.13867  0.00499113  0  0  0.00558814  0  0.000833352
3.9657e+13  0  1321.9  2.98652  0  0  3.6685  0  2.13892  0.00498491  0  0  0.0055833  0  0.000831949
3.9666e+13  0  1322.2  2.98727  0  0  3.66933  0  2.13917  0.00497869  0  0  0.00557846  0  0.000830549
3.9675e+13  0  1322.5  2.98801  0  0  3.67017  0  2.13942  0.00497248  0  0  0.00557363  0  0.000829152
3.9684e+13  0  1322.8  2.98876  0  0  3.671  0  2.13967  0.00496628  0  0  0.0055688  0  0.000827759
3.9693e+13  0  1323.1  2.9895  0  0  3.67184  0  2.13992  0.0049601  0  0  0.00556399  0  0.000826369
3.9702e+13  0  1323.4  2.99025  0  0  3.67267  0  2.14017  0.00495392  0  0  0.00555917  0  0.000824983
3.9711e+13  0  1323.7  2.99099  0  0  3.67351  0  2.14041  0.00494776  0  0  0.00555437  0  0.0008236
3.972e+13  0  1324  2.99173  0  0  3.67434  0  2.14066  0.00494161  0  0  0.00554956  0  0.00082222
3.9729e+13  0  1324.3  2.99247  0  0  3.67517  0  2.14091  0.00493547  0  0  0.00554477  0  0.000820844
3.9738e+13  0  1324.6  2.99321  0  0  3.676  0  2.14115  0.00492934  0  0  0.00553998  0  0.000819472
3.9747e+13  0  1324.9  2.99395  0  0  3.67683  0  2.1414  0.00492322  0  0  0.0055352  0  0.000818102
3.9756e+13  0  1325.2  2.99469  0  0  3.67766  0  2.14164  0.00491711  0  0  0.00553042  0  0.000816736
3.9765e+13  0  1325.5  2.99543  0  0  3.67849  0  2.14189  0.00491102  0  0  0.00552564  0  0.000815374
3.9774e+13  0  1325.8  2.99616  0  0  3.67932  0  2.14213  0.00490493  0  0  0.00552088  0  0.000814015
3.9783e+13  0  1326.1  2.9969  0  0  3.68015  0  2.14238  0.00489886  0  0  0.00551612  0  0.000812659
3.9792e+13  0  1326.4  2.99763  0  0  3.68098  0  2.14262  0.0048928  0  0  0.00551136  0  0.000811306
3.9801e+13  0  1326.7  2.99837  0  0  3.6818  0  2.14286  0.00488674  0  0  0.00550661  0  0.000809957
3.981e+13  0  1327  2.9991  0  0  3.68263  0  2.14311  0.0048807  0  0  0.00550187  0  0.000808611
3.9819e+13  0  1327.3  2.99983  0  0  3.68345  0  2.14335  0.00487467  0  0  0.00549713  0  0.000807268
3.9828e+13  0  1327.6  3.00056  0  0  3.68428  0  2.14359  0.00486865  0  0  0.0054924  0  0.000805929
3.9837e+13  0  1327.9  3.00129  0  0  3.6851  0  2.14383  0.00486264  0  0  0.00548767  0  0.000804593
3.9846e+13  0  1328.2  3.00202  0  0  3.68592  0  2.14407  0.00485664  0  0  0.00548295  0  0.00080326
3.9855e+13  0  1328.5  3.00275  0  0  3.68675  0  2.14432  0.00485065  0  0  0.00547823  0  0.00080193
3.9864e+13  0  1328.8  3.00347  0  0  3.68757  0  2.14456  0.00484468  0  0  0.00547353  0  0.000800604
3.9873e+13  0  1329.1  3.0042  0  0  3.68839  0  2.1448  0.00483871  0  0  0.00546882  0  0.000799281
3.9882e+13  0  1329.4  3.00493  0  0  3.68921  0  2.14504  0.00483275  0  0  0.00546412  0  0.000797961
3.9891e+13  0  1329.7  3.00565  0  0  3.69003  0  2.14527  0.00482681  0  0  0.00545943  0  0.000796644
3.99e+13  0  1330  3.00637  0  0  3.69085  0  2.14551  0.00482087  0  0  0.00545474  0  0.00079533
3.9909e+13  0  1330.3  3.0071  0  0  3.69166  0  2.14575  0.00481495  0  0  0.00545006  0  0.00079402
3.9918e+13  0  1330.6  3.00782  0  0  3.69248  0  2.14599  0.00480904  0  0  0.00544539  0  0.000792713
3.9927e+13  0  1330.9  3.00854  0  0  3.6933  0  2.14623  0.00480313  0  0  0.00544072  0  0.000791409
3.9936e+13  0  1331.2  3.00926  0  0  3.69411  0  2.14646  0.00479724  0  0  0.00543605  0  0.000790108
3.9945e+13  0  1331.5  3.00998  0  0  3.69493  0  2.1467  0.00479136  0  0  0.00543139  0  0.00078881
3.9954e+13  0  1331.8  3.0107  0  0  3.69574  0  2.14694  0.00478549  0  0  0.00542674  0  0.000787516
3.9963e+13  0  1332.1  3.01141  0  0  3.69656  0  2.14717  0.00477962  0  0  0.00542209  0  0.000786224
3.9972e+13  0  1332.4  3.01213  0  0  3.69737  0  2.14741  0.00477377  0  0  0.00541745  0  0.000784936
3.9981e+13  0  1332.7  3.01285  0  0  3.69818  0  2.14764  0.00476793  0  0  0.00541281  0  0.000783651
3.999e+13  0  1333  3.01356  0  0  3.69899  0  2.14788  0.0047621  0  0  0.00540818  0  0.000782368
3.9999e+13  0  1333.3  3.01428  0  0  3.6998  0  2.14811  0.00475628  0  0  0.00540355  0  0.000781089
4.0008e+13  0  1333.6  3.01499  0  0  3.70061  0  2.14835  0.00475047  0  0  0.00539893  0  0.000779813
4.0017e+13  0  1333.9  3.0157  0  0  3.70142  0  2.14858  0.00474467  0  0  0.00539432  0  0.00077854
4.0026e+13  0  1334.2  3.01641  0  0  3.70223  0  2.14882  0.00473889  0  0  0.00538971  0  0.000777271
4.0035e+13  0  1334.5  3.01712  0  0  3.70304  0  2.14905  0.00473311  0  0  0.00538511  0  0.000776004
4.0044e+13  0  1334.8  3.01783  0  0  3.70385  0  2.14928  0.00472734  0  0  0.00538051  0  0.00077474
4.0053e+13  0  1335.1  3.01854  0  0  3.70465  0  2.14951  0.00472158  0  0  0.00537591  0  0.000773479
4.0062e+13  0  1335.4  3.01925  0  0  3.70546  0  2.14975  0.00471583  0  0  0.00537133  0  0.000772222
4.0071e+13  0  1335.7  3.01995  0  0  3.70627  0  2.14998  0.00471009  0  0  0.00536675  0  0.000770967
4.008e+13  0  1336  3.02066  0  0  3.70707  0  2.15021  0.00470437  0  0  0.00536217  0  0.000769715
4.0089e+13  0  1336.3  3.02137  0  0  3.70787  0  2.15044  0.00469865  0  0  0.0053576  0  0.000768466
4.0098e+13  0  1336.6  3.02207  0  0  3.70868  0  2.15067  0.00469294  0  0  0.00535303  0  0.000767221
4.0107e+13  0  1336.9  3.02277  0  0  3.70948  0  2.1509  0.00468724  0  0  0.00534847  0  0.000765978
4.0116e+13  0  1337.2  3.02348  0  0  3.71028  0  2.15113  0.00468155  0  0  0.00534392  0  0.000764738
4.0125e+13  0  1337.5  3.02418  0  0  3.71108  0  2.15136  0.00467588  0  0  0.00533937  0  0.000763501
4.0134e+13  0  1337.8  3.02488  0  0  3.71188  0  2.15159  0.00467021  0  0  0.00533482  0  0.000762267
4.0143e+13  0  1338.1  3.02558  0  0  3.71268  0  2.15182  0.00466455  0  0  0.00533029  0  0.000761036
4.0152e+13  0  1338.4  3.02628  0  0  3.71348  0  2.15204  0.0046589  0  0  0.00532575  0  0.000759808
4.0161e+13  0  1338.7  3.02698  0  0  3.71428  0  2.15227  0.00465327  0  0  0.00532123  0  0.000758583
4.017e+13  0  1339  3.02767  0  0  3.71508  0  2.1525  0.00464764  0  0  0.0053167  0  0.00075736
4.0179e+13  0  1339.3  3.02837  0  0  3.71588  0  2.15273  0.00464202  0  0  0.00531219  0  0.000756141
4.0188e+13  0  1339.6  3.02907  0  0  3.71667  0  2.15295  0.00463641  0  0  0.00530767  0  0.000754925
4.0197e+13  0  1339.9  3.02976  0  0  3.71747  0  2.15318  0.00463081  0  0  0.00530317  0  0.000753711
4.0206e+13  0  1340.2  3.03046  0  0  3.71826  0  2.1534  0.00462522  0  0  0.00529867  0  0.0007525
4.0215e+13  0  1340.5  3.03115  0  0  3.71906  0  2.15363  0.00461964  0  0  0.00529417  0  0.000751292
4.0224e+13  0  1340.8  3.03184  0  0  3.71985  0  2.15386  0.00461407  0  0  0.00528968  0  0.000750087
4.0233e+13  0  1341.1  3.03253  0  0  3.72065  0  2.15408  0.00460852  0  0  0.0052852  0  0.000748885
4.0242e+13  0  1341.4  3.03322  0  0  3.72144  0  2.1543  0.00460297  0  0  0.00528072  0  0.000747686
4.0251e+13  0  1341.7  3.03391  0  0  3.72223  0  2.15453  0.00459742  0  0  0.00527624  0  0.000746489
4.026e+13  0  1342  3.0346  0  0  3.72302  0  2.15475  0.00459189  0  0  0.00527177  0  0.000745295
4.0269e+13  0  1342.3  3.03529  0  0  3.72381  0  2.15498  0.00458637  0  0  0.00526731  0  0.000744104
4.0278e+13  0  1342.6  3.03598  0  0  3.7246  0  2.1552  0.00458086  0  0  0.00526285  0  0.000742916
4.0287e+13  0  1342.9  3.03667  0  0  3.72539  0  2.15542  0.00457536  0  0  0.0052584  0  0.000741731
4.0296e+13  0  1343.2  3.03735  0  0  3.72618  0  2.15564  0.00456987  0  0  0.00525395  0  0.000740548
4.0305e+13  0  1343.5  3.03804  0  0  3.72697  0  2.15587  0.00456439  0  0  0.00524951  0  0.000739369
4.0314e+13  0  1343.8  3.03872  0  0  3.72775  0  2.15609  0.00455891  0  0  0.00524507  0  0.000738192
4.0323e+13  0  1344.1  3.0394  0  0  3.72854  0  2.15631  0.00455345  0  0  0.00524064  0  0.000737017
4.0332e+13  0  1344.4  3.04009  0  0  3.72933  0  2.15653  0.00454799  0  0  0.00523621  0  0.000735846
4.0341e+13  0  1344.7  3.04077  0  0  3.73011  0  2.15675  0.00454255  0  0  0.00523179  0  0.000734677
4.035e+13  0  1345  3.04145  0  0  3.73089  0  2.15697  0.00453711  0  0  0.00522737  0  0.000733511
4.0359e+13  0  1345.3  3.04213  0  0  3.73168  0  2.15719  0.00453169  0  0  0.00522296  0  0.000732348
4.0368e+13  0  1345.6  3.04281  0  0  3.73246  0  2.15741  0.00452627  0  0  0.00521855  0  0.000731187
4.0377e+13  0  1345.9  3.04349  0  0  3.73324  0  2.15763  0.00452086  0  0  0.00521415  0  0.000730029
4.0386e+13  0  1346.2  3.04417  0  0  3.73403  0  2.15785  0.00451547  0  0  0.00520976  0  0.000728874
4.0395e+13  0  1346.5  3.04484  0  0  3.73481  0  2.15807  0.00451008  0  0  0.00520537  0  0.000727721
4.0404e+13  0  1346.8  3.04552  0  0  3.73559  0  2.15828  0.0045047  0  0  0.00520098  0  0.000726571
4.0413e+13  0  1347.1  3.04619  0  0  3.73637  0  2.1585  0.00449933  0  0  0.0051966  0  0.000725424
4.0422e+13  0  1347.4  3.04687  0  0  3.73715  0  2.15872  0.00449397  0  0  0.00519223  0  0.00072428
4.0431e+13  0  1347.7  3.04754  0  0  3.73792  0  2.15894  0.00448862  0  0  0.00518786  0  0.000723138
4.044e+13  0  1348  3.04822  0  0  3.7387  0  2.15915  0.00448328  0  0  0.00518349  0  0.000721998
4.0449e+13  0  1348.3  3.04889  0  0  3.73948  0  2.15937  0.00447794  0  0  0.00517913  0  0.000720862
4.0458e+13  0  1348.6  3.04956  0  0  3.74026  0  2.15959  0.00447262  0  0  0.00517478  0  0.000719728
4.0467e+13  0  1348.9  3.05023  0  0  3.74103  0  2.1598  0.0044673  0  0  0.00517043  0  0.000718596
4.0476e+13  0  1349.2  3.0509  0  0  3.74181  0  2.16002  0.004462  0  0  0.00516608  0  0.000717468
4.0485e+13  0  1349.5  3.05157  0  0  3.74258  0  2.16023  0.0044567  0  0  0.00516174  0  0.000716342
4.0494e+13  0  1349.8  3.05224  0  0  3.74336  0  2.16045  0.00445142  0  0  0.00515741  0  0.000715218
4.0503e+13  0  1350.1  3.0529  0  0  3.74413  0  2.16066  0.00444614  0  0  0.00515308  0  0.000714097
4.0512e+13  0  1350.4  3.05357  0  0  3.7449  0  2.16088  0.00444087  0  0  0.00514875  0  0.000712979
4.0521e+13  0  1350.7  3.05424  0  0  3.74567  0  2.16109  0.00443561  0  0  0.00514444  0  0.000711863
4.053e+13  0  1351  3.0549  0  0  3.74645  0  2.1613  0.00443036  0  0  0.00514012  0  0.00071075
4.0539e+13  0  1351.3  3.05556  0  0  3.74722  0  2.16152  0.00442511  0  0  0.00513581  0  0.000709639
4.0548e+13  0  1351.6  3.05623  0  0  3.74799  0  2.16173  0.00441988  0  0  0.00513151  0  0.000708531
4.0557e+13  0  1351.9  3.05689  0  0  3.74876  0  2.16194  0.00441466  0  0  0.00512721  0  0.000707425
4.0566e+13  0  1352.2  3.05755  0  0  3.74952  0  2.16215  0.00440944  0  0  0.00512292  0  0.000706322
4.0575e+13  0  1352.5  3.05821  0  0  3.75029  0  2.16236  0.00440424  0  0  0.00511863  0  0.000705222
4.0584e+13  0  1352.8  3.05887  0  0  3.75106  0  2.16258  0.00439904  0  0  0.00511434  0  0.000704124
4.0593e+13  0  1353.1  3.05953  0  0  3.75183  0  2.16279  0.00439385  0  0  0.00511006  0  0.000703028
4.0602e+13  0  1353.4  3.06019  0  0  3.75259  0  2.163  0.00438867  0  0  0.00510579  0  0.000701935
4.0611e+13  0  1353.7  3.06085  0  0  3.75336  0  2.16321  0.0043835  0  0  0.00510152  0  0.000700844
4.062e+13  0  1354  3.06151  0  0  3.75412  0  2.16342  0.00437834  0  0  0.00509726  0  0.000699756
4.0629e+13  0  1354.3  3.06216  0  0  3.75489  0  2.16363  0.00437318  0  0  0.005093  0  0.000698671
4.0638e+13  0  1354.6  3.06282  0  0  3.75565  0  2.16384  0.00436804  0  0  0.00508874  0  0.000697588
4.0647e+13  0  1354.9  3.06347  0  0  3.75641  0  2.16405  0.0043629  0  0  0.00508449  0  0.000696507
4.0656e+13  0  1355.2  3.06413  0  0  3.75718  0  2.16426  0.00435778  0  0  0.00508025  0  0.000695429
4.0665e+13  0  1355.5  3.06478  0  0  3.75794  0  2.16446  0.00435266  0  0  0.00507601  0  0.000694353
4.0674e+13  0  1355.8  3.06543  0  0  3.7587  0  2.16467  0.00434755  0  0  0.00507178  0  0.00069328
4.0683e+13  0  1356.1  3.06608  0  0  3.75946  0  2.16488  0.00434245  0  0  0.00506755  0  0.000692209
4.0692e+13  0  1356.4  3.06674  0  0  3.76022  0  2.16509  0.00433736  0  0  0.00506332  0  0.000691141
4.0701e+13  0  1356.7  3.06739  0  0  3.76098  0  2.16529  0.00433227  0  0  0.0050591  0  0.000690075
4.071e+13  0  1357  3.06804  0  0  3.76174  0  2.1655  0.0043272  0  0  0.00505489  0  0.000689011
4.0719e+13  0  1357.3  3.06868  0  0  3.76249  0  2.16571  0.00432213  0  0  0.00505068  0  0.00068795
4.0728e+13  0  1357.6  3.06933  0  0  3.76325  0  2.16591  0.00431707  0  0  0.00504647  0  0.000686891
4.0737e+13  0  1357.9  3.06998  0  0  3.76401  0  2.16612  0.00431202  0  0  0.00504227  0  0.000685835
4.0746e+13  0  1358.2  3.07063  0  0  3.76476  0  2.16633  0.00430698  0  0  0.00503808  0  0.000684781
4.0755e+13  0  1358.5  3.07127  0  0  3.76552  0  2.16653  0.00430195  0  0  0.00503389  0  0.00068373
4.0764e+13  0  1358.8  3.07192  0  0  3.76628  0  2.16674  0.00429693  0  0  0.0050297  0  0.00068268
4.0773e+13  0  1359.1  3.07256  0  0  3.76703  0  2.16694  0.00429191  0  0  0.00502552  0  0.000681633
4.0782e+13  0  1359.4  3.0732  0  0  3.76778  0  2.16714  0.0042869  0  0  0.00502135  0  0.000680589
4.0791e+13  0  1359.7  3.07385  0  0  3.76854  0  2.16735  0.00428191  0  0  0.00501718  0  0.000679547
4.08e+13  0  1360  3.07449  0  0  3.76929  0  2.16755  0.00427692  0  0  0.00501301  0  0.000678507
4.0809e+13  0  1360.3  3.07513  0  0  3.77004  0  2.16776  0.00427193  0  0  0.00500885  0  0.000677469
4.0818e+13  0  1360.6  3.07577  0  0  3.77079  0  2.16796  0.00426696  0  0  0.00500469  0  0.000676434
4.0827e+13  0  1360.9  3.07641  0  0  3.77154  0  2.16816  0.004262  0  0  0.00500054  0  0.000675402
4.0836e+13  0  1361.2  3.07705  0  0  3.77229  0  2.16836  0.00425704  0  0  0.00499639  0  0.000674371
4.0845e+13  0  1361.5  3.07769  0  0  3.77304  0  2.16857  0.00425209  0  0  0.00499225  0  0.000673343
4.0854e+13  0  1361.8  3.07832  0  0  3.77379  0  2.16877  0.00424715  0  0  0.00498811  0  0.000672317
4.0863e+13  0  1362.1  3.07896  0  0  3.77454  0  2.16897  0.00424222  0  0  0.00498398  0  0.000671293
4.0872e+13  0  1362.4  3.0796  0  0  3.77528  0  2.16917  0.0042373  0  0  0.00497985  0  0.000670272
4.0881e+13  0  1362.7  3.08023  0  0  3.77603  0  2.16937  0.00423238  0  0  0.00497573  0  0.000669253
4.089e+13  0  1363  3.08087  0  0  3.77678  0  2.16957  0.00422748  0  0  0.00497161  0  0.000668236
4.0899e+13  0  1363.3  3.0815  0  0  3.77752  0  2.16977  0.00422258  0  0  0.0049675  0  0.000667222
4.0908e+13  0  1363.6  3.08213  0  0  3.77827  0  2.16997  0.00421769  0  0  0.00496339  0  0.000666209
4.0917e+13  0  1363.9  3.08277  0  0  3.77901  0  2.17017  0.0042128  0  0  0.00495929  0  0.000665199
4.0926e+13  0  1364.2  3.0834  0  0  3.77975  0  2.17037  0.00420793  0  0  0.00495519  0  0.000664192
4.0935e+13  0  1364.5  3.08403  0  0  3.7805  0  2.17057  0.00420306  0  0  0.00495109  0  0.000663186
4.0944e+13  0  1364.8  3.08466  0  0  3.78124  0  2.17077  0.00419821  0  0  0.004947  0  0.000662183
4.0953e+13  0  1365.1  3.08529  0  0  3.78198  0  2.17097  0.00419336  0  0  0.00494292  0  0.000661182
4.0962e+13  0  1365.4  3.08592  0  0  3.78272  0  2.17117  0.00418852  0  0  0.00493884  0  0.000660183
4.0971e+13  0  1365.7  3.08654  0  0  3.78346  0  2.17136  0.00418368  0  0  0.00493476  0  0.000659186
4.098e+13  0  1366  3.08717  0  0  3.7842  0  2.17156  0.00417886  0  0  0.00493069  0  0.000658192
4.0989e+13  0  1366.3  3.0878  0  0  3.78494  0  2.17176  0.00417404  0  0  0.00492663  0  0.0006572
4.0998e+13  0  1366.6  3.08842  0  0  3.78568  0  2.17196  0.00416923  0  0  0.00492256  0  0.00065621
4.1007e+13  0  1366.9  3.08905  0  0  3.78642  0  2.17215  0.00416443  0  0  0.00491851  0  0.000655222
4.1016e+13  0  1367.2  3.08967  0  0  3.78716  0  2.17235  0.00415964  0  0  0.00491446  0  0.000654236
4.1025e+13  0  1367.5  3.0903  0  0  3.78789  0  2.17255  0.00415485  0  0  0.00491041  0  0.000653253
4.1034e+13  0  1367.8  3.09092  0  0  3.78863  0  2.17274  0.00415007  0  0  0.00490636  0  0.000652272
4.1043e+13  0  1368.1  3.09154  0  0  3.78936  0  2.17294  0.0041453  0  0  0.00490233  0  0.000651292
4.1052e+13  0  1368.4  3.09216  0  0  3.7901  0  2.17313  0.00414054  0  0  0.00489829  0  0.000650315
4.1061e+13  0  1368.7  3.09278  0  0  3.79083  0  2.17333  0.00413579  0  0  0.00489426  0  0.000649341
4.107e+13  0  1369  3.0934  0  0  3.79157  0  2.17352  0.00413104  0  0  0.00489024  0  0.000648368
4.1079e+13  0  1369.3  3.09402  0  0  3.7923  0  2.17372  0.00412631  0  0  0.00488622  0  0.000647397
4.1088e+13  0  1369.6  3.09464  0  0  3.79303  0  2.17391  0.00412158  0  0  0.0048822  0  0.000646429
4.1097e+13  0  1369.9  3.09526  0  0  3.79377  0  2.1741  0.00411685  0  0  0.00487819  0  0.000645463
4.1106e+13  0  1370.2  3.09588  0  0  3.7945  0  2.1743  0.00411214  0  0  0.00487419  0  0.000644499
4.1115e+13  0  1370.5  3.09649  0  0  3.79523  0  2.17449  0.00410743  0  0  0.00487019  0  0.000643537
4.1124e+13  0  1370.8  3.09711  0  0  3.79596  0  2.17468  0.00410273  0  0  0.00486619  0  0.000642577
4.1133e+13  0  1371.1  3.09772  0  0  3.79669  0  2.17488  0.00409804  0  0  0.0048622  0  0.000641619
4.1142e+13  0  1371.4  3.09834  0  0  3.79742  0  2.17507  0.00409336  0  0  0.00485821  0  0.000640663
4.1151e+13  0  1371.7  3.09895  0  0  3.79815  0  2.17526  0.00408868  0  0  0.00485423  0  0.000639709
4.116e+13  0  1372  3.09956  0  0  3.79887  0  2.17545  0.00408402  0  0  0.00485025  0  0.000638758
4.1169e+13  0  1372.3  3.10018  0  0  3.7996  0  2.17564  0.00407936  0  0  0.00484627  0  0.000637808
4.1178e+13  0  1372.6  3.10079  0  0  3.80033  0  2.17584  0.0040747  0  0  0.0048423  0  0.000636861
4.1187e+13  0  1372.9  3.1014  0  0  3.80105  0  2.17603  0.00407006  0  0  0.00483834  0  0.000635915
4.1196e+13  0  1373.2  3.10201  0  0  3.80178  0  2.17622  0.00406542  0  0  0.00483438  0  0.000634972
4.1205e+13  0  1373.5  3.10262  0  0  3.8025  0  2.17641  0.00406079  0  0  0.00483042  0  0.000634031
4.1214e+13  0  1373.8  3.10323  0  0  3.80323  0  2.1766  0.00405617  0  0  0.00482647  0  0.000633092
4.1223e+13  0  1374.1  3.10383  0  0  3.80395  0  2.17679  0.00405156  0  0  0.00482252  0  0.000632154
4.1232e+13  0  1374.4  3.10444  0  0  3.80467  0  2.17698  0.00404695  0  0  0.00481858  0  0.000631219
4.1241e+13  0  1374.7  3.10505  0  0  3.8054  0  2.17717  0.00404235  0  0  0.00481464  0  0.000630286
4.125e+13  0  1375  3.10565  0  0  3.80612  0  2.17735  0.00403776  0  0  0.00481071  0  0.000629355
4.1259e+13  0  1375.3  3.10626  0  0  3.80684  0  2.17754  0.00403318  0  0  0.00480678  0  0.000628426
4.1268e+13  0  1375.6  3.10686  0  0  3.80756  0  2.17773  0.0040286  0  0  0.00480286  0  0.000627499
4.1277e+13  0  1375.9  3.10747  0  0  3.80828  0  2.17792  0.00402403  0  0  0.00479893  0  0.000626574
4.1286e+13  0  1376.2  3.10807  0  0  3.809  0  2.17811  0.00401947  0  0  0.00479502  0  0.000625651
4.1295e+13  0  1376.5  3.10867  0  0  3.80972  0  2.1783  0.00401491  0  0  0.00479111  0  0.00062473
4.1304e+13  0  1376.8  3.10928  0  0  3.81044  0  2.17848  0.00401037  0  0  0.0047872  0  0.000623811
4.1313e+13  0  1377.1  3.10988  0  0  3.81116  0  2.17867  0.00400583  0  0  0.0047833  0  0.000622894
4.1322e+13  0  1377.4  3.11048  0  0  3.81187  0  2.17886  0.0040013  0  0  0.0047794  0  0.000621978
4.1331e+13  0  1377.7  3.11108  0  0  3.81259  0  2.17904  0.00399677  0  0  0.00477551  0  0.000621065
4.134e+13  0  1378  3.11168  0  0  3.81331  0  2.17923  0.00399225  0  0  0.00477162  0  0.000620154
4.1349e+13  0  1378.3  3.11228  0  0  3.81402  0  2.17941  0.00398775  0  0  0.00476773  0  0.000619245
4.1358e+13  0  1378.6  3.11287  0  0  3.81474  0  2.1796  0.00398324  0  0  0.00476385  0  0.000618338
4.1367e+13  0  1378.9  3.11347  0  0  3.81545  0  2.17979  0.00397875  0  0  0.00475998  0  0.000617432
4.1376e+13  0  1379.2  3.11407  0  0  3.81616  0  2.17997  0.00397426  0  0  0.00475611  0  0.000616529
4.1385e+13  0  1379.5  3.11466  0  0  3.81688  0  2.18016  0.00396978  0  0  0.00475224  0  0.000615627
4.1394e+13  0  1379.8  3.11526  0  0  3.81759  0  2.18034  0.00396531  0  0  0.00474838  0  0.000614728
4.1403e+13  0  1380.1  3.11585  0  0  3.8183  0  2.18052  0.00396084  0  0  0.00474452  0  0.00061383
4.1412e+13  0  1380.4  3.11645  0  0  3.81901  0  2.18071  0.00395638  0  0  0.00474066  0  0.000612935
4.1421e+13  0  1380.7  3.11704  0  0  3.81972  0  2.18089  0.00395193  0  0  0.00473681  0  0.000612041
4.143e+13  0  1381  3.11763  0  0  3.82043  0  2.18108  0.00394749  0  0  0.00473297  0  0.000611149
4.1439e+13  0  1381.3  3.11822  0  0  3.82114  0  2.18126  0.00394305  0  0  0.00472913  0  0.000610259
4.1448e+13  0  1381.6  3.11881  0  0  3.82185  0  2.18144  0.00393862  0  0  0.00472529  0  0.000609371
4.1457e+13  0  1381.9  3.1194  0  0  3.82256  0  2.18162  0.0039342  0  0  0.00472146  0  0.000608485
4.1466e+13  0  1382.2  3.11999  0  0  3.82327  0  2.18181  0.00392978  0  0  0.00471763  0  0.000607601
4.1475e+13  0  1382.5  3.12058  0  0  3.82398  0  2.18199  0.00392538  0  0  0.00471381  0  0.000606718
4.1484e+13  0  1382.8  3.12117  0  0  3.82468  0  2.18217  0.00392097  0  0  0.00470999  0  0.000605838
4.1493e+13  0  1383.1  3.12176  0  0  3.82539  0  2.18235  0.00391658  0  0  0.00470617  0  0.000604959
4.1502e+13  0  1383.4  3.12235  0  0  3.82609  0  2.18253  0.00391219  0  0  0.00470236  0  0.000604083
4.1511e+13  0  1383.7  3.12293  0  0  3.8268  0  2.18271  0.00390781  0  0  0.00469856  0  0.000603208
4.152e+13  0  1384  3.12352  0  0  3.8275  0  2.1829  0.00390344  0  0  0.00469475  0  0.000602335
4.1529e+13  0  1384.3  3.1241  0  0  3.82821  0  2.18308  0.00389908  0  0  0.00469096  0  0.000601463
4.1538e+13  0  1384.6  3.12469  0  0  3.82891  0  2.18326  0.00389472  0  0  0.00468716  0  0.000600594
4.1547e+13  0  1384.9  3.12527  0  0  3.82961  0  2.18344  0.00389037  0  0  0.00468337  0  0.000599727
4.1556e+13  0  1385.2  3.12586  0  0  3.83032  0  2.18362  0.00388602  0  0  0.00467959  0  0.000598861
4.1565e+13  0  1385.5  3.12644  0  0  3.83102  0  2.1838  0.00388168  0  0  0.00467581  0  0.000597997
4.1574e+13  0  1385.8  3.12702  0  0  3.83172  0  2.18398  0.00387735  0  0  0.00467203  0  0.000597135
4.1583e+13  0  1386.1  3.1276  0  0  3.83242  0  2.18415  0.00387303  0  0  0.00466826  0  0.000596275
4.1592e+13  0  1386.4  3.12818  0  0  3.83312  0  2.18433  0.00386871  0  0  0.00466449  0  0.000595417
4.1601e+13  0  1386.7  3.12876  0  0  3.83382  0  2.18451  0.0038644  0  0  0.00466073  0  0.00059456
4.161e+13  0  1387  3.12934  0  0  3.83452  0  2.18469  0.0038601  0  0  0.00465697  0  0.000593705
4.1619e+13  0  1387.3  3.12992  0  0  3.83522  0  2.18487  0.00385581  0  0  0.00465321  0  0.000592852
4.1628e+13  0  1387.6  3.1305  0  0  3.83591  0  2.18505  0.00385152  0  0  0.00464946  0  0.000592001
4.1637e+13  0  1387.9  3.13108  0  0  3.83661  0  2.18522  0.00384723  0  0  0.00464571  0  0.000591152
4.1646e+13  0  1388.2  3.13165  0  0  3.83731  0  2.1854  0.00384296  0  0  0.00464197  0  0.000590304
4.1655e+13  0  1388.5  3.13223  0  0  3.838  0  2.18558  0.00383869  0  0  0.00463823  0  0.000589459
4.1664e+13  0  1388.8  3.1328  0  0  3.8387  0  2.18575  0.00383443  0  0  0.0046345  0  0.000588614
4.1673e+13  0  1389.1  3.13338  0  0  3.83939  0  2.18593  0.00383018  0  0  0.00463077  0  0.000587772
4.1682e+13  0  1389.4  3.13395  0  0  3.84009  0  2.18611  0.00382593  0  0  0.00462704  0  0.000586932
4.1691e+13  0  1389.7  3.13453  0  0  3.84078  0  2.18628  0.00382169  0  0  0.00462332  0  0.000586093
4.17e+13  0  1390  3.1351  0  0  3.84148  0  2.18646  0.00381745  0  0  0.0046196  0  0.000585256
4.1709e+13  0  1390.3  3.13567  0  0  3.84217  0  2.18663  0.00381323  0  0  0.00461589  0  0.000584421
4.1718e+13  0  1390.6  3.13624  0  0  3.84286  0  2.18681  0.003809  0  0  0.00461218  0  0.000583587
4.1727e+13  0  1390.9  3.13681  0  0  3.84355  0  2.18698  0.00380479  0  0  0.00460847  0  0.000582756
4.1736e+13  0  1391.2  3.13739  0  0  3.84424  0  2.18716  0.00380058  0  0  0.00460477  0  0.000581926
4.1745e+13  0  1391.5  3.13795  0  0  3.84493  0  2.18733  0.00379638  0  0  0.00460108  0  0.000581097
4.1754e+13  0  1391.8  3.13852  0  0  3.84562  0  2.18751  0.00379219  0  0  0.00459738  0  0.000580271
4.1763e+13  0  1392.1  3.13909  0  0  3.84631  0  2.18768  0.003788  0  0  0.0045937  0  0.000579446
4.1772e+13  0  1392.4  3.13966  0  0  3.847  0  2.18785  0.00378382  0  0  0.00459001  0  0.000578623
4.1781e+13  0  1392.7  3.14023  0  0  3.84769  0  2.18803  0.00377965  0  0  0.00458633  0  0.000577802
4.179e+13  0  1393  3.14079  0  0  3.84838  0  2.1882  0.00377548  0  0  0.00458265  0  0.000576982
4.1799e+13  0  1393.3  3.14136  0  0  3.84906  0  2.18837  0.00377132  0  0  0.00457898  0  0.000576164
4.1808e+13  0  1393.6  3.14193  0  0  3.84975  0  2.18855  0.00376717  0  0  0.00457531  0  0.000575348
4.1817e+13  0  1393.9  3.14249  0  0  3.85044  0  2.18872  0.00376302  0  0  0.00457165  0  0.000574533
4.1826e+13  0  1394.2  3.14305  0  0  3.85112  0  2.18889  0.00375888  0  0  0.00456799  0  0.00057372
4.1835e+13  0  1394.5  3.14362  0  0  3.85181  0  2.18906  0.00375474  0  0  0.00456433  0  0.000572909
4.1844e+13  0  1394.8  3.14418  0  0  3.85249  0  2.18924  0.00375062  0  0  0.00456068  0  0.000572099
4.1853e+13  0  1395.1  3.14474  0  0  3.85318  0  2.18941  0.0037465  0  0  0.00455703  0  0.000571292
4.1862e+13  0  1395.4  3.1453  0  0  3.85386  0  2.18958  0.00374238  0  0  0.00455339  0  0.000570485
4.1871e+13  0  1395.7  3.14587  0  0  3.85454  0  2.18975  0.00373827  0  0  0.00454975  0  0.000569681
4.188e+13  0  1396  3.14643  0  0  3.85522  0  2.18992  0.00373417  0  0  0.00454612  0  0.000568878
4.1889e+13  0  1396.3  3.14699  0  0  3.85591  0  2.19009  0.00373008  0  0  0.00454248  0  0.000568077
4.1898e+13  0  1396.6  3.14755  0  0  3.85659  0  2.19026  0.00372599  0  0  0.00453886  0  0.000567277
4.1907e+13  0  1396.9  3.1481  0  0  3.85727  0  2.19043  0.00372191  0  0  0.00453523  0  0.000566479
4.1916e+13  0  1397.2  3.14866  0  0  3.85795  0  2.1906  0.00371783  0  0  0.00453161  0  0.000565683
4.1925e+13  0  1397.5  3.14922  0  0  3.85863  0  2.19077  0.00371376  0  0  0.004528  0  0.000564889
4.1934e+13  0  1397.8  3.14978  0  0  3.85931  0  2.19094  0.0037097  0  0  0.00452439  0  0.000564096
4.1943e+13  0  1398.1  3.15033  0  0  3.85998  0  2.19111  0.00370564  0  0  0.00452078  0  0.000563304
4.1952e+13  0  1398.4  3.15089  0  0  3.86066  0  2.19128  0.00370159  0  0  0.00451718  0  0.000562514
4.1961e+13  0  1398.7  3.15144  0  0  3.86134  0  2.19145  0.00369755  0  0  0.00451358  0  0.000561726
4.197e+13  0  1399  3.152  0  0  3.86202  0  2.19161  0.00369351  0  0  0.00450998  0  0.00056094
4.1979e+13  0  1399.3  3.15255  0  0  3.86269  0  2.19178  0.00368948  0  0  0.00450639  0  0.000560155
4.1988e+13  0  1399.6  3.1531  0  0  3.86337  0  2.19195  0.00368545  0  0  0.0045028  0  0.000559372
4.1997e+13  0  1399.9  3.15366  0  0  3.86404  0  2.19212  0.00368144  0  0  0.00449922  0  0.00055859
4.2006e+13  0  1400.2  3.15421  0  0  3.86472  0  2.19229  0.00367742  0  0  0.00449564  0  0.00055781
4.2015e+13  0  1400.5  3.15476  0  0  3.86539  0  2.19245  0.00367342  0  0  0.00449206  0  0.000557031
4.2024e+13  0  1400.8  3.15531  0  0  3.86606  0  2.19262  0.00366942  0  0  0.00448849  0  0.000556255
4.2033e+13  0  1401.1  3.15586  0  0  3.86674  0  2.19279  0.00366543  0  0  0.00448492  0  0.000555479
4.2042e+13  0  1401.4  3.15641  0  0  3.86741  0  2.19295  0.00366144  0  0  0.00448136  0  0.000554706
4.2051e+13  0  1401.7  3.15696  0  0  3.86808  0  2.19312  0.00365746  0  0  0.0044778  0  0.000553933
4.206e+13  0  1402  3.15751  0  0  3.86875  0  2.19329  0.00365349  0  0  0.00447424  0  0.000553163
4.2069e+13  0  1402.3  3.15805  0  0  3.86942  0  2.19345  0.00364952  0  0  0.00447069  0  0.000552394
4.2078e+13  0  1402.6  3.1586  0  0  3.87009  0  2.19362  0.00364556  0  0  0.00446714  0  0.000551626
4.2087e+13  0  1402.9  3.15915  0  0  3.87076  0  2.19378  0.0036416  0  0  0.0044636  0  0.000550861
4.2096e+13  0  1403.2  3.15969  0  0  3.87143  0  2.19395  0.00363765  0  0  0.00446006  0  0.000550096
4.2105e+13  0  1403.5  3.16024  0  0  3.8721  0  2.19411  0.00363371  0  0  0.00445652  0  0.000549333
4.2114e+13  0  1403.8  3.16078  0  0  3.87277  0  2.19428  0.00362977  0  0  0.00445299  0  0.000548572
4.2123e+13  0  1404.1  3.16133  0  0  3.87344  0  2.19444  0.00362584  0  0  0.00444946  0  0.000547813
4.2132e+13  0  1404.4  3.16187  0  0  3.87411  0  2.19461  0.00362191  0  0  0.00444594  0  0.000547054
4.2141e+13  0  1404.7  3.16241  0  0  3.87477  0  2.19477  0.00361799  0  0  0.00444242  0  0.000546298
4.215e+13  0  1405  3.16296  0  0  3.87544  0  2.19493  0.00361408  0  0  0.0044389  0  0.000545543
4.2159e+13  0  1405.3  3.1635  0  0  3.8761  0  2.1951  0.00361018  0  0  0.00443539  0  0.000544789
4.2168e+13  0  1405.6  3.16404  0  0  3.87677  0  2.19526  0.00360628  0  0  0.00443188  0  0.000544037
4.2177e+13  0  1405.9  3.16458  0  0  3.87743  0  2.19542  0.00360238  0  0  0.00442837  0  0.000543287
4.2186e+13  0  1406.2  3.16512  0  0  3.8781  0  2.19559  0.00359849  0  0  0.00442487  0  0.000542538
4.2195e+13  0  1406.5  3.16566  0  0  3.87876  0  2.19575  0.00359461  0  0  0.00442138  0  0.00054179
4.2204e+13  0  1406.8  3.1662  0  0  3.87942  0  2.19591  0.00359073  0  0  0.00441788  0  0.000541044
4.2213e+13  0  1407.1  3.16674  0  0  3.88009  0  2.19607  0.00358686  0  0  0.00441439  0  0.0005403
4.2222e+13  0  1407.4  3.16728  0  0  3.88075  0  2.19624  0.003583  0  0  0.00441091  0  0.000539557
4.2231e+13  0  1407.7  3.16781  0  0  3.88141  0  2.1964  0.00357914  0  0  0.00440742  0  0.000538815
4.224e+13  0  1408  3.16835  0  0  3.88207  0  2.19656  0.00357529  0  0  0.00440395  0  0.000538075
4.2249e+13  0  1408.3  3.16889  0  0  3.88273  0  2.19672  0.00357144  0  0  0.00440047  0  0.000537337
4.2258e+13  0  1408.6  3.16942  0  0  3.88339  0  2.19688  0.0035676  0  0  0.004397  0  0.0005366
4.2267e+13  0  1408.9  3.16996  0  0  3.88405  0  2.19704  0.00356377  0  0  0.00439353  0  0.000535864
4.2276e+13  0  1409.2  3.17049  0  0  3.88471  0  2.1972  0.00355994  0  0  0.00439007  0  0.00053513
4.2285e+13  0  1409.5  3.17102  0  0  3.88537  0  2.19736  0.00355612  0  0  0.00438661  0  0.000534398
4.2294e+13  0  1409.8  3.17156  0  0  3.88602  0  2.19752  0.0035523  0  0  0.00438316  0  0.000533667
4.2303e+13  0  1410.1  3.17209  0  0  3.88668  0  2.19768  0.00354849  0  0  0.0043797  0  0.000532937
4.2312e+13  0  1410.4  3.17262  0  0  3.88734  0  2.19784  0.00354469  0  0  0.00437626  0  0.000532209
4.2321e+13  0  1410.7  3.17315  0  0  3.88799  0  2.198  0.00354089  0  0  0.00437281  0  0.000531482
4.233e+13  0  1411  3.17368  0  0  3.88865  0  2.19816  0.00353709  0  0  0.00436937  0  0.000530757
4.2339e+13  0  1411.3  3.17421  0  0  3.88931  0  2.19832  0.00353331  0  0  0.00436593  0  0.000530033
4.2348e+13  0  1411.6  3.17474  0  0  3.88996  0  2.19848  0.00352952  0  0  0.0043625  0  0.000529311
4.2357e+13  0  1411.9  3.17527  0  0  3.89061  0  2.19864  0.00352575  0  0  0.00435907  0  0.00052859
4.2366e+13  0  1412.2  3.1758  0  0  3.89127  0  2.1988  0.00352198  0  0  0.00435565  0  0.00052787
4.2375e+13  0  1412.5  3.17633  0  0  3.89192  0  2.19896  0.00351822  0  0  0.00435222  0  0.000527152
4.2384e+13  0  1412.8  3.17686  0  0  3.89257  0  2.19911  0.00351446  0  0  0.00434881  0  0.000526435
4.2393e+13  0  1413.1  3.17738  0  0  3.89323  0  2.19927  0.00351071  0  0  0.00434539  0  0.00052572
4.2402e+13  0  1413.4  3.17791  0  0  3.89388  0  2.19943  0.00350696  0  0  0.00434198  0  0.000525006
4.2411e+13  0  1413.7  3.17844  0  0  3.89453  0  2.19959  0.00350322  0  0  0.00433858  0  0.000524294
4.242e+13  0  1414  3.17896  0  0  3.89518  0  2.19974  0.00349948  0  0  0.00433517  0  0.000523583
4.2429e+13  0  1414.3  3.17949  0  0  3.89583  0  2.1999  0.00349575  0  0  0.00433177  0  0.000522873
4.2438e+13  0  1414.6  3.18001  0  0  3.89648  0  2.20006  0.00349203  0  0  0.00432838  0  0.000522165
4.2447e+13  0  1414.9  3.18053  0  0  3.89713  0  2.20021  0.00348831  0  0  0.00432499  0  0.000521458
4.2456e+13  0  1415.2  3.18106  0  0  3.89778  0  2.20037  0.0034846  0  0  0.0043216  0  0.000520753
4.2465e+13  0  1415.5  3.18158  0  0  3.89842  0  2.20053  0.00348089  0  0  0.00431821  0  0.000520049
4.2474e+13  0  1415.8  3.1821  0  0  3.89907  0  2.20068  0.00347719  0  0  0.00431483  0  0.000519346
4.2483e+13  0  1416.1  3.18262  0  0  3.89972  0  2.20084  0.0034735  0  0  0.00431145  0  0.000518645
4.2492e+13  0  1416.4  3.18314  0  0  3.90036  0  2.20099  0.00346981  0  0  0.00430808  0  0.000517945
4.2501e+13  0  1416.7  3.18366  0  0  3.90101  0  2.20115  0.00346612  0  0  0.00430471  0  0.000517247
4.251e+13  0  1417  3.18418  0  0  3.90166  0  2.2013  0.00346245  0  0  0.00430135  0  0.00051655
4.2519e+13  0  1417.3  3.1847  0  0  3.9023  0  2.20146  0.00345877  0  0  0.00429798  0  0.000515854
4.2528e+13  0  1417.6  3.18522  0  0  3.90294  0  2.20161  0.00345511  0  0  0.00429462  0  0.00051516
4.2537e+13  0  1417.9  3.18574  0  0  3.90359  0  2.20177  0.00345144  0  0  0.00429127  0  0.000514467
4.2546e+13  0  1418.2  3.18625  0  0  3.90423  0  2.20192  0.00344779  0  0  0.00428792  0  0.000513776
4.2555e+13  0  1418.5  3.18677  0  0  3.90488  0  2.20208  0.00344414  0  0  0.00428457  0  0.000513085
4.2564e+13  0  1418.8  3.18729  0  0  3.90552  0  2.20223  0.00344049  0  0  0.00428122  0  0.000512396
4.2573e+13  0  1419.1  3.1878  0  0  3.90616  0  2.20238  0.00343685  0  0  0.00427788  0  0.000511709
4.2582e+13  0  1419.4  3.18832  0  0  3.9068  0  2.20254  0.00343322  0  0  0.00427455  0  0.000511023
4.2591e+13  0  1419.7  3.18883  0  0  3.90744  0  2.20269  0.00342959  0  0  0.00427121  0  0.000510338
4.26e+13  0  1420  3.18935  0  0  3.90808  0  2.20284  0.00342597  0  0  0.00426788  0  0.000509654
4.2609e+13  0  1420.3  3.18986  0  0  3.90872  0  2.203  0.00342235  0  0  0.00426456  0  0.000508972
4.2618e+13  0  1420.6  3.19037  0  0  3.90936  0  2.20315  0.00341874  0  0  0.00426123  0  0.000508292
4.2627e+13  0  1420.9  3.19089  0  0  3.91  0  2.2033  0.00341514  0  0  0.00425792  0  0.000507612
4.2636e+13  0  1421.2  3.1914  0  0  3.91064  0  2.20345  0.00341154  0  0  0.0042546  0  0.000506934
4.2645e+13  0  1421.5  3.19191  0  0  3.91128  0  2.20361  0.00340794  0  0  0.00425129  0  0.000506257
4.2654e+13  0  1421.8  3.19242  0  0  3.91191  0  2.20376  0.00340435  0  0  0.00424798  0  0.000505582
4.2663e+13  0  1422.1  3.19293  0  0  3.91255  0  2.20391  0.00340077  0  0  0.00424468  0  0.000504907
4.2672e+13  0  1422.4  3.19344  0  0  3.91319  0  2.20406  0.00339719  0  0  0.00424137  0  0.000504235
4.2681e+13  0  1422.7  3.19395  0  0  3.91382  0  2.20421  0.00339361  0  0  0.00423808  0  0.000503563
4.269e+13  0  1423  3.19446  0  0  3.91446  0  2.20436  0.00339005  0  0  0.00423478  0  0.000502893
4.2699e+13  0  1423.3  3.19497  0  0  3.91509  0  2.20451  0.00338648  0  0  0.00423149  0  0.000502224
4.2708e+13  0  1423.6  3.19548  0  0  3.91573  0  2.20466  0.00338293  0  0  0.00422821  0  0.000501556
4.2717e+13  0  1423.9  3.19598  0  0  3.91636  0  2.20481  0.00337937  0  0  0.00422492  0  0.00050089
4.2726e+13  0  1424.2  3.19649  0  0  3.917  0  2.20496  0.00337583  0  0  0.00422164  0  0.000500225
4.2735e+13  0  1424.5  3.197  0  0  3.91763  0  2.20511  0.00337229  0  0  0.00421837  0  0.000499561
4.2744e+13  0  1424.8  3.1975  0  0  3.91826  0  2.20526  0.00336875  0  0  0.00421509  0  0.000498899
4.2753e+13  0  1425.1  3.19801  0  0  3.91889  0  2.20541  0.00336522  0  0  0.00421182  0  0.000498237
4.2762e+13  0  1425.4  3.19851  0  0  3.91953  0  2.20556  0.0033617  0  0  0.00420856  0  0.000497577
4.2771e+13  0  1425.7  3.19901  0  0  3.92016  0  2.20571  0.00335818  0  0  0.0042053  0  0.000496919
4.278e+13  0  1426  3.19952  0  0  3.92079  0  2.20586  0.00335466  0  0  0.00420204  0  0.000496261
4.2789e+13  0  1426.3  3.20002  0  0  3.92142  0  2.20601  0.00335115  0  0  0.00419878  0  0.000495605
4.2798e+13  0  1426.6  3.20052  0  0  3.92205  0  2.20616  0.00334765  0  0  0.00419553  0  0.000494951
4.2807e+13  0  1426.9  3.20103  0  0  3.92268  0  2.20631  0.00334415  0  0  0.00419228  0  0.000494297
4.2816e+13  0  1427.2  3.20153  0  0  3.9233  0  2.20645  0.00334066  0  0  0.00418904  0  0.000493645
4.2825e+13  0  1427.5  3.20203  0  0  3.92393  0  2.2066  0.00333717  0  0  0.0041858  0  0.000492994
4.2834e+13  0  1427.8  3.20253  0  0  3.92456  0  2.20675  0.00333369  0  0  0.00418256  0  0.000492344
4.2843e+13  0  1428.1  3.20303  0  0  3.92519  0  2.2069  0.00333021  0  0  0.00417933  0  0.000491695
4.2852e+13  0  1428.4  3.20353  0  0  3.92581  0  2.20705  0.00332674  0  0  0.00417609  0  0.000491048
4.2861e+13  0  1428.7  3.20403  0  0  3.92644  0  2.20719  0.00332327  0  0  0.00417287  0  0.000490402
4.287e+13  0  1429  3.20452  0  0  3.92707  0  2.20734  0.00331981  0  0  0.00416964  0  0.000489757
4.2879e+13  0  1429.3  3.20502  0  0  3.92769  0  2.20749  0.00331635  0  0  0.00416642  0  0.000489114
4.2888e+13  0  1429.6  3.20552  0  0  3.92832  0  2.20763  0.0033129  0  0  0.00416321  0  0.000488471
4.2897e+13  0  1429.9  3.20602  0  0  3.92894  0  2.20778  0.00330945  0  0  0.00415999  0  0.00048783
4.2906e+13  0  1430.2  3.20651  0  0  3.92956  0  2.20793  0.00330601  0  0  0.00415678  0  0.00048719
4.2915e+13  0  1430.5  3.20701  0  0  3.93019  0  2.20807  0.00330257  0  0  0.00415358  0  0.000486552
4.2924e+13  0  1430.8  3.2075  0  0  3.93081  0  2.20822  0.00329914  0  0  0.00415037  0  0.000485914
4.2933e+13  0  1431.1  3.208  0  0  3.93143  0  2.20836  0.00329572  0  0  0.00414717  0  0.000485278
4.2942e+13  0  1431.4  3.20849  0  0  3.93205  0  2.20851  0.0032923  0  0  0.00414398  0  0.000484643
4.2951e+13  0  1431.7  3.20898  0  0  3.93267  0  2.20865  0.00328888  0  0  0.00414078  0  0.000484009
4.296e+13  0  1432  3.20948  0  0  3.9333  0  2.2088  0.00328547  0  0  0.0041376  0  0.000483377
4.2969e+13  0  1432.3  3.20997  0  0  3.93392  0  2.20894  0.00328206  0  0  0.00413441  0  0.000482745
4.2978e+13  0  1432.6  3.21046  0  0  3.93454  0  2.20909  0.00327866  0  0  0.00413123  0  0.000482115
4.2987e+13  0  1432.9  3.21095  0  0  3.93516  0  2.20923  0.00327527  0  0  0.00412805  0  0.000481486
4.2996e+13  0  1433.2  3.21144  0  0  3.93577  0  2.20938  0.00327188  0  0  0.00412487  0  0.000480859
4.3005e+13  0  1433.5  3.21194  0  0  3.93639  0  2.20952  0.00326849  0  0  0.0041217  0  0.000480232
4.3014e+13  0  1433.8  3.21243  0  0  3.93701  0  2.20967  0.00326511  0  0  0.00411853  0  0.000479607
4.3023e+13  0  1434.1  3.21291  0  0  3.93763  0  2.20981  0.00326174  0  0  0.00411536  0  0.000478983
4.3032e+13  0  1434.4  3.2134  0  0  3.93825  0  2.20995  0.00325837  0  0  0.0041122  0  0.00047836
4.3041e+13  0  1434.7  3.21389  0  0  3.93886  0  2.2101  0.003255  0  0  0.00410904  0  0.000477738
4.305e+13  0  1435  3.21438  0  0  3.93948  0  2.21024  0.00325164  0  0  0.00410589  0  0.000477117
4.3059e+13  0  1435.3  3.21487  0  0  3.94009  0  2.21038  0.00324829  0  0  0.00410274  0  0.000476498
4.3068e+13  0  1435.6  3.21535  0  0  3.94071  0  2.21053  0.00324494  0  0  0.00409959  0  0.000475879
4.3077e+13  0  1435.9  3.21584  0  0  3.94132  0  2.21067  0.00324159  0  0  0.00409644  0  0.000475262
4.3086e+13  0  1436.2  3.21633  0  0  3.94194  0  2.21081  0.00323825  0  0  0.0040933  0  0.000474646
4.3095e+13  0  1436.5  3.21681  0  0  3.94255  0  2.21095  0.00323492  0  0  0.00409016  0  0.000474032
4.3104e+13  0  1436.8  3.2173  0  0  3.94316  0  2.2111  0.00323159  0  0  0.00408703  0  0.000473418
4.3113e+13  0  1437.1  3.21778  0  0  3.94378  0  2.21124  0.00322826  0  0  0.00408389  0  0.000472806
4.3122e+13  0  1437.4  3.21827  0  0  3.94439  0  2.21138  0.00322494  0  0  0.00408076  0  0.000472194
4.3131e+13  0  1437.7  3.21875  0  0  3.945  0  2.21152  0.00322162  0  0  0.00407764  0  0.000471584
4.314e+13  0  1438  3.21923  0  0  3.94561  0  2.21166  0.00321831  0  0  0.00407452  0  0.000470975
4.3149e+13  0  1438.3  3.21971  0  0  3.94622  0  2.2118  0.00321501  0  0  0.0040714  0  0.000470367
4.3158e+13  0  1438.6  3.2202  0  0  3.94683  0  2.21194  0.00321171  0  0  0.00406828  0  0.000469761
4.3167e+13  0  1438.9  3.22068  0  0  3.94744  0  2.21209  0.00320841  0  0  0.00406517  0  0.000469155
4.3176e+13  0  1439.2  3.22116  0  0  3.94805  0  2.21223  0.00320512  0  0  0.00406206  0  0.000468551
4.3185e+13  0  1439.5  3.22164  0  0  3.94866  0  2.21237  0.00320183  0  0  0.00405896  0  0.000467948
4.3194e+13  0  1439.8  3.22212  0  0  3.94927  0  2.21251  0.00319855  0  0  0.00405585  0  0.000467345
4.3203e+13  0  1440.1  3.2226  0  0  3.94988  0  2.21265  0.00319527  0  0  0.00405276  0  0.000466744
4.3212e+13  0  1440.4  3.22308  0  0  3.95049  0  2.21279  0.003192  0  0  0.00404966  0  0.000466145
4.3221e+13  0  1440.7  3.22356  0  0  3.95109  0  2.21293  0.00318874  0  0  0.00404657  0  0.000465546
4.323e+13  0  1441  3.22404  0  0  3.9517  0  2.21307  0.00318547  0  0  0.00404348  0  0.000464948
4.3239e+13  0  1441.3  3.22451  0  0  3.95231  0  2.21321  0.00318222  0  0  0.00404039  0  0.000464352
4.3248e+13  0  1441.6  3.22499  0  0  3.95291  0  2.21334  0.00317896  0  0  0.00403731  0  0.000463756
4.3257e+13  0  1441.9  3.22547  0  0  3.95352  0  2.21348  0.00317571  0  0  0.00403423  0  0.000463162
4.3266e+13  0  1442.2  3.22594  0  0  3.95412  0  2.21362  0.00317247  0  0  0.00403115  0  0.000462569
4.3275e+13  0  1442.5  3.22642  0  0  3.95473  0  2.21376  0.00316923  0  0  0.00402808  0  0.000461977
4.3284e+13  0  1442.8  3.22689  0  0  3.95533  0  2.2139  0.003166  0  0  0.00402501  0  0.000461386
4.3293e+13  0  1443.1  3.22737  0  0  3.95594  0  2.21404  0.00316277  0  0  0.00402195  0  0.000460796
4.3302e+13  0  1443.4  3.22784  0  0  3.95654  0  2.21418  0.00315955  0  0  0.00401888  0  0.000460207
4.3311e+13  0  1443.7  3.22832  0  0  3.95714  0  2.21431  0.00315633  0  0  0.00401582  0  0.00045962
4.332e+13  0  1444  3.22879  0  0  3.95774  0  2.21445  0.00315311  0  0  0.00401277  0  0.000459033
4.3329e+13  0  1444.3  3.22926  0  0  3.95835  0  2.21459  0.0031499  0  0  0.00400971  0  0.000458448
4.3338e+13  0  1444.6  3.22973  0  0  3.95895  0  2.21473  0.0031467  0  0  0.00400666  0  0.000457863
4.3347e+13  0  1444.9  3.23021  0  0  3.95955  0  2.21486  0.0031435  0  0  0.00400362  0  0.00045728
4.3356e+13  0  1445.2  3.23068  0  0  3.96015  0  2.215  0.0031403  0  0  0.00400057  0  0.000456698
4.3365e+13  0  1445.5  3.23115  0  0  3.96075  0  2.21514  0.00313711  0  0  0.00399753  0  0.000456117
4.3374e+13  0  1445.8  3.23162  0  0  3.96135  0  2.21528  0.00313392  0  0  0.00399449  0  0.000455537
4.3383e+13  0  1446.1  3.23209  0  0  3.96195  0  2.21541  0.00313074  0  0  0.00399146  0  0.000454958
4.3392e+13  0  1446.4  3.23256  0  0  3.96254  0  2.21555  0.00312756  0  0  0.00398843  0  0.00045438
4.3401e+13  0  1446.7  3.23303  0  0  3.96314  0  2.21568  0.00312439  0  0  0.0039854  0  0.000453803
4.341e+13  0  1447  3.23349  0  0  3.96374  0  2.21582  0.00312122  0  0  0.00398238  0  0.000453227
4.3419e+13  0  1447.3  3.23396  0  0  3.96434  0  2.21596  0.00311806  0  0  0.00397936  0  0.000452653
4.3428e+13  0  1447.6  3.23443  0  0  3.96493  0  2.21609  0.0031149  0  0  0.00397634  0  0.000452079
4.3437e+13  0  1447.9  3.2349  0  0  3.96553  0  2.21623  0.00311175  0  0  0.00397332  0  0.000451506
4.3446e+13  0  1448.2  3.23536  0  0  3.96613  0  2.21636  0.0031086  0  0  0.00397031  0  0.000450935
4.3455e+13  0  1448.5  3.23583  0  0  3.96672  0  2.2165  0.00310545  0  0  0.0039673  0  0.000450365
4.3464e+13  0  1448.8  3.23629  0  0  3.96732  0  2.21663  0.00310231  0  0  0.0039643  0  0.000449795
4.3473e+13  0  1449.1  3.23676  0  0  3.96791  0  2.21677  0.00309918  0  0  0.0039613  0  0.000449227
4.3482e+13  0  1449.4  3.23722  0  0  3.9685  0  2.2169  0.00309604  0  0  0.0039583  0  0.00044866
4.3491e+13  0  1449.7  3.23769  0  0  3.9691  0  2.21704  0.00309292  0  0  0.0039553  0  0.000448093
4.35e+13  0  1450  3.23815  0  0  3.96969  0  2.21717  0.00308979  0  0  0.00395231  0  0.000447528
4.3509e+13  0  1450.3  3.23862  0  0  3.97028  0  2.21731  0.00308668  0  0  0.00394932  0  0.000446964
4.3518e+13  0  1450.6  3.23908  0  0  3.97088  0  2.21744  0.00308356  0  0  0.00394633  0  0.000446401
4.3527e+13  0  1450.9  3.23954  0  0  3.97147  0  2.21757  0.00308045  0  0  0.00394335  0  0.000445839
4.3536e+13  0  1451.2  3.24  0  0  3.97206  0  2.21771  0.00307735  0  0  0.00394037  0  0.000445278
4.3545e+13  0  1451.5  3.24046  0  0  3.97265  0  2.21784  0.00307425  0  0  0.00393739  0  0.000444718
4.3554e+13  0  1451.8  3.24092  0  0  3.97324  0  2.21797  0.00307116  0  0  0.00393442  0  0.000444159
4.3563e+13  0  1452.1  3.24139  0  0  3.97383  0  2.21811  0.00306806  0  0  0.00393145  0  0.000443601
4.3572e+13  0  1452.4  3.24185  0  0  3.97442  0  2.21824  0.00306498  0  0  0.00392848  0  0.000443044
4.3581e+13  0  1452.7  3.2423  0  0  3.97501  0  2.21837  0.0030619  0  0  0.00392551  0  0.000442488
4.359e+13  0  1453  3.24276  0  0  3.9756  0  2.21851  0.00305882  0  0  0.00392255  0  0.000441933
4.3599e+13  0  1453.3  3.24322  0  0  3.97619  0  2.21864  0.00305575  0  0  0.00391959  0  0.000441379
4.3608e+13  0  1453.6  3.24368  0  0  3.97677  0  2.21877  0.00305268  0  0  0.00391664  0  0.000440826
4.3617e+13  0  1453.9  3.24414  0  0  3.97736  0  2.2189  0.00304961  0  0  0.00391369  0  0.000440274
4.3626e+13  0  1454.2  3.2446  0  0  3.97795  0  2.21903  0.00304655  0  0  0.00391074  0  0.000439723
4.3635e+13  0  1454.5  3.24505  0  0  3.97853  0  2.21917  0.0030435  0  0  0.00390779  0  0.000439173
4.3644e+13  0  1454.8  3.24551  0  0  3.97912  0  2.2193  0.00304045  0  0  0.00390485  0  0.000438625
4.3653e+13  0  1455.1  3.24596  0  0  3.9797  0  2.21943  0.0030374  0  0  0.00390191  0  0.000438077
4.3662e+13  0  1455.4  3.24642  0  0  3.98029  0  2.21956  0.00303436  0  0  0.00389897  0  0.00043753
4.3671e+13  0  1455.7  3.24687  0  0  3.98087  0  2.21969  0.00303132  0  0  0.00389604  0  0.000436984
4.368e+13  0  1456  3.24733  0  0  3.98146  0  2.21982  0.00302829  0  0  0.00389311  0  0.000436439
4.3689e+13  0  1456.3  3.24778  0  0  3.98204  0  2.21995  0.00302526  0  0  0.00389018  0  0.000435895
4.3698e+13  0  1456.6  3.24824  0  0  3.98263  0  2.22008  0.00302223  0  0  0.00388725  0  0.000435352
4.3707e+13  0  1456.9  3.24869  0  0  3.98321  0  2.22022  0.00301921  0  0  0.00388433  0  0.00043481
4.3716e+13  0  1457.2  3.24914  0  0  3.98379  0  2.22035  0.0030162  0  0  0.00388141  0  0.00043427
4.3725e+13  0  1457.5  3.24959  0  0  3.98437  0  2.22048  0.00301319  0  0  0.0038785  0  0.00043373
4.3734e+13  0  1457.8  3.25005  0  0  3.98495  0  2.22061  0.00301018  0  0  0.00387559  0  0.000433191
4.3743e+13  0  1458.1  3.2505  0  0  3.98554  0  2.22074  0.00300718  0  0  0.00387268  0  0.000432653
4.3752e+13  0  1458.4  3.25095  0  0  3.98612  0  2.22087  0.00300418  0  0  0.00386977  0  0.000432116
4.3761e+13  0  1458.7  3.2514  0  0  3.9867  0  2.22099  0.00300118  0  0  0.00386687  0  0.00043158
4.377e+13  0  1459  3.25185  0  0  3.98728  0  2.22112  0.00299819  0  0  0.00386397  0  0.000431044
4.3779e+13  0  1459.3  3.2523  0  0  3.98786  0  2.22125  0.00299521  0  0  0.00386107  0  0.00043051
4.3788e+13  0  1459.6  3.25275  0  0  3.98843  0  2.22138  0.00299223  0  0  0.00385817  0  0.000429977
4.3797e+13  0  1459.9  3.2532  0  0  3.98901  0  2.22151  0.00298925  0  0  0.00385528  0  0.000429445
4.3806e+13  0  1460.2  3.25364  0  0  3.98959  0  2.22164  0.00298627  0  0  0.00385239  0  0.000428914
4.3815e+13  0  1460.5  3.25409  0  0  3.99017  0  2.22177  0.00298331  0  0  0.00384951  0  0.000428384
4.3824e+13  0  1460.8  3.25454  0  0  3.99075  0  2.2219  0.00298034  0  0  0.00384663  0  0.000427854
4.3833e+13  0  1461.1  3.25499  0  0  3.99132  0  2.22203  0.00297738  0  0  0.00384375  0  0.000427326
4.3842e+13  0  1461.4  3.25543  0  0  3.9919  0  2.22215  0.00297442  0  0  0.00384087  0  0.000426799
4.3851e+13  0  1461.7  3.25588  0  0  3.99248  0  2.22228  0.00297147  0  0  0.003838  0  0.000426272
4.386e+13  0  1462  3.25632  0  0  3.99305  0  2.22241  0.00296852  0  0  0.00383513  0  0.000425747
4.3869e+13  0  1462.3  3.25677  0  0  3.99363  0  2.22254  0.00296558  0  0  0.00383226  0  0.000425222
4.3878e+13  0  1462.6  3.25721  0  0  3.9942  0  2.22266  0.00296264  0  0  0.0038294  0  0.000424698
4.3887e+13  0  1462.9  3.25766  0  0  3.99477  0  2.22279  0.00295971  0  0  0.00382653  0  0.000424176
4.3896e+13  0  1463.2  3.2581  0  0  3.99535  0  2.22292  0.00295678  0  0  0.00382368  0  0.000423654
4.3905e+13  0  1463.5  3.25854  0  0  3.99592  0  2.22305  0.00295385  0  0  0.00382082  0  0.000423133
4.3914e+13  0  1463.8  3.25899  0  0  3.99649  0  2.22317  0.00295093  0  0  0.00381797  0  0.000422613
4.3923e+13  0  1464.1  3.25943  0  0  3.99707  0  2.2233  0.00294801  0  0  0.00381512  0  0.000422094
4.3932e+13  0  1464.4  3.25987  0  0  3.99764  0  2.22343  0.00294509  0  0  0.00381227  0  0.000421576
4.3941e+13  0  1464.7  3.26031  0  0  3.99821  0  2.22355  0.00294218  0  0  0.00380943  0  0.000421059
4.395e+13  0  1465  3.26075  0  0  3.99878  0  2.22368  0.00293928  0  0  0.00380659  0  0.000420543
4.3959e+13  0  1465.3  3.26119  0  0  3.99935  0  2.22381  0.00293637  0  0  0.00380375  0  0.000420028
4.3968e+13  0  1465.6  3.26164  0  0  3.99992  0  2.22393  0.00293348  0  0  0.00380091  0  0.000419514
4.3977e+13  0  1465.9  3.26208  0  0  4.00049  0  2.22406  0.00293058  0  0  0.00379808  0  0.000419
4.3986e+13  0  1466.2  3.26251  0  0  4.00106  0  2.22418  0.00292769  0  0  0.00379525  0  0.000418488
4.3995e+13  0  1466.5  3.26295  0  0  4.00163  0  2.22431  0.00292481  0  0  0.00379243  0  0.000417976
4.4004e+13  0  1466.8  3.26339  0  0  4.0022  0  2.22443  0.00292193  0  0  0.0037896  0  0.000417465
4.4013e+13  0  1467.1  3.26383  0  0  4.00277  0  2.22456  0.00291905  0  0  0.00378678  0  0.000416956
4.4022e+13  0  1467.4  3.26427  0  0  4.00334  0  2.22468  0.00291618  0  0  0.00378397  0  0.000416447
4.4031e+13  0  1467.7  3.2647  0  0  4.0039  0  2.22481  0.00291331  0  0  0.00378115  0  0.000415939
4.404e+13  0  1468  3.26514  0  0  4.00447  0  2.22493  0.00291044  0  0  0.00377834  0  0.000415432
4.4049e+13  0  1468.3  3.26558  0  0  4.00504  0  2.22506  0.00290758  0  0  0.00377553  0  0.000414926
4.4058e+13  0  1468.6  3.26601  0  0  4.0056  0  2.22518  0.00290472  0  0  0.00377272  0  0.00041442
4.4067e+13  0  1468.9  3.26645  0  0  4.00617  0  2.22531  0.00290187  0  0  0.00376992  0  0.000413916
4.4076e+13  0  1469.2  3.26688  0  0  4.00673  0  2.22543  0.00289902  0  0  0.00376712  0  0.000413413
4.4085e+13  0  1469.5  3.26732  0  0  4.0073  0  2.22555  0.00289617  0  0  0.00376432  0  0.00041291
4.4094e+13  0  1469.8  3.26775  0  0  4.00786  0  2.22568  0.00289333  0  0  0.00376153  0  0.000412408
4.4103e+13  0  1470.1  3.26819  0  0  4.00843  0  2.2258  0.0028905  0  0  0.00375874  0  0.000411908
4.4112e+13  0  1470.4  3.26862  0  0  4.00899  0  2.22593  0.00288766  0  0  0.00375595  0  0.000411408
4.4121e+13  0  1470.7  3.26905  0  0  4.00955  0  2.22605  0.00288483  0  0  0.00375316  0  0.000410909
4.413e+13  0  1471  3.26949  0  0  4.01012  0  2.22617  0.00288201  0  0  0.00375038  0  0.000410411
4.4139e+13  0  1471.3  3.26992  0  0  4.01068  0  2.22629  0.00287919  0  0  0.0037476  0  0.000409913
4.4148e+13  0  1471.6  3.27035  0  0  4.01124  0  2.22642  0.00287637  0  0  0.00374483  0  0.000409417
4.4157e+13  0  1471.9  3.27078  0  0  4.0118  0  2.22654  0.00287356  0  0  0.00374205  0  0.000408921
4.4166e+13  0  1472.2  3.27121  0  0  4.01236  0  2.22666  0.00287075  0  0  0.00373928  0  0.000408427
4.4175e+13  0  1472.5  3.27164  0  0  4.01292  0  2.22679  0.00286794  0  0  0.00373651  0  0.000407933
4.4184e+13  0  1472.8  3.27207  0  0  4.01348  0  2.22691  0.00286514  0  0  0.00373375  0  0.00040744
4.4193e+13  0  1473.1  3.2725  0  0  4.01404  0  2.22703  0.00286234  0  0  0.00373098  0  0.000406948
4.4202e+13  0  1473.4  3.27293  0  0  4.0146  0  2.22715  0.00285955  0  0  0.00372822  0  0.000406457
4.4211e+13  0  1473.7  3.27336  0  0  4.01516  0  2.22727  0.00285676  0  0  0.00372547  0  0.000405967
4.422e+13  0  1474  3.27379  0  0  4.01572  0  2.2274  0.00285397  0  0  0.00372271  0  0.000405477
4.4229e+13  0  1474.3  3.27422  0  0  4.01628  0  2.22752  0.00285119  0  0  0.00371996  0  0.000404989
4.4238e+13  0  1474.6  3.27464  0  0  4.01684  0  2.22764  0.00284841  0  0  0.00371721  0  0.000404501
4.4247e+13  0  1474.9  3.27507  0  0  4.01739  0  2.22776  0.00284564  0  0  0.00371446  0  0.000404014
4.4256e+13  0  1475.2  3.2755  0  0  4.01795  0  2.22788  0.00284287  0  0  0.00371172  0  0.000403528
4.4265e+13  0  1475.5  3.27592  0  0  4.01851  0  2.228  0.0028401  0  0  0.00370898  0  0.000403043
4.4274e+13  0  1475.8  3.27635  0  0  4.01906  0  2.22812  0.00283734  0  0  0.00370624  0  0.000402559
4.4283e+13  0  1476.1  3.27677  0  0  4.01962  0  2.22824  0.00283458  0  0  0.00370351  0  0.000402075
4.4292e+13  0  1476.4  3.2772  0  0  4.02018  0  2.22836  0.00283183  0  0  0.00370078  0  0.000401593
4.4301e+13  0  1476.7  3.27762  0  0  4.02073  0  2.22848  0.00282908  0  0  0.00369805  0  0.000401111
4.431e+13  0  1477  3.27805  0  0  4.02128  0  2.2286  0.00282633  0  0  0.00369532  0  0.00040063
4.4319e+13  0  1477.3  3.27847  0  0  4.02184  0  2.22872  0.00282359  0  0  0.0036926  0  0.00040015
4.4328e+13  0  1477.6  3.27889  0  0  4.02239  0  2.22884  0.00282085  0  0  0.00368988  0  0.000399671
4.4337e+13  0  1477.9  3.27932  0  0  4.02295  0  2.22896  0.00281811  0  0  0.00368716  0  0.000399192
4.4346e+13  0  1478.2  3.27974  0  0  4.0235  0  2.22908  0.00281538  0  0  0.00368444  0  0.000398715
4.4355e+13  0  1478.5  3.28016  0  0  4.02405  0  2.2292  0.00281265  0  0  0.00368173  0  0.000398238
4.4364e+13  0  1478.8  3.28058  0  0  4.0246  0  2.22932  0.00280993  0  0  0.00367902  0  0.000397762
4.4373e+13  0  1479.1  3.28101  0  0  4.02515  0  2.22944  0.00280721  0  0  0.00367632  0  0.000397287
4.4382e+13  0  1479.4  3.28143  0  0  4.02571  0  2.22956  0.00280449  0  0  0.00367361  0  0.000396813
4.4391e+13  0  1479.7  3.28185  0  0  4.02626  0  2.22968  0.00280178  0  0  0.00367091  0  0.000396339
4.44e+13  0  1480  3.28227  0  0  4.02681  0  2.2298  0.00279907  0  0  0.00366821  0  0.000395867
4.4409e+13  0  1480.3  3.28269  0  0  4.02736  0  2.22992  0.00279636  0  0  0.00366552  0  0.000395395
4.4418e+13  0  1480.6  3.28311  0  0  4.02791  0  2.23004  0.00279366  0  0  0.00366282  0  0.000394924
4.4427e+13  0  1480.9  3.28352  0  0  4.02846  0  2.23015  0.00279096  0  0  0.00366013  0  0.000394454
4.4436e+13  0  1481.2  3.28394  0  0  4.02901  0  2.23027  0.00278827  0  0  0.00365744  0  0.000393985
4.4445e+13  0  1481.5  3.28436  0  0  4.02955  0  2.23039  0.00278558  0  0  0.00365476  0  0.000393516
4.4454e+13  0  1481.8  3.28478  0  0  4.0301  0  2.23051  0.00278289  0  0  0.00365208  0  0.000393048
4.4463e+13  0  1482.1  3.2852  0  0  4.03065  0  2.23063  0.00278021  0  0  0.0036494  0  0.000392581
4.4472e+13  0  1482.4  3.28561  0  0  4.0312  0  2.23074  0.00277753  0  0  0.00364672  0  0.000392115
4.4481e+13  0  1482.7  3.28603  0  0  4.03174  0  2.23086  0.00277485  0  0  0.00364405  0  0.00039165
4.449e+13  0  1483  3.28644  0  0  4.03229  0  2.23098  0.00277218  0  0  0.00364138  0  0.000391185
4.4499e+13  0  1483.3  3.28686  0  0  4.03284  0  2.2311  0.00276951  0  0  0.00363871  0  0.000390722
4.4508e+13  0  1483.6  3.28728  0  0  4.03338  0  2.23121  0.00276685  0  0  0.00363604  0  0.000390259
4.4517e+13  0  1483.9  3.28769  0  0  4.03393  0  2.23133  0.00276418  0  0  0.00363338  0  0.000389797
4.4526e+13  0  1484.2  3.2881  0  0  4.03447  0  2.23145  0.00276153  0  0  0.00363072  0  0.000389336
4.4535e+13  0  1484.5  3.28852  0  0  4.03502  0  2.23156  0.00275887  0  0  0.00362806  0  0.000388875
4.4544e+13  0  1484.8  3.28893  0  0  4.03556  0  2.23168  0.00275622  0  0  0.00362541  0  0.000388415
4.4553e+13  0  1485.1  3.28935  0  0  4.0361  0  2.2318  0.00275358  0  0  0.00362275  0  0.000387956
4.4562e+13  0  1485.4  3.28976  0  0  4.03665  0  2.23191  0.00275093  0  0  0.0036201  0  0.000387498
4.4571e+13  0  1485.7  3.29017  0  0  4.03719  0  2.23203  0.0027483  0  0  0.00361746  0  0.000387041
4.458e+13  0  1486  3.29058  0  0  4.03773  0  2.23215  0.00274566  0  0  0.00361481  0  0.000386584
4.4589e+13  0  1486.3  3.29099  0  0  4.03827  0  2.23226  0.00274303  0  0  0.00361217  0  0.000386129
4.4598e+13  0  1486.6  3.29141  0  0  4.03882  0  2.23238  0.0027404  0  0  0.00360953  0  0.000385674
4.4607e+13  0  1486.9  3.29182  0  0  4.03936  0  2.23249  0.00273778  0  0  0.00360689  0  0.000385219
4.4616e+13  0  1487.2  3.29223  0  0  4.0399  0  2.23261  0.00273515  0  0  0.00360426  0  0.000384766
4.4625e+13  0  1487.5  3.29264  0  0  4.04044  0  2.23272  0.00273254  0  0  0.00360163  0  0.000384313
4.4634e+13  0  1487.8  3.29305  0  0  4.04098  0  2.23284  0.00272992  0  0  0.003599  0  0.000383861
4.4643e+13  0  1488.1  3.29346  0  0  4.04152  0  2.23295  0.00272731  0  0  0.00359638  0  0.00038341
4.4652e+13  0  1488.4  3.29387  0  0  4.04206  0  2.23307  0.00272471  0  0  0.00359375  0  0.00038296
4.4661e+13  0  1488.7  3.29427  0  0  4.0426  0  2.23318  0.0027221  0  0  0.00359113  0  0.00038251
4.467e+13  0  1489  3.29468  0  0  4.04313  0  2.2333  0.0027195  0  0  0.00358852  0  0.000382062
4.4679e+13  0  1489.3  3.29509  0  0  4.04367  0  2.23341  0.00271691  0  0  0.0035859  0  0.000381614
4.4688e+13  0  1489.6  3.2955  0  0  4.04421  0  2.23353  0.00271432  0  0  0.00358329  0  0.000381166
4.4697e+13  0  1489.9  3.2959  0  0  4.04475  0  2.23364  0.00271173  0  0  0.00358068  0  0.00038072
4.4706e+13  0  1490.2  3.29631  0  0  4.04528  0  2.23376  0.00270914  0  0  0.00357807  0  0.000380274
4.4715e+13  0  1490.5  3.29672  0  0  4.04582  0  2.23387  0.00270656  0  0  0.00357547  0  0.000379829
4.4724e+13  0  1490.8  3.29712  0  0  4.04636  0  2.23398  0.00270398  0  0  0.00357286  0  0.000379385
4.4733e+13  0  1491.1  3.29753  0  0  4.04689  0  2.2341  0.00270141  0  0  0.00357027  0  0.000378942
4.4742e+13  0  1491.4  3.29793  0  0  4.04743  0  2.23421  0.00269884  0  0  0.00356767  0  0.000378499
4.4751e+13  0  1491.7  3.29834  0  0  4.04796  0  2.23433  0.00269627  0  0  0.00356507  0  0.000378057
4.476e+13  0  1492  3.29874  0  0  4.0485  0  2.23444  0.0026937  0  0  0.00356248  0  0.000377616
4.4769e+13  0  1492.3  3.29915  0  0  4.04903  0  2.23455  0.00269114  0  0  0.00355989  0  0.000377175
4.4778e+13  0  1492.6  3.29955  0  0  4.04957  0  2.23467  0.00268859  0  0  0.00355731  0  0.000376735
4.4787e+13  0  1492.9  3.29995  0  0  4.0501  0  2.23478  0.00268603  0  0  0.00355472  0  0.000376296
4.4796e+13  0  1493.2  3.30035  0  0  4.05063  0  2.23489  0.00268348  0  0  0.00355214  0  0.000375858
4.4805e+13  0  1493.5  3.30076  0  0  4.05116  0  2.235  0.00268093  0  0  0.00354957  0  0.000375421
4.4814e+13  0  1493.8  3.30116  0  0  4.0517  0  2.23512  0.00267839  0  0  0.00354699  0  0.000374984
4.4823e+13  0  1494.1  3.30156  0  0  4.05223  0  2.23523  0.00267585  0  0  0.00354442  0  0.000374548
4.4832e+13  0  1494.4  3.30196  0  0  4.05276  0  2.23534  0.00267331  0  0  0.00354185  0  0.000374113
4.4841e+13  0  1494.7  3.30236  0  0  4.05329  0  2.23545  0.00267078  0  0  0.00353928  0  0.000373678
4.485e+13  0  1495  3.30276  0  0  4.05382  0  2.23557  0.00266825  0  0  0.00353671  0  0.000373244
4.4859e+13  0  1495.3  3.30316  0  0  4.05435  0  2.23568  0.00266573  0  0  0.00353415  0  0.000372811
4.4868e+13  0  1495.6  3.30356  0  0  4.05488  0  2.23579  0.0026632  0  0  0.00353159  0  0.000372379
4.4877e+13  0  1495.9  3.30396  0  0  4.05541  0  2.2359  0.00266068  0  0  0.00352903  0  0.000371947
4.4886e+13  0  1496.2  3.30436  0  0  4.05594  0  2.23601  0.00265817  0  0  0.00352648  0  0.000371517
4.4895e+13  0  1496.5  3.30476  0  0  4.05647  0  2.23612  0.00265566  0  0  0.00352392  0  0.000371086
4.4904e+13  0  1496.8  3.30516  0  0  4.057  0  2.23623  0.00265315  0  0  0.00352137  0  0.000370657
4.4913e+13  0  1497.1  3.30556  0  0  4.05753  0  2.23635  0.00265064  0  0  0.00351883  0  0.000370228
4.4922e+13  0  1497.4  3.30595  0  0  4.05805  0  2.23646  0.00264814  0  0  0.00351628  0  0.0003698
4.4931e+13  0  1497.7  3.30635  0  0  4.05858  0  2.23657  0.00264564  0  0  0.00351374  0  0.000369373
4.494e+13  0  1498  3.30675  0  0  4.05911  0  2.23668  0.00264314  0  0  0.0035112  0  0.000368947
4.4949e+13  0  1498.3  3.30714  0  0  4.05963  0  2.23679  0.00264065  0  0  0.00350866  0  0.000368521
4.4958e+13  0  1498.6  3.30754  0  0  4.06016  0  2.2369  0.00263816  0  0  0.00350613  0  0.000368096
4.4967e+13  0  1498.9  3.30793  0  0  4.06069  0  2.23701  0.00263568  0  0  0.00350359  0  0.000367671
4.4976e+13  0  1499.2  3.30833  0  0  4.06121  0  2.23712  0.0026332  0  0  0.00350106  0  0.000367248
4.4985e+13  0  1499.5  3.30872  0  0  4.06174  0  2.23723  0.00263072  0  0  0.00349854  0  0.000366825
4.4994e+13  0  1499.8  3.30912  0  0  4.06226  0  2.23734  0.00262824  0  0  0.00349601  0  0.000366402
4.5003e+13  0  1500.1  3.30951  0  0  4.06278  0  2.23745  0.00262577  0  0  0.00349349  0  0.000365981
4.5012e+13  0  1500.4  3.30991  0  0  4.06331  0  2.23756  0.0026233  0  0  0.00349097  0  0.00036556
4.5021e+13  0  1500.7  3.3103  0  0  4.06383  0  2.23767  0.00262084  0  0  0.00348845  0  0.00036514
4.503e+13  0  1501  3.31069  0  0  4.06436  0  2.23778  0.00261837  0  0  0.00348594  0  0.00036472
4.5039e+13  0  1501.3  3.31108  0  0  4.06488  0  2.23789  0.00261591  0  0  0.00348343  0  0.000364301
4.5048e+13  0  1501.6  3.31148  0  0  4.0654  0  2.238  0.00261346  0  0  0.00348092  0  0.000363883
4.5057e+13  0  1501.9  3.31187  0  0  4.06592  0  2.23811  0.00261101  0  0  0.00347841  0  0.000363466
4.5066e+13  0  1502.2  3.31226  0  0  4.06644  0  2.23822  0.00260856  0  0  0.00347591  0  0.000363049
4.5075e+13  0  1502.5  3.31265  0  0  4.06696  0  2.23832  0.00260611  0  0  0.0034734  0  0.000362633
4.5084e+13  0  1502.8  3.31304  0  0  4.06749  0  2.23843  0.00260367  0  0  0.0034709  0  0.000362218
4.5093e+13  0  1503.1  3.31343  0  0  4.06801  0  2.23854  0.00260123  0  0  0.00346841  0  0.000361804
4.5102e+13  0  1503.4  3.31382  0  0  4.06853  0  2.23865  0.00259879  0  0  0.00346591  0  0.00036139
4.5111e+13  0  1503.7  3.31421  0  0  4.06905  0  2.23876  0.00259636  0  0  0.00346342  0  0.000360977
4.512e+13  0  1504  3.3146  0  0  4.06957  0  2.23887  0.00259393  0  0  0.00346093  0  0.000360564
4.5129e+13  0  1504.3  3.31499  0  0  4.07008  0  2.23897  0.00259151  0  0  0.00345844  0  0.000360152
4.5138e+13  0  1504.6  3.31538  0  0  4.0706  0  2.23908  0.00258908  0  0  0.00345596  0  0.000359741
4.5147e+13  0  1504.9  3.31577  0  0  4.07112  0  2.23919  0.00258666  0  0  0.00345348  0  0.000359331
4.5156e+13  0  1505.2  3.31615  0  0  4.07164  0  2.2393  0.00258425  0  0  0.003451  0  0.000358921
4.5165e+13  0  1505.5  3.31654  0  0  4.07216  0  2.23941  0.00258184  0  0  0.00344852  0  0.000358512
4.5174e+13  0  1505.8  3.31693  0  0  4.07267  0  2.23951  0.00257943  0  0  0.00344604  0  0.000358103
4.5183e+13  0  1506.1  3.31732  0  0  4.07319  0  2.23962  0.00257702  0  0  0.00344357  0  0.000357695
4.5192e+13  0  1506.4  3.3177  0  0  4.07371  0  2.23973  0.00257462  0  0  0.0034411  0  0.000357288
4.5201e+13  0  1506.7  3.31809  0  0  4.07422  0  2.23984  0.00257222  0  0  0.00343863  0  0.000356882
4.521e+13  0  1507  3.31847  0  0  4.07474  0  2.23994  0.00256982  0  0  0.00343617  0  0.000356476
4.5219e+13  0  1507.3  3.31886  0  0  4.07525  0  2.24005  0.00256742  0  0  0.00343371  0  0.000356071
4.5228e+13  0  1507.6  3.31924  0  0  4.07577  0  2.24016  0.00256503  0  0  0.00343125  0  0.000355667
4.5237e+13  0  1507.9  3.31963  0  0  4.07628  0  2.24026  0.00256265  0  0  0.00342879  0  0.000355263
4.5246e+13  0  1508.2  3.32001  0  0  4.0768  0  2.24037  0.00256026  0  0  0.00342633  0  0.00035486
4.5255e+13  0  1508.5  3.3204  0  0  4.07731  0  2.24048  0.00255788  0  0  0.00342388  0  0.000354458
4.5264e+13  0  1508.8  3.32078  0  0  4.07782  0  2.24058  0.0025555  0  0  0.00342143  0  0.000354056
4.5273e+13  0  1509.1  3.32116  0  0  4.07834  0  2.24069  0.00255313  0  0  0.00341898  0  0.000353655
4.5282e+13  0  1509.4  3.32155  0  0  4.07885  0  2.24079  0.00255076  0  0  0.00341654  0  0.000353254
4.5291e+13  0  1509.7  3.32193  0  0  4.07936  0  2.2409  0.00254839  0  0  0.00341409  0  0.000352855
4.53e+13  0  1510  3.32231  0  0  4.07987  0  2.24101  0.00254602  0  0  0.00341165  0  0.000352456
4.5309e+13  0  1510.3  3.32269  0  0  4.08039  0  2.24111  0.00254366  0  0  0.00340921  0  0.000352057
4.5318e+13  0  1510.6  3.32307  0  0  4.0809  0  2.24122  0.0025413  0  0  0.00340678  0  0.000351659
4.5327e+13  0  1510.9  3.32346  0  0  4.08141  0  2.24132  0.00253895  0  0  0.00340435  0  0.000351262
4.5336e+13  0  1511.2  3.32384  0  0  4.08192  0  2.24143  0.00253659  0  0  0.00340191  0  0.000350866
4.5345e+13  0  1511.5  3.32422  0  0  4.08243  0  2.24153  0.00253424  0  0  0.00339949  0  0.00035047
4.5354e+13  0  1511.8  3.3246  0  0  4.08294  0  2.24164  0.0025319  0  0  0.00339706  0  0.000350075
4.5363e+13  0  1512.1  3.32498  0  0  4.08345  0  2.24174  0.00252955  0  0  0.00339464  0  0.00034968
4.5372e+13  0  1512.4  3.32535  0  0  4.08396  0  2.24185  0.00252721  0  0  0.00339221  0  0.000349286
4.5381e+13  0  1512.7  3.32573  0  0  4.08446  0  2.24195  0.00252488  0  0  0.00338979  0  0.000348893
4.539e+13  0  1513  3.32611  0  0  4.08497  0  2.24206  0.00252254  0  0  0.00338738  0  0.000348501
4.5399e+13  0  1513.3  3.32649  0  0  4.08548  0  2.24216  0.00252021  0  0  0.00338496  0  0.000348109
4.5408e+13  0  1513.6  3.32687  0  0  4.08599  0  2.24227  0.00251788  0  0  0.00338255  0  0.000347717
4.5417e+13  0  1513.9  3.32725  0  0  4.0865  0  2.24237  0.00251556  0  0  0.00338014  0  0.000347327
4.5426e+13  0  1514.2  3.32762  0  0  4.087  0  2.24247  0.00251324  0  0  0.00337773  0  0.000346937
4.5435e+13  0  1514.5  3.328  0  0  4.08751  0  2.24258  0.00251092  0  0  0.00337533  0  0.000346547
4.5444e+13  0  1514.8  3.32838  0  0  4.08801  0  2.24268  0.0025086  0  0  0.00337293  0  0.000346158
4.5453e+13  0  1515.1  3.32875  0  0  4.08852  0  2.24279  0.00250629  0  0  0.00337053  0  0.00034577
4.5462e+13  0  1515.4  3.32913  0  0  4.08903  0  2.24289  0.00250398  0  0  0.00336813  0  0.000345383
4.5471e+13  0  1515.7  3.3295  0  0  4.08953  0  2.24299  0.00250167  0  0  0.00336573  0  0.000344996
4.548e+13  0  1516  3.32988  0  0  4.09004  0  2.2431  0.00249937  0  0  0.00336334  0  0.00034461
4.5489e+13  0  1516.3  3.33025  0  0  4.09054  0  2.2432  0.00249707  0  0  0.00336095  0  0.000344224
4.5498e+13  0  1516.6  3.33063  0  0  4.09104  0  2.2433  0.00249477  0  0  0.00335856  0  0.000343839
4.5507e+13  0  1516.9  3.331  0  0  4.09155  0  2.24341  0.00249248  0  0  0.00335618  0  0.000343455
4.5516e+13  0  1517.2  3.33138  0  0  4.09205  0  2.24351  0.00249019  0  0  0.00335379  0  0.000343071
4.5525e+13  0  1517.5  3.33175  0  0  4.09255  0  2.24361  0.0024879  0  0  0.00335141  0  0.000342688
4.5534e+13  0  1517.8  3.33212  0  0  4.09306  0  2.24371  0.00248561  0  0  0.00334903  0  0.000342305
4.5543e+13  0  1518.1  3.33249  0  0  4.09356  0  2.24382  0.00248333  0  0  0.00334666  0  0.000341923
4.5552e+13  0  1518.4  3.33287  0  0  4.09406  0  2.24392  0.00248105  0  0  0.00334428  0  0.000341542
4.5561e+13  0  1518.7  3.33324  0  0  4.09456  0  2.24402  0.00247877  0  0  0.00334191  0  0.000341162
4.557e+13  0  1519  3.33361  0  0  4.09506  0  2.24412  0.0024765  0  0  0.00333954  0  0.000340782
4.5579e+13  0  1519.3  3.33398  0  0  4.09556  0  2.24423  0.00247423  0  0  0.00333717  0  0.000340402
4.5588e+13  0  1519.6  3.33435  0  0  4.09606  0  2.24433  0.00247196  0  0  0.00333481  0  0.000340023
4.5597e+13  0  1519.9  3.33472  0  0  4.09656  0  2.24443  0.0024697  0  0  0.00333245  0  0.000339645
4.5606e+13  0  1520.2  3.33509  0  0  4.09706  0  2.24453  0.00246744  0  0  0.00333009  0  0.000339268
4.5615e+13  0  1520.5  3.33546  0  0  4.09756  0  2.24463  0.00246518  0  0  0.00332773  0  0.000338891
4.5624e+13  0  1520.8  3.33583  0  0  4.09806  0  2.24474  0.00246292  0  0  0.00332537  0  0.000338514
4.5633e+13  0  1521.1  3.3362  0  0  4.09856  0  2.24484  0.00246067  0  0  0.00332302  0  0.000338139
4.5642e+13  0  1521.4  3.33657  0  0  4.09906  0  2.24494  0.00245842  0  0  0.00332067  0  0.000337763
4.5651e+13  0  1521.7  3.33694  0  0  4.09956  0  2.24504  0.00245617  0  0  0.00331832  0  0.000337389
4.566e+13  0  1522  3.33731  0  0  4.10005  0  2.24514  0.00245393  0  0  0.00331597  0  0.000337015
4.5669e+13  0  1522.3  3.33768  0  0  4.10055  0  2.24524  0.00245169  0  0  0.00331363  0  0.000336642
4.5678e+13  0  1522.6  3.33804  0  0  4.10105  0  2.24534  0.00244945  0  0  0.00331129  0  0.000336269
4.5687e+13  0  1522.9  3.33841  0  0  4.10155  0  2.24544  0.00244722  0  0  0.00330895  0  0.000335897
4.5696e+13  0  1523.2  3.33878  0  0  4.10204  0  2.24554  0.00244498  0  0  0.00330661  0  0.000335525
4.5705e+13  0  1523.5  3.33914  0  0  4.10254  0  2.24565  0.00244276  0  0  0.00330427  0  0.000335154
4.5714e+13  0  1523.8  3.33951  0  0  4.10303  0  2.24575  0.00244053  0  0  0.00330194  0  0.000334784
4.5723e+13  0  1524.1  3.33988  0  0  4.10353  0  2.24585  0.00243831  0  0  0.00329961  0  0.000334414
4.5732e+13  0  1524.4  3.34024  0  0  4.10402  0  2.24595  0.00243609  0  0  0.00329728  0  0.000334045
4.5741e+13  0  1524.7  3.34061  0  0  4.10452  0  2.24605  0.00243387  0  0  0.00329496  0  0.000333676
4.575e+13  0  1525  3.34097  0  0  4.10501  0  2.24615  0.00243165  0  0  0.00329263  0  0.000333308
4.5759e+13  0  1525.3  3.34134  0  0  4.1055  0  2.24625  0.00242944  0  0  0.00329031  0  0.000332941
4.5768e+13  0  1525.6  3.3417  0  0  4.106  0  2.24635  0.00242723  0  0  0.00328799  0  0.000332574
4.5777e+13  0  1525.9  3.34206  0  0  4.10649  0  2.24645  0.00242503  0  0  0.00328568  0  0.000332208
4.5786e+13  0  1526.2  3.34243  0  0  4.10698  0  2.24655  0.00242282  0  0  0.00328336  0  0.000331842
4.5795e+13  0  1526.5  3.34279  0  0  4.10748  0  2.24665  0.00242062  0  0  0.00328105  0  0.000331477
4.5804e+13  0  1526.8  3.34315  0  0  4.10797  0  2.24674  0.00241842  0  0  0.00327874  0  0.000331113
4.5813e+13  0  1527.1  3.34352  0  0  4.10846  0  2.24684  0.00241623  0  0  0.00327643  0  0.000330749
4.5822e+13  0  1527.4  3.34388  0  0  4.10895  0  2.24694  0.00241404  0  0  0.00327412  0  0.000330386
4.5831e+13  0  1527.7  3.34424  0  0  4.10944  0  2.24704  0.00241185  0  0  0.00327182  0  0.000330023
4.584e+13  0  1528  3.3446  0  0  4.10993  0  2.24714  0.00240966  0  0  0.00326952  0  0.000329661
4.5849e+13  0  1528.3  3.34496  0  0  4.11042  0  2.24724  0.00240748  0  0  0.00326722  0  0.000329299
4.5858e+13  0  1528.6  3.34533  0  0  4.11091  0  2.24734  0.0024053  0  0  0.00326492  0  0.000328938
4.5867e+13  0  1528.9  3.34569  0  0  4.1114  0  2.24744  0.00240312  0  0  0.00326263  0  0.000328578
4.5876e+13  0  1529.2  3.34605  0  0  4.11189  0  2.24754  0.00240095  0  0  0.00326034  0  0.000328218
4.5885e+13  0  1529.5  3.34641  0  0  4.11238  0  2.24763  0.00239877  0  0  0.00325805  0  0.000327859
4.5894e+13  0  1529.8  3.34677  0  0  4.11287  0  2.24773  0.00239661  0  0  0.00325576  0  0.0003275
4.5903e+13  0  1530.1  3.34713  0  0  4.11336  0  2.24783  0.00239444  0  0  0.00325347  0  0.000327142
4.5912e+13  0  1530.4  3.34748  0  0  4.11384  0  2.24793  0.00239228  0  0  0.00325119  0  0.000326784
4.5921e+13  0  1530.7  3.34784  0  0  4.11433  0  2.24803  0.00239011  0  0  0.00324891  0  0.000326427
4.593e+13  0  1531  3.3482  0  0  4.11482  0  2.24812  0.00238796  0  0  0.00324663  0  0.000326071
4.5939e+13  0  1531.3  3.34856  0  0  4.11531  0  2.24822  0.0023858  0  0  0.00324435  0  0.000325715
4.5948e+13  0  1531.6  3.34892  0  0  4.11579  0  2.24832  0.00238365  0  0  0.00324208  0  0.00032536
4.5957e+13  0  1531.9  3.34927  0  0  4.11628  0  2.24842  0.0023815  0  0  0.00323981  0  0.000325005
4.5966e+13  0  1532.2  3.34963  0  0  4.11676  0  2.24852  0.00237935  0  0  0.00323754  0  0.000324651
4.5975e+13  0  1532.5  3.34999  0  0  4.11725  0  2.24861  0.00237721  0  0  0.00323527  0  0.000324297
4.5984e+13  0  1532.8  3.35034  0  0  4.11774  0  2.24871  0.00237507  0  0  0.003233  0  0.000323944
4.5993e+13  0  1533.1  3.3507  0  0  4.11822  0  2.24881  0.00237293  0  0  0.00323074  0  0.000323592
4.6002e+13  0  1533.4  3.35106  0  0  4.1187  0  2.2489  0.00237079  0  0  0.00322848  0  0.00032324
4.6011e+13  0  1533.7  3.35141  0  0  4.11919  0  2.249  0.00236866  0  0  0.00322622  0  0.000322888
4.602e+13  0  1534  3.35177  0  0  4.11967  0  2.2491  0.00236653  0  0  0.00322396  0  0.000322538
4.6029e+13  0  1534.3  3.35212  0  0  4.12016  0  2.24919  0.0023644  0  0  0.00322171  0  0.000322187
4.6038e+13  0  1534.6  3.35248  0  0  4.12064  0  2.24929  0.00236228  0  0  0.00321946  0  0.000321838
4.6047e+13  0  1534.9  3.35283  0  0  4.12112  0  2.24939  0.00236015  0  0  0.00321721  0  0.000321488
4.6056e+13  0  1535.2  3.35318  0  0  4.1216  0  2.24948  0.00235803  0  0  0.00321496  0  0.00032114
4.6065e+13  0  1535.5  3.35354  0  0  4.12209  0  2.24958  0.00235592  0  0  0.00321271  0  0.000320792
4.6074e+13  0  1535.8  3.35389  0  0  4.12257  0  2.24968  0.0023538  0  0  0.00321047  0  0.000320444
4.6083e+13  0  1536.1  3.35424  0  0  4.12305  0  2.24977  0.00235169  0  0  0.00320823  0  0.000320097
4.6092e+13  0  1536.4  3.3546  0  0  4.12353  0  2.24987  0.00234958  0  0  0.00320599  0  0.000319751
4.6101e+13  0  1536.7  3.35495  0  0  4.12401  0  2.24996  0.00234748  0  0  0.00320375  0  0.000319405
4.611e+13  0  1537  3.3553  0  0  4.12449  0  2.25006  0.00234537  0  0  0.00320151  0  0.00031906
4.6119e+13  0  1537.3  3.35565  0  0  4.12497  0  2.25016  0.00234327  0  0  0.00319928  0  0.000318715
4.6128e+13  0  1537.6  3.356  0  0  4.12545  0  2.25025  0.00234118  0  0  0.00319705  0  0.00031837
4.6137e+13  0  1537.9  3.35635  0  0  4.12593  0  2.25035  0.00233908  0  0  0.00319482  0  0.000318027
4.6146e+13  0  1538.2  3.35671  0  0  4.12641  0  2.25044  0.00233699  0  0  0.00319259  0  0.000317684
4.6155e+13  0  1538.5  3.35706  0  0  4.12689  0  2.25054  0.0023349  0  0  0.00319037  0  0.000317341
4.6164e+13  0  1538.8  3.35741  0  0  4.12737  0  2.25063  0.00233281  0  0  0.00318815  0  0.000316999
4.6173e+13  0  1539.1  3.35776  0  0  4.12784  0  2.25073  0.00233073  0  0  0.00318593  0  0.000316657
4.6182e+13  0  1539.4  3.35811  0  0  4.12832  0  2.25082  0.00232865  0  0  0.00318371  0  0.000316316
4.6191e+13  0  1539.7  3.35845  0  0  4.1288  0  2.25092  0.00232657  0  0  0.00318149  0  0.000315976
4.62e+13  0  1540  3.3588  0  0  4.12928  0  2.25101  0.00232449  0  0  0.00317928  0  0.000315636
4.6209e+13  0  1540.3  3.35915  0  0  4.12975  0  2.25111  0.00232242  0  0  0.00317707  0  0.000315296
4.6218e+13  0  1540.6  3.3595  0  0  4.13023  0  2.2512  0.00232034  0  0  0.00317486  0  0.000314957
4.6227e+13  0  1540.9  3.35985  0  0  4.13071  0  2.2513  0.00231828  0  0  0.00317265  0  0.000314619
4.6236e+13  0  1541.2  3.3602  0  0  4.13118  0  2.25139  0.00231621  0  0  0.00317045  0  0.000314281
4.6245e+13  0  1541.5  3.36054  0  0  4.13166  0  2.25148  0.00231415  0  0  0.00316824  0  0.000313944
4.6254e+13  0  1541.8  3.36089  0  0  4.13213  0  2.25158  0.00231209  0  0  0.00316604  0  0.000313607
4.6263e+13  0  1542.1  3.36124  0  0  4.13261  0  2.25167  0.00231003  0  0  0.00316384  0  0.00031327
4.6272e+13  0  1542.4  3.36158  0  0  4.13308  0  2.25177  0.00230797  0  0  0.00316165  0  0.000312935
4.6281e+13  0  1542.7  3.36193  0  0  4.13356  0  2.25186  0.00230592  0  0  0.00315945  0  0.000312599
4.629e+13  0  1543  3.36227  0  0  4.13403  0  2.25195  0.00230387  0  0  0.00315726  0  0.000312265
4.6299e+13  0  1543.3  3.36262  0  0  4.1345  0  2.25205  0.00230182  0  0  0.00315507  0  0.000311931
4.6308e+13  0  1543.6  3.36296  0  0  4.13498  0  2.25214  0.00229978  0  0  0.00315288  0  0.000311597
4.6317e+13  0  1543.9  3.36331  0  0  4.13545  0  2.25223  0.00229773  0  0  0.00315069  0  0.000311264
4.6326e+13  0  1544.2  3.36365  0  0  4.13592  0  2.25233  0.00229569  0  0  0.00314851  0  0.000310931
4.6335e+13  0  1544.5  3.364  0  0  4.13639  0  2.25242  0.00229366  0  0  0.00314633  0  0.000310599
4.6344e+13  0  1544.8  3.36434  0  0  4.13686  0  2.25251  0.00229162  0  0  0.00314415  0  0.000310267
4.6353e+13  0  1545.1  3.36469  0  0  4.13734  0  2.25261  0.00228959  0  0  0.00314197  0  0.000309936
4.6362e+13  0  1545.4  3.36503  0  0  4.13781  0  2.2527  0.00228756  0  0  0.00313979  0  0.000309606
4.6371e+13  0  1545.7  3.36537  0  0  4.13828  0  2.25279  0.00228553  0  0  0.00313762  0  0.000309275
4.638e+13  0  1546  3.36571  0  0  4.13875  0  2.25289  0.00228351  0  0  0.00313545  0  0.000308946
4.6389e+13  0  1546.3  3.36606  0  0  4.13922  0  2.25298  0.00228149  0  0  0.00313328  0  0.000308617
4.6398e+13  0  1546.6  3.3664  0  0  4.13969  0  2.25307  0.00227947  0  0  0.00313111  0  0.000308288
4.6407e+13  0  1546.9  3.36674  0  0  4.14016  0  2.25316  0.00227745  0  0  0.00312895  0  0.00030796
4.6416e+13  0  1547.2  3.36708  0  0  4.14063  0  2.25326  0.00227544  0  0  0.00312678  0  0.000307633
4.6425e+13  0  1547.5  3.36742  0  0  4.1411  0  2.25335  0.00227343  0  0  0.00312462  0  0.000307306
4.6434e+13  0  1547.8  3.36776  0  0  4.14156  0  2.25344  0.00227142  0  0  0.00312246  0  0.000306979
4.6443e+13  0  1548.1  3.36811  0  0  4.14203  0  2.25353  0.00226941  0  0  0.0031203  0  0.000306653
4.6452e+13  0  1548.4  3.36845  0  0  4.1425  0  2.25362  0.00226741  0  0  0.00311815  0  0.000306327
4.6461e+13  0  1548.7  3.36879  0  0  4.14297  0  2.25372  0.0022654  0  0  0.003116  0  0.000306002
4.647e+13  0  1549  3.36912  0  0  4.14344  0  2.25381  0.0022634  0  0  0.00311385  0  0.000305678
4.6479e+13  0  1549.3  3.36946  0  0  4.1439  0  2.2539  0.00226141  0  0  0.0031117  0  0.000305354
4.6488e+13  0  1549.6  3.3698  0  0  4.14437  0  2.25399  0.00225941  0  0  0.00310955  0  0.00030503
4.6497e+13  0  1549.9  3.37014  0  0  4.14484  0  2.25408  0.00225742  0  0  0.0031074  0  0.000304707
4.6506e+13  0  1550.2  3.37048  0  0  4.1453  0  2.25417  0.00225543  0  0  0.00310526  0  0.000304385
4.6515e+13  0  1550.5  3.37082  0  0  4.14577  0  2.25427  0.00225345  0  0  0.00310312  0  0.000304063
4.6524e+13  0  1550.8  3.37116  0  0  4.14623  0  2.25436  0.00225146  0  0  0.00310098  0  0.000303741
4.6533e+13  0  1551.1  3.37149  0  0  4.1467  0  2.25445  0.00224948  0  0  0.00309885  0  0.00030342
4.6542e+13  0  1551.4  3.37183  0  0  4.14716  0  2.25454  0.0022475  0  0  0.00309671  0  0.000303099
4.6551e+13  0  1551.7  3.37217  0  0  4.14763  0  2.25463  0.00224553  0  0  0.00309458  0  0.000302779
4.656e+13  0  1552  3.37251  0  0  4.14809  0  2.25472  0.00224355  0  0  0.00309245  0  0.00030246
4.6569e+13  0  1552.3  3.37284  0  0  4.14855  0  2.25481  0.00224158  0  0  0.00309032  0  0.000302141
4.6578e+13  0  1552.6  3.37318  0  0  4.14902  0  2.2549  0.00223961  0  0  0.00308819  0  0.000301822
4.6587e+13  0  1552.9  3.37351  0  0  4.14948  0  2.25499  0.00223765  0  0  0.00308607  0  0.000301504
4.6596e+13  0  1553.2  3.37385  0  0  4.14994  0  2.25508  0.00223568  0  0  0.00308395  0  0.000301186
4.6605e+13  0  1553.5  3.37418  0  0  4.15041  0  2.25517  0.00223372  0  0  0.00308182  0  0.000300869
4.6614e+13  0  1553.8  3.37452  0  0  4.15087  0  2.25526  0.00223176  0  0  0.00307971  0  0.000300552
4.6623e+13  0  1554.1  3.37485  0  0  4.15133  0  2.25535  0.0022298  0  0  0.00307759  0  0.000300236
4.6632e+13  0  1554.4  3.37519  0  0  4.15179  0  2.25544  0.00222785  0  0  0.00307548  0  0.00029992
4.6641e+13  0  1554.7  3.37552  0  0  4.15225  0  2.25553  0.0022259  0  0  0.00307336  0  0.000299605
4.665e+13  0  1555  3.37586  0  0  4.15271  0  2.25562  0.00222395  0  0  0.00307125  0  0.000299291
4.6659e+13  0  1555.3  3.37619  0  0  4.15317  0  2.25571  0.002222  0  0  0.00306914  0  0.000298976
4.6668e+13  0  1555.6  3.37652  0  0  4.15363  0  2.2558  0.00222006  0  0  0.00306704  0  0.000298662
4.6677e+13  0  1555.9  3.37685  0  0  4.15409  0  2.25589  0.00221811  0  0  0.00306493  0  0.000298349
4.6686e+13  0  1556.2  3.37719  0  0  4.15455  0  2.25598  0.00221617  0  0  0.00306283  0  0.000298036
4.6695e+13  0  1556.5  3.37752  0  0  4.15501  0  2.25607  0.00221424  0  0  0.00306073  0  0.000297724
4.6704e+13  0  1556.8  3.37785  0  0  4.15547  0  2.25616  0.0022123  0  0  0.00305863  0  0.000297412
4.6713e+13  0  1557.1  3.37818  0  0  4.15593  0  2.25625  0.00221037  0  0  0.00305653  0  0.000297101
4.6722e+13  0  1557.4  3.37851  0  0  4.15639  0  2.25634  0.00220844  0  0  0.00305444  0  0.00029679
4.6731e+13  0  1557.7  3.37885  0  0  4.15685  0  2.25643  0.00220651  0  0  0.00305235  0  0.000296479
4.674e+13  0  1558  3.37918  0  0  4.1573  0  2.25652  0.00220459  0  0  0.00305026  0  0.000296169
4.6749e+13  0  1558.3  3.37951  0  0  4.15776  0  2.2566  0.00220266  0  0  0.00304817  0  0.00029586
4.6758e+13  0  1558.6  3.37984  0  0  4.15822  0  2.25669  0.00220074  0  0  0.00304608  0  0.000295551
4.6767e+13  0  1558.9  3.38017  0  0  4.15868  0  2.25678  0.00219882  0  0  0.003044  0  0.000295242
4.6776e+13  0  1559.2  3.3805  0  0  4.15913  0  2.25687  0.00219691  0  0  0.00304191  0  0.000294934
4.6785e+13  0  1559.5  3.38083  0  0  4.15959  0  2.25696  0.002195  0  0  0.00303983  0  0.000294626
4.6794e+13  0  1559.8  3.38116  0  0  4.16004  0  2.25705  0.00219308  0  0  0.00303776  0  0.000294319
4.6803e+13  0  1560.1  3.38148  0  0  4.1605  0  2.25714  0.00219118  0  0  0.00303568  0  0.000294012
4.6812e+13  0  1560.4  3.38181  0  0  4.16095  0  2.25722  0.00218927  0  0  0.0030336  0  0.000293706
4.6821e+13  0  1560.7  3.38214  0  0  4.16141  0  2.25731  0.00218737  0  0  0.00303153  0  0.0002934
4.683e+13  0  1561  3.38247  0  0  4.16186  0  2.2574  0.00218546  0  0  0.00302946  0  0.000293095
4.6839e+13  0  1561.3  3.3828  0  0  4.16232  0  2.25749  0.00218357  0  0  0.00302739  0  0.00029279
4.6848e+13  0  1561.6  3.38312  0  0  4.16277  0  2.25758  0.00218167  0  0  0.00302532  0  0.000292486
4.6857e+13  0  1561.9  3.38345  0  0  4.16323  0  2.25766  0.00217977  0  0  0.00302326  0  0.000292182
4.6866e+13  0  1562.2  3.38378  0  0  4.16368  0  2.25775  0.00217788  0  0  0.0030212  0  0.000291878
4.6875e+13  0  1562.5  3.3841  0  0  4.16413  0  2.25784  0.00217599  0  0  0.00301913  0  0.000291575
4.6884e+13  0  1562.8  3.38443  0  0  4.16458  0  2.25793  0.00217411  0  0  0.00301708  0  0.000291272
4.6893e+13  0  1563.1  3.38476  0  0  4.16504  0  2.25801  0.00217222  0  0  0.00301502  0  0.00029097
4.6902e+13  0  1563.4  3.38508  0  0  4.16549  0  2.2581  0.00217034  0  0  0.00301296  0  0.000290669
4.6911e+13  0  1563.7  3.38541  0  0  4.16594  0  2.25819  0.00216846  0  0  0.00301091  0  0.000290367
4.692e+13  0  1564  3.38573  0  0  4.16639  0  2.25827  0.00216658  0  0  0.00300886  0  0.000290067
4.6929e+13  0  1564.3  3.38606  0  0  4.16684  0  2.25836  0.0021647  0  0  0.00300681  0  0.000289766
4.6938e+13  0  1564.6  3.38638  0  0  4.16729  0  2.25845  0.00216283  0  0  0.00300476  0  0.000289466
4.6947e+13  0  1564.9  3.38671  0  0  4.16774  0  2.25853  0.00216096  0  0  0.00300272  0  0.000289167
4.6956e+13  0  1565.2  3.38703  0  0  4.1682  0  2.25862  0.00215909  0  0  0.00300067  0  0.000288868
4.6965e+13  0  1565.5  3.38735  0  0  4.16865  0  2.25871  0.00215722  0  0  0.00299863  0  0.000288569
4.6974e+13  0  1565.8  3.38768  0  0  4.16909  0  2.25879  0.00215536  0  0  0.00299659  0  0.000288271
4.6983e+13  0  1566.1  3.388  0  0  4.16954  0  2.25888  0.0021535  0  0  0.00299455  0  0.000287974
4.6992e+13  0  1566.4  3.38832  0  0  4.16999  0  2.25897  0.00215164  0  0  0.00299252  0  0.000287676
4.7001e+13  0  1566.7  3.38865  0  0  4.17044  0  2.25905  0.00214978  0  0  0.00299048  0  0.00028738
4.701e+13  0  1567  3.38897  0  0  4.17089  0  2.25914  0.00214793  0  0  0.00298845  0  0.000287083
4.7019e+13  0  1567.3  3.38929  0  0  4.17134  0  2.25923  0.00214607  0  0  0.00298642  0  0.000286787
4.7028e+13  0  1567.6  3.38961  0  0  4.17179  0  2.25931  0.00214422  0  0  0.00298439  0  0.000286492
4.7037e+13  0  1567.9  3.38993  0  0  4.17223  0  2.2594  0.00214237  0  0  0.00298236  0  0.000286197
4.7046e+13  0  1568.2  3.39026  0  0  4.17268  0  2.25948  0.00214053  0  0  0.00298034  0  0.000285902
4.7055e+13  0  1568.5  3.39058  0  0  4.17313  0  2.25957  0.00213868  0  0  0.00297832  0  0.000285608
4.7064e+13  0  1568.8  3.3909  0  0  4.17357  0  2.25966  0.00213684  0  0  0.0029763  0  0.000285315
4.7073e+13  0  1569.1  3.39122  0  0  4.17402  0  2.25974  0.002135  0  0  0.00297428  0  0.000285021
4.7082e+13  0  1569.4  3.39154  0  0  4.17447  0  2.25983  0.00213317  0  0  0.00297226  0  0.000284729
4.7091e+13  0  1569.7  3.39186  0  0  4.17491  0  2.25991  0.00213133  0  0  0.00297024  0  0.000284436
4.71e+13  0  1570  3.39218  0  0  4.17536  0  2.26  0.0021295  0  0  0.00296823  0  0.000284144
4.7109e+13  0  1570.3  3.3925  0  0  4.1758  0  2.26008  0.00212767  0  0  0.00296622  0  0.000283853
4.7118e+13  0  1570.6  3.39282  0  0  4.17625  0  2.26017  0.00212584  0  0  0.00296421  0  0.000283562
4.7127e+13  0  1570.9  3.39313  0  0  4.17669  0  2.26025  0.00212402  0  0  0.0029622  0  0.000283271
4.7136e+13  0  1571.2  3.39345  0  0  4.17714  0  2.26034  0.00212219  0  0  0.0029602  0  0.000282981
4.7145e+13  0  1571.5  3.39377  0  0  4.17758  0  2.26042  0.00212037  0  0  0.00295819  0  0.000282691
4.7154e+13  0  1571.8  3.39409  0  0  4.17802  0  2.26051  0.00211855  0  0  0.00295619  0  0.000282402
4.7163e+13  0  1572.1  3.39441  0  0  4.17847  0  2.26059  0.00211674  0  0  0.00295419  0  0.000282113
4.7172e+13  0  1572.4  3.39472  0  0  4.17891  0  2.26068  0.00211492  0  0  0.00295219  0  0.000281824
4.7181e+13  0  1572.7  3.39504  0  0  4.17935  0  2.26076  0.00211311  0  0  0.0029502  0  0.000281536
4.719e+13  0  1573  3.39536  0  0  4.17979  0  2.26084  0.0021113  0  0  0.0029482  0  0.000281249
4.7199e+13  0  1573.3  3.39567  0  0  4.18024  0  2.26093  0.00210949  0  0  0.00294621  0  0.000280961
4.7208e+13  0  1573.6  3.39599  0  0  4.18068  0  2.26101  0.00210768  0  0  0.00294422  0  0.000280675
4.7217e+13  0  1573.9  3.39631  0  0  4.18112  0  2.2611  0.00210588  0  0  0.00294223  0  0.000280388
4.7226e+13  0  1574.2  3.39662  0  0  4.18156  0  2.26118  0.00210408  0  0  0.00294024  0  0.000280102
4.7235e+13  0  1574.5  3.39694  0  0  4.182  0  2.26127  0.00210228  0  0  0.00293826  0  0.000279817
4.7244e+13  0  1574.8  3.39725  0  0  4.18244  0  2.26135  0.00210048  0  0  0.00293627  0  0.000279532
4.7253e+13  0  1575.1  3.39757  0  0  4.18288  0  2.26143  0.00209869  0  0  0.00293429  0  0.000279247
4.7262e+13  0  1575.4  3.39788  0  0  4.18332  0  2.26152  0.0020969  0  0  0.00293231  0  0.000278963
4.7271e+13  0  1575.7  3.3982  0  0  4.18376  0  2.2616  0.00209511  0  0  0.00293033  0  0.000278679
4.728e+13  0  1576  3.39851  0  0  4.1842  0  2.26168  0.00209332  0  0  0.00292836  0  0.000278396
4.7289e+13  0  1576.3  3.39882  0  0  4.18464  0  2.26177  0.00209153  0  0  0.00292638  0  0.000278113
4.7298e+13  0  1576.6  3.39914  0  0  4.18508  0  2.26185  0.00208975  0  0  0.00292441  0  0.00027783
4.7307e+13  0  1576.9  3.39945  0  0  4.18552  0  2.26193  0.00208797  0  0  0.00292244  0  0.000277548
4.7316e+13  0  1577.2  3.39976  0  0  4.18596  0  2.26202  0.00208619  0  0  0.00292047  0  0.000277266
4.7325e+13  0  1577.5  3.40008  0  0  4.18639  0  2.2621  0.00208441  0  0  0.0029185  0  0.000276985
4.7334e+13  0  1577.8  3.40039  0  0  4.18683  0  2.26218  0.00208264  0  0  0.00291654  0  0.000276704
4.7343e+13  0  1578.1  3.4007  0  0  4.18727  0  2.26227  0.00208086  0  0  0.00291458  0  0.000276423
4.7352e+13  0  1578.4  3.40101  0  0  4.18771  0  2.26235  0.00207909  0  0  0.00291262  0  0.000276143
4.7361e+13  0  1578.7  3.40133  0  0  4.18814  0  2.26243  0.00207732  0  0  0.00291066  0  0.000275863
4.737e+13  0  1579  3.40164  0  0  4.18858  0  2.26252  0.00207556  0  0  0.0029087  0  0.000275584
4.7379e+13  0  1579.3  3.40195  0  0  4.18902  0  2.2626  0.00207379  0  0  0.00290674  0  0.000275305
4.7388e+13  0  1579.6  3.40226  0  0  4.18945  0  2.26268  0.00207203  0  0  0.00290479  0  0.000275027
4.7397e+13  0  1579.9  3.40257  0  0  4.18989  0  2.26276  0.00207027  0  0  0.00290284  0  0.000274749
4.7406e+13  0  1580.2  3.40288  0  0  4.19032  0  2.26285  0.00206851  0  0  0.00290088  0  0.000274471
4.7415e+13  0  1580.5  3.40319  0  0  4.19076  0  2.26293  0.00206676  0  0  0.00289894  0  0.000274194
4.7424e+13  0  1580.8  3.4035  0  0  4.19119  0  2.26301  0.002065  0  0  0.00289699  0  0.000273917
4.7433e+13  0  1581.1  3.40381  0  0  4.19163  0  2.26309  0.00206325  0  0  0.00289504  0  0.000273641
4.7442e+13  0  1581.4  3.40412  0  0  4.19206  0  2.26317  0.0020615  0  0  0.0028931  0  0.000273365
4.7451e+13  0  1581.7  3.40443  0  0  4.19249  0  2.26326  0.00205975  0  0  0.00289116  0  0.000273089
4.746e+13  0  1582  3.40474  0  0  4.19293  0  2.26334  0.00205801  0  0  0.00288922  0  0.000272814
4.7469e+13  0  1582.3  3.40505  0  0  4.19336  0  2.26342  0.00205626  0  0  0.00288728  0  0.000272539
4.7478e+13  0  1582.6  3.40535  0  0  4.19379  0  2.2635  0.00205452  0  0  0.00288535  0  0.000272264
4.7487e+13  0  1582.9  3.40566  0  0  4.19423  0  2.26358  0.00205278  0  0  0.00288341  0  0.00027199
4.7496e+13  0  1583.2  3.40597  0  0  4.19466  0  2.26366  0.00205105  0  0  0.00288148  0  0.000271717
4.7505e+13  0  1583.5  3.40628  0  0  4.19509  0  2.26375  0.00204931  0  0  0.00287955  0  0.000271444
4.7514e+13  0  1583.8  3.40659  0  0  4.19552  0  2.26383  0.00204758  0  0  0.00287762  0  0.000271171
4.7523e+13  0  1584.1  3.40689  0  0  4.19595  0  2.26391  0.00204585  0  0  0.00287569  0  0.000270898
4.7532e+13  0  1584.4  3.4072  0  0  4.19639  0  2.26399  0.00204412  0  0  0.00287377  0  0.000270626
4.7541e+13  0  1584.7  3.40751  0  0  4.19682  0  2.26407  0.00204239  0  0  0.00287184  0  0.000270355
4.755e+13  0  1585  3.40781  0  0  4.19725  0  2.26415  0.00204067  0  0  0.00286992  0  0.000270083
4.7559e+13  0  1585.3  3.40812  0  0  4.19768  0  2.26423  0.00203895  0  0  0.002868  0  0.000269812
4.7568e+13  0  1585.6  3.40842  0  0  4.19811  0  2.26431  0.00203723  0  0  0.00286608  0  0.000269542
4.7577e+13  0  1585.9  3.40873  0  0  4.19854  0  2.26439  0.00203551  0  0  0.00286417  0  0.000269272
4.7586e+13  0  1586.2  3.40903  0  0  4.19897  0  2.26448  0.00203379  0  0  0.00286225  0  0.000269002
4.7595e+13  0  1586.5  3.40934  0  0  4.1994  0  2.26456  0.00203208  0  0  0.00286034  0  0.000268733
4.7604e+13  0  1586.8  3.40964  0  0  4.19983  0  2.26464  0.00203037  0  0  0.00285843  0  0.000268464
4.7613e+13  0  1587.1  3.40995  0  0  4.20025  0  2.26472  0.00202866  0  0  0.00285652  0  0.000268196
4.7622e+13  0  1587.4  3.41025  0  0  4.20068  0  2.2648  0.00202695  0  0  0.00285461  0  0.000267927
4.7631e+13  0  1587.7  3.41056  0  0  4.20111  0  2.26488  0.00202524  0  0  0.0028527  0  0.00026766
4.764e+13  0  1588  3.41086  0  0  4.20154  0  2.26496  0.00202354  0  0  0.0028508  0  0.000267392
4.7649e+13  0  1588.3  3.41116  0  0  4.20197  0  2.26504  0.00202184  0  0  0.0028489  0  0.000267125
4.7658e+13  0  1588.6  3.41147  0  0  4.20239  0  2.26512  0.00202014  0  0  0.002847  0  0.000266859
4.7667e+13  0  1588.9  3.41177  0  0  4.20282  0  2.2652  0.00201844  0  0  0.0028451  0  0.000266593
4.7676e+13  0  1589.2  3.41207  0  0  4.20325  0  2.26528  0.00201674  0  0  0.0028432  0  0.000266327
4.7685e+13  0  1589.5  3.41237  0  0  4.20367  0  2.26536  0.00201505  0  0  0.00284131  0  0.000266061
4.7694e+13  0  1589.8  3.41268  0  0  4.2041  0  2.26544  0.00201336  0  0  0.00283941  0  0.000265796
4.7703e+13  0  1590.1  3.41298  0  0  4.20452  0  2.26552  0.00201167  0  0  0.00283752  0  0.000265532
4.7712e+13  0  1590.4  3.41328  0  0  4.20495  0  2.2656  0.00200998  0  0  0.00283563  0  0.000265267
4.7721e+13  0  1590.7  3.41358  0  0  4.20538  0  2.26568  0.0020083  0  0  0.00283374  0  0.000265003
4.773e+13  0  1591  3.41388  0  0  4.2058  0  2.26576  0.00200661  0  0  0.00283185  0  0.00026474
4.7739e+13  0  1591.3  3.41418  0  0  4.20622  0  2.26584  0.00200493  0  0  0.00282997  0  0.000264477
4.7748e+13  0  1591.6  3.41448  0  0  4.20665  0  2.26592  0.00200325  0  0  0.00282809  0  0.000264214
4.7757e+13  0  1591.9  3.41478  0  0  4.20707  0  2.26599  0.00200157  0  0  0.0028262  0  0.000263952
4.7766e+13  0  1592.2  3.41508  0  0  4.2075  0  2.26607  0.0019999  0  0  0.00282433  0  0.00026369
4.7775e+13  0  1592.5  3.41538  0  0  4.20792  0  2.26615  0.00199822  0  0  0.00282245  0  0.000263428
4.7784e+13  0  1592.8  3.41568  0  0  4.20834  0  2.26623  0.00199655  0  0  0.00282057  0  0.000263167
4.7793e+13  0  1593.1  3.41598  0  0  4.20877  0  2.26631  0.00199488  0  0  0.0028187  0  0.000262906
4.7802e+13  0  1593.4  3.41628  0  0  4.20919  0  2.26639  0.00199322  0  0  0.00281682  0  0.000262645
4.7811e+13  0  1593.7  3.41658  0  0  4.20961  0  2.26647  0.00199155  0  0  0.00281495  0  0.000262385
4.782e+13  0  1594  3.41688  0  0  4.21003  0  2.26655  0.00198989  0  0  0.00281308  0  0.000262125
4.7829e+13  0  1594.3  3.41718  0  0  4.21046  0  2.26663  0.00198823  0  0  0.00281121  0  0.000261866
4.7838e+13  0  1594.6  3.41748  0  0  4.21088  0  2.2667  0.00198657  0  0  0.00280935  0  0.000261607
4.7847e+13  0  1594.9  3.41777  0  0  4.2113  0  2.26678  0.00198491  0  0  0.00280748  0  0.000261348
4.7856e+13  0  1595.2  3.41807  0  0  4.21172  0  2.26686  0.00198325  0  0  0.00280562  0  0.00026109
4.7865e+13  0  1595.5  3.41837  0  0  4.21214  0  2.26694  0.0019816  0  0  0.00280376  0  0.000260832
4.7874e+13  0  1595.8  3.41867  0  0  4.21256  0  2.26702  0.00197995  0  0  0.0028019  0  0.000260575
4.7883e+13  0  1596.1  3.41896  0  0  4.21298  0  2.2671  0.0019783  0  0  0.00280004  0  0.000260317
4.7892e+13  0  1596.4  3.41926  0  0  4.2134  0  2.26717  0.00197665  0  0  0.00279819  0  0.000260061
4.7901e+13  0  1596.7  3.41956  0  0  4.21382  0  2.26725  0.001975  0  0  0.00279633  0  0.000259804
4.791e+13  0  1597  3.41985  0  0  4.21424  0  2.26733  0.00197336  0  0  0.00279448  0  0.000259548
4.7919e+13  0  1597.3  3.42015  0  0  4.21466  0  2.26741  0.00197172  0  0  0.00279263  0  0.000259292
4.7928e+13  0  1597.6  3.42044  0  0  4.21508  0  2.26748  0.00197008  0  0  0.00279078  0  0.000259037
4.7937e+13  0  1597.9  3.42074  0  0  4.2155  0  2.26756  0.00196844  0  0  0.00278893  0  0.000258782
4.7946e+13  0  1598.2  3.42103  0  0  4.21591  0  2.26764  0.0019668  0  0  0.00278709  0  0.000258527
4.7955e+13  0  1598.5  3.42133  0  0  4.21633  0  2.26772  0.00196517  0  0  0.00278524  0  0.000258273
4.7964e+13  0  1598.8  3.42162  0  0  4.21675  0  2.2678  0.00196354  0  0  0.0027834  0  0.000258019
4.7973e+13  0  1599.1  3.42192  0  0  4.21717  0  2.26787  0.00196191  0  0  0.00278156  0  0.000257766
4.7982e+13  0  1599.4  3.42221  0  0  4.21758  0  2.26795  0.00196028  0  0  0.00277972  0  0.000257512
4.7991e+13  0  1599.7  3.42251  0  0  4.218  0  2.26803  0.00195865  0  0  0.00277788  0  0.00025726
4.8e+13  0  1600  3.4228  0  0  4.21842  0  2.2681  0.00195703  0  0  0.00277605  0  0.000257007
4.8009e+13  0  1600.3  3.42309  0  0  4.21883  0  2.26818  0.0019554  0  0  0.00277422  0  0.000256755
4.8018e+13  0  1600.6  3.42339  0  0  4.21925  0  2.26826  0.00195378  0  0  0.00277238  0  0.000256503
4.8027e+13  0  1600.9  3.42368  0  0  4.21967  0  2.26834  0.00195216  0  0  0.00277055  0  0.000256252
4.8036e+13  0  1601.2  3.42397  0  0  4.22008  0  2.26841  0.00195055  0  0  0.00276872  0  0.000256001
4.8045e+13  0  1601.5  3.42426  0  0  4.2205  0  2.26849  0.00194893  0  0  0.0027669  0  0.00025575
4.8054e+13  0  1601.8  3.42456  0  0  4.22091  0  2.26857  0.00194732  0  0  0.00276507  0  0.0002555
4.8063e+13  0  1602.1  3.42485  0  0  4.22133  0  2.26864  0.00194571  0  0  0.00276325  0  0.00025525
4.8072e+13  0  1602.4  3.42514  0  0  4.22174  0  2.26872  0.0019441  0  0  0.00276142  0  0.000255
4.8081e+13  0  1602.7  3.42543  0  0  4.22215  0  2.2688  0.00194249  0  0  0.0027596  0  0.000254751
4.809e+13  0  1603  3.42572  0  0  4.22257  0  2.26887  0.00194088  0  0  0.00275778  0  0.000254502
4.8099e+13  0  1603.3  3.42601  0  0  4.22298  0  2.26895  0.00193928  0  0  0.00275597  0  0.000254254
4.8108e+13  0  1603.6  3.4263  0  0  4.22339  0  2.26902  0.00193768  0  0  0.00275415  0  0.000254005
4.8117e+13  0  1603.9  3.4266  0  0  4.22381  0  2.2691  0.00193608  0  0  0.00275234  0  0.000253757
4.8126e+13  0  1604.2  3.42689  0  0  4.22422  0  2.26918  0.00193448  0  0  0.00275053  0  0.00025351
4.8135e+13  0  1604.5  3.42718  0  0  4.22463  0  2.26925  0.00193289  0  0  0.00274871  0  0.000253263
4.8144e+13  0  1604.8  3.42747  0  0  4.22504  0  2.26933  0.00193129  0  0  0.00274691  0  0.000253016
4.8153e+13  0  1605.1  3.42775  0  0  4.22546  0  2.2694  0.0019297  0  0  0.0027451  0  0.000252769
4.8162e+13  0  1605.4  3.42804  0  0  4.22587  0  2.26948  0.00192811  0  0  0.00274329  0  0.000252523
4.8171e+13  0  1605.7  3.42833  0  0  4.22628  0  2.26956  0.00192652  0  0  0.00274149  0  0.000252278
4.818e+13  0  1606  3.42862  0  0  4.22669  0  2.26963  0.00192493  0  0  0.00273969  0  0.000252032
4.8189e+13  0  1606.3  3.42891  0  0  4.2271  0  2.26971  0.00192335  0  0  0.00273788  0  0.000251787
4.8198e+13  0  1606.6  3.4292  0  0  4.22751  0  2.26978  0.00192176  0  0  0.00273609  0  0.000251542
4.8207e+13  0  1606.9  3.42949  0  0  4.22792  0  2.26986  0.00192018  0  0  0.00273429  0  0.000251298
4.8216e+13  0  1607.2  3.42978  0  0  4.22833  0  2.26993  0.0019186  0  0  0.00273249  0  0.000251054
4.8225e+13  0  1607.5  3.43006  0  0  4.22874  0  2.27001  0.00191703  0  0  0.0027307  0  0.00025081
4.8234e+13  0  1607.8  3.43035  0  0  4.22915  0  2.27008  0.00191545  0  0  0.0027289  0  0.000250567
4.8243e+13  0  1608.1  3.43064  0  0  4.22956  0  2.27016  0.00191388  0  0  0.00272711  0  0.000250324
4.8252e+13  0  1608.4  3.43092  0  0  4.22997  0  2.27023  0.0019123  0  0  0.00272532  0  0.000250081
4.8261e+13  0  1608.7  3.43121  0  0  4.23038  0  2.27031  0.00191073  0  0  0.00272354  0  0.000249839
4.827e+13  0  1609  3.4315  0  0  4.23079  0  2.27038  0.00190917  0  0  0.00272175  0  0.000249597
4.8279e+13  0  1609.3  3.43178  0  0  4.23119  0  2.27046  0.0019076  0  0  0.00271996  0  0.000249355
4.8288e+13  0  1609.6  3.43207  0  0  4.2316  0  2.27053  0.00190603  0  0  0.00271818  0  0.000249114
4.8297e+13  0  1609.9  3.43236  0  0  4.23201  0  2.27061  0.00190447  0  0  0.0027164  0  0.000248873
4.8306e+13  0  1610.2  3.43264  0  0  4.23242  0  2.27068  0.00190291  0  0  0.00271462  0  0.000248632
4.8315e+13  0  1610.5  3.43293  0  0  4.23282  0  2.27076  0.00190135  0  0  0.00271284  0  0.000248392
4.8324e+13  0  1610.8  3.43321  0  0  4.23323  0  2.27083  0.00189979  0  0  0.00271107  0  0.000248152
4.8333e+13  0  1611.1  3.4335  0  0  4.23364  0  2.27091  0.00189824  0  0  0.00270929  0  0.000247912
4.8342e+13  0  1611.4  3.43378  0  0  4.23404  0  2.27098  0.00189668  0  0  0.00270752  0  0.000247673
4.8351e+13  0  1611.7  3.43407  0  0  4.23445  0  2.27105  0.00189513  0  0  0.00270575  0  0.000247434
4.836e+13  0  1612  3.43435  0  0  4.23486  0  2.27113  0.00189358  0  0  0.00270398  0  0.000247195
4.8369e+13  0  1612.3  3.43463  0  0  4.23526  0  2.2712  0.00189203  0  0  0.00270221  0  0.000246957
4.8378e+13  0  1612.6  3.43492  0  0  4.23567  0  2.27128  0.00189049  0  0  0.00270044  0  0.000246719
4.8387e+13  0  1612.9  3.4352  0  0  4.23607  0  2.27135  0.00188894  0  0  0.00269867  0  0.000246481
4.8396e+13  0  1613.2  3.43548  0  0  4.23648  0  2.27142  0.0018874  0  0  0.00269691  0  0.000246244
4.8405e+13  0  1613.5  3.43577  0  0  4.23688  0  2.2715  0.00188586  0  0  0.00269515  0  0.000246007
4.8414e+13  0  1613.8  3.43605  0  0  4.23728  0  2.27157  0.00188432  0  0  0.00269339  0  0.00024577
4.8423e+13  0  1614.1  3.43633  0  0  4.23769  0  2.27165  0.00188278  0  0  0.00269163  0  0.000245534
4.8432e+13  0  1614.4  3.43661  0  0  4.23809  0  2.27172  0.00188125  0  0  0.00268987  0  0.000245298
4.8441e+13  0  1614.7  3.4369  0  0  4.2385  0  2.27179  0.00187971  0  0  0.00268811  0  0.000245062
4.845e+13  0  1615  3.43718  0  0  4.2389  0  2.27187  0.00187818  0  0  0.00268636  0  0.000244827
4.8459e+13  0  1615.3  3.43746  0  0  4.2393  0  2.27194  0.00187665  0  0  0.00268461  0  0.000244592
4.8468e+13  0  1615.6  3.43774  0  0  4.2397  0  2.27201  0.00187512  0  0  0.00268286  0  0.000244357
4.8477e+13  0  1615.9  3.43802  0  0  4.24011  0  2.27209  0.00187359  0  0  0.00268111  0  0.000244123
4.8486e+13  0  1616.2  3.4383  0  0  4.24051  0  2.27216  0.00187207  0  0  0.00267936  0  0.000243888
4.8495e+13  0  1616.5  3.43858  0  0  4.24091  0  2.27223  0.00187054  0  0  0.00267761  0  0.000243655
4.8504e+13  0  1616.8  3.43886  0  0  4.24131  0  2.27231  0.00186902  0  0  0.00267587  0  0.000243421
4.8513e+13  0  1617.1  3.43914  0  0  4.24171  0  2.27238  0.0018675  0  0  0.00267412  0  0.000243188
4.8522e+13  0  1617.4  3.43942  0  0  4.24211  0  2.27245  0.00186598  0  0  0.00267238  0  0.000242955
4.8531e+13  0  1617.7  3.4397  0  0  4.24251  0  2.27253  0.00186447  0  0  0.00267064  0  0.000242723
4.854e+13  0  1618  3.43998  0  0  4.24291  0  2.2726  0.00186295  0  0  0.0026689  0  0.000242491
4.8549e+13  0  1618.3  3.44026  0  0  4.24332  0  2.27267  0.00186144  0  0  0.00266717  0  0.000242259
4.8558e+13  0  1618.6  3.44054  0  0  4.24372  0  2.27274  0.00185993  0  0  0.00266543  0  0.000242028
4.8567e+13  0  1618.9  3.44082  0  0  4.24411  0  2.27282  0.00185842  0  0  0.0026637  0  0.000241796
4.8576e+13  0  1619.2  3.4411  0  0  4.24451  0  2.27289  0.00185691  0  0  0.00266196  0  0.000241566
4.8585e+13  0  1619.5  3.44138  0  0  4.24491  0  2.27296  0.00185541  0  0  0.00266023  0  0.000241335
4.8594e+13  0  1619.8  3.44166  0  0  4.24531  0  2.27303  0.0018539  0  0  0.0026585  0  0.000241105
4.8603e+13  0  1620.1  3.44193  0  0  4.24571  0  2.27311  0.0018524  0  0  0.00265678  0  0.000240875
4.8612e+13  0  1620.4  3.44221  0  0  4.24611  0  2.27318  0.0018509  0  0  0.00265505  0  0.000240645
4.8621e+13  0  1620.7  3.44249  0  0  4.24651  0  2.27325  0.0018494  0  0  0.00265333  0  0.000240416
4.863e+13  0  1621  3.44277  0  0  4.24691  0  2.27332  0.0018479  0  0  0.0026516  0  0.000240187
4.8639e+13  0  1621.3  3.44304  0  0  4.2473  0  2.27339  0.00184641  0  0  0.00264988  0  0.000239959
4.8648e+13  0  1621.6  3.44332  0  0  4.2477  0  2.27347  0.00184491  0  0  0.00264816  0  0.00023973
4.8657e+13  0  1621.9  3.4436  0  0  4.2481  0  2.27354  0.00184342  0  0  0.00264644  0  0.000239502
4.8666e+13  0  1622.2  3.44387  0  0  4.24849  0  2.27361  0.00184193  0  0  0.00264473  0  0.000239275
4.8675e+13  0  1622.5  3.44415  0  0  4.24889  0  2.27368  0.00184044  0  0  0.00264301  0  0.000239047
4.8684e+13  0  1622.8  3.44443  0  0  4.24929  0  2.27375  0.00183896  0  0  0.0026413  0  0.00023882
4.8693e+13  0  1623.1  3.4447  0  0  4.24968  0  2.27382  0.00183747  0  0  0.00263958  0  0.000238593
4.8702e+13  0  1623.4  3.44498  0  0  4.25008  0  2.2739  0.00183599  0  0  0.00263787  0  0.000238367
4.8711e+13  0  1623.7  3.44525  0  0  4.25047  0  2.27397  0.00183451  0  0  0.00263616  0  0.000238141
4.872e+13  0  1624  3.44553  0  0  4.25087  0  2.27404  0.00183302  0  0  0.00263446  0  0.000237915
4.8729e+13  0  1624.3  3.4458  0  0  4.25126  0  2.27411  0.00183155  0  0  0.00263275  0  0.000237689
4.8738e+13  0  1624.6  3.44608  0  0  4.25166  0  2.27418  0.00183007  0  0  0.00263104  0  0.000237464
4.8747e+13  0  1624.9  3.44635  0  0  4.25205  0  2.27425  0.00182859  0  0  0.00262934  0  0.000237239
4.8756e+13  0  1625.2  3.44663  0  0  4.25245  0  2.27432  0.00182712  0  0  0.00262764  0  0.000237015
4.8765e+13  0  1625.5  3.4469  0  0  4.25284  0  2.2744  0.00182565  0  0  0.00262594  0  0.00023679
4.8774e+13  0  1625.8  3.44717  0  0  4.25324  0  2.27447  0.00182418  0  0  0.00262424  0  0.000236566
4.8783e+13  0  1626.1  3.44745  0  0  4.25363  0  2.27454  0.00182271  0  0  0.00262254  0  0.000236343
4.8792e+13  0  1626.4  3.44772  0  0  4.25402  0  2.27461  0.00182124  0  0  0.00262085  0  0.000236119
4.8801e+13  0  1626.7  3.44799  0  0  4.25442  0  2.27468  0.00181978  0  0  0.00261915  0  0.000235896
4.881e+13  0  1627  3.44827  0  0  4.25481  0  2.27475  0.00181832  0  0  0.00261746  0  0.000235674
4.8819e+13  0  1627.3  3.44854  0  0  4.2552  0  2.27482  0.00181685  0  0  0.00261577  0  0.000235451
4.8828e+13  0  1627.6  3.44881  0  0  4.25559  0  2.27489  0.00181539  0  0  0.00261408  0  0.000235229
4.8837e+13  0  1627.9  3.44908  0  0  4.25599  0  2.27496  0.00181394  0  0  0.00261239  0  0.000235007
4.8846e+13  0  1628.2  3.44936  0  0  4.25638  0  2.27503  0.00181248  0  0  0.00261071  0  0.000234785
4.8855e+13  0  1628.5  3.44963  0  0  4.25677  0  2.2751  0.00181102  0  0  0.00260902  0  0.000234564
4.8864e+13  0  1628.8  3.4499  0  0  4.25716  0  2.27517  0.00180957  0  0  0.00260734  0  0.000234343
4.8873e+13  0  1629.1  3.45017  0  0  4.25755  0  2.27524  0.00180812  0  0  0.00260565  0  0.000234123
4.8882e+13  0  1629.4  3.45044  0  0  4.25794  0  2.27531  0.00180667  0  0  0.00260397  0  0.000233902
4.8891e+13  0  1629.7  3.45071  0  0  4.25833  0  2.27538  0.00180522  0  0  0.0026023  0  0.000233682
4.89e+13  0  1630  3.45098  0  0  4.25872  0  2.27545  0.00180377  0  0  0.00260062  0  0.000233462
4.8909e+13  0  1630.3  3.45125  0  0  4.25911  0  2.27552  0.00180233  0  0  0.00259894  0  0.000233243
4.8918e+13  0  1630.6  3.45152  0  0  4.2595  0  2.27559  0.00180089  0  0  0.00259727  0  0.000233024
4.8927e+13  0  1630.9  3.45179  0  0  4.25989  0  2.27566  0.00179944  0  0  0.00259559  0  0.000232805
4.8936e+13  0  1631.2  3.45206  0  0  4.26028  0  2.27573  0.001798  0  0  0.00259392  0  0.000232586
4.8945e+13  0  1631.5  3.45233  0  0  4.26067  0  2.2758  0.00179657  0  0  0.00259225  0  0.000232368
4.8954e+13  0  1631.8  3.4526  0  0  4.26106  0  2.27587  0.00179513  0  0  0.00259058  0  0.00023215
4.8963e+13  0  1632.1  3.45287  0  0  4.26145  0  2.27594  0.00179369  0  0  0.00258892  0  0.000231932
4.8972e+13  0  1632.4  3.45314  0  0  4.26183  0  2.27601  0.00179226  0  0  0.00258725  0  0.000231715
4.8981e+13  0  1632.7  3.45341  0  0  4.26222  0  2.27608  0.00179083  0  0  0.00258559  0  0.000231498
4.899e+13  0  1633  3.45368  0  0  4.26261  0  2.27615  0.0017894  0  0  0.00258392  0  0.000231281
4.8999e+13  0  1633.3  3.45395  0  0  4.263  0  2.27622  0.00178797  0  0  0.00258226  0  0.000231065
4.9008e+13  0  1633.6  3.45421  0  0  4.26339  0  2.27629  0.00178654  0  0  0.0025806  0  0.000230849
4.9017e+13  0  1633.9  3.45448  0  0  4.26377  0  2.27636  0.00178512  0  0  0.00257894  0  0.000230633
4.9026e+13  0  1634.2  3.45475  0  0  4.26416  0  2.27643  0.00178369  0  0  0.00257729  0  0.000230417
4.9035e+13  0  1634.5  3.45502  0  0  4.26455  0  2.2765  0.00178227  0  0  0.00257563  0  0.000230202
4.9044e+13  0  1634.8  3.45528  0  0  4.26493  0  2.27657  0.00178085  0  0  0.00257398  0  0.000229987
4.9053e+13  0  1635.1  3.45555  0  0  4.26532  0  2.27663  0.00177943  0  0  0.00257232  0  0.000229772
4.9062e+13  0  1635.4  3.45582  0  0  4.2657  0  2.2767  0.00177801  0  0  0.00257067  0  0.000229557
4.9071e+13  0  1635.7  3.45608  0  0  4.26609  0  2.27677  0.0017766  0  0  0.00256902  0  0.000229343
4.908e+13  0  1636  3.45635  0  0  4.26647  0  2.27684  0.00177518  0  0  0.00256738  0  0.000229129
4.9089e+13  0  1636.3  3.45662  0  0  4.26686  0  2.27691  0.00177377  0  0  0.00256573  0  0.000228916
4.9098e+13  0  1636.6  3.45688  0  0  4.26724  0  2.27698  0.00177236  0  0  0.00256408  0  0.000228702
4.9107e+13  0  1636.9  3.45715  0  0  4.26763  0  2.27705  0.00177095  0  0  0.00256244  0  0.000228489
4.9116e+13  0  1637.2  3.45741  0  0  4.26801  0  2.27712  0.00176954  0  0  0.0025608  0  0.000228277
4.9125e+13  0  1637.5  3.45768  0  0  4.2684  0  2.27718  0.00176814  0  0  0.00255916  0  0.000228064
4.9134e+13  0  1637.8  3.45795  0  0  4.26878  0  2.27725  0.00176673  0  0  0.00255752  0  0.000227852
4.9143e+13  0  1638.1  3.45821  0  0  4.26916  0  2.27732  0.00176533  0  0  0.00255588  0  0.00022764
4.9152e+13  0  1638.4  3.45847  0  0  4.26955  0  2.27739  0.00176393  0  0  0.00255424  0  0.000227428
4.9161e+13  0  1638.7  3.45874  0  0  4.26993  0  2.27746  0.00176253  0  0  0.00255261  0  0.000227217
4.917e+13  0  1639  3.459  0  0  4.27031  0  2.27752  0.00176113  0  0  0.00255097  0  0.000227006
4.9179e+13  0  1639.3  3.45927  0  0  4.2707  0  2.27759  0.00175973  0  0  0.00254934  0  0.000226795
4.9188e+13  0  1639.6  3.45953  0  0  4.27108  0  2.27766  0.00175834  0  0  0.00254771  0  0.000226585
4.9197e+13  0  1639.9  3.45979  0  0  4.27146  0  2.27773  0.00175694  0  0  0.00254608  0  0.000226375
4.9206e+13  0  1640.2  3.46006  0  0  4.27184  0  2.2778  0.00175555  0  0  0.00254445  0  0.000226165
4.9215e+13  0  1640.5  3.46032  0  0  4.27222  0  2.27786  0.00175416  0  0  0.00254283  0  0.000225955
4.9224e+13  0  1640.8  3.46058  0  0  4.2726  0  2.27793  0.00175277  0  0  0.0025412  0  0.000225746
4.9233e+13  0  1641.1  3.46085  0  0  4.27299  0  2.278  0.00175138  0  0  0.00253958  0  0.000225537
4.9242e+13  0  1641.4  3.46111  0  0  4.27337  0  2.27807  0.00175  0  0  0.00253796  0  0.000225328
4.9251e+13  0  1641.7  3.46137  0  0  4.27375  0  2.27814  0.00174861  0  0  0.00253634  0  0.000225119
4.926e+13  0  1642  3.46163  0  0  4.27413  0  2.2782  0.00174723  0  0  0.00253472  0  0.000224911
4.9269e+13  0  1642.3  3.4619  0  0  4.27451  0  2.27827  0.00174585  0  0  0.0025331  0  0.000224703
4.9278e+13  0  1642.6  3.46216  0  0  4.27489  0  2.27834  0.00174447  0  0  0.00253148  0  0.000224495
4.9287e+13  0  1642.9  3.46242  0  0  4.27527  0  2.2784  0.00174309  0  0  0.00252987  0  0.000224288
4.9296e+13  0  1643.2  3.46268  0  0  4.27565  0  2.27847  0.00174172  0  0  0.00252825  0  0.000224081
4.9305e+13  0  1643.5  3.46294  0  0  4.27602  0  2.27854  0.00174034  0  0  0.00252664  0  0.000223874
4.9314e+13  0  1643.8  3.4632  0  0  4.2764  0  2.27861  0.00173897  0  0  0.00252503  0  0.000223667
4.9323e+13  0  1644.1  3.46346  0  0  4.27678  0  2.27867  0.0017376  0  0  0.00252342  0  0.000223461
4.9332e+13  0  1644.4  3.46372  0  0  4.27716  0  2.27874  0.00173623  0  0  0.00252181  0  0.000223255
4.9341e+13  0  1644.7  3.46398  0  0  4.27754  0  2.27881  0.00173486  0  0  0.00252021  0  0.000223049
4.935e+13  0  1645  3.46425  0  0  4.27792  0  2.27887  0.00173349  0  0  0.0025186  0  0.000222844
4.9359e+13  0  1645.3  3.46451  0  0  4.27829  0  2.27894  0.00173212  0  0  0.002517  0  0.000222639
4.9368e+13  0  1645.6  3.46476  0  0  4.27867  0  2.27901  0.00173076  0  0  0.00251539  0  0.000222434
4.9377e+13  0  1645.9  3.46502  0  0  4.27905  0  2.27907  0.0017294  0  0  0.00251379  0  0.000222229
4.9386e+13  0  1646.2  3.46528  0  0  4.27943  0  2.27914  0.00172804  0  0  0.00251219  0  0.000222025
4.9395e+13  0  1646.5  3.46554  0  0  4.2798  0  2.27921  0.00172668  0  0  0.0025106  0  0.000221821
4.9404e+13  0  1646.8  3.4658  0  0  4.28018  0  2.27927  0.00172532  0  0  0.002509  0  0.000221617
4.9413e+13  0  1647.1  3.46606  0  0  4.28056  0  2.27934  0.00172396  0  0  0.0025074  0  0.000221413
4.9422e+13  0  1647.4  3.46632  0  0  4.28093  0  2.27941  0.00172261  0  0  0.00250581  0  0.00022121
4.9431e+13  0  1647.7  3.46658  0  0  4.28131  0  2.27947  0.00172125  0  0  0.00250422  0  0.000221007
4.944e+13  0  1648  3.46684  0  0  4.28168  0  2.27954  0.0017199  0  0  0.00250263  0  0.000220804
4.9449e+13  0  1648.3  3.46709  0  0  4.28206  0  2.27961  0.00171855  0  0  0.00250104  0  0.000220601
4.9458e+13  0  1648.6  3.46735  0  0  4.28243  0  2.27967  0.0017172  0  0  0.00249945  0  0.000220399
4.9467e+13  0  1648.9  3.46761  0  0  4.28281  0  2.27974  0.00171585  0  0  0.00249786  0  0.000220197
4.9476e+13  0  1649.2  3.46787  0  0  4.28318  0  2.2798  0.00171451  0  0  0.00249627  0  0.000219995
4.9485e+13  0  1649.5  3.46812  0  0  4.28356  0  2.27987  0.00171316  0  0  0.00249469  0  0.000219794
4.9494e+13  0  1649.8  3.46838  0  0  4.28393  0  2.27994  0.00171182  0  0  0.00249311  0  0.000219593
4.9503e+13  0  1650.1  3.46864  0  0  4.2843  0  2.28  0.00171048  0  0  0.00249153  0  0.000219392
4.9512e+13  0  1650.4  3.46889  0  0  4.28468  0  2.28007  0.00170914  0  0  0.00248995  0  0.000219191
4.9521e+13  0  1650.7  3.46915  0  0  4.28505  0  2.28013  0.0017078  0  0  0.00248837  0  0.000218991
4.953e+13  0  1651  3.4694  0  0  4.28542  0  2.2802  0.00170646  0  0  0.00248679  0  0.000218791
4.9539e+13  0  1651.3  3.46966  0  0  4.2858  0  2.28026  0.00170513  0  0  0.00248521  0  0.000218591
4.9548e+13  0  1651.6  3.46992  0  0  4.28617  0  2.28033  0.00170379  0  0  0.00248364  0  0.000218391
4.9557e+13  0  1651.9  3.47017  0  0  4.28654  0  2.2804  0.00170246  0  0  0.00248207  0  0.000218192
4.9566e+13  0  1652.2  3.47043  0  0  4.28691  0  2.28046  0.00170113  0  0  0.00248049  0  0.000217993
4.9575e+13  0  1652.5  3.47068  0  0  4.28729  0  2.28053  0.0016998  0  0  0.00247892  0  0.000217794
4.9584e+13  0  1652.8  3.47094  0  0  4.28766  0  2.28059  0.00169847  0  0  0.00247735  0  0.000217596
4.9593e+13  0  1653.1  3.47119  0  0  4.28803  0  2.28066  0.00169714  0  0  0.00247579  0  0.000217397
4.9602e+13  0  1653.4  3.47145  0  0  4.2884  0  2.28072  0.00169582  0  0  0.00247422  0  0.000217199
4.9611e+13  0  1653.7  3.4717  0  0  4.28877  0  2.28079  0.00169449  0  0  0.00247266  0  0.000217002
4.962e+13  0  1654  3.47195  0  0  4.28914  0  2.28085  0.00169317  0  0  0.00247109  0  0.000216804
4.9629e+13  0  1654.3  3.47221  0  0  4.28951  0  2.28092  0.00169185  0  0  0.00246953  0  0.000216607
4.9638e+13  0  1654.6  3.47246  0  0  4.28988  0  2.28098  0.00169053  0  0  0.00246797  0  0.00021641
4.9647e+13  0  1654.9  3.47272  0  0  4.29025  0  2.28105  0.00168921  0  0  0.00246641  0  0.000216213
4.9656e+13  0  1655.2  3.47297  0  0  4.29062  0  2.28111  0.0016879  0  0  0.00246485  0  0.000216017
4.9665e+13  0  1655.5  3.47322  0  0  4.29099  0  2.28118  0.00168658  0  0  0.00246329  0  0.00021582
4.9674e+13  0  1655.8  3.47347  0  0  4.29136  0  2.28124  0.00168527  0  0  0.00246174  0  0.000215624
4.9683e+13  0  1656.1  3.47373  0  0  4.29173  0  2.28131  0.00168396  0  0  0.00246018  0  0.000215429
4.9692e+13  0  1656.4  3.47398  0  0  4.2921  0  2.28137  0.00168265  0  0  0.00245863  0  0.000215233
4.9701e+13  0  1656.7  3.47423  0  0  4.29247  0  2.28144  0.00168134  0  0  0.00245708  0  0.000215038
4.971e+13  0  1657  3.47448  0  0  4.29284  0  2.2815  0.00168003  0  0  0.00245553  0  0.000214843
4.9719e+13  0  1657.3  3.47474  0  0  4.29321  0  2.28156  0.00167872  0  0  0.00245398  0  0.000214648
4.9728e+13  0  1657.6  3.47499  0  0  4.29357  0  2.28163  0.00167742  0  0  0.00245243  0  0.000214454
4.9737e+13  0  1657.9  3.47524  0  0  4.29394  0  2.28169  0.00167611  0  0  0.00245089  0  0.00021426
4.9746e+13  0  1658.2  3.47549  0  0  4.29431  0  2.28176  0.00167481  0  0  0.00244934  0  0.000214066
4.9755e+13  0  1658.5  3.47574  0  0  4.29468  0  2.28182  0.00167351  0  0  0.0024478  0  0.000213872
4.9764e+13  0  1658.8  3.47599  0  0  4.29504  0  2.28189  0.00167221  0  0  0.00244626  0  0.000213679
4.9773e+13  0  1659.1  3.47624  0  0  4.29541  0  2.28195  0.00167091  0  0  0.00244472  0  0.000213486
4.9782e+13  0  1659.4  3.47649  0  0  4.29578  0  2.28201  0.00166962  0  0  0.00244318  0  0.000213293
4.9791e+13  0  1659.7  3.47674  0  0  4.29614  0  2.28208  0.00166832  0  0  0.00244164  0  0.0002131
4.98e+13  0  1660  3.47699  0  0  4.29651  0  2.28214  0.00166703  0  0  0.0024401  0  0.000212908
4.9809e+13  0  1660.3  3.47724  0  0  4.29688  0  2.28221  0.00166574  0  0  0.00243857  0  0.000212715
4.9818e+13  0  1660.6  3.47749  0  0  4.29724  0  2.28227  0.00166445  0  0  0.00243703  0  0.000212524
4.9827e+13  0  1660.9  3.47774  0  0  4.29761  0  2.28233  0.00166316  0  0  0.0024355  0  0.000212332
4.9836e+13  0  1661.2  3.47799  0  0  4.29797  0  2.2824  0.00166187  0  0  0.00243397  0  0.00021214
4.9845e+13  0  1661.5  3.47824  0  0  4.29834  0  2.28246  0.00166058  0  0  0.00243244  0  0.000211949
4.9854e+13  0  1661.8  3.47849  0  0  4.2987  0  2.28252  0.0016593  0  0  0.00243091  0  0.000211758
4.9863e+13  0  1662.1  3.47874  0  0  4.29907  0  2.28259  0.00165801  0  0  0.00242938  0  0.000211568
4.9872e+13  0  1662.4  3.47899  0  0  4.29943  0  2.28265  0.00165673  0  0  0.00242786  0  0.000211377
4.9881e+13  0  1662.7  3.47924  0  0  4.29979  0  2.28271  0.00165545  0  0  0.00242633  0  0.000211187
4.989e+13  0  1663  3.47949  0  0  4.30016  0  2.28278  0.00165417  0  0  0.00242481  0  0.000210997
4.9899e+13  0  1663.3  3.47973  0  0  4.30052  0  2.28284  0.00165289  0  0  0.00242329  0  0.000210807
4.9908e+13  0  1663.6  3.47998  0  0  4.30089  0  2.2829  0.00165162  0  0  0.00242177  0  0.000210618
4.9917e+13  0  1663.9  3.48023  0  0  4.30125  0  2.28297  0.00165034  0  0  0.00242025  0  0.000210429
4.9926e+13  0  1664.2  3.48048  0  0  4.30161  0  2.28303  0.00164907  0  0  0.00241873  0  0.00021024
4.9935e+13  0  1664.5  3.48072  0  0  4.30197  0  2.28309  0.0016478  0  0  0.00241721  0  0.000210051
4.9944e+13  0  1664.8  3.48097  0  0  4.30234  0  2.28316  0.00164653  0  0  0.0024157  0  0.000209863
4.9953e+13  0  1665.1  3.48122  0  0  4.3027  0  2.28322  0.00164526  0  0  0.00241418  0  0.000209675
4.9962e+13  0  1665.4  3.48146  0  0  4.30306  0  2.28328  0.00164399  0  0  0.00241267  0  0.000209487
4.9971e+13  0  1665.7  3.48171  0  0  4.30342  0  2.28335  0.00164272  0  0  0.00241116  0  0.000209299
4.998e+13  0  1666  3.48196  0  0  4.30378  0  2.28341  0.00164146  0  0  0.00240965  0  0.000209111
4.9989e+13  0  1666.3  3.4822  0  0  4.30415  0  2.28347  0.00164019  0  0  0.00240814  0  0.000208924
4.9998e+13  0  1666.6  3.48245  0  0  4.30451  0  2.28353  0.00163893  0  0  0.00240663  0  0.000208737
5.0007e+13  0  1666.9  3.48269  0  0  4.30487  0  2.2836  0.00163767  0  0  0.00240512  0  0.00020855
5.0016e+13  0  1667.2  3.48294  0  0  4.30523  0  2.28366  0.00163641  0  0  0.00240362  0  0.000208364
5.0025e+13  0  1667.5  3.48319  0  0  4.30559  0  2.28372  0.00163515  0  0  0.00240211  0  0.000208177
5.0034e+13  0  1667.8  3.48343  0  0  4.30595  0  2.28378  0.00163389  0  0  0.00240061  0  0.000207991
5.0043e+13  0  1668.1  3.48368  0  0  4.30631  0  2.28385  0.00163264  0  0  0.00239911  0  0.000207806
5.0052e+13  0  1668.4  3.48392  0  0  4.30667  0  2.28391  0.00163138  0  0  0.00239761  0  0.00020762
5.0061e+13  0  1668.7  3.48417  0  0  4.30703  0  2.28397  0.00163013  0  0  0.00239611  0  0.000207435
5.007e+13  0  1669  3.48441  0  0  4.30739  0  2.28403  0.00162888  0  0  0.00239461  0  0.00020725
5.0079e+13  0  1669.3  3.48465  0  0  4.30775  0  2.28409  0.00162763  0  0  0.00239312  0  0.000207065
5.0088e+13  0  1669.6  3.4849  0  0  4.30811  0  2.28416  0.00162638  0  0  0.00239162  0  0.00020688
5.0097e+13  0  1669.9  3.48514  0  0  4.30846  0  2.28422  0.00162513  0  0  0.00239013  0  0.000206696
5.0106e+13  0  1670.2  3.48539  0  0  4.30882  0  2.28428  0.00162388  0  0  0.00238864  0  0.000206512
5.0115e+13  0  1670.5  3.48563  0  0  4.30918  0  2.28434  0.00162264  0  0  0.00238715  0  0.000206328
5.0124e+13  0  1670.8  3.48587  0  0  4.30954  0  2.2844  0.0016214  0  0  0.00238566  0  0.000206144
5.0133e+13  0  1671.1  3.48612  0  0  4.3099  0  2.28447  0.00162015  0  0  0.00238417  0  0.000205961
5.0142e+13  0  1671.4  3.48636  0  0  4.31025  0  2.28453  0.00161891  0  0  0.00238268  0  0.000205777
5.0151e+13  0  1671.7  3.4866  0  0  4.31061  0  2.28459  0.00161767  0  0  0.0023812  0  0.000205594
5.016e+13  0  1672  3.48684  0  0  4.31097  0  2.28465  0.00161644  0  0  0.00237971  0  0.000205412
5.0169e+13  0  1672.3  3.48709  0  0  4.31132  0  2.28471  0.0016152  0  0  0.00237823  0  0.000205229
5.0178e+13  0  1672.6  3.48733  0  0  4.31168  0  2.28477  0.00161396  0  0  0.00237675  0  0.000205047
5.0187e+13  0  1672.9  3.48757  0  0  4.31204  0  2.28484  0.00161273  0  0  0.00237526  0  0.000204865
5.0196e+13  0  1673.2  3.48781  0  0  4.31239  0  2.2849  0.0016115  0  0  0.00237378  0  0.000204683
5.0205e+13  0  1673.5  3.48805  0  0  4.31275  0  2.28496  0.00161026  0  0  0.00237231  0  0.000204501
5.0214e+13  0  1673.8  3.4883  0  0  4.31311  0  2.28502  0.00160903  0  0  0.00237083  0  0.00020432
5.0223e+13  0  1674.1  3.48854  0  0  4.31346  0  2.28508  0.00160781  0  0  0.00236935  0  0.000204139
5.0232e+13  0  1674.4  3.48878  0  0  4.31382  0  2.28514  0.00160658  0  0  0.00236788  0  0.000203958
5.0241e+13  0  1674.7  3.48902  0  0  4.31417  0  2.2852  0.00160535  0  0  0.00236641  0  0.000203777
5.025e+13  0  1675  3.48926  0  0  4.31453  0  2.28526  0.00160413  0  0  0.00236493  0  0.000203597
5.0259e+13  0  1675.3  3.4895  0  0  4.31488  0  2.28533  0.0016029  0  0  0.00236346  0  0.000203417
5.0268e+13  0  1675.6  3.48974  0  0  4.31524  0  2.28539  0.00160168  0  0  0.00236199  0  0.000203237
5.0277e+13  0  1675.9  3.48998  0  0  4.31559  0  2.28545  0.00160046  0  0  0.00236053  0  0.000203057
5.0286e+13  0  1676.2  3.49022  0  0  4.31594  0  2.28551  0.00159924  0  0  0.00235906  0  0.000202878
5.0295e+13  0  1676.5  3.49046  0  0  4.3163  0  2.28557  0.00159802  0  0  0.00235759  0  0.000202698
5.0304e+13  0  1676.8  3.4907  0  0  4.31665  0  2.28563  0.00159681  0  0  0.00235613  0  0.000202519
5.0313e+13  0  1677.1  3.49094  0  0  4.317  0  2.28569  0.00159559  0  0  0.00235467  0  0.000202341
5.0322e+13  0  1677.4  3.49118  0  0  4.31736  0  2.28575  0.00159438  0  0  0.0023532  0  0.000202162
5.0331e+13  0  1677.7  3.49142  0  0  4.31771  0  2.28581  0.00159316  0  0  0.00235174  0  0.000201984
5.034e+13  0  1678  3.49166  0  0  4.31806  0  2.28587  0.00159195  0  0  0.00235028  0  0.000201805
5.0349e+13  0  1678.3  3.49189  0  0  4.31842  0  2.28593  0.00159074  0  0  0.00234883  0  0.000201628
5.0358e+13  0  1678.6  3.49213  0  0  4.31877  0  2.28599  0.00158953  0  0  0.00234737  0  0.00020145
5.0367e+13  0  1678.9  3.49237  0  0  4.31912  0  2.28605  0.00158832  0  0  0.00234591  0  0.000201272
5.0376e+13  0  1679.2  3.49261  0  0  4.31947  0  2.28611  0.00158712  0  0  0.00234446  0  0.000201095
5.0385e+13  0  1679.5  3.49285  0  0  4.31982  0  2.28617  0.00158591  0  0  0.00234301  0  0.000200918
5.0394e+13  0  1679.8  3.49309  0  0  4.32017  0  2.28624  0.00158471  0  0  0.00234155  0  0.000200741
5.0403e+13  0  1680.1  3.49332  0  0  4.32053  0  2.2863  0.00158351  0  0  0.0023401  0  0.000200565
5.0412e+13  0  1680.4  3.49356  0  0  4.32088  0  2.28636  0.00158231  0  0  0.00233865  0  0.000200388
5.0421e+13  0  1680.7  3.4938  0  0  4.32123  0  2.28642  0.00158111  0  0  0.0023372  0  0.000200212
5.043e+13  0  1681  3.49403  0  0  4.32158  0  2.28648  0.00157991  0  0  0.00233576  0  0.000200036
5.0439e+13  0  1681.3  3.49427  0  0  4.32193  0  2.28654  0.00157871  0  0  0.00233431  0  0.000199861
5.0448e+13  0  1681.6  3.49451  0  0  4.32228  0  2.2866  0.00157751  0  0  0.00233287  0  0.000199685
5.0457e+13  0  1681.9  3.49475  0  0  4.32263  0  2.28666  0.00157632  0  0  0.00233142  0  0.00019951
5.0466e+13  0  1682.2  3.49498  0  0  4.32298  0  2.28672  0.00157512  0  0  0.00232998  0  0.000199335
5.0475e+13  0  1682.5  3.49522  0  0  4.32333  0  2.28678  0.00157393  0  0  0.00232854  0  0.00019916
5.0484e+13  0  1682.8  3.49545  0  0  4.32368  0  2.28683  0.00157274  0  0  0.0023271  0  0.000198986
5.0493e+13  0  1683.1  3.49569  0  0  4.32402  0  2.28689  0.00157155  0  0  0.00232566  0  0.000198811
5.0502e+13  0  1683.4  3.49593  0  0  4.32437  0  2.28695  0.00157036  0  0  0.00232423  0  0.000198637
5.0511e+13  0  1683.7  3.49616  0  0  4.32472  0  2.28701  0.00156918  0  0  0.00232279  0  0.000198463
5.052e+13  0  1684  3.4964  0  0  4.32507  0  2.28707  0.00156799  0  0  0.00232136  0  0.00019829
5.0529e+13  0  1684.3  3.49663  0  0  4.32542  0  2.28713  0.00156681  0  0  0.00231992  0  0.000198116
5.0538e+13  0  1684.6  3.49687  0  0  4.32577  0  2.28719  0.00156562  0  0  0.00231849  0  0.000197943
5.0547e+13  0  1684.9  3.4971  0  0  4.32611  0  2.28725  0.00156444  0  0  0.00231706  0  0.00019777
5.0556e+13  0  1685.2  3.49734  0  0  4.32646  0  2.28731  0.00156326  0  0  0.00231563  0  0.000197597
5.0565e+13  0  1685.5  3.49757  0  0  4.32681  0  2.28737  0.00156208  0  0  0.0023142  0  0.000197424
5.0574e+13  0  1685.8  3.4978  0  0  4.32716  0  2.28743  0.0015609  0  0  0.00231277  0  0.000197252
5.0583e+13  0  1686.1  3.49804  0  0  4.3275  0  2.28749  0.00155972  0  0  0.00231135  0  0.00019708
5.0592e+13  0  1686.4  3.49827  0  0  4.32785  0  2.28755  0.00155855  0  0  0.00230992  0  0.000196908
5.0601e+13  0  1686.7  3.49851  0  0  4.3282  0  2.28761  0.00155737  0  0  0.0023085  0  0.000196736
5.061e+13  0  1687  3.49874  0  0  4.32854  0  2.28767  0.0015562  0  0  0.00230707  0  0.000196565
5.0619e+13  0  1687.3  3.49897  0  0  4.32889  0  2.28772  0.00155503  0  0  0.00230565  0  0.000196393
5.0628e+13  0  1687.6  3.49921  0  0  4.32923  0  2.28778  0.00155386  0  0  0.00230423  0  0.000196222
5.0637e+13  0  1687.9  3.49944  0  0  4.32958  0  2.28784  0.00155269  0  0  0.00230281  0  0.000196051
5.0646e+13  0  1688.2  3.49967  0  0  4.32992  0  2.2879  0.00155152  0  0  0.0023014  0  0.000195881
5.0655e+13  0  1688.5  3.4999  0  0  4.33027  0  2.28796  0.00155035  0  0  0.00229998  0  0.00019571
5.0664e+13  0  1688.8  3.50014  0  0  4.33061  0  2.28802  0.00154919  0  0  0.00229856  0  0.00019554
5.0673e+13  0  1689.1  3.50037  0  0  4.33096  0  2.28808  0.00154802  0  0  0.00229715  0  0.00019537
5.0682e+13  0  1689.4  3.5006  0  0  4.3313  0  2.28814  0.00154686  0  0  0.00229574  0  0.0001952
5.0691e+13  0  1689.7  3.50083  0  0  4.33165  0  2.28819  0.0015457  0  0  0.00229432  0  0.000195031
5.07e+13  0  1690  3.50106  0  0  4.33199  0  2.28825  0.00154454  0  0  0.00229291  0  0.000194861
5.0709e+13  0  1690.3  3.5013  0  0  4.33233  0  2.28831  0.00154338  0  0  0.0022915  0  0.000194692
5.0718e+13  0  1690.6  3.50153  0  0  4.33268  0  2.28837  0.00154222  0  0  0.0022901  0  0.000194523
5.0727e+13  0  1690.9  3.50176  0  0  4.33302  0  2.28843  0.00154106  0  0  0.00228869  0  0.000194354
5.0736e+13  0  1691.2  3.50199  0  0  4.33337  0  2.28849  0.00153991  0  0  0.00228728  0  0.000194186
5.0745e+13  0  1691.5  3.50222  0  0  4.33371  0  2.28854  0.00153875  0  0  0.00228588  0  0.000194017
5.0754e+13  0  1691.8  3.50245  0  0  4.33405  0  2.2886  0.0015376  0  0  0.00228448  0  0.000193849
5.0763e+13  0  1692.1  3.50268  0  0  4.33439  0  2.28866  0.00153645  0  0  0.00228307  0  0.000193681
5.0772e+13  0  1692.4  3.50291  0  0  4.33474  0  2.28872  0.00153529  0  0  0.00228167  0  0.000193514
5.0781e+13  0  1692.7  3.50314  0  0  4.33508  0  2.28878  0.00153414  0  0  0.00228027  0  0.000193346
5.079e+13  0  1693  3.50337  0  0  4.33542  0  2.28883  0.001533  0  0  0.00227887  0  0.000193179
5.0799e+13  0  1693.3  3.5036  0  0  4.33576  0  2.28889  0.00153185  0  0  0.00227748  0  0.000193012
5.0808e+13  0  1693.6  3.50383  0  0  4.3361  0  2.28895  0.0015307  0  0  0.00227608  0  0.000192845
5.0817e+13  0  1693.9  3.50406  0  0  4.33644  0  2.28901  0.00152956  0  0  0.00227468  0  0.000192678
5.0826e+13  0  1694.2  3.50429  0  0  4.33679  0  2.28907  0.00152841  0  0  0.00227329  0  0.000192512
5.0835e+13  0  1694.5  3.50452  0  0  4.33713  0  2.28912  0.00152727  0  0  0.0022719  0  0.000192346
5.0844e+13  0  1694.8  3.50475  0  0  4.33747  0  2.28918  0.00152613  0  0  0.00227051  0  0.000192179
5.0853e+13  0  1695.1  3.50498  0  0  4.33781  0  2.28924  0.00152499  0  0  0.00226911  0  0.000192014
5.0862e+13  0  1695.4  3.50521  0  0  4.33815  0  2.2893  0.00152385  0  0  0.00226773  0  0.000191848
5.0871e+13  0  1695.7  3.50544  0  0  4.33849  0  2.28935  0.00152271  0  0  0.00226634  0  0.000191683
5.088e+13  0  1696  3.50566  0  0  4.33883  0  2.28941  0.00152158  0  0  0.00226495  0  0.000191517
5.0889e+13  0  1696.3  3.50589  0  0  4.33917  0  2.28947  0.00152044  0  0  0.00226356  0  0.000191352
5.0898e+13  0  1696.6  3.50612  0  0  4.33951  0  2.28953  0.00151931  0  0  0.00226218  0  0.000191187
5.0907e+13  0  1696.9  3.50635  0  0  4.33985  0  2.28958  0.00151817  0  0  0.0022608  0  0.000191023
5.0916e+13  0  1697.2  3.50658  0  0  4.34019  0  2.28964  0.00151704  0  0  0.00225941  0  0.000190858
5.0925e+13  0  1697.5  3.5068  0  0  4.34052  0  2.2897  0.00151591  0  0  0.00225803  0  0.000190694
5.0934e+13  0  1697.8  3.50703  0  0  4.34086  0  2.28976  0.00151478  0  0  0.00225665  0  0.00019053
5.0943e+13  0  1698.1  3.50726  0  0  4.3412  0  2.28981  0.00151365  0  0  0.00225527  0  0.000190366
5.0952e+13  0  1698.4  3.50748  0  0  4.34154  0  2.28987  0.00151253  0  0  0.0022539  0  0.000190203
5.0961e+13  0  1698.7  3.50771  0  0  4.34188  0  2.28993  0.0015114  0  0  0.00225252  0  0.000190039
5.097e+13  0  1699  3.50794  0  0  4.34221  0  2.28998  0.00151028  0  0  0.00225114  0  0.000189876
5.0979e+13  0  1699.3  3.50816  0  0  4.34255  0  2.29004  0.00150915  0  0  0.00224977  0  0.000189713
5.0988e+13  0  1699.6  3.50839  0  0  4.34289  0  2.2901  0.00150803  0  0  0.0022484  0  0.00018955
5.0997e+13  0  1699.9  3.50862  0  0  4.34323  0  2.29015  0.00150691  0  0  0.00224702  0  0.000189388
5.1006e+13  0  1700.2  3.50884  0  0  4.34356  0  2.29021  0.00150579  0  0  0.00224565  0  0.000189225
5.1015e+13  0  1700.5  3.50907  0  0  4.3439  0  2.29027  0.00150467  0  0  0.00224428  0  0.000189063
5.1024e+13  0  1700.8  3.50929  0  0  4.34424  0  2.29032  0.00150356  0  0  0.00224292  0  0.000188901
5.1033e+13  0  1701.1  3.50952  0  0  4.34457  0  2.29038  0.00150244  0  0  0.00224155  0  0.000188739
5.1042e+13  0  1701.4  3.50974  0  0  4.34491  0  2.29044  0.00150132  0  0  0.00224018  0  0.000188578
5.1051e+13  0  1701.7  3.50997  0  0  4.34525  0  2.29049  0.00150021  0  0  0.00223882  0  0.000188416
5.106e+13  0  1702  3.51019  0  0  4.34558  0  2.29055  0.0014991  0  0  0.00223745  0  0.000188255
5.1069e+13  0  1702.3  3.51042  0  0  4.34592  0  2.29061  0.00149799  0  0  0.00223609  0  0.000188094
5.1078e+13  0  1702.6  3.51064  0  0  4.34625  0  2.29066  0.00149687  0  0  0.00223473  0  0.000187933
5.1087e+13  0  1702.9  3.51087  0  0  4.34659  0  2.29072  0.00149577  0  0  0.00223337  0  0.000187773
5.1096e+13  0  1703.2  3.51109  0  0  4.34692  0  2.29078  0.00149466  0  0  0.00223201  0  0.000187612
5.1105e+13  0  1703.5  3.51132  0  0  4.34726  0  2.29083  0.00149355  0  0  0.00223065  0  0.000187452
5.1114e+13  0  1703.8  3.51154  0  0  4.34759  0  2.29089  0.00149244  0  0  0.00222929  0  0.000187292
5.1123e+13  0  1704.1  3.51176  0  0  4.34793  0  2.29095  0.00149134  0  0  0.00222794  0  0.000187132
5.1132e+13  0  1704.4  3.51199  0  0  4.34826  0  2.291  0.00149024  0  0  0.00222658  0  0.000186973
5.1141e+13  0  1704.7  3.51221  0  0  4.34859  0  2.29106  0.00148913  0  0  0.00222523  0  0.000186813
5.115e+13  0  1705  3.51243  0  0  4.34893  0  2.29111  0.00148803  0  0  0.00222388  0  0.000186654
5.1159e+13  0  1705.3  3.51266  0  0  4.34926  0  2.29117  0.00148693  0  0  0.00222252  0  0.000186495
5.1168e+13  0  1705.6  3.51288  0  0  4.34959  0  2.29123  0.00148583  0  0  0.00222117  0  0.000186336
5.1177e+13  0  1705.9  3.5131  0  0  4.34993  0  2.29128  0.00148474  0  0  0.00221983  0  0.000186178
5.1186e+13  0  1706.2  3.51333  0  0  4.35026  0  2.29134  0.00148364  0  0  0.00221848  0  0.000186019
5.1195e+13  0  1706.5  3.51355  0  0  4.35059  0  2.29139  0.00148254  0  0  0.00221713  0  0.000185861
5.1204e+13  0  1706.8  3.51377  0  0  4.35093  0  2.29145  0.00148145  0  0  0.00221578  0  0.000185703
5.1213e+13  0  1707.1  3.51399  0  0  4.35126  0  2.2915  0.00148036  0  0  0.00221444  0  0.000185545
5.1222e+13  0  1707.4  3.51421  0  0  4.35159  0  2.29156  0.00147927  0  0  0.0022131  0  0.000185387
5.1231e+13  0  1707.7  3.51444  0  0  4.35192  0  2.29162  0.00147817  0  0  0.00221175  0  0.00018523
5.124e+13  0  1708  3.51466  0  0  4.35225  0  2.29167  0.00147708  0  0  0.00221041  0  0.000185072
5.1249e+13  0  1708.3  3.51488  0  0  4.35258  0  2.29173  0.001476  0  0  0.00220907  0  0.000184915
5.1258e+13  0  1708.6  3.5151  0  0  4.35292  0  2.29178  0.00147491  0  0  0.00220773  0  0.000184758
5.1267e+13  0  1708.9  3.51532  0  0  4.35325  0  2.29184  0.00147382  0  0  0.00220639  0  0.000184602
5.1276e+13  0  1709.2  3.51554  0  0  4.35358  0  2.29189  0.00147274  0  0  0.00220506  0  0.000184445
5.1285e+13  0  1709.5  3.51576  0  0  4.35391  0  2.29195  0.00147165  0  0  0.00220372  0  0.000184289
5.1294e+13  0  1709.8  3.51598  0  0  4.35424  0  2.292  0.00147057  0  0  0.00220239  0  0.000184133
5.1303e+13  0  1710.1  3.51621  0  0  4.35457  0  2.29206  0.00146949  0  0  0.00220105  0  0.000183977
5.1312e+13  0  1710.4  3.51643  0  0  4.3549  0  2.29211  0.00146841  0  0  0.00219972  0  0.000183821
5.1321e+13  0  1710.7  3.51665  0  0  4.35523  0  2.29217  0.00146733  0  0  0.00219839  0  0.000183665
5.133e+13  0  1711  3.51687  0  0  4.35556  0  2.29222  0.00146625  0  0  0.00219706  0  0.00018351
5.1339e+13  0  1711.3  3.51709  0  0  4.35589  0  2.29228  0.00146517  0  0  0.00219573  0  0.000183355
5.1348e+13  0  1711.6  3.51731  0  0  4.35622  0  2.29233  0.0014641  0  0  0.0021944  0  0.0001832
5.1357e+13  0  1711.9  3.51752  0  0  4.35655  0  2.29239  0.00146302  0  0  0.00219308  0  0.000183045
5.1366e+13  0  1712.2  3.51774  0  0  4.35688  0  2.29244  0.00146195  0  0  0.00219175  0  0.00018289
5.1375e+13  0  1712.5  3.51796  0  0  4.3572  0  2.2925  0.00146087  0  0  0.00219043  0  0.000182736
5.1384e+13  0  1712.8  3.51818  0  0  4.35753  0  2.29255  0.0014598  0  0  0.0021891  0  0.000182582
5.1393e+13  0  1713.1  3.5184  0  0  4.35786  0  2.29261  0.00145873  0  0  0.00218778  0  0.000182427
5.1402e+13  0  1713.4  3.51862  0  0  4.35819  0  2.29266  0.00145766  0  0  0.00218646  0  0.000182274
5.1411e+13  0  1713.7  3.51884  0  0  4.35852  0  2.29272  0.00145659  0  0  0.00218514  0  0.00018212
5.142e+13  0  1714  3.51906  0  0  4.35884  0  2.29277  0.00145553  0  0  0.00218382  0  0.000181966
5.1429e+13  0  1714.3  3.51928  0  0  4.35917  0  2.29283  0.00145446  0  0  0.0021825  0  0.000181813
5.1438e+13  0  1714.6  3.51949  0  0  4.3595  0  2.29288  0.0014534  0  0  0.00218118  0  0.00018166
5.1447e+13  0  1714.9  3.51971  0  0  4.35983  0  2.29294  0.00145233  0  0  0.00217987  0  0.000181507
5.1456e+13  0  1715.2  3.51993  0  0  4.36015  0  2.29299  0.00145127  0  0  0.00217855  0  0.000181354
5.1465e+13  0  1715.5  3.52015  0  0  4.36048  0  2.29304  0.00145021  0  0  0.00217724  0  0.000181202
5.1474e+13  0  1715.8  3.52036  0  0  4.36081  0  2.2931  0.00144915  0  0  0.00217593  0  0.000181049
5.1483e+13  0  1716.1  3.52058  0  0  4.36113  0  2.29315  0.00144809  0  0  0.00217461  0  0.000180897
5.1492e+13  0  1716.4  3.5208  0  0  4.36146  0  2.29321  0.00144703  0  0  0.0021733  0  0.000180745
5.1501e+13  0  1716.7  3.52102  0  0  4.36178  0  2.29326  0.00144597  0  0  0.00217199  0  0.000180593
5.151e+13  0  1717  3.52123  0  0  4.36211  0  2.29332  0.00144491  0  0  0.00217069  0  0.000180441
5.1519e+13  0  1717.3  3.52145  0  0  4.36244  0  2.29337  0.00144386  0  0  0.00216938  0  0.00018029
5.1528e+13  0  1717.6  3.52167  0  0  4.36276  0  2.29342  0.0014428  0  0  0.00216807  0  0.000180139
5.1537e+13  0  1717.9  3.52188  0  0  4.36309  0  2.29348  0.00144175  0  0  0.00216677  0  0.000179987
5.1546e+13  0  1718.2  3.5221  0  0  4.36341  0  2.29353  0.0014407  0  0  0.00216546  0  0.000179836
5.1555e+13  0  1718.5  3.52231  0  0  4.36374  0  2.29359  0.00143965  0  0  0.00216416  0  0.000179686
5.1564e+13  0  1718.8  3.52253  0  0  4.36406  0  2.29364  0.0014386  0  0  0.00216286  0  0.000179535
5.1573e+13  0  1719.1  3.52275  0  0  4.36438  0  2.29369  0.00143755  0  0  0.00216156  0  0.000179385
5.1582e+13  0  1719.4  3.52296  0  0  4.36471  0  2.29375  0.0014365  0  0  0.00216026  0  0.000179234
5.1591e+13  0  1719.7  3.52318  0  0  4.36503  0  2.2938  0.00143546  0  0  0.00215896  0  0.000179084
5.16e+13  0  1720  3.52339  0  0  4.36536  0  2.29385  0.00143441  0  0  0.00215766  0  0.000178935
5.1609e+13  0  1720.3  3.52361  0  0  4.36568  0  2.29391  0.00143337  0  0  0.00215637  0  0.000178785
5.1618e+13  0  1720.6  3.52382  0  0  4.366  0  2.29396  0.00143232  0  0  0.00215507  0  0.000178635
5.1627e+13  0  1720.9  3.52404  0  0  4.36633  0  2.29402  0.00143128  0  0  0.00215378  0  0.000178486
5.1636e+13  0  1721.2  3.52425  0  0  4.36665  0  2.29407  0.00143024  0  0  0.00215248  0  0.000178337
5.1645e+13  0  1721.5  3.52447  0  0  4.36697  0  2.29412  0.0014292  0  0  0.00215119  0  0.000178188
5.1654e+13  0  1721.8  3.52468  0  0  4.36729  0  2.29418  0.00142816  0  0  0.0021499  0  0.000178039
5.1663e+13  0  1722.1  3.52489  0  0  4.36762  0  2.29423  0.00142712  0  0  0.00214861  0  0.000177891
5.1672e+13  0  1722.4  3.52511  0  0  4.36794  0  2.29428  0.00142609  0  0  0.00214732  0  0.000177742
5.1681e+13  0  1722.7  3.52532  0  0  4.36826  0  2.29434  0.00142505  0  0  0.00214603  0  0.000177594
5.169e+13  0  1723  3.52554  0  0  4.36858  0  2.29439  0.00142402  0  0  0.00214475  0  0.000177446
5.1699e+13  0  1723.3  3.52575  0  0  4.3689  0  2.29444  0.00142298  0  0  0.00214346  0  0.000177298
5.1708e+13  0  1723.6  3.52596  0  0  4.36923  0  2.2945  0.00142195  0  0  0.00214218  0  0.00017715
5.1717e+13  0  1723.9  3.52618  0  0  4.36955  0  2.29455  0.00142092  0  0  0.00214089  0  0.000177003
5.1726e+13  0  1724.2  3.52639  0  0  4.36987  0  2.2946  0.00141989  0  0  0.00213961  0  0.000176855
5.1735e+13  0  1724.5  3.5266  0  0  4.37019  0  2.29465  0.00141886  0  0  0.00213833  0  0.000176708
5.1744e+13  0  1724.8  3.52681  0  0  4.37051  0  2.29471  0.00141783  0  0  0.00213705  0  0.000176561
5.1753e+13  0  1725.1  3.52703  0  0  4.37083  0  2.29476  0.0014168  0  0  0.00213577  0  0.000176414
5.1762e+13  0  1725.4  3.52724  0  0  4.37115  0  2.29481  0.00141578  0  0  0.00213449  0  0.000176267
5.1771e+13  0  1725.7  3.52745  0  0  4.37147  0  2.29487  0.00141475  0  0  0.00213321  0  0.000176121
5.178e+13  0  1726  3.52766  0  0  4.37179  0  2.29492  0.00141373  0  0  0.00213194  0  0.000175975
5.1789e+13  0  1726.3  3.52788  0  0  4.37211  0  2.29497  0.0014127  0  0  0.00213066  0  0.000175829
5.1798e+13  0  1726.6  3.52809  0  0  4.37243  0  2.29502  0.00141168  0  0  0.00212939  0  0.000175683
5.1807e+13  0  1726.9  3.5283  0  0  4.37275  0  2.29508  0.00141066  0  0  0.00212811  0  0.000175537
5.1816e+13  0  1727.2  3.52851  0  0  4.37307  0  2.29513  0.00140964  0  0  0.00212684  0  0.000175391
5.1825e+13  0  1727.5  3.52872  0  0  4.37339  0  2.29518  0.00140862  0  0  0.00212557  0  0.000175246
5.1834e+13  0  1727.8  3.52893  0  0  4.37371  0  2.29524  0.0014076  0  0  0.0021243  0  0.0001751
5.1843e+13  0  1728.1  3.52914  0  0  4.37402  0  2.29529  0.00140659  0  0  0.00212303  0  0.000174955
5.1852e+13  0  1728.4  3.52936  0  0  4.37434  0  2.29534  0.00140557  0  0  0.00212176  0  0.00017481
5.1861e+13  0  1728.7  3.52957  0  0  4.37466  0  2.29539  0.00140456  0  0  0.0021205  0  0.000174666
5.187e+13  0  1729  3.52978  0  0  4.37498  0  2.29544  0.00140354  0  0  0.00211923  0  0.000174521
5.1879e+13  0  1729.3  3.52999  0  0  4.3753  0  2.2955  0.00140253  0  0  0.00211796  0  0.000174377
5.1888e+13  0  1729.6  3.5302  0  0  4.37561  0  2.29555  0.00140152  0  0  0.0021167  0  0.000174232
5.1897e+13  0  1729.9  3.53041  0  0  4.37593  0  2.2956  0.00140051  0  0  0.00211544  0  0.000174088
5.1906e+13  0  1730.2  3.53062  0  0  4.37625  0  2.29565  0.0013995  0  0  0.00211418  0  0.000173944
5.1915e+13  0  1730.5  3.53083  0  0  4.37657  0  2.29571  0.00139849  0  0  0.00211292  0  0.000173801
5.1924e+13  0  1730.8  3.53104  0  0  4.37688  0  2.29576  0.00139748  0  0  0.00211166  0  0.000173657
5.1933e+13  0  1731.1  3.53125  0  0  4.3772  0  2.29581  0.00139647  0  0  0.0021104  0  0.000173514
5.1942e+13  0  1731.4  3.53146  0  0  4.37752  0  2.29586  0.00139547  0  0  0.00210914  0  0.00017337
5.1951e+13  0  1731.7  3.53167  0  0  4.37783  0  2.29591  0.00139446  0  0  0.00210788  0  0.000173227
5.196e+13  0  1732  3.53187  0  0  4.37815  0  2.29597  0.00139346  0  0  0.00210663  0  0.000173085
5.1969e+13  0  1732.3  3.53208  0  0  4.37846  0  2.29602  0.00139246  0  0  0.00210537  0  0.000172942
5.1978e+13  0  1732.6  3.53229  0  0  4.37878  0  2.29607  0.00139146  0  0  0.00210412  0  0.000172799
5.1987e+13  0  1732.9  3.5325  0  0  4.3791  0  2.29612  0.00139046  0  0  0.00210287  0  0.000172657
5.1996e+13  0  1733.2  3.53271  0  0  4.37941  0  2.29617  0.00138946  0  0  0.00210162  0  0.000172515
5.2005e+13  0  1733.5  3.53292  0  0  4.37973  0  2.29623  0.00138846  0  0  0.00210036  0  0.000172373
5.2014e+13  0  1733.8  3.53313  0  0  4.38004  0  2.29628  0.00138746  0  0  0.00209912  0  0.000172231
5.2023e+13  0  1734.1  3.53333  0  0  4.38036  0  2.29633  0.00138646  0  0  0.00209787  0  0.000172089
5.2032e+13  0  1734.4  3.53354  0  0  4.38067  0  2.29638  0.00138547  0  0  0.00209662  0  0.000171948
5.2041e+13  0  1734.7  3.53375  0  0  4.38098  0  2.29643  0.00138447  0  0  0.00209537  0  0.000171806
5.205e+13  0  1735  3.53396  0  0  4.3813  0  2.29648  0.00138348  0  0  0.00209413  0  0.000171665
5.2059e+13  0  1735.3  3.53416  0  0  4.38161  0  2.29653  0.00138249  0  0  0.00209288  0  0.000171524
5.2068e+13  0  1735.6  3.53437  0  0  4.38193  0  2.29659  0.0013815  0  0  0.00209164  0  0.000171383
5.2077e+13  0  1735.9  3.53458  0  0  4.38224  0  2.29664  0.00138051  0  0  0.0020904  0  0.000171242
5.2086e+13  0  1736.2  3.53479  0  0  4.38255  0  2.29669  0.00137952  0  0  0.00208916  0  0.000171102
5.2095e+13  0  1736.5  3.53499  0  0  4.38287  0  2.29674  0.00137853  0  0  0.00208792  0  0.000170961
5.2104e+13  0  1736.8  3.5352  0  0  4.38318  0  2.29679  0.00137754  0  0  0.00208668  0  0.000170821
5.2113e+13  0  1737.1  3.53541  0  0  4.38349  0  2.29684  0.00137656  0  0  0.00208544  0  0.000170681
5.2122e+13  0  1737.4  3.53561  0  0  4.38381  0  2.29689  0.00137557  0  0  0.0020842  0  0.000170541
5.2131e+13  0  1737.7  3.53582  0  0  4.38412  0  2.29695  0.00137459  0  0  0.00208297  0  0.000170402
5.214e+13  0  1738  3.53603  0  0  4.38443  0  2.297  0.0013736  0  0  0.00208173  0  0.000170262
5.2149e+13  0  1738.3  3.53623  0  0  4.38474  0  2.29705  0.00137262  0  0  0.0020805  0  0.000170123
5.2158e+13  0  1738.6  3.53644  0  0  4.38505  0  2.2971  0.00137164  0  0  0.00207926  0  0.000169983
5.2167e+13  0  1738.9  3.53664  0  0  4.38537  0  2.29715  0.00137066  0  0  0.00207803  0  0.000169844
5.2176e+13  0  1739.2  3.53685  0  0  4.38568  0  2.2972  0.00136968  0  0  0.0020768  0  0.000169705
5.2185e+13  0  1739.5  3.53705  0  0  4.38599  0  2.29725  0.0013687  0  0  0.00207557  0  0.000169567
5.2194e+13  0  1739.8  3.53726  0  0  4.3863  0  2.2973  0.00136772  0  0  0.00207434  0  0.000169428
5.2203e+13  0  1740.1  3.53746  0  0  4.38661  0  2.29735  0.00136675  0  0  0.00207311  0  0.00016929
5.2212e+13  0  1740.4  3.53767  0  0  4.38692  0  2.2974  0.00136577  0  0  0.00207188  0  0.000169151
5.2221e+13  0  1740.7  3.53787  0  0  4.38723  0  2.29745  0.0013648  0  0  0.00207066  0  0.000169013
5.223e+13  0  1741  3.53808  0  0  4.38754  0  2.29751  0.00136382  0  0  0.00206943  0  0.000168875
5.2239e+13  0  1741.3  3.53828  0  0  4.38785  0  2.29756  0.00136285  0  0  0.00206821  0  0.000168738
5.2248e+13  0  1741.6  3.53849  0  0  4.38816  0  2.29761  0.00136188  0  0  0.00206699  0  0.0001686
5.2257e+13  0  1741.9  3.53869  0  0  4.38847  0  2.29766  0.00136091  0  0  0.00206576  0  0.000168463
5.2266e+13  0  1742.2  3.5389  0  0  4.38878  0  2.29771  0.00135994  0  0  0.00206454  0  0.000168325
5.2275e+13  0  1742.5  3.5391  0  0  4.38909  0  2.29776  0.00135897  0  0  0.00206332  0  0.000168188
5.2284e+13  0  1742.8  3.5393  0  0  4.3894  0  2.29781  0.001358  0  0  0.0020621  0  0.000168051
5.2293e+13  0  1743.1  3.53951  0  0  4.38971  0  2.29786  0.00135704  0  0  0.00206088  0  0.000167914
5.2302e+13  0  1743.4  3.53971  0  0  4.39002  0  2.29791  0.00135607  0  0  0.00205967  0  0.000167778
5.2311e+13  0  1743.7  3.53991  0  0  4.39033  0  2.29796  0.00135511  0  0  0.00205845  0  0.000167641
5.232e+13  0  1744  3.54012  0  0  4.39064  0  2.29801  0.00135414  0  0  0.00205723  0  0.000167505
5.2329e+13  0  1744.3  3.54032  0  0  4.39095  0  2.29806  0.00135318  0  0  0.00205602  0  0.000167369
5.2338e+13  0  1744.6  3.54052  0  0  4.39126  0  2.29811  0.00135222  0  0  0.00205481  0  0.000167233
5.2347e+13  0  1744.9  3.54073  0  0  4.39156  0  2.29816  0.00135126  0  0  0.00205359  0  0.000167097
5.2356e+13  0  1745.2  3.54093  0  0  4.39187  0  2.29821  0.0013503  0  0  0.00205238  0  0.000166961
5.2365e+13  0  1745.5  3.54113  0  0  4.39218  0  2.29826  0.00134934  0  0  0.00205117  0  0.000166826
5.2374e+13  0  1745.8  3.54133  0  0  4.39249  0  2.29831  0.00134838  0  0  0.00204996  0  0.00016669
5.2383e+13  0  1746.1  3.54153  0  0  4.39279  0  2.29836  0.00134742  0  0  0.00204876  0  0.000166555
5.2392e+13  0  1746.4  3.54174  0  0  4.3931  0  2.29841  0.00134647  0  0  0.00204755  0  0.00016642
5.2401e+13  0  1746.7  3.54194  0  0  4.39341  0  2.29846  0.00134551  0  0  0.00204634  0  0.000166285
5.241e+13  0  1747  3.54214  0  0  4.39372  0  2.29851  0.00134456  0  0  0.00204514  0  0.00016615
5.2419e+13  0  1747.3  3.54234  0  0  4.39402  0  2.29856  0.0013436  0  0  0.00204393  0  0.000166016
5.2428e+13  0  1747.6  3.54254  0  0  4.39433  0  2.29861  0.00134265  0  0  0.00204273  0  0.000165881
5.2437e+13  0  1747.9  3.54274  0  0  4.39463  0  2.29866  0.0013417  0  0  0.00204152  0  0.000165747
5.2446e+13  0  1748.2  3.54295  0  0  4.39494  0  2.29871  0.00134075  0  0  0.00204032  0  0.000165613
5.2455e+13  0  1748.5  3.54315  0  0  4.39525  0  2.29876  0.0013398  0  0  0.00203912  0  0.000165479
5.2464e+13  0  1748.8  3.54335  0  0  4.39555  0  2.29881  0.00133885  0  0  0.00203792  0  0.000165345
5.2473e+13  0  1749.1  3.54355  0  0  4.39586  0  2.29886  0.00133791  0  0  0.00203672  0  0.000165211
5.2482e+13  0  1749.4  3.54375  0  0  4.39616  0  2.29891  0.00133696  0  0  0.00203553  0  0.000165078
5.2491e+13  0  1749.7  3.54395  0  0  4.39647  0  2.29896  0.00133601  0  0  0.00203433  0  0.000164945
5.25e+13  0  1750  3.54415  0  0  4.39677  0  2.29901  0.00133507  0  0  0.00203313  0  0.000164811
5.2509e+13  0  1750.3  3.54435  0  0  4.39708  0  2.29906  0.00133413  0  0  0.00203194  0  0.000164678
5.2518e+13  0  1750.6  3.54455  0  0  4.39738  0  2.29911  0.00133318  0  0  0.00203075  0  0.000164545
5.2527e+13  0  1750.9  3.54475  0  0  4.39769  0  2.29915  0.00133224  0  0  0.00202955  0  0.000164413
5.2536e+13  0  1751.2  3.54495  0  0  4.39799  0  2.2992  0.0013313  0  0  0.00202836  0  0.00016428
5.2545e+13  0  1751.5  3.54515  0  0  4.3983  0  2.29925  0.00133036  0  0  0.00202717  0  0.000164148
5.2554e+13  0  1751.8  3.54535  0  0  4.3986  0  2.2993  0.00132942  0  0  0.00202598  0  0.000164015
5.2563e+13  0  1752.1  3.54555  0  0  4.3989  0  2.29935  0.00132848  0  0  0.00202479  0  0.000163883
5.2572e+13  0  1752.4  3.54575  0  0  4.39921  0  2.2994  0.00132755  0  0  0.0020236  0  0.000163751
5.2581e+13  0  1752.7  3.54595  0  0  4.39951  0  2.29945  0.00132661  0  0  0.00202241  0  0.00016362
5.259e+13  0  1753  3.54615  0  0  4.39981  0  2.2995  0.00132567  0  0  0.00202123  0  0.000163488
5.2599e+13  0  1753.3  3.54634  0  0  4.40012  0  2.29955  0.00132474  0  0  0.00202004  0  0.000163356
5.2608e+13  0  1753.6  3.54654  0  0  4.40042  0  2.2996  0.00132381  0  0  0.00201886  0  0.000163225
5.2617e+13  0  1753.9  3.54674  0  0  4.40072  0  2.29965  0.00132287  0  0  0.00201768  0  0.000163094
5.2626e+13  0  1754.2  3.54694  0  0  4.40103  0  2.29969  0.00132194  0  0  0.00201649  0  0.000162963
5.2635e+13  0  1754.5  3.54714  0  0  4.40133  0  2.29974  0.00132101  0  0  0.00201531  0  0.000162832
5.2644e+13  0  1754.8  3.54734  0  0  4.40163  0  2.29979  0.00132008  0  0  0.00201413  0  0.000162701
5.2653e+13  0  1755.1  3.54753  0  0  4.40193  0  2.29984  0.00131915  0  0  0.00201295  0  0.00016257
5.2662e+13  0  1755.4  3.54773  0  0  4.40223  0  2.29989  0.00131823  0  0  0.00201177  0  0.00016244
5.2671e+13  0  1755.7  3.54793  0  0  4.40254  0  2.29994  0.0013173  0  0  0.0020106  0  0.00016231
5.268e+13  0  1756  3.54813  0  0  4.40284  0  2.29999  0.00131637  0  0  0.00200942  0  0.00016218
5.2689e+13  0  1756.3  3.54832  0  0  4.40314  0  2.30004  0.00131545  0  0  0.00200824  0  0.000162049
5.2698e+13  0  1756.6  3.54852  0  0  4.40344  0  2.30008  0.00131452  0  0  0.00200707  0  0.00016192
5.2707e+13  0  1756.9  3.54872  0  0  4.40374  0  2.30013  0.0013136  0  0  0.00200589  0  0.00016179
5.2716e+13  0  1757.2  3.54892  0  0  4.40404  0  2.30018  0.00131268  0  0  0.00200472  0  0.00016166
5.2725e+13  0  1757.5  3.54911  0  0  4.40434  0  2.30023  0.00131176  0  0  0.00200355  0  0.000161531
5.2734e+13  0  1757.8  3.54931  0  0  4.40464  0  2.30028  0.00131084  0  0  0.00200238  0  0.000161402
5.2743e+13  0  1758.1  3.54951  0  0  4.40494  0  2.30033  0.00130992  0  0  0.00200121  0  0.000161273
5.2752e+13  0  1758.4  3.5497  0  0  4.40524  0  2.30038  0.001309  0  0  0.00200004  0  0.000161144
5.2761e+13  0  1758.7  3.5499  0  0  4.40554  0  2.30042  0.00130808  0  0  0.00199887  0  0.000161015
5.277e+13  0  1759  3.55009  0  0  4.40584  0  2.30047  0.00130716  0  0  0.0019977  0  0.000160886
5.2779e+13  0  1759.3  3.55029  0  0  4.40614  0  2.30052  0.00130625  0  0  0.00199654  0  0.000160758
5.2788e+13  0  1759.6  3.55049  0  0  4.40644  0  2.30057  0.00130533  0  0  0.00199537  0  0.000160629
5.2797e+13  0  1759.9  3.55068  0  0  4.40674  0  2.30062  0.00130442  0  0  0.00199421  0  0.000160501
5.2806e+13  0  1760.2  3.55088  0  0  4.40704  0  2.30066  0.0013035  0  0  0.00199304  0  0.000160373
5.2815e+13  0  1760.5  3.55107  0  0  4.40734  0  2.30071  0.00130259  0  0  0.00199188  0  0.000160245
5.2824e+13  0  1760.8  3.55127  0  0  4.40764  0  2.30076  0.00130168  0  0  0.00199072  0  0.000160117
5.2833e+13  0  1761.1  3.55146  0  0  4.40794  0  2.30081  0.00130077  0  0  0.00198956  0  0.000159989
5.2842e+13  0  1761.4  3.55166  0  0  4.40823  0  2.30086  0.00129986  0  0  0.0019884  0  0.000159862
5.2851e+13  0  1761.7  3.55185  0  0  4.40853  0  2.3009  0.00129895  0  0  0.00198724  0  0.000159735
5.286e+13  0  1762  3.55205  0  0  4.40883  0  2.30095  0.00129804  0  0  0.00198608  0  0.000159607
5.2869e+13  0  1762.3  3.55224  0  0  4.40913  0  2.301  0.00129714  0  0  0.00198492  0  0.00015948
5.2878e+13  0  1762.6  3.55244  0  0  4.40943  0  2.30105  0.00129623  0  0  0.00198377  0  0.000159353
5.2887e+13  0  1762.9  3.55263  0  0  4.40972  0  2.3011  0.00129533  0  0  0.00198261  0  0.000159227
5.2896e+13  0  1763.2  3.55283  0  0  4.41002  0  2.30114  0.00129442  0  0  0.00198146  0  0.0001591
5.2905e+13  0  1763.5  3.55302  0  0  4.41032  0  2.30119  0.00129352  0  0  0.00198031  0  0.000158973
5.2914e+13  0  1763.8  3.55321  0  0  4.41062  0  2.30124  0.00129262  0  0  0.00197915  0  0.000158847
5.2923e+13  0  1764.1  3.55341  0  0  4.41091  0  2.30129  0.00129171  0  0  0.001978  0  0.000158721
5.2932e+13  0  1764.4  3.5536  0  0  4.41121  0  2.30133  0.00129081  0  0  0.00197685  0  0.000158595
5.2941e+13  0  1764.7  3.5538  0  0  4.41151  0  2.30138  0.00128991  0  0  0.0019757  0  0.000158469
5.295e+13  0  1765  3.55399  0  0  4.4118  0  2.30143  0.00128901  0  0  0.00197455  0  0.000158343
5.2959e+13  0  1765.3  3.55418  0  0  4.4121  0  2.30148  0.00128812  0  0  0.0019734  0  0.000158218
5.2968e+13  0  1765.6  3.55438  0  0  4.41239  0  2.30152  0.00128722  0  0  0.00197226  0  0.000158092
5.2977e+13  0  1765.9  3.55457  0  0  4.41269  0  2.30157  0.00128632  0  0  0.00197111  0  0.000157967
5.2986e+13  0  1766.2  3.55476  0  0  4.41298  0  2.30162  0.00128543  0  0  0.00196997  0  0.000157841
5.2995e+13  0  1766.5  3.55495  0  0  4.41328  0  2.30167  0.00128453  0  0  0.00196882  0  0.000157716
5.3004e+13  0  1766.8  3.55515  0  0  4.41358  0  2.30171  0.00128364  0  0  0.00196768  0  0.000157592
5.3013e+13  0  1767.1  3.55534  0  0  4.41387  0  2.30176  0.00128275  0  0  0.00196654  0  0.000157467
5.3022e+13  0  1767.4  3.55553  0  0  4.41417  0  2.30181  0.00128186  0  0  0.00196539  0  0.000157342
5.3031e+13  0  1767.7  3.55572  0  0  4.41446  0  2.30186  0.00128096  0  0  0.00196425  0  0.000157218
5.304e+13  0  1768  3.55592  0  0  4.41475  0  2.3019  0.00128007  0  0  0.00196311  0  0.000157093
5.3049e+13  0  1768.3  3.55611  0  0  4.41505  0  2.30195  0.00127918  0  0  0.00196198  0  0.000156969
5.3058e+13  0  1768.6  3.5563  0  0  4.41534  0  2.302  0.0012783  0  0  0.00196084  0  0.000156845
5.3067e+13  0  1768.9  3.55649  0  0  4.41564  0  2.30204  0.00127741  0  0  0.0019597  0  0.000156721
5.3076e+13  0  1769.2  3.55668  0  0  4.41593  0  2.30209  0.00127652  0  0  0.00195856  0  0.000156597
5.3085e+13  0  1769.5  3.55687  0  0  4.41622  0  2.30214  0.00127564  0  0  0.00195743  0  0.000156474
5.3094e+13  0  1769.8  3.55707  0  0  4.41652  0  2.30219  0.00127475  0  0  0.0019563  0  0.00015635
5.3103e+13  0  1770.1  3.55726  0  0  4.41681  0  2.30223  0.00127387  0  0  0.00195516  0  0.000156227
5.3112e+13  0  1770.4  3.55745  0  0  4.4171  0  2.30228  0.00127298  0  0  0.00195403  0  0.000156103
5.3121e+13  0  1770.7  3.55764  0  0  4.4174  0  2.30233  0.0012721  0  0  0.0019529  0  0.00015598
5.313e+13  0  1771  3.55783  0  0  4.41769  0  2.30237  0.00127122  0  0  0.00195177  0  0.000155857
5.3139e+13  0  1771.3  3.55802  0  0  4.41798  0  2.30242  0.00127034  0  0  0.00195064  0  0.000155735
5.3148e+13  0  1771.6  3.55821  0  0  4.41828  0  2.30247  0.00126946  0  0  0.00194951  0  0.000155612
5.3157e+13  0  1771.9  3.5584  0  0  4.41857  0  2.30251  0.00126858  0  0  0.00194838  0  0.000155489
5.3166e+13  0  1772.2  3.55859  0  0  4.41886  0  2.30256  0.0012677  0  0  0.00194725  0  0.000155367
5.3175e+13  0  1772.5  3.55878  0  0  4.41915  0  2.30261  0.00126683  0  0  0.00194613  0  0.000155245
5.3184e+13  0  1772.8  3.55897  0  0  4.41944  0  2.30265  0.00126595  0  0  0.001945  0  0.000155123
5.3193e+13  0  1773.1  3.55916  0  0  4.41974  0  2.3027  0.00126507  0  0  0.00194388  0  0.000155001
5.3202e+13  0  1773.4  3.55935  0  0  4.42003  0  2.30275  0.0012642  0  0  0.00194275  0  0.000154879
5.3211e+13  0  1773.7  3.55954  0  0  4.42032  0  2.30279  0.00126333  0  0  0.00194163  0  0.000154757
5.322e+13  0  1774  3.55973  0  0  4.42061  0  2.30284  0.00126245  0  0  0.00194051  0  0.000154635
5.3229e+13  0  1774.3  3.55992  0  0  4.4209  0  2.30288  0.00126158  0  0  0.00193939  0  0.000154514
5.3238e+13  0  1774.6  3.56011  0  0  4.42119  0  2.30293  0.00126071  0  0  0.00193827  0  0.000154393
5.3247e+13  0  1774.9  3.5603  0  0  4.42148  0  2.30298  0.00125984  0  0  0.00193715  0  0.000154271
5.3256e+13  0  1775.2  3.56049  0  0  4.42177  0  2.30302  0.00125897  0  0  0.00193603  0  0.00015415
5.3265e+13  0  1775.5  3.56067  0  0  4.42206  0  2.30307  0.0012581  0  0  0.00193491  0  0.00015403
5.3274e+13  0  1775.8  3.56086  0  0  4.42235  0  2.30312  0.00125723  0  0  0.0019338  0  0.000153909
5.3283e+13  0  1776.1  3.56105  0  0  4.42264  0  2.30316  0.00125637  0  0  0.00193268  0  0.000153788
5.3292e+13  0  1776.4  3.56124  0  0  4.42293  0  2.30321  0.0012555  0  0  0.00193157  0  0.000153668
5.3301e+13  0  1776.7  3.56143  0  0  4.42322  0  2.30325  0.00125463  0  0  0.00193045  0  0.000153547
5.331e+13  0  1777  3.56162  0  0  4.42351  0  2.3033  0.00125377  0  0  0.00192934  0  0.000153427
5.3319e+13  0  1777.3  3.5618  0  0  4.4238  0  2.30335  0.00125291  0  0  0.00192823  0  0.000153307
5.3328e+13  0  1777.6  3.56199  0  0  4.42409  0  2.30339  0.00125204  0  0  0.00192712  0  0.000153187
5.3337e+13  0  1777.9  3.56218  0  0  4.42438  0  2.30344  0.00125118  0  0  0.00192601  0  0.000153067
5.3346e+13  0  1778.2  3.56237  0  0  4.42467  0  2.30348  0.00125032  0  0  0.0019249  0  0.000152947
5.3355e+13  0  1778.5  3.56256  0  0  4.42496  0  2.30353  0.00124946  0  0  0.00192379  0  0.000152828
5.3364e+13  0  1778.8  3.56274  0  0  4.42525  0  2.30358  0.0012486  0  0  0.00192268  0  0.000152709
5.3373e+13  0  1779.1  3.56293  0  0  4.42553  0  2.30362  0.00124774  0  0  0.00192158  0  0.000152589
5.3382e+13  0  1779.4  3.56312  0  0  4.42582  0  2.30367  0.00124688  0  0  0.00192047  0  0.00015247
5.3391e+13  0  1779.7  3.5633  0  0  4.42611  0  2.30371  0.00124603  0  0  0.00191937  0  0.000152351
5.34e+13  0  1780  3.56349  0  0  4.4264  0  2.30376  0.00124517  0  0  0.00191826  0  0.000152232
5.3409e+13  0  1780.3  3.56368  0  0  4.42669  0  2.3038  0.00124432  0  0  0.00191716  0  0.000152113
5.3418e+13  0  1780.6  3.56386  0  0  4.42697  0  2.30385  0.00124346  0  0  0.00191606  0  0.000151995
5.3427e+13  0  1780.9  3.56405  0  0  4.42726  0  2.3039  0.00124261  0  0  0.00191495  0  0.000151876
5.3436e+13  0  1781.2  3.56424  0  0  4.42755  0  2.30394  0.00124175  0  0  0.00191385  0  0.000151758
5.3445e+13  0  1781.5  3.56442  0  0  4.42783  0  2.30399  0.0012409  0  0  0.00191275  0  0.00015164
5.3454e+13  0  1781.8  3.56461  0  0  4.42812  0  2.30403  0.00124005  0  0  0.00191165  0  0.000151522
5.3463e+13  0  1782.1  3.5648  0  0  4.42841  0  2.30408  0.0012392  0  0  0.00191056  0  0.000151404
5.3472e+13  0  1782.4  3.56498  0  0  4.42869  0  2.30412  0.00123835  0  0  0.00190946  0  0.000151286
5.3481e+13  0  1782.7  3.56517  0  0  4.42898  0  2.30417  0.0012375  0  0  0.00190836  0  0.000151168
5.349e+13  0  1783  3.56535  0  0  4.42927  0  2.30421  0.00123665  0  0  0.00190727  0  0.000151051
5.3499e+13  0  1783.3  3.56554  0  0  4.42955  0  2.30426  0.00123581  0  0  0.00190617  0  0.000150933
5.3508e+13  0  1783.6  3.56572  0  0  4.42984  0  2.3043  0.00123496  0  0  0.00190508  0  0.000150816
5.3517e+13  0  1783.9  3.56591  0  0  4.43012  0  2.30435  0.00123412  0  0  0.00190399  0  0.000150699
5.3526e+13  0  1784.2  3.56609  0  0  4.43041  0  2.30439  0.00123327  0  0  0.00190289  0  0.000150582
5.3535e+13  0  1784.5  3.56628  0  0  4.4307  0  2.30444  0.00123243  0  0  0.0019018  0  0.000150465
5.3544e+13  0  1784.8  3.56646  0  0  4.43098  0  2.30448  0.00123158  0  0  0.00190071  0  0.000150348
5.3553e+13  0  1785.1  3.56665  0  0  4.43127  0  2.30453  0.00123074  0  0  0.00189962  0  0.000150231
5.3562e+13  0  1785.4  3.56683  0  0  4.43155  0  2.30457  0.0012299  0  0  0.00189853  0  0.000150115
5.3571e+13  0  1785.7  3.56702  0  0  4.43184  0  2.30462  0.00122906  0  0  0.00189745  0  0.000149998
5.358e+13  0  1786  3.5672  0  0  4.43212  0  2.30466  0.00122822  0  0  0.00189636  0  0.000149882
5.3589e+13  0  1786.3  3.56738  0  0  4.4324  0  2.30471  0.00122738  0  0  0.00189527  0  0.000149766
5.3598e+13  0  1786.6  3.56757  0  0  4.43269  0  2.30475  0.00122654  0  0  0.00189419  0  0.00014965
5.3607e+13  0  1786.9  3.56775  0  0  4.43297  0  2.3048  0.00122571  0  0  0.0018931  0  0.000149534
5.3616e+13  0  1787.2  3.56794  0  0  4.43326  0  2.30484  0.00122487  0  0  0.00189202  0  0.000149418
5.3625e+13  0  1787.5  3.56812  0  0  4.43354  0  2.30489  0.00122403  0  0  0.00189094  0  0.000149303
5.3634e+13  0  1787.8  3.5683  0  0  4.43382  0  2.30493  0.0012232  0  0  0.00188986  0  0.000149187
5.3643e+13  0  1788.1  3.56849  0  0  4.43411  0  2.30498  0.00122237  0  0  0.00188878  0  0.000149072
5.3652e+13  0  1788.4  3.56867  0  0  4.43439  0  2.30502  0.00122153  0  0  0.0018877  0  0.000148956
5.3661e+13  0  1788.7  3.56885  0  0  4.43467  0  2.30507  0.0012207  0  0  0.00188662  0  0.000148841
5.367e+13  0  1789  3.56904  0  0  4.43496  0  2.30511  0.00121987  0  0  0.00188554  0  0.000148726
5.3679e+13  0  1789.3  3.56922  0  0  4.43524  0  2.30516  0.00121904  0  0  0.00188446  0  0.000148612
5.3688e+13  0  1789.6  3.5694  0  0  4.43552  0  2.3052  0.00121821  0  0  0.00188338  0  0.000148497
5.3697e+13  0  1789.9  3.56959  0  0  4.4358  0  2.30525  0.00121738  0  0  0.00188231  0  0.000148382
5.3706e+13  0  1790.2  3.56977  0  0  4.43609  0  2.30529  0.00121655  0  0  0.00188123  0  0.000148268
5.3715e+13  0  1790.5  3.56995  0  0  4.43637  0  2.30534  0.00121572  0  0  0.00188016  0  0.000148153
5.3724e+13  0  1790.8  3.57013  0  0  4.43665  0  2.30538  0.00121489  0  0  0.00187909  0  0.000148039
5.3733e+13  0  1791.1  3.57031  0  0  4.43693  0  2.30542  0.00121407  0  0  0.00187801  0  0.000147925
5.3742e+13  0  1791.4  3.5705  0  0  4.43721  0  2.30547  0.00121324  0  0  0.00187694  0  0.000147811
5.3751e+13  0  1791.7  3.57068  0  0  4.4375  0  2.30551  0.00121242  0  0  0.00187587  0  0.000147697
5.376e+13  0  1792  3.57086  0  0  4.43778  0  2.30556  0.00121159  0  0  0.0018748  0  0.000147583
5.3769e+13  0  1792.3  3.57104  0  0  4.43806  0  2.3056  0.00121077  0  0  0.00187373  0  0.00014747
5.3778e+13  0  1792.6  3.57122  0  0  4.43834  0  2.30565  0.00120995  0  0  0.00187266  0  0.000147356
5.3787e+13  0  1792.9  3.5714  0  0  4.43862  0  2.30569  0.00120913  0  0  0.0018716  0  0.000147243
5.3796e+13  0  1793.2  3.57159  0  0  4.4389  0  2.30573  0.00120831  0  0  0.00187053  0  0.00014713
5.3805e+13  0  1793.5  3.57177  0  0  4.43918  0  2.30578  0.00120749  0  0  0.00186946  0  0.000147017
5.3814e+13  0  1793.8  3.57195  0  0  4.43946  0  2.30582  0.00120667  0  0  0.0018684  0  0.000146904
5.3823e+13  0  1794.1  3.57213  0  0  4.43974  0  2.30587  0.00120585  0  0  0.00186733  0  0.000146791
5.3832e+13  0  1794.4  3.57231  0  0  4.44002  0  2.30591  0.00120503  0  0  0.00186627  0  0.000146678
5.3841e+13  0  1794.7  3.57249  0  0  4.4403  0  2.30595  0.00120422  0  0  0.00186521  0  0.000146565
5.385e+13  0  1795  3.57267  0  0  4.44058  0  2.306  0.0012034  0  0  0.00186415  0  0.000146453
5.3859e+13  0  1795.3  3.57285  0  0  4.44086  0  2.30604  0.00120258  0  0  0.00186309  0  0.000146341
5.3868e+13  0  1795.6  3.57303  0  0  4.44114  0  2.30609  0.00120177  0  0  0.00186203  0  0.000146228
5.3877e+13  0  1795.9  3.57321  0  0  4.44142  0  2.30613  0.00120096  0  0  0.00186097  0  0.000146116
5.3886e+13  0  1796.2  3.57339  0  0  4.4417  0  2.30617  0.00120014  0  0  0.00185991  0  0.000146004
5.3895e+13  0  1796.5  3.57357  0  0  4.44198  0  2.30622  0.00119933  0  0  0.00185885  0  0.000145892
5.3904e+13  0  1796.8  3.57375  0  0  4.44226  0  2.30626  0.00119852  0  0  0.0018578  0  0.000145781
5.3913e+13  0  1797.1  3.57393  0  0  4.44253  0  2.30631  0.00119771  0  0  0.00185674  0  0.000145669
5.3922e+13  0  1797.4  3.57411  0  0  4.44281  0  2.30635  0.0011969  0  0  0.00185568  0  0.000145557
5.3931e+13  0  1797.7  3.57429  0  0  4.44309  0  2.30639  0.00119609  0  0  0.00185463  0  0.000145446
5.394e+13  0  1798  3.57447  0  0  4.44337  0  2.30644  0.00119528  0  0  0.00185358  0  0.000145335
5.3949e+13  0  1798.3  3.57465  0  0  4.44365  0  2.30648  0.00119448  0  0  0.00185252  0  0.000145224
5.3958e+13  0  1798.6  3.57483  0  0  4.44392  0  2.30652  0.00119367  0  0  0.00185147  0  0.000145113
5.3967e+13  0  1798.9  3.57501  0  0  4.4442  0  2.30657  0.00119286  0  0  0.00185042  0  0.000145002
5.3976e+13  0  1799.2  3.57519  0  0  4.44448  0  2.30661  0.00119206  0  0  0.00184937  0  0.000144891
5.3985e+13  0  1799.5  3.57537  0  0  4.44476  0  2.30665  0.00119125  0  0  0.00184832  0  0.00014478
5.3994e+13  0  1799.8  3.57554  0  0  4.44503  0  2.3067  0.00119045  0  0  0.00184727  0  0.00014467
5.4003e+13  0  1800.1  3.57572  0  0  4.44531  0  2.30674  0.00118965  0  0  0.00184623  0  0.000144559
5.4012e+13  0  1800.4  3.5759  0  0  4.44559  0  2.30678  0.00118885  0  0  0.00184518  0  0.000144449
5.4021e+13  0  1800.7  3.57608  0  0  4.44586  0  2.30683  0.00118804  0  0  0.00184413  0  0.000144339
5.403e+13  0  1801  3.57626  0  0  4.44614  0  2.30687  0.00118724  0  0  0.00184309  0  0.000144229
5.4039e+13  0  1801.3  3.57644  0  0  4.44642  0  2.30691  0.00118644  0  0  0.00184204  0  0.000144119
5.4048e+13  0  1801.6  3.57661  0  0  4.44669  0  2.30696  0.00118564  0  0  0.001841  0  0.000144009
5.4057e+13  0  1801.9  3.57679  0  0  4.44697  0  2.307  0.00118485  0  0  0.00183996  0  0.000143899
5.4066e+13  0  1802.2  3.57697  0  0  4.44725  0  2.30704  0.00118405  0  0  0.00183891  0  0.00014379
5.4075e+13  0  1802.5  3.57715  0  0  4.44752  0  2.30709  0.00118325  0  0  0.00183787  0  0.00014368
5.4084e+13  0  1802.8  3.57732  0  0  4.4478  0  2.30713  0.00118246  0  0  0.00183683  0  0.000143571
5.4093e+13  0  1803.1  3.5775  0  0  4.44807  0  2.30717  0.00118166  0  0  0.00183579  0  0.000143462
5.4102e+13  0  1803.4  3.57768  0  0  4.44835  0  2.30722  0.00118087  0  0  0.00183476  0  0.000143353
5.4111e+13  0  1803.7  3.57786  0  0  4.44862  0  2.30726  0.00118007  0  0  0.00183372  0  0.000143244
5.412e+13  0  1804  3.57803  0  0  4.4489  0  2.3073  0.00117928  0  0  0.00183268  0  0.000143135
5.4129e+13  0  1804.3  3.57821  0  0  4.44917  0  2.30734  0.00117849  0  0  0.00183164  0  0.000143026
5.4138e+13  0  1804.6  3.57839  0  0  4.44945  0  2.30739  0.0011777  0  0  0.00183061  0  0.000142918
5.4147e+13  0  1804.9  3.57856  0  0  4.44972  0  2.30743  0.00117691  0  0  0.00182957  0  0.000142809
5.4156e+13  0  1805.2  3.57874  0  0  4.45  0  2.30747  0.00117612  0  0  0.00182854  0  0.000142701
5.4165e+13  0  1805.5  3.57892  0  0  4.45027  0  2.30752  0.00117533  0  0  0.00182751  0  0.000142592
5.4174e+13  0  1805.8  3.57909  0  0  4.45054  0  2.30756  0.00117454  0  0  0.00182647  0  0.000142484
5.4183e+13  0  1806.1  3.57927  0  0  4.45082  0  2.3076  0.00117375  0  0  0.00182544  0  0.000142376
5.4192e+13  0  1806.4  3.57944  0  0  4.45109  0  2.30764  0.00117296  0  0  0.00182441  0  0.000142268
5.4201e+13  0  1806.7  3.57962  0  0  4.45137  0  2.30769  0.00117218  0  0  0.00182338  0  0.00014216
5.421e+13  0  1807  3.5798  0  0  4.45164  0  2.30773  0.00117139  0  0  0.00182235  0  0.000142053
5.4219e+13  0  1807.3  3.57997  0  0  4.45191  0  2.30777  0.00117061  0  0  0.00182132  0  0.000141945
5.4228e+13  0  1807.6  3.58015  0  0  4.45219  0  2.30781  0.00116982  0  0  0.0018203  0  0.000141838
5.4237e+13  0  1807.9  3.58032  0  0  4.45246  0  2.30786  0.00116904  0  0  0.00181927  0  0.00014173
5.4246e+13  0  1808.2  3.5805  0  0  4.45273  0  2.3079  0.00116826  0  0  0.00181824  0  0.000141623
5.4255e+13  0  1808.5  3.58067  0  0  4.453  0  2.30794  0.00116747  0  0  0.00181722  0  0.000141516
5.4264e+13  0  1808.8  3.58085  0  0  4.45328  0  2.30798  0.00116669  0  0  0.00181619  0  0.000141409
5.4273e+13  0  1809.1  3.58102  0  0  4.45355  0  2.30803  0.00116591  0  0  0.00181517  0  0.000141302
5.4282e+13  0  1809.4  3.5812  0  0  4.45382  0  2.30807  0.00116513  0  0  0.00181415  0  0.000141195
5.4291e+13  0  1809.7  3.58137  0  0  4.45409  0  2.30811  0.00116435  0  0  0.00181313  0  0.000141089
5.43e+13  0  1810  3.58155  0  0  4.45437  0  2.30815  0.00116358  0  0  0.0018121  0  0.000140982
5.4309e+13  0  1810.3  3.58172  0  0  4.45464  0  2.3082  0.0011628  0  0  0.00181108  0  0.000140876
5.4318e+13  0  1810.6  3.5819  0  0  4.45491  0  2.30824  0.00116202  0  0  0.00181006  0  0.000140769
5.4327e+13  0  1810.9  3.58207  0  0  4.45518  0  2.30828  0.00116125  0  0  0.00180905  0  0.000140663
5.4336e+13  0  1811.2  3.58224  0  0  4.45545  0  2.30832  0.00116047  0  0  0.00180803  0  0.000140557
5.4345e+13  0  1811.5  3.58242  0  0  4.45572  0  2.30836  0.0011597  0  0  0.00180701  0  0.000140451
5.4354e+13  0  1811.8  3.58259  0  0  4.45599  0  2.30841  0.00115892  0  0  0.00180599  0  0.000140345
5.4363e+13  0  1812.1  3.58277  0  0  4.45626  0  2.30845  0.00115815  0  0  0.00180498  0  0.00014024
5.4372e+13  0  1812.4  3.58294  0  0  4.45653  0  2.30849  0.00115738  0  0  0.00180396  0  0.000140134
5.4381e+13  0  1812.7  3.58311  0  0  4.45681  0  2.30853  0.00115661  0  0  0.00180295  0  0.000140029
5.439e+13  0  1813  3.58329  0  0  4.45708  0  2.30858  0.00115583  0  0  0.00180194  0  0.000139923
5.4399e+13  0  1813.3  3.58346  0  0  4.45735  0  2.30862  0.00115506  0  0  0.00180092  0  0.000139818
5.4408e+13  0  1813.6  3.58363  0  0  4.45762  0  2.30866  0.0011543  0  0  0.00179991  0  0.000139713
5.4417e+13  0  1813.9  3.58381  0  0  4.45789  0  2.3087  0.00115353  0  0  0.0017989  0  0.000139608
5.4426e+13  0  1814.2  3.58398  0  0  4.45816  0  2.30874  0.00115276  0  0  0.00179789  0  0.000139503
5.4435e+13  0  1814.5  3.58415  0  0  4.45843  0  2.30878  0.00115199  0  0  0.00179688  0  0.000139398
5.4444e+13  0  1814.8  3.58432  0  0  4.45869  0  2.30883  0.00115122  0  0  0.00179587  0  0.000139293
5.4453e+13  0  1815.1  3.5845  0  0  4.45896  0  2.30887  0.00115046  0  0  0.00179486  0  0.000139189
5.4462e+13  0  1815.4  3.58467  0  0  4.45923  0  2.30891  0.00114969  0  0  0.00179386  0  0.000139084
5.4471e+13  0  1815.7  3.58484  0  0  4.4595  0  2.30895  0.00114893  0  0  0.00179285  0  0.00013898
5.448e+13  0  1816  3.58501  0  0  4.45977  0  2.30899  0.00114817  0  0  0.00179184  0  0.000138875
5.4489e+13  0  1816.3  3.58519  0  0  4.46004  0  2.30903  0.0011474  0  0  0.00179084  0  0.000138771
5.4498e+13  0  1816.6  3.58536  0  0  4.46031  0  2.30908  0.00114664  0  0  0.00178984  0  0.000138667
5.4507e+13  0  1816.9  3.58553  0  0  4.46058  0  2.30912  0.00114588  0  0  0.00178883  0  0.000138563
5.4516e+13  0  1817.2  3.5857  0  0  4.46084  0  2.30916  0.00114512  0  0  0.00178783  0  0.000138459
5.4525e+13  0  1817.5  3.58587  0  0  4.46111  0  2.3092  0.00114436  0  0  0.00178683  0  0.000138356
5.4534e+13  0  1817.8  3.58605  0  0  4.46138  0  2.30924  0.0011436  0  0  0.00178583  0  0.000138252
5.4543e+13  0  1818.1  3.58622  0  0  4.46165  0  2.30928  0.00114284  0  0  0.00178483  0  0.000138149
5.4552e+13  0  1818.4  3.58639  0  0  4.46192  0  2.30933  0.00114208  0  0  0.00178383  0  0.000138045
5.4561e+13  0  1818.7  3.58656  0  0  4.46218  0  2.30937  0.00114132  0  0  0.00178283  0  0.000137942
5.457e+13  0  1819  3.58673  0  0  4.46245  0  2.30941  0.00114057  0  0  0.00178183  0  0.000137839
5.4579e+13  0  1819.3  3.5869  0  0  4.46272  0  2.30945  0.00113981  0  0  0.00178083  0  0.000137736
5.4588e+13  0  1819.6  3.58707  0  0  4.46299  0  2.30949  0.00113906  0  0  0.00177984  0  0.000137633
5.4597e+13  0  1819.9  3.58724  0  0  4.46325  0  2.30953  0.0011383  0  0  0.00177884  0  0.00013753
5.4606e+13  0  1820.2  3.58741  0  0  4.46352  0  2.30957  0.00113755  0  0  0.00177785  0  0.000137427
5.4615e+13  0  1820.5  3.58758  0  0  4.46379  0  2.30961  0.0011368  0  0  0.00177685  0  0.000137325
5.4624e+13  0  1820.8  3.58775  0  0  4.46405  0  2.30966  0.00113604  0  0  0.00177586  0  0.000137222
5.4633e+13  0  1821.1  3.58793  0  0  4.46432  0  2.3097  0.00113529  0  0  0.00177487  0  0.00013712
5.4642e+13  0  1821.4  3.5881  0  0  4.46458  0  2.30974  0.00113454  0  0  0.00177388  0  0.000137018
5.4651e+13  0  1821.7  3.58827  0  0  4.46485  0  2.30978  0.00113379  0  0  0.00177288  0  0.000136915
5.466e+13  0  1822  3.58844  0  0  4.46512  0  2.30982  0.00113304  0  0  0.00177189  0  0.000136813
5.4669e+13  0  1822.3  3.58861  0  0  4.46538  0  2.30986  0.00113229  0  0  0.0017709  0  0.000136711
5.4678e+13  0  1822.6  3.58878  0  0  4.46565  0  2.3099  0.00113154  0  0  0.00176992  0  0.00013661
5.4687e+13  0  1822.9  3.58894  0  0  4.46591  0  2.30994  0.0011308  0  0  0.00176893  0  0.000136508
5.4696e+13  0  1823.2  3.58911  0  0  4.46618  0  2.30998  0.00113005  0  0  0.00176794  0  0.000136406
5.4705e+13  0  1823.5  3.58928  0  0  4.46644  0  2.31003  0.0011293  0  0  0.00176695  0  0.000136305
5.4714e+13  0  1823.8  3.58945  0  0  4.46671  0  2.31007  0.00112856  0  0  0.00176597  0  0.000136203
5.4723e+13  0  1824.1  3.58962  0  0  4.46697  0  2.31011  0.00112781  0  0  0.00176498  0  0.000136102
5.4732e+13  0  1824.4  3.58979  0  0  4.46724  0  2.31015  0.00112707  0  0  0.001764  0  0.000136001
5.4741e+13  0  1824.7  3.58996  0  0  4.4675  0  2.31019  0.00112633  0  0  0.00176302  0  0.0001359
5.475e+13  0  1825  3.59013  0  0  4.46777  0  2.31023  0.00112558  0  0  0.00176203  0  0.000135799
5.4759e+13  0  1825.3  3.5903  0  0  4.46803  0  2.31027  0.00112484  0  0  0.00176105  0  0.000135698
5.4768e+13  0  1825.6  3.59047  0  0  4.4683  0  2.31031  0.0011241  0  0  0.00176007  0  0.000135597
5.4777e+13  0  1825.9  3.59064  0  0  4.46856  0  2.31035  0.00112336  0  0  0.00175909  0  0.000135496
5.4786e+13  0  1826.2  3.5908  0  0  4.46882  0  2.31039  0.00112262  0  0  0.00175811  0  0.000135396
5.4795e+13  0  1826.5  3.59097  0  0  4.46909  0  2.31043  0.00112188  0  0  0.00175713  0  0.000135295
5.4804e+13  0  1826.8  3.59114  0  0  4.46935  0  2.31047  0.00112114  0  0  0.00175615  0  0.000135195
5.4813e+13  0  1827.1  3.59131  0  0  4.46961  0  2.31051  0.0011204  0  0  0.00175517  0  0.000135095
5.4822e+13  0  1827.4  3.59148  0  0  4.46988  0  2.31055  0.00111967  0  0  0.0017542  0  0.000134995
5.4831e+13  0  1827.7  3.59164  0  0  4.47014  0  2.31059  0.00111893  0  0  0.00175322  0  0.000134895
5.484e+13  0  1828  3.59181  0  0  4.4704  0  2.31064  0.00111819  0  0  0.00175225  0  0.000134795
5.4849e+13  0  1828.3  3.59198  0  0  4.47067  0  2.31068  0.00111746  0  0  0.00175127  0  0.000134695
5.4858e+13  0  1828.6  3.59215  0  0  4.47093  0  2.31072  0.00111673  0  0  0.0017503  0  0.000134595
5.4867e+13  0  1828.9  3.59232  0  0  4.47119  0  2.31076  0.00111599  0  0  0.00174932  0  0.000134495
5.4876e+13  0  1829.2  3.59248  0  0  4.47145  0  2.3108  0.00111526  0  0  0.00174835  0  0.000134396
5.4885e+13  0  1829.5  3.59265  0  0  4.47171  0  2.31084  0.00111453  0  0  0.00174738  0  0.000134297
5.4894e+13  0  1829.8  3.59282  0  0  4.47198  0  2.31088  0.00111379  0  0  0.00174641  0  0.000134197
5.4903e+13  0  1830.1  3.59298  0  0  4.47224  0  2.31092  0.00111306  0  0  0.00174544  0  0.000134098
5.4912e+13  0  1830.4  3.59315  0  0  4.4725  0  2.31096  0.00111233  0  0  0.00174447  0  0.000133999
5.4921e+13  0  1830.7  3.59332  0  0  4.47276  0  2.311  0.0011116  0  0  0.0017435  0  0.0001339
5.493e+13  0  1831  3.59348  0  0  4.47302  0  2.31104  0.00111087  0  0  0.00174253  0  0.000133801
5.4939e+13  0  1831.3  3.59365  0  0  4.47328  0  2.31108  0.00111015  0  0  0.00174157  0  0.000133702
5.4948e+13  0  1831.6  3.59382  0  0  4.47355  0  2.31112  0.00110942  0  0  0.0017406  0  0.000133604
5.4957e+13  0  1831.9  3.59398  0  0  4.47381  0  2.31116  0.00110869  0  0  0.00173963  0  0.000133505
5.4966e+13  0  1832.2  3.59415  0  0  4.47407  0  2.3112  0.00110796  0  0  0.00173867  0  0.000133407
5.4975e+13  0  1832.5  3.59432  0  0  4.47433  0  2.31124  0.00110724  0  0  0.00173771  0  0.000133308
5.4984e+13  0  1832.8  3.59448  0  0  4.47459  0  2.31128  0.00110651  0  0  0.00173674  0  0.00013321
5.4993e+13  0  1833.1  3.59465  0  0  4.47485  0  2.31132  0.00110579  0  0  0.00173578  0  0.000133112
5.5002e+13  0  1833.4  3.59481  0  0  4.47511  0  2.31136  0.00110507  0  0  0.00173482  0  0.000133014
5.5011e+13  0  1833.7  3.59498  0  0  4.47537  0  2.3114  0.00110434  0  0  0.00173386  0  0.000132916
5.502e+13  0  1834  3.59515  0  0  4.47563  0  2.31144  0.00110362  0  0  0.0017329  0  0.000132818
5.5029e+13  0  1834.3  3.59531  0  0  4.47589  0  2.31148  0.0011029  0  0  0.00173194  0  0.00013272
5.5038e+13  0  1834.6  3.59548  0  0  4.47615  0  2.31152  0.00110218  0  0  0.00173098  0  0.000132623
5.5047e+13  0  1834.9  3.59564  0  0  4.47641  0  2.31156  0.00110146  0  0  0.00173002  0  0.000132525
5.5056e+13  0  1835.2  3.59581  0  0  4.47667  0  2.3116  0.00110074  0  0  0.00172906  0  0.000132428
5.5065e+13  0  1835.5  3.59597  0  0  4.47693  0  2.31164  0.00110002  0  0  0.0017281  0  0.00013233
5.5074e+13  0  1835.8  3.59614  0  0  4.47719  0  2.31168  0.0010993  0  0  0.00172715  0  0.000132233
5.5083e+13  0  1836.1  3.5963  0  0  4.47745  0  2.31172  0.00109858  0  0  0.00172619  0  0.000132136
5.5092e+13  0  1836.4  3.59647  0  0  4.47771  0  2.31176  0.00109787  0  0  0.00172524  0  0.000132039
5.5101e+13  0  1836.7  3.59663  0  0  4.47796  0  2.3118  0.00109715  0  0  0.00172428  0  0.000131942
5.511e+13  0  1837  3.5968  0  0  4.47822  0  2.31183  0.00109643  0  0  0.00172333  0  0.000131845
5.5119e+13  0  1837.3  3.59696  0  0  4.47848  0  2.31187  0.00109572  0  0  0.00172238  0  0.000131749
5.5128e+13  0  1837.6  3.59712  0  0  4.47874  0  2.31191  0.001095  0  0  0.00172143  0  0.000131652
5.5137e+13  0  1837.9  3.59729  0  0  4.479  0  2.31195  0.00109429  0  0  0.00172047  0  0.000131556
5.5146e+13  0  1838.2  3.59745  0  0  4.47926  0  2.31199  0.00109358  0  0  0.00171952  0  0.000131459
5.5155e+13  0  1838.5  3.59762  0  0  4.47951  0  2.31203  0.00109287  0  0  0.00171857  0  0.000131363
5.5164e+13  0  1838.8  3.59778  0  0  4.47977  0  2.31207  0.00109215  0  0  0.00171762  0  0.000131267
5.5173e+13  0  1839.1  3.59794  0  0  4.48003  0  2.31211  0.00109144  0  0  0.00171668  0  0.00013117
5.5182e+13  0  1839.4  3.59811  0  0  4.48029  0  2.31215  0.00109073  0  0  0.00171573  0  0.000131074
5.5191e+13  0  1839.7  3.59827  0  0  4.48054  0  2.31219  0.00109002  0  0  0.00171478  0  0.000130979
5.52e+13  0  1840  3.59843  0  0  4.4808  0  2.31223  0.00108931  0  0  0.00171384  0  0.000130883
5.5209e+13  0  1840.3  3.5986  0  0  4.48106  0  2.31227  0.0010886  0  0  0.00171289  0  0.000130787
5.5218e+13  0  1840.6  3.59876  0  0  4.48131  0  2.31231  0.0010879  0  0  0.00171195  0  0.000130691
5.5227e+13  0  1840.9  3.59892  0  0  4.48157  0  2.31235  0.00108719  0  0  0.001711  0  0.000130596
5.5236e+13  0  1841.2  3.59909  0  0  4.48183  0  2.31239  0.00108648  0  0  0.00171006  0  0.0001305
5.5245e+13  0  1841.5  3.59925  0  0  4.48208  0  2.31243  0.00108578  0  0  0.00170912  0  0.000130405
5.5254e+13  0  1841.8  3.59941  0  0  4.48234  0  2.31246  0.00108507  0  0  0.00170817  0  0.00013031
5.5263e+13  0  1842.1  3.59958  0  0  4.4826  0  2.3125  0.00108437  0  0  0.00170723  0  0.000130215
5.5272e+13  0  1842.4  3.59974  0  0  4.48285  0  2.31254  0.00108366  0  0  0.00170629  0  0.00013012
5.5281e+13  0  1842.7  3.5999  0  0  4.48311  0  2.31258  0.00108296  0  0  0.00170535  0  0.000130025
5.529e+13  0  1843  3.60006  0  0  4.48336  0  2.31262  0.00108226  0  0  0.00170441  0  0.00012993
5.5299e+13  0  1843.3  3.60023  0  0  4.48362  0  2.31266  0.00108155  0  0  0.00170348  0  0.000129835
5.5308e+13  0  1843.6  3.60039  0  0  4.48387  0  2.3127  0.00108085  0  0  0.00170254  0  0.000129741
5.5317e+13  0  1843.9  3.60055  0  0  4.48413  0  2.31274  0.00108015  0  0  0.0017016  0  0.000129646
5.5326e+13  0  1844.2  3.60071  0  0  4.48439  0  2.31278  0.00107945  0  0  0.00170066  0  0.000129552
5.5335e+13  0  1844.5  3.60087  0  0  4.48464  0  2.31281  0.00107875  0  0  0.00169973  0  0.000129457
5.5344e+13  0  1844.8  3.60104  0  0  4.4849  0  2.31285  0.00107805  0  0  0.00169879  0  0.000129363
5.5353e+13  0  1845.1  3.6012  0  0  4.48515  0  2.31289  0.00107735  0  0  0.00169786  0  0.000129269
5.5362e+13  0  1845.4  3.60136  0  0  4.4854  0  2.31293  0.00107666  0  0  0.00169693  0  0.000129175
5.5371e+13  0  1845.7  3.60152  0  0  4.48566  0  2.31297  0.00107596  0  0  0.00169599  0  0.000129081
5.538e+13  0  1846  3.60168  0  0  4.48591  0  2.31301  0.00107526  0  0  0.00169506  0  0.000128987
5.5389e+13  0  1846.3  3.60184  0  0  4.48617  0  2.31305  0.00107457  0  0  0.00169413  0  0.000128894
5.5398e+13  0  1846.6  3.602  0  0  4.48642  0  2.31309  0.00107387  0  0  0.0016932  0  0.0001288
5.5407e+13  0  1846.9  3.60216  0  0  4.48668  0  2.31312  0.00107318  0  0  0.00169227  0  0.000128706
5.5416e+13  0  1847.2  3.60233  0  0  4.48693  0  2.31316  0.00107248  0  0  0.00169134  0  0.000128613
5.5425e+13  0  1847.5  3.60249  0  0  4.48718  0  2.3132  0.00107179  0  0  0.00169041  0  0.00012852
5.5434e+13  0  1847.8  3.60265  0  0  4.48744  0  2.31324  0.0010711  0  0  0.00168949  0  0.000128426
5.5443e+13  0  1848.1  3.60281  0  0  4.48769  0  2.31328  0.00107041  0  0  0.00168856  0  0.000128333
5.5452e+13  0  1848.4  3.60297  0  0  4.48794  0  2.31332  0.00106972  0  0  0.00168763  0  0.00012824
5.5461e+13  0  1848.7  3.60313  0  0  4.4882  0  2.31336  0.00106903  0  0  0.00168671  0  0.000128147
5.547e+13  0  1849  3.60329  0  0  4.48845  0  2.31339  0.00106833  0  0  0.00168578  0  0.000128054
5.5479e+13  0  1849.3  3.60345  0  0  4.4887  0  2.31343  0.00106765  0  0  0.00168486  0  0.000127961
5.5488e+13  0  1849.6  3.60361  0  0  4.48895  0  2.31347  0.00106696  0  0  0.00168393  0  0.000127869
5.5497e+13  0  1849.9  3.60377  0  0  4.48921  0  2.31351  0.00106627  0  0  0.00168301  0  0.000127776
5.5506e+13  0  1850.2  3.60393  0  0  4.48946  0  2.31355  0.00106558  0  0  0.00168209  0  0.000127684
5.5515e+13  0  1850.5  3.60409  0  0  4.48971  0  2.31359  0.00106489  0  0  0.00168117  0  0.000127591
5.5524e+13  0  1850.8  3.60425  0  0  4.48996  0  2.31362  0.00106421  0  0  0.00168025  0  0.000127499
5.5533e+13  0  1851.1  3.60441  0  0  4.49022  0  2.31366  0.00106352  0  0  0.00167933  0  0.000127407
5.5542e+13  0  1851.4  3.60457  0  0  4.49047  0  2.3137  0.00106284  0  0  0.00167841  0  0.000127315
5.5551e+13  0  1851.7  3.60473  0  0  4.49072  0  2.31374  0.00106215  0  0  0.00167749  0  0.000127223
5.556e+13  0  1852  3.60489  0  0  4.49097  0  2.31378  0.00106147  0  0  0.00167657  0  0.000127131
5.5569e+13  0  1852.3  3.60505  0  0  4.49122  0  2.31382  0.00106079  0  0  0.00167565  0  0.000127039
5.5578e+13  0  1852.6  3.6052  0  0  4.49147  0  2.31385  0.0010601  0  0  0.00167474  0  0.000126947
5.5587e+13  0  1852.9  3.60536  0  0  4.49172  0  2.31389  0.00105942  0  0  0.00167382  0  0.000126856
5.5596e+13  0  1853.2  3.60552  0  0  4.49198  0  2.31393  0.00105874  0  0  0.0016729  0  0.000126764
5.5605e+13  0  1853.5  3.60568  0  0  4.49223  0  2.31397  0.00105806  0  0  0.00167199  0  0.000126673
5.5614e+13  0  1853.8  3.60584  0  0  4.49248  0  2.31401  0.00105738  0  0  0.00167108  0  0.000126581
5.5623e+13  0  1854.1  3.606  0  0  4.49273  0  2.31404  0.0010567  0  0  0.00167016  0  0.00012649
5.5632e+13  0  1854.4  3.60616  0  0  4.49298  0  2.31408  0.00105602  0  0  0.00166925  0  0.000126399
5.5641e+13  0  1854.7  3.60631  0  0  4.49323  0  2.31412  0.00105534  0  0  0.00166834  0  0.000126308
5.565e+13  0  1855  3.60647  0  0  4.49348  0  2.31416  0.00105466  0  0  0.00166743  0  0.000126217
5.5659e+13  0  1855.3  3.60663  0  0  4.49373  0  2.31419  0.00105399  0  0  0.00166652  0  0.000126126
5.5668e+13  0  1855.6  3.60679  0  0  4.49398  0  2.31423  0.00105331  0  0  0.00166561  0  0.000126035
5.5677e+13  0  1855.9  3.60695  0  0  4.49423  0  2.31427  0.00105263  0  0  0.0016647  0  0.000125944
5.5686e+13  0  1856.2  3.60711  0  0  4.49448  0  2.31431  0.00105196  0  0  0.00166379  0  0.000125854
5.5695e+13  0  1856.5  3.60726  0  0  4.49473  0  2.31435  0.00105128  0  0  0.00166288  0  0.000125763
5.5704e+13  0  1856.8  3.60742  0  0  4.49498  0  2.31438  0.00105061  0  0  0.00166197  0  0.000125673
5.5713e+13  0  1857.1  3.60758  0  0  4.49523  0  2.31442  0.00104994  0  0  0.00166107  0  0.000125582
5.5722e+13  0  1857.4  3.60774  0  0  4.49548  0  2.31446  0.00104926  0  0  0.00166016  0  0.000125492
5.5731e+13  0  1857.7  3.60789  0  0  4.49572  0  2.3145  0.00104859  0  0  0.00165926  0  0.000125402
5.574e+13  0  1858  3.60805  0  0  4.49597  0  2.31453  0.00104792  0  0  0.00165835  0  0.000125312
5.5749e+13  0  1858.3  3.60821  0  0  4.49622  0  2.31457  0.00104725  0  0  0.00165745  0  0.000125222
5.5758e+13  0  1858.6  3.60836  0  0  4.49647  0  2.31461  0.00104658  0  0  0.00165654  0  0.000125132
5.5767e+13  0  1858.9  3.60852  0  0  4.49672  0  2.31465  0.00104591  0  0  0.00165564  0  0.000125042
5.5776e+13  0  1859.2  3.60868  0  0  4.49697  0  2.31468  0.00104524  0  0  0.00165474  0  0.000124953
5.5785e+13  0  1859.5  3.60883  0  0  4.49722  0  2.31472  0.00104457  0  0  0.00165384  0  0.000124863
5.5794e+13  0  1859.8  3.60899  0  0  4.49746  0  2.31476  0.0010439  0  0  0.00165294  0  0.000124774
5.5803e+13  0  1860.1  3.60915  0  0  4.49771  0  2.3148  0.00104324  0  0  0.00165204  0  0.000124684
5.5812e+13  0  1860.4  3.6093  0  0  4.49796  0  2.31483  0.00104257  0  0  0.00165114  0  0.000124595
5.5821e+13  0  1860.7  3.60946  0  0  4.49821  0  2.31487  0.0010419  0  0  0.00165024  0  0.000124506
5.583e+13  0  1861  3.60962  0  0  4.49845  0  2.31491  0.00104124  0  0  0.00164934  0  0.000124416
5.5839e+13  0  1861.3  3.60977  0  0  4.4987  0  2.31495  0.00104057  0  0  0.00164845  0  0.000124327
5.5848e+13  0  1861.6  3.60993  0  0  4.49895  0  2.31498  0.00103991  0  0  0.00164755  0  0.000124238
5.5857e+13  0  1861.9  3.61009  0  0  4.4992  0  2.31502  0.00103924  0  0  0.00164665  0  0.00012415
5.5866e+13  0  1862.2  3.61024  0  0  4.49944  0  2.31506  0.00103858  0  0  0.00164576  0  0.000124061
5.5875e+13  0  1862.5  3.6104  0  0  4.49969  0  2.3151  0.00103792  0  0  0.00164486  0  0.000123972
5.5884e+13  0  1862.8  3.61055  0  0  4.49994  0  2.31513  0.00103726  0  0  0.00164397  0  0.000123884
5.5893e+13  0  1863.1  3.61071  0  0  4.50018  0  2.31517  0.00103659  0  0  0.00164308  0  0.000123795
5.5902e+13  0  1863.4  3.61086  0  0  4.50043  0  2.31521  0.00103593  0  0  0.00164219  0  0.000123707
5.5911e+13  0  1863.7  3.61102  0  0  4.50067  0  2.31524  0.00103527  0  0  0.00164129  0  0.000123618
5.592e+13  0  1864  3.61117  0  0  4.50092  0  2.31528  0.00103461  0  0  0.0016404  0  0.00012353
5.5929e+13  0  1864.3  3.61133  0  0  4.50117  0  2.31532  0.00103396  0  0  0.00163951  0  0.000123442
5.5938e+13  0  1864.6  3.61148  0  0  4.50141  0  2.31535  0.0010333  0  0  0.00163862  0  0.000123354
5.5947e+13  0  1864.9  3.61164  0  0  4.50166  0  2.31539  0.00103264  0  0  0.00163773  0  0.000123266
5.5956e+13  0  1865.2  3.61179  0  0  4.5019  0  2.31543  0.00103198  0  0  0.00163685  0  0.000123178
5.5965e+13  0  1865.5  3.61195  0  0  4.50215  0  2.31547  0.00103132  0  0  0.00163596  0  0.00012309
5.5974e+13  0  1865.8  3.6121  0  0  4.5024  0  2.3155  0.00103067  0  0  0.00163507  0  0.000123003
5.5983e+13  0  1866.1  3.61226  0  0  4.50264  0  2.31554  0.00103001  0  0  0.00163418  0  0.000122915
5.5992e+13  0  1866.4  3.61241  0  0  4.50289  0  2.31558  0.00102936  0  0  0.0016333  0  0.000122827
5.6001e+13  0  1866.7  3.61257  0  0  4.50313  0  2.31561  0.0010287  0  0  0.00163241  0  0.00012274
5.601e+13  0  1867  3.61272  0  0  4.50338  0  2.31565  0.00102805  0  0  0.00163153  0  0.000122653
5.6019e+13  0  1867.3  3.61287  0  0  4.50362  0  2.31569  0.0010274  0  0  0.00163064  0  0.000122565
5.6028e+13  0  1867.6  3.61303  0  0  4.50386  0  2.31572  0.00102674  0  0  0.00162976  0  0.000122478
5.6037e+13  0  1867.9  3.61318  0  0  4.50411  0  2.31576  0.00102609  0  0  0.00162888  0  0.000122391
5.6046e+13  0  1868.2  3.61334  0  0  4.50435  0  2.3158  0.00102544  0  0  0.001628  0  0.000122304
5.6055e+13  0  1868.5  3.61349  0  0  4.5046  0  2.31583  0.00102479  0  0  0.00162712  0  0.000122217
5.6064e+13  0  1868.8  3.61364  0  0  4.50484  0  2.31587  0.00102414  0  0  0.00162624  0  0.00012213
5.6073e+13  0  1869.1  3.6138  0  0  4.50508  0  2.31591  0.00102349  0  0  0.00162536  0  0.000122044
5.6082e+13  0  1869.4  3.61395  0  0  4.50533  0  2.31594  0.00102284  0  0  0.00162448  0  0.000121957
5.6091e+13  0  1869.7  3.6141  0  0  4.50557  0  2.31598  0.00102219  0  0  0.0016236  0  0.00012187
5.61e+13  0  1870  3.61426  0  0  4.50582  0  2.31602  0.00102154  0  0  0.00162272  0  0.000121784
5.6109e+13  0  1870.3  3.61441  0  0  4.50606  0  2.31605  0.0010209  0  0  0.00162184  0  0.000121698
5.6118e+13  0  1870.6  3.61456  0  0  4.5063  0  2.31609  0.00102025  0  0  0.00162097  0  0.000121611
5.6127e+13  0  1870.9  3.61472  0  0  4.50655  0  2.31613  0.0010196  0  0  0.00162009  0  0.000121525
5.6136e+13  0  1871.2  3.61487  0  0  4.50679  0  2.31616  0.00101896  0  0  0.00161921  0  0.000121439
5.6145e+13  0  1871.5  3.61502  0  0  4.50703  0  2.3162  0.00101831  0  0  0.00161834  0  0.000121353
5.6154e+13  0  1871.8  3.61518  0  0  4.50727  0  2.31624  0.00101767  0  0  0.00161747  0  0.000121267
5.6163e+13  0  1872.1  3.61533  0  0  4.50752  0  2.31627  0.00101702  0  0  0.00161659  0  0.000121181
5.6172e+13  0  1872.4  3.61548  0  0  4.50776  0  2.31631  0.00101638  0  0  0.00161572  0  0.000121095
5.6181e+13  0  1872.7  3.61563  0  0  4.508  0  2.31634  0.00101574  0  0  0.00161485  0  0.00012101
5.619e+13  0  1873  3.61579  0  0  4.50824  0  2.31638  0.0010151  0  0  0.00161398  0  0.000120924
5.6199e+13  0  1873.3  3.61594  0  0  4.50849  0  2.31642  0.00101445  0  0  0.0016131  0  0.000120839
5.6208e+13  0  1873.6  3.61609  0  0  4.50873  0  2.31645  0.00101381  0  0  0.00161223  0  0.000120753
5.6217e+13  0  1873.9  3.61624  0  0  4.50897  0  2.31649  0.00101317  0  0  0.00161136  0  0.000120668
5.6226e+13  0  1874.2  3.61639  0  0  4.50921  0  2.31653  0.00101253  0  0  0.0016105  0  0.000120583
5.6235e+13  0  1874.5  3.61655  0  0  4.50945  0  2.31656  0.00101189  0  0  0.00160963  0  0.000120497
5.6244e+13  0  1874.8  3.6167  0  0  4.50969  0  2.3166  0.00101125  0  0  0.00160876  0  0.000120412
5.6253e+13  0  1875.1  3.61685  0  0  4.50993  0  2.31663  0.00101062  0  0  0.00160789  0  0.000120327
5.6262e+13  0  1875.4  3.617  0  0  4.51018  0  2.31667  0.00100998  0  0  0.00160703  0  0.000120242
5.6271e+13  0  1875.7  3.61715  0  0  4.51042  0  2.31671  0.00100934  0  0  0.00160616  0  0.000120158
5.628e+13  0  1876  3.6173  0  0  4.51066  0  2.31674  0.0010087  0  0  0.0016053  0  0.000120073
5.6289e+13  0  1876.3  3.61745  0  0  4.5109  0  2.31678  0.00100807  0  0  0.00160443  0  0.000119988
5.6298e+13  0  1876.6  3.61761  0  0  4.51114  0  2.31681  0.00100743  0  0  0.00160357  0  0.000119904
5.6307e+13  0  1876.9  3.61776  0  0  4.51138  0  2.31685  0.0010068  0  0  0.0016027  0  0.000119819
5.6316e+13  0  1877.2  3.61791  0  0  4.51162  0  2.31689  0.00100616  0  0  0.00160184  0  0.000119735
5.6325e+13  0  1877.5  3.61806  0  0  4.51186  0  2.31692  0.00100553  0  0  0.00160098  0  0.00011965
5.6334e+13  0  1877.8  3.61821  0  0  4.5121  0  2.31696  0.0010049  0  0  0.00160012  0  0.000119566
5.6343e+13  0  1878.1  3.61836  0  0  4.51234  0  2.31699  0.00100426  0  0  0.00159926  0  0.000119482
5.6352e+13  0  1878.4  3.61851  0  0  4.51258  0  2.31703  0.00100363  0  0  0.0015984  0  0.000119398
5.6361e+13  0  1878.7  3.61866  0  0  4.51282  0  2.31707  0.001003  0  0  0.00159754  0  0.000119314
5.637e+13  0  1879  3.61881  0  0  4.51306  0  2.3171  0.00100237  0  0  0.00159668  0  0.00011923
5.6379e+13  0  1879.3  3.61896  0  0  4.5133  0  2.31714  0.00100174  0  0  0.00159582  0  0.000119146
5.6388e+13  0  1879.6  3.61911  0  0  4.51354  0  2.31717  0.00100111  0  0  0.00159496  0  0.000119063
5.6397e+13  0  1879.9  3.61926  0  0  4.51378  0  2.31721  0.00100048  0  0  0.00159411  0  0.000118979
5.6406e+13  0  1880.2  3.61941  0  0  4.51402  0  2.31724  0.000999851  0  0  0.00159325  0  0.000118895
5.6415e+13  0  1880.5  3.61956  0  0  4.51425  0  2.31728  0.000999223  0  0  0.0015924  0  0.000118812
5.6424e+13  0  1880.8  3.61971  0  0  4.51449  0  2.31732  0.000998595  0  0  0.00159154  0  0.000118729
5.6433e+13  0  1881.1  3.61986  0  0  4.51473  0  2.31735  0.000997968  0  0  0.00159069  0  0.000118645
5.6442e+13  0  1881.4  3.62001  0  0  4.51497  0  2.31739  0.000997341  0  0  0.00158983  0  0.000118562
5.6451e+13  0  1881.7  3.62016  0  0  4.51521  0  2.31742  0.000996715  0  0  0.00158898  0  0.000118479
5.646e+13  0  1882  3.62031  0  0  4.51545  0  2.31746  0.00099609  0  0  0.00158813  0  0.000118396
5.6469e+13  0  1882.3  3.62046  0  0  4.51569  0  2.31749  0.000995465  0  0  0.00158727  0  0.000118313
5.6478e+13  0  1882.6  3.62061  0  0  4.51592  0  2.31753  0.000994841  0  0  0.00158642  0  0.00011823
5.6487e+13  0  1882.9  3.62076  0  0  4.51616  0  2.31756  0.000994217  0  0  0.00158557  0  0.000118147
5.6496e+13  0  1883.2  3.62091  0  0  4.5164  0  2.3176  0.000993594  0  0  0.00158472  0  0.000118064
5.6505e+13  0  1883.5  3.62106  0  0  4.51664  0  2.31763  0.000992971  0  0  0.00158387  0  0.000117982
5.6514e+13  0  1883.8  3.62121  0  0  4.51687  0  2.31767  0.000992349  0  0  0.00158302  0  0.000117899
5.6523e+13  0  1884.1  3.62135  0  0  4.51711  0  2.31771  0.000991727  0  0  0.00158218  0  0.000117817
5.6532e+13  0  1884.4  3.6215  0  0  4.51735  0  2.31774  0.000991106  0  0  0.00158133  0  0.000117734
5.6541e+13  0  1884.7  3.62165  0  0  4.51759  0  2.31778  0.000990485  0  0  0.00158048  0  0.000117652
5.655e+13  0  1885  3.6218  0  0  4.51782  0  2.31781  0.000989866  0  0  0.00157964  0  0.00011757
5.6559e+13  0  1885.3  3.62195  0  0  4.51806  0  2.31785  0.000989246  0  0  0.00157879  0  0.000117488
5.6568e+13  0  1885.6  3.6221  0  0  4.5183  0  2.31788  0.000988627  0  0  0.00157795  0  0.000117405
5.6577e+13  0  1885.9  3.62224  0  0  4.51853  0  2.31792  0.000988009  0  0  0.0015771  0  0.000117323
5.6586e+13  0  1886.2  3.62239  0  0  4.51877  0  2.31795  0.000987391  0  0  0.00157626  0  0.000117242
5.6595e+13  0  1886.5  3.62254  0  0  4.51901  0  2.31799  0.000986774  0  0  0.00157541  0  0.00011716
5.6604e+13  0  1886.8  3.62269  0  0  4.51924  0  2.31802  0.000986157  0  0  0.00157457  0  0.000117078
5.6613e+13  0  1887.1  3.62284  0  0  4.51948  0  2.31806  0.000985541  0  0  0.00157373  0  0.000116996
5.6622e+13  0  1887.4  3.62298  0  0  4.51971  0  2.31809  0.000984925  0  0  0.00157289  0  0.000116915
5.6631e+13  0  1887.7  3.62313  0  0  4.51995  0  2.31813  0.00098431  0  0  0.00157205  0  0.000116833
5.664e+13  0  1888  3.62328  0  0  4.52019  0  2.31816  0.000983696  0  0  0.00157121  0  0.000116752
5.6649e+13  0  1888.3  3.62343  0  0  4.52042  0  2.3182  0.000983082  0  0  0.00157037  0  0.00011667
5.6658e+13  0  1888.6  3.62357  0  0  4.52066  0  2.31823  0.000982468  0  0  0.00156953  0  0.000116589
5.6667e+13  0  1888.9  3.62372  0  0  4.52089  0  2.31827  0.000981855  0  0  0.00156869  0  0.000116508
5.6676e+13  0  1889.2  3.62387  0  0  4.52113  0  2.3183  0.000981243  0  0  0.00156785  0  0.000116427
5.6685e+13  0  1889.5  3.62402  0  0  4.52136  0  2.31834  0.000980631  0  0  0.00156702  0  0.000116346
5.6694e+13  0  1889.8  3.62416  0  0  4.5216  0  2.31837  0.00098002  0  0  0.00156618  0  0.000116265
5.6703e+13  0  1890.1  3.62431  0  0  4.52183  0  2.31841  0.000979409  0  0  0.00156534  0  0.000116184
5.6712e+13  0  1890.4  3.62446  0  0  4.52207  0  2.31844  0.000978799  0  0  0.00156451  0  0.000116103
5.6721e+13  0  1890.7  3.6246  0  0  4.5223  0  2.31848  0.000978189  0  0  0.00156367  0  0.000116023
5.673e+13  0  1891  3.62475  0  0  4.52254  0  2.31851  0.00097758  0  0  0.00156284  0  0.000115942
5.6739e+13  0  1891.3  3.6249  0  0  4.52277  0  2.31855  0.000976971  0  0  0.00156201  0  0.000115861
5.6748e+13  0  1891.6  3.62504  0  0  4.52301  0  2.31858  0.000976363  0  0  0.00156117  0  0.000115781
5.6757e+13  0  1891.9  3.62519  0  0  4.52324  0  2.31862  0.000975755  0  0  0.00156034  0  0.000115701
5.6766e+13  0  1892.2  3.62534  0  0  4.52347  0  2.31865  0.000975148  0  0  0.00155951  0  0.00011562
5.6775e+13  0  1892.5  3.62548  0  0  4.52371  0  2.31869  0.000974542  0  0  0.00155868  0  0.00011554
5.6784e+13  0  1892.8  3.62563  0  0  4.52394  0  2.31872  0.000973936  0  0  0.00155785  0  0.00011546
5.6793e+13  0  1893.1  3.62578  0  0  4.52417  0  2.31875  0.00097333  0  0  0.00155702  0  0.00011538
5.6802e+13  0  1893.4  3.62592  0  0  4.52441  0  2.31879  0.000972725  0  0  0.00155619  0  0.0001153
5.6811e+13  0  1893.7  3.62607  0  0  4.52464  0  2.31882  0.000972121  0  0  0.00155536  0  0.00011522
5.682e+13  0  1894  3.62621  0  0  4.52488  0  2.31886  0.000971517  0  0  0.00155453  0  0.00011514
5.6829e+13  0  1894.3  3.62636  0  0  4.52511  0  2.31889  0.000970914  0  0  0.00155371  0  0.00011506
5.6838e+13  0  1894.6  3.6265  0  0  4.52534  0  2.31893  0.000970311  0  0  0.00155288  0  0.000114981
5.6847e+13  0  1894.9  3.62665  0  0  4.52557  0  2.31896  0.000969708  0  0  0.00155205  0  0.000114901
5.6856e+13  0  1895.2  3.62679  0  0  4.52581  0  2.319  0.000969107  0  0  0.00155123  0  0.000114822
5.6865e+13  0  1895.5  3.62694  0  0  4.52604  0  2.31903  0.000968505  0  0  0.0015504  0  0.000114742
5.6874e+13  0  1895.8  3.62709  0  0  4.52627  0  2.31907  0.000967905  0  0  0.00154958  0  0.000114663
5.6883e+13  0  1896.1  3.62723  0  0  4.5265  0  2.3191  0.000967304  0  0  0.00154876  0  0.000114583
5.6892e+13  0  1896.4  3.62738  0  0  4.52674  0  2.31913  0.000966705  0  0  0.00154793  0  0.000114504
5.6901e+13  0  1896.7  3.62752  0  0  4.52697  0  2.31917  0.000966105  0  0  0.00154711  0  0.000114425
5.691e+13  0  1897  3.62767  0  0  4.5272  0  2.3192  0.000965507  0  0  0.00154629  0  0.000114346
5.6919e+13  0  1897.3  3.62781  0  0  4.52743  0  2.31924  0.000964909  0  0  0.00154547  0  0.000114267
5.6928e+13  0  1897.6  3.62795  0  0  4.52766  0  2.31927  0.000964311  0  0  0.00154465  0  0.000114188
5.6937e+13  0  1897.9  3.6281  0  0  4.5279  0  2.31931  0.000963714  0  0  0.00154383  0  0.000114109
5.6946e+13  0  1898.2  3.62824  0  0  4.52813  0  2.31934  0.000963117  0  0  0.00154301  0  0.000114031
5.6955e+13  0  1898.5  3.62839  0  0  4.52836  0  2.31937  0.000962521  0  0  0.00154219  0  0.000113952
5.6964e+13  0  1898.8  3.62853  0  0  4.52859  0  2.31941  0.000961926  0  0  0.00154137  0  0.000113873
5.6973e+13  0  1899.1  3.62868  0  0  4.52882  0  2.31944  0.000961331  0  0  0.00154055  0  0.000113795
5.6982e+13  0  1899.4  3.62882  0  0  4.52905  0  2.31948  0.000960736  0  0  0.00153973  0  0.000113716
5.6991e+13  0  1899.7  3.62897  0  0  4.52928  0  2.31951  0.000960142  0  0  0.00153892  0  0.000113638
5.7e+13  0  1900  3.62911  0  0  4.52951  0  2.31954  0.000959549  0  0  0.0015381  0  0.00011356
5.7009e+13  0  1900.3  3.62925  0  0  4.52974  0  2.31958  0.000958956  0  0  0.00153729  0  0.000113482
5.7018e+13  0  1900.6  3.6294  0  0  4.52998  0  2.31961  0.000958363  0  0  0.00153647  0  0.000113403
5.7027e+13  0  1900.9  3.62954  0  0  4.53021  0  2.31965  0.000957771  0  0  0.00153566  0  0.000113325
5.7036e+13  0  1901.2  3.62968  0  0  4.53044  0  2.31968  0.00095718  0  0  0.00153484  0  0.000113247
5.7045e+13  0  1901.5  3.62983  0  0  4.53067  0  2.31971  0.000956589  0  0  0.00153403  0  0.00011317
5.7054e+13  0  1901.8  3.62997  0  0  4.5309  0  2.31975  0.000955998  0  0  0.00153322  0  0.000113092
5.7063e+13  0  1902.1  3.63011  0  0  4.53113  0  2.31978  0.000955408  0  0  0.00153241  0  0.000113014
5.7072e+13  0  1902.4  3.63026  0  0  4.53136  0  2.31982  0.000954819  0  0  0.0015316  0  0.000112936
5.7081e+13  0  1902.7  3.6304  0  0  4.53159  0  2.31985  0.00095423  0  0  0.00153079  0  0.000112859
5.709e+13  0  1903  3.63054  0  0  4.53181  0  2.31988  0.000953642  0  0  0.00152997  0  0.000112781
5.7099e+13  0  1903.3  3.63069  0  0  4.53204  0  2.31992  0.000953054  0  0  0.00152917  0  0.000112704
5.7108e+13  0  1903.6  3.63083  0  0  4.53227  0  2.31995  0.000952467  0  0  0.00152836  0  0.000112626
5.7117e+13  0  1903.9  3.63097  0  0  4.5325  0  2.31999  0.00095188  0  0  0.00152755  0  0.000112549
5.7126e+13  0  1904.2  3.63112  0  0  4.53273  0  2.32002  0.000951293  0  0  0.00152674  0  0.000112472
5.7135e+13  0  1904.5  3.63126  0  0  4.53296  0  2.32005  0.000950708  0  0  0.00152593  0  0.000112395
5.7144e+13  0  1904.8  3.6314  0  0  4.53319  0  2.32009  0.000950122  0  0  0.00152513  0  0.000112318
5.7153e+13  0  1905.1  3.63154  0  0  4.53342  0  2.32012  0.000949537  0  0  0.00152432  0  0.000112241
5.7162e+13  0  1905.4  3.63169  0  0  4.53365  0  2.32015  0.000948953  0  0  0.00152352  0  0.000112164
5.7171e+13  0  1905.7  3.63183  0  0  4.53388  0  2.32019  0.000948369  0  0  0.00152271  0  0.000112087
5.718e+13  0  1906  3.63197  0  0  4.5341  0  2.32022  0.000947786  0  0  0.00152191  0  0.00011201
5.7189e+13  0  1906.3  3.63211  0  0  4.53433  0  2.32026  0.000947203  0  0  0.0015211  0  0.000111933
5.7198e+13  0  1906.6  3.63225  0  0  4.53456  0  2.32029  0.000946621  0  0  0.0015203  0  0.000111857
5.7207e+13  0  1906.9  3.6324  0  0  4.53479  0  2.32032  0.000946039  0  0  0.0015195  0  0.00011178
5.7216e+13  0  1907.2  3.63254  0  0  4.53502  0  2.32036  0.000945458  0  0  0.0015187  0  0.000111704
5.7225e+13  0  1907.5  3.63268  0  0  4.53524  0  2.32039  0.000944877  0  0  0.00151789  0  0.000111627
5.7234e+13  0  1907.8  3.63282  0  0  4.53547  0  2.32042  0.000944297  0  0  0.00151709  0  0.000111551
5.7243e+13  0  1908.1  3.63296  0  0  4.5357  0  2.32046  0.000943717  0  0  0.00151629  0  0.000111475
5.7252e+13  0  1908.4  3.6331  0  0  4.53593  0  2.32049  0.000943137  0  0  0.00151549  0  0.000111399
5.7261e+13  0  1908.7  3.63325  0  0  4.53615  0  2.32052  0.000942559  0  0  0.00151469  0  0.000111323
5.727e+13  0  1909  3.63339  0  0  4.53638  0  2.32056  0.00094198  0  0  0.0015139  0  0.000111247
5.7279e+13  0  1909.3  3.63353  0  0  4.53661  0  2.32059  0.000941402  0  0  0.0015131  0  0.000111171
5.7288e+13  0  1909.6  3.63367  0  0  4.53683  0  2.32062  0.000940825  0  0  0.0015123  0  0.000111095
5.7297e+13  0  1909.9  3.63381  0  0  4.53706  0  2.32066  0.000940248  0  0  0.0015115  0  0.000111019
5.7306e+13  0  1910.2  3.63395  0  0  4.53729  0  2.32069  0.000939672  0  0  0.00151071  0  0.000110943
5.7315e+13  0  1910.5  3.63409  0  0  4.53751  0  2.32072  0.000939096  0  0  0.00150991  0  0.000110868
5.7324e+13  0  1910.8  3.63423  0  0  4.53774  0  2.32076  0.000938521  0  0  0.00150912  0  0.000110792
5.7333e+13  0  1911.1  3.63437  0  0  4.53797  0  2.32079  0.000937946  0  0  0.00150832  0  0.000110716
5.7342e+13  0  1911.4  3.63452  0  0  4.53819  0  2.32082  0.000937372  0  0  0.00150753  0  0.000110641
5.7351e+13  0  1911.7  3.63466  0  0  4.53842  0  2.32086  0.000936798  0  0  0.00150674  0  0.000110566
5.736e+13  0  1912  3.6348  0  0  4.53865  0  2.32089  0.000936224  0  0  0.00150594  0  0.00011049
5.7369e+13  0  1912.3  3.63494  0  0  4.53887  0  2.32092  0.000935651  0  0  0.00150515  0  0.000110415
5.7378e+13  0  1912.6  3.63508  0  0  4.5391  0  2.32096  0.000935079  0  0  0.00150436  0  0.00011034
5.7387e+13  0  1912.9  3.63522  0  0  4.53932  0  2.32099  0.000934507  0  0  0.00150357  0  0.000110265
5.7396e+13  0  1913.2  3.63536  0  0  4.53955  0  2.32102  0.000933936  0  0  0.00150278  0  0.00011019
5.7405e+13  0  1913.5  3.6355  0  0  4.53977  0  2.32105  0.000933365  0  0  0.00150199  0  0.000110115
5.7414e+13  0  1913.8  3.63564  0  0  4.54  0  2.32109  0.000932794  0  0  0.0015012  0  0.00011004
5.7423e+13  0  1914.1  3.63578  0  0  4.54022  0  2.32112  0.000932225  0  0  0.00150041  0  0.000109965
5.7432e+13  0  1914.4  3.63592  0  0  4.54045  0  2.32115  0.000931655  0  0  0.00149962  0  0.000109891
5.7441e+13  0  1914.7  3.63606  0  0  4.54067  0  2.32119  0.000931086  0  0  0.00149883  0  0.000109816
5.745e+13  0  1915  3.6362  0  0  4.5409  0  2.32122  0.000930518  0  0  0.00149805  0  0.000109741
5.7459e+13  0  1915.3  3.63634  0  0  4.54112  0  2.32125  0.00092995  0  0  0.00149726  0  0.000109667
5.7468e+13  0  1915.6  3.63648  0  0  4.54135  0  2.32129  0.000929382  0  0  0.00149647  0  0.000109593
5.7477e+13  0  1915.9  3.63661  0  0  4.54157  0  2.32132  0.000928815  0  0  0.00149569  0  0.000109518
5.7486e+13  0  1916.2  3.63675  0  0  4.5418  0  2.32135  0.000928249  0  0  0.0014949  0  0.000109444
5.7495e+13  0  1916.5  3.63689  0  0  4.54202  0  2.32138  0.000927683  0  0  0.00149412  0  0.00010937
5.7504e+13  0  1916.8  3.63703  0  0  4.54224  0  2.32142  0.000927117  0  0  0.00149334  0  0.000109296
5.7513e+13  0  1917.1  3.63717  0  0  4.54247  0  2.32145  0.000926552  0  0  0.00149255  0  0.000109222
5.7522e+13  0  1917.4  3.63731  0  0  4.54269  0  2.32148  0.000925987  0  0  0.00149177  0  0.000109148
5.7531e+13  0  1917.7  3.63745  0  0  4.54292  0  2.32151  0.000925423  0  0  0.00149099  0  0.000109074
5.754e+13  0  1918  3.63759  0  0  4.54314  0  2.32155  0.00092486  0  0  0.00149021  0  0.000109
5.7549e+13  0  1918.3  3.63773  0  0  4.54336  0  2.32158  0.000924296  0  0  0.00148943  0  0.000108926
5.7558e+13  0  1918.6  3.63786  0  0  4.54359  0  2.32161  0.000923734  0  0  0.00148865  0  0.000108852
5.7567e+13  0  1918.9  3.638  0  0  4.54381  0  2.32165  0.000923172  0  0  0.00148787  0  0.000108779
5.7576e+13  0  1919.2  3.63814  0  0  4.54403  0  2.32168  0.00092261  0  0  0.00148709  0  0.000108705
5.7585e+13  0  1919.5  3.63828  0  0  4.54426  0  2.32171  0.000922049  0  0  0.00148631  0  0.000108632
5.7594e+13  0  1919.8  3.63842  0  0  4.54448  0  2.32174  0.000921488  0  0  0.00148553  0  0.000108558
5.7603e+13  0  1920.1  3.63856  0  0  4.5447  0  2.32178  0.000920928  0  0  0.00148475  0  0.000108485
5.7612e+13  0  1920.4  3.63869  0  0  4.54492  0  2.32181  0.000920368  0  0  0.00148398  0  0.000108412
5.7621e+13  0  1920.7  3.63883  0  0  4.54515  0  2.32184  0.000919808  0  0  0.0014832  0  0.000108338
5.763e+13  0  1921  3.63897  0  0  4.54537  0  2.32187  0.00091925  0  0  0.00148242  0  0.000108265
5.7639e+13  0  1921.3  3.63911  0  0  4.54559  0  2.32191  0.000918691  0  0  0.00148165  0  0.000108192
5.7648e+13  0  1921.6  3.63925  0  0  4.54581  0  2.32194  0.000918133  0  0  0.00148087  0  0.000108119
5.7657e+13  0  1921.9  3.63938  0  0  4.54604  0  2.32197  0.000917576  0  0  0.0014801  0  0.000108046
5.7666e+13  0  1922.2  3.63952  0  0  4.54626  0  2.322  0.000917019  0  0  0.00147933  0  0.000107973
5.7675e+13  0  1922.5  3.63966  0  0  4.54648  0  2.32204  0.000916462  0  0  0.00147855  0  0.0001079
5.7684e+13  0  1922.8  3.6398  0  0  4.5467  0  2.32207  0.000915906  0  0  0.00147778  0  0.000107828
5.7693e+13  0  1923.1  3.63993  0  0  4.54692  0  2.3221  0.000915351  0  0  0.00147701  0  0.000107755
5.7702e+13  0  1923.4  3.64007  0  0  4.54714  0  2.32213  0.000914796  0  0  0.00147624  0  0.000107683
5.7711e+13  0  1923.7  3.64021  0  0  4.54737  0  2.32216  0.000914241  0  0  0.00147547  0  0.00010761
5.772e+13  0  1924  3.64035  0  0  4.54759  0  2.3222  0.000913687  0  0  0.0014747  0  0.000107538
5.7729e+13  0  1924.3  3.64048  0  0  4.54781  0  2.32223  0.000913133  0  0  0.00147393  0  0.000107465
5.7738e+13  0  1924.6  3.64062  0  0  4.54803  0  2.32226  0.00091258  0  0  0.00147316  0  0.000107393
5.7747e+13  0  1924.9  3.64076  0  0  4.54825  0  2.32229  0.000912028  0  0  0.00147239  0  0.000107321
5.7756e+13  0  1925.2  3.64089  0  0  4.54847  0  2.32233  0.000911475  0  0  0.00147162  0  0.000107248
5.7765e+13  0  1925.5  3.64103  0  0  4.54869  0  2.32236  0.000910924  0  0  0.00147085  0  0.000107176
5.7774e+13  0  1925.8  3.64117  0  0  4.54891  0  2.32239  0.000910372  0  0  0.00147008  0  0.000107104
5.7783e+13  0  1926.1  3.6413  0  0  4.54913  0  2.32242  0.000909821  0  0  0.00146932  0  0.000107032
5.7792e+13  0  1926.4  3.64144  0  0  4.54935  0  2.32245  0.000909271  0  0  0.00146855  0  0.00010696
5.7801e+13  0  1926.7  3.64158  0  0  4.54957  0  2.32249  0.000908721  0  0  0.00146779  0  0.000106889
5.781e+13  0  1927  3.64171  0  0  4.54979  0  2.32252  0.000908172  0  0  0.00146702  0  0.000106817
5.7819e+13  0  1927.3  3.64185  0  0  4.55001  0  2.32255  0.000907623  0  0  0.00146626  0  0.000106745
5.7828e+13  0  1927.6  3.64198  0  0  4.55023  0  2.32258  0.000907074  0  0  0.00146549  0  0.000106674
5.7837e+13  0  1927.9  3.64212  0  0  4.55045  0  2.32261  0.000906526  0  0  0.00146473  0  0.000106602
5.7846e+13  0  1928.2  3.64226  0  0  4.55067  0  2.32265  0.000905979  0  0  0.00146397  0  0.00010653
5.7855e+13  0  1928.5  3.64239  0  0  4.55089  0  2.32268  0.000905431  0  0  0.00146321  0  0.000106459
5.7864e+13  0  1928.8  3.64253  0  0  4.55111  0  2.32271  0.000904885  0  0  0.00146244  0  0.000106388
5.7873e+13  0  1929.1  3.64266  0  0  4.55133  0  2.32274  0.000904339  0  0  0.00146168  0  0.000106316
5.7882e+13  0  1929.4  3.6428  0  0  4.55155  0  2.32277  0.000903793  0  0  0.00146092  0  0.000106245
5.7891e+13  0  1929.7  3.64293  0  0  4.55177  0  2.32281  0.000903248  0  0  0.00146016  0  0.000106174
5.79e+13  0  1930  3.64307  0  0  4.55199  0  2.32284  0.000902703  0  0  0.0014594  0  0.000106103
5.7909e+13  0  1930.3  3.64321  0  0  4.55221  0  2.32287  0.000902158  0  0  0.00145864  0  0.000106032
5.7918e+13  0  1930.6  3.64334  0  0  4.55243  0  2.3229  0.000901614  0  0  0.00145789  0  0.000105961
5.7927e+13  0  1930.9  3.64348  0  0  4.55264  0  2.32293  0.000901071  0  0  0.00145713  0  0.00010589
5.7936e+13  0  1931.2  3.64361  0  0  4.55286  0  2.32297  0.000900528  0  0  0.00145637  0  0.000105819
5.7945e+13  0  1931.5  3.64375  0  0  4.55308  0  2.323  0.000899986  0  0  0.00145561  0  0.000105749
5.7954e+13  0  1931.8  3.64388  0  0  4.5533  0  2.32303  0.000899444  0  0  0.00145486  0  0.000105678
5.7963e+13  0  1932.1  3.64402  0  0  4.55352  0  2.32306  0.000898902  0  0  0.0014541  0  0.000105607
5.7972e+13  0  1932.4  3.64415  0  0  4.55374  0  2.32309  0.000898361  0  0  0.00145335  0  0.000105537
5.7981e+13  0  1932.7  3.64429  0  0  4.55395  0  2.32312  0.00089782  0  0  0.00145259  0  0.000105466
5.799e+13  0  1933  3.64442  0  0  4.55417  0  2.32316  0.00089728  0  0  0.00145184  0  0.000105396
5.7999e+13  0  1933.3  3.64455  0  0  4.55439  0  2.32319  0.00089674  0  0  0.00145108  0  0.000105326
5.8008e+13  0  1933.6  3.64469  0  0  4.55461  0  2.32322  0.000896201  0  0  0.00145033  0  0.000105255
5.8017e+13  0  1933.9  3.64482  0  0  4.55482  0  2.32325  0.000895662  0  0  0.00144958  0  0.000105185
5.8026e+13  0  1934.2  3.64496  0  0  4.55504  0  2.32328  0.000895123  0  0  0.00144883  0  0.000105115
5.8035e+13  0  1934.5  3.64509  0  0  4.55526  0  2.32331  0.000894585  0  0  0.00144808  0  0.000105045
5.8044e+13  0  1934.8  3.64523  0  0  4.55548  0  2.32334  0.000894048  0  0  0.00144733  0  0.000104975
5.8053e+13  0  1935.1  3.64536  0  0  4.55569  0  2.32338  0.000893511  0  0  0.00144657  0  0.000104905
5.8062e+13  0  1935.4  3.64549  0  0  4.55591  0  2.32341  0.000892974  0  0  0.00144583  0  0.000104835
5.8071e+13  0  1935.7  3.64563  0  0  4.55613  0  2.32344  0.000892438  0  0  0.00144508  0  0.000104765
5.808e+13  0  1936  3.64576  0  0  4.55634  0  2.32347  0.000891902  0  0  0.00144433  0  0.000104695
5.8089e+13  0  1936.3  3.6459  0  0  4.55656  0  2.3235  0.000891367  0  0  0.00144358  0  0.000104626
5.8098e+13  0  1936.6  3.64603  0  0  4.55678  0  2.32353  0.000890832  0  0  0.00144283  0  0.000104556
5.8107e+13  0  1936.9  3.64616  0  0  4.55699  0  2.32356  0.000890298  0  0  0.00144208  0  0.000104487
5.8116e+13  0  1937.2  3.6463  0  0  4.55721  0  2.3236  0.000889764  0  0  0.00144134  0  0.000104417
5.8125e+13  0  1937.5  3.64643  0  0  4.55743  0  2.32363  0.000889231  0  0  0.00144059  0  0.000104348
5.8134e+13  0  1937.8  3.64656  0  0  4.55764  0  2.32366  0.000888698  0  0  0.00143985  0  0.000104278
5.8143e+13  0  1938.1  3.6467  0  0  4.55786  0  2.32369  0.000888165  0  0  0.0014391  0  0.000104209
5.8152e+13  0  1938.4  3.64683  0  0  4.55807  0  2.32372  0.000887633  0  0  0.00143836  0  0.00010414
5.8161e+13  0  1938.7  3.64696  0  0  4.55829  0  2.32375  0.000887101  0  0  0.00143761  0  0.000104071
5.817e+13  0  1939  3.6471  0  0  4.5585  0  2.32378  0.00088657  0  0  0.00143687  0  0.000104002
5.8179e+13  0  1939.3  3.64723  0  0  4.55872  0  2.32381  0.000886039  0  0  0.00143613  0  0.000103933
5.8188e+13  0  1939.6  3.64736  0  0  4.55894  0  2.32385  0.000885509  0  0  0.00143538  0  0.000103864
5.8197e+13  0  1939.9  3.64749  0  0  4.55915  0  2.32388  0.000884979  0  0  0.00143464  0  0.000103795
5.8206e+13  0  1940.2  3.64763  0  0  4.55937  0  2.32391  0.00088445  0  0  0.0014339  0  0.000103726
5.8215e+13  0  1940.5  3.64776  0  0  4.55958  0  2.32394  0.000883921  0  0  0.00143316  0  0.000103657
5.8224e+13  0  1940.8  3.64789  0  0  4.5598  0  2.32397  0.000883392  0  0  0.00143242  0  0.000103588
5.8233e+13  0  1941.1  3.64802  0  0  4.56001  0  2.324  0.000882864  0  0  0.00143168  0  0.00010352
5.8242e+13  0  1941.4  3.64816  0  0  4.56023  0  2.32403  0.000882336  0  0  0.00143094  0  0.000103451
5.8251e+13  0  1941.7  3.64829  0  0  4.56044  0  2.32406  0.000881809  0  0  0.0014302  0  0.000103383
5.826e+13  0  1942  3.64842  0  0  4.56065  0  2.32409  0.000881282  0  0  0.00142946  0  0.000103314
5.8269e+13  0  1942.3  3.64855  0  0  4.56087  0  2.32413  0.000880756  0  0  0.00142873  0  0.000103246
5.8278e+13  0  1942.6  3.64869  0  0  4.56108  0  2.32416  0.00088023  0  0  0.00142799  0  0.000103178
5.8287e+13  0  1942.9  3.64882  0  0  4.5613  0  2.32419  0.000879704  0  0  0.00142725  0  0.000103109
5.8296e+13  0  1943.2  3.64895  0  0  4.56151  0  2.32422  0.000879179  0  0  0.00142652  0  0.000103041
5.8305e+13  0  1943.5  3.64908  0  0  4.56172  0  2.32425  0.000878655  0  0  0.00142578  0  0.000102973
5.8314e+13  0  1943.8  3.64921  0  0  4.56194  0  2.32428  0.000878131  0  0  0.00142504  0  0.000102905
5.8323e+13  0  1944.1  3.64934  0  0  4.56215  0  2.32431  0.000877607  0  0  0.00142431  0  0.000102837
5.8332e+13  0  1944.4  3.64948  0  0  4.56237  0  2.32434  0.000877084  0  0  0.00142358  0  0.000102769
5.8341e+13  0  1944.7  3.64961  0  0  4.56258  0  2.32437  0.000876561  0  0  0.00142284  0  0.000102701
5.835e+13  0  1945  3.64974  0  0  4.56279  0  2.3244  0.000876038  0  0  0.00142211  0  0.000102633
5.8359e+13  0  1945.3  3.64987  0  0  4.56301  0  2.32443  0.000875516  0  0  0.00142138  0  0.000102566
5.8368e+13  0  1945.6  3.65  0  0  4.56322  0  2.32446  0.000874995  0  0  0.00142064  0  0.000102498
5.8377e+13  0  1945.9  3.65013  0  0  4.56343  0  2.3245  0.000874474  0  0  0.00141991  0  0.00010243
5.8386e+13  0  1946.2  3.65026  0  0  4.56365  0  2.32453  0.000873953  0  0  0.00141918  0  0.000102363
5.8395e+13  0  1946.5  3.6504  0  0  4.56386  0  2.32456  0.000873433  0  0  0.00141845  0  0.000102295
5.8404e+13  0  1946.8  3.65053  0  0  4.56407  0  2.32459  0.000872913  0  0  0.00141772  0  0.000102228
5.8413e+13  0  1947.1  3.65066  0  0  4.56428  0  2.32462  0.000872394  0  0  0.00141699  0  0.00010216
5.8422e+13  0  1947.4  3.65079  0  0  4.5645  0  2.32465  0.000871875  0  0  0.00141626  0  0.000102093
5.8431e+13  0  1947.7  3.65092  0  0  4.56471  0  2.32468  0.000871356  0  0  0.00141553  0  0.000102026
5.844e+13  0  1948  3.65105  0  0  4.56492  0  2.32471  0.000870838  0  0  0.00141481  0  0.000101959
5.8449e+13  0  1948.3  3.65118  0  0  4.56513  0  2.32474  0.000870321  0  0  0.00141408  0  0.000101892
5.8458e+13  0  1948.6  3.65131  0  0  4.56534  0  2.32477  0.000869803  0  0  0.00141335  0  0.000101825
5.8467e+13  0  1948.9  3.65144  0  0  4.56556  0  2.3248  0.000869287  0  0  0.00141263  0  0.000101758
5.8476e+13  0  1949.2  3.65157  0  0  4.56577  0  2.32483  0.00086877  0  0  0.0014119  0  0.000101691
5.8485e+13  0  1949.5  3.6517  0  0  4.56598  0  2.32486  0.000868254  0  0  0.00141117  0  0.000101624
5.8494e+13  0  1949.8  3.65183  0  0  4.56619  0  2.32489  0.000867739  0  0  0.00141045  0  0.000101557
5.8503e+13  0  1950.1  3.65196  0  0  4.5664  0  2.32492  0.000867224  0  0  0.00140973  0  0.00010149
5.8512e+13  0  1950.4  3.65209  0  0  4.56661  0  2.32495  0.000866709  0  0  0.001409  0  0.000101424
5.8521e+13  0  1950.7  3.65222  0  0  4.56683  0  2.32498  0.000866195  0  0  0.00140828  0  0.000101357
5.853e+13  0  1951  3.65235  0  0  4.56704  0  2.32502  0.000865681  0  0  0.00140756  0  0.00010129
5.8539e+13  0  1951.3  3.65248  0  0  4.56725  0  2.32505  0.000865168  0  0  0.00140683  0  0.000101224
5.8548e+13  0  1951.6  3.65261  0  0  4.56746  0  2.32508  0.000864655  0  0  0.00140611  0  0.000101158
5.8557e+13  0  1951.9  3.65274  0  0  4.56767  0  2.32511  0.000864142  0  0  0.00140539  0  0.000101091
5.8566e+13  0  1952.2  3.65287  0  0  4.56788  0  2.32514  0.00086363  0  0  0.00140467  0  0.000101025
5.8575e+13  0  1952.5  3.653  0  0  4.56809  0  2.32517  0.000863118  0  0  0.00140395  0  0.000100959
5.8584e+13  0  1952.8  3.65313  0  0  4.5683  0  2.3252  0.000862607  0  0  0.00140323  0  0.000100892
5.8593e+13  0  1953.1  3.65326  0  0  4.56851  0  2.32523  0.000862096  0  0  0.00140251  0  0.000100826
5.8602e+13  0  1953.4  3.65339  0  0  4.56872  0  2.32526  0.000861586  0  0  0.00140179  0  0.00010076
5.8611e+13  0  1953.7  3.65352  0  0  4.56893  0  2.32529  0.000861076  0  0  0.00140107  0  0.000100694
5.862e+13  0  1954  3.65365  0  0  4.56914  0  2.32532  0.000860566  0  0  0.00140035  0  0.000100628
5.8629e+13  0  1954.3  3.65378  0  0  4.56935  0  2.32535  0.000860057  0  0  0.00139964  0  0.000100562
5.8638e+13  0  1954.6  3.6539  0  0  4.56956  0  2.32538  0.000859549  0  0  0.00139892  0  0.000100497
5.8647e+13  0  1954.9  3.65403  0  0  4.56977  0  2.32541  0.00085904  0  0  0.0013982  0  0.000100431
5.8656e+13  0  1955.2  3.65416  0  0  4.56998  0  2.32544  0.000858533  0  0  0.00139749  0  0.000100365
5.8665e+13  0  1955.5  3.65429  0  0  4.57019  0  2.32547  0.000858025  0  0  0.00139677  0  0.0001003
5.8674e+13  0  1955.8  3.65442  0  0  4.5704  0  2.3255  0.000857518  0  0  0.00139606  0  0.000100234
5.8683e+13  0  1956.1  3.65455  0  0  4.57061  0  2.32553  0.000857011  0  0  0.00139534  0  0.000100169
5.8692e+13  0  1956.4  3.65468  0  0  4.57082  0  2.32556  0.000856505  0  0  0.00139463  0  0.000100103
5.8701e+13  0  1956.7  3.65481  0  0  4.57103  0  2.32559  0.000855999  0  0  0.00139392  0  0.000100038
5.871e+13  0  1957  3.65493  0  0  4.57124  0  2.32562  0.000855494  0  0  0.0013932  0  9.99724e-05
5.8719e+13  0  1957.3  3.65506  0  0  4.57145  0  2.32565  0.000854989  0  0  0.00139249  0  9.99071e-05
5.8728e+13  0  1957.6  3.65519  0  0  4.57166  0  2.32568  0.000854485  0  0  0.00139178  0  9.98419e-05
5.8737e+13  0  1957.9  3.65532  0  0  4.57186  0  2.32571  0.000853981  0  0  0.00139107  0  9.97768e-05
5.8746e+13  0  1958.2  3.65545  0  0  4.57207  0  2.32574  0.000853477  0  0  0.00139036  0  9.97117e-05
5.8755e+13  0  1958.5  3.65557  0  0  4.57228  0  2.32577  0.000852974  0  0  0.00138965  0  9.96467e-05
5.8764e+13  0  1958.8  3.6557  0  0  4.57249  0  2.3258  0.000852471  0  0  0.00138894  0  9.95817e-05
5.8773e+13  0  1959.1  3.65583  0  0  4.5727  0  2.32583  0.000851968  0  0  0.00138823  0  9.95168e-05
5.8782e+13  0  1959.4  3.65596  0  0  4.57291  0  2.32586  0.000851466  0  0  0.00138752  0  9.94519e-05
5.8791e+13  0  1959.7  3.65609  0  0  4.57311  0  2.32589  0.000850965  0  0  0.00138681  0  9.93872e-05
5.88e+13  0  1960  3.65621  0  0  4.57332  0  2.32592  0.000850464  0  0  0.0013861  0  9.93224e-05
5.8809e+13  0  1960.3  3.65634  0  0  4.57353  0  2.32595  0.000849963  0  0  0.0013854  0  9.92578e-05
5.8818e+13  0  1960.6  3.65647  0  0  4.57374  0  2.32598  0.000849462  0  0  0.00138469  0  9.91932e-05
5.8827e+13  0  1960.9  3.6566  0  0  4.57395  0  2.32601  0.000848962  0  0  0.00138398  0  9.91286e-05
5.8836e+13  0  1961.2  3.65672  0  0  4.57415  0  2.32604  0.000848463  0  0  0.00138328  0  9.90641e-05
5.8845e+13  0  1961.5  3.65685  0  0  4.57436  0  2.32607  0.000847964  0  0  0.00138257  0  9.89997e-05
5.8854e+13  0  1961.8  3.65698  0  0  4.57457  0  2.3261  0.000847465  0  0  0.00138187  0  9.89353e-05
5.8863e+13  0  1962.1  3.6571  0  0  4.57478  0  2.32613  0.000846967  0  0  0.00138116  0  9.8871e-05
5.8872e+13  0  1962.4  3.65723  0  0  4.57498  0  2.32616  0.000846469  0  0  0.00138046  0  9.88068e-05
5.8881e+13  0  1962.7  3.65736  0  0  4.57519  0  2.32619  0.000845971  0  0  0.00137976  0  9.87426e-05
5.889e+13  0  1963  3.65749  0  0  4.5754  0  2.32621  0.000845474  0  0  0.00137905  0  9.86785e-05
5.8899e+13  0  1963.3  3.65761  0  0  4.5756  0  2.32624  0.000844978  0  0  0.00137835  0  9.86144e-05
5.8908e+13  0  1963.6  3.65774  0  0  4.57581  0  2.32627  0.000844481  0  0  0.00137765  0  9.85504e-05
5.8917e+13  0  1963.9  3.65787  0  0  4.57602  0  2.3263  0.000843985  0  0  0.00137695  0  9.84864e-05
5.8926e+13  0  1964.2  3.65799  0  0  4.57622  0  2.32633  0.00084349  0  0  0.00137625  0  9.84225e-05
5.8935e+13  0  1964.5  3.65812  0  0  4.57643  0  2.32636  0.000842995  0  0  0.00137555  0  9.83587e-05
5.8944e+13  0  1964.8  3.65824  0  0  4.57664  0  2.32639  0.0008425  0  0  0.00137485  0  9.82949e-05
5.8953e+13  0  1965.1  3.65837  0  0  4.57684  0  2.32642  0.000842006  0  0  0.00137415  0  9.82312e-05
5.8962e+13  0  1965.4  3.6585  0  0  4.57705  0  2.32645  0.000841512  0  0  0.00137345  0  9.81675e-05
5.8971e+13  0  1965.7  3.65862  0  0  4.57725  0  2.32648  0.000841019  0  0  0.00137275  0  9.81039e-05
5.898e+13  0  1966  3.65875  0  0  4.57746  0  2.32651  0.000840526  0  0  0.00137205  0  9.80404e-05
5.8989e+13  0  1966.3  3.65888  0  0  4.57767  0  2.32654  0.000840033  0  0  0.00137135  0  9.79769e-05
5.8998e+13  0  1966.6  3.659  0  0  4.57787  0  2.32657  0.000839541  0  0  0.00137066  0  9.79135e-05
5.9007e+13  0  1966.9  3.65913  0  0  4.57808  0  2.3266  0.000839049  0  0  0.00136996  0  9.78501e-05
5.9016e+13  0  1967.2  3.65925  0  0  4.57828  0  2.32663  0.000838558  0  0  0.00136926  0  9.77868e-05
5.9025e+13  0  1967.5  3.65938  0  0  4.57849  0  2.32666  0.000838067  0  0  0.00136857  0  9.77235e-05
5.9034e+13  0  1967.8  3.6595  0  0  4.57869  0  2.32669  0.000837576  0  0  0.00136787  0  9.76603e-05
5.9043e+13  0  1968.1  3.65963  0  0  4.5789  0  2.32672  0.000837086  0  0  0.00136718  0  9.75972e-05
5.9052e+13  0  1968.4  3.65976  0  0  4.5791  0  2.32674  0.000836596  0  0  0.00136648  0  9.75341e-05
5.9061e+13  0  1968.7  3.65988  0  0  4.57931  0  2.32677  0.000836107  0  0  0.00136579  0  9.74711e-05
5.907e+13  0  1969  3.66001  0  0  4.57951  0  2.3268  0.000835618  0  0  0.0013651  0  9.74081e-05
5.9079e+13  0  1969.3  3.66013  0  0  4.57972  0  2.32683  0.000835129  0  0  0.0013644  0  9.73452e-05
5.9088e+13  0  1969.6  3.66026  0  0  4.57992  0  2.32686  0.000834641  0  0  0.00136371  0  9.72824e-05
5.9097e+13  0  1969.9  3.66038  0  0  4.58013  0  2.32689  0.000834153  0  0  0.00136302  0  9.72196e-05
5.9106e+13  0  1970.2  3.66051  0  0  4.58033  0  2.32692  0.000833666  0  0  0.00136233  0  9.71569e-05
5.9115e+13  0  1970.5  3.66063  0  0  4.58054  0  2.32695  0.000833179  0  0  0.00136164  0  9.70942e-05
5.9124e+13  0  1970.8  3.66076  0  0  4.58074  0  2.32698  0.000832692  0  0  0.00136095  0  9.70316e-05
5.9133e+13  0  1971.1  3.66088  0  0  4.58094  0  2.32701  0.000832206  0  0  0.00136026  0  9.6969e-05
5.9142e+13  0  1971.4  3.66101  0  0  4.58115  0  2.32704  0.00083172  0  0  0.00135957  0  9.69065e-05
5.9151e+13  0  1971.7  3.66113  0  0  4.58135  0  2.32707  0.000831235  0  0  0.00135888  0  9.68441e-05
5.916e+13  0  1972  3.66126  0  0  4.58156  0  2.32709  0.000830749  0  0  0.00135819  0  9.67817e-05
5.9169e+13  0  1972.3  3.66138  0  0  4.58176  0  2.32712  0.000830265  0  0  0.0013575  0  9.67193e-05
5.9178e+13  0  1972.6  3.66151  0  0  4.58196  0  2.32715  0.000829781  0  0  0.00135681  0  9.6657e-05
5.9187e+13  0  1972.9  3.66163  0  0  4.58217  0  2.32718  0.000829297  0  0  0.00135613  0  9.65948e-05
5.9196e+13  0  1973.2  3.66175  0  0  4.58237  0  2.32721  0.000828813  0  0  0.00135544  0  9.65327e-05
5.9205e+13  0  1973.5  3.66188  0  0  4.58257  0  2.32724  0.00082833  0  0  0.00135476  0  9.64706e-05
5.9214e+13  0  1973.8  3.662  0  0  4.58278  0  2.32727  0.000827848  0  0  0.00135407  0  9.64085e-05
5.9223e+13  0  1974.1  3.66213  0  0  4.58298  0  2.3273  0.000827365  0  0  0.00135338  0  9.63465e-05
5.9232e+13  0  1974.4  3.66225  0  0  4.58318  0  2.32733  0.000826884  0  0  0.0013527  0  9.62846e-05
5.9241e+13  0  1974.7  3.66237  0  0  4.58338  0  2.32735  0.000826402  0  0  0.00135202  0  9.62227e-05
5.925e+13  0  1975  3.6625  0  0  4.58359  0  2.32738  0.000825921  0  0  0.00135133  0  9.61609e-05
5.9259e+13  0  1975.3  3.66262  0  0  4.58379  0  2.32741  0.00082544  0  0  0.00135065  0  9.60991e-05
5.9268e+13  0  1975.6  3.66275  0  0  4.58399  0  2.32744  0.00082496  0  0  0.00134997  0  9.60374e-05
5.9277e+13  0  1975.9  3.66287  0  0  4.5842  0  2.32747  0.00082448  0  0  0.00134928  0  9.59757e-05
5.9286e+13  0  1976.2  3.66299  0  0  4.5844  0  2.3275  0.000824001  0  0  0.0013486  0  9.59141e-05
5.9295e+13  0  1976.5  3.66312  0  0  4.5846  0  2.32753  0.000823521  0  0  0.00134792  0  9.58526e-05
5.9304e+13  0  1976.8  3.66324  0  0  4.5848  0  2.32756  0.000823043  0  0  0.00134724  0  9.57911e-05
5.9313e+13  0  1977.1  3.66336  0  0  4.585  0  2.32759  0.000822564  0  0  0.00134656  0  9.57297e-05
5.9322e+13  0  1977.4  3.66349  0  0  4.58521  0  2.32761  0.000822086  0  0  0.00134588  0  9.56683e-05
5.9331e+13  0  1977.7  3.66361  0  0  4.58541  0  2.32764  0.000821609  0  0  0.0013452  0  9.5607e-05
5.934e+13  0  1978  3.66373  0  0  4.58561  0  2.32767  0.000821132  0  0  0.00134452  0  9.55457e-05
5.9349e+13  0  1978.3  3.66386  0  0  4.58581  0  2.3277  0.000820655  0  0  0.00134384  0  9.54845e-05
5.9358e+13  0  1978.6  3.66398  0  0  4.58601  0  2.32773  0.000820178  0  0  0.00134316  0  9.54233e-05
5.9367e+13  0  1978.9  3.6641  0  0  4.58621  0  2.32776  0.000819702  0  0  0.00134249  0  9.53622e-05
5.9376e+13  0  1979.2  3.66423  0  0  4.58642  0  2.32779  0.000819227  0  0  0.00134181  0  9.53012e-05
5.9385e+13  0  1979.5  3.66435  0  0  4.58662  0  2.32781  0.000818751  0  0  0.00134113  0  9.52402e-05
5.9394e+13  0  1979.8  3.66447  0  0  4.58682  0  2.32784  0.000818277  0  0  0.00134046  0  9.51793e-05
5.9403e+13  0  1980.1  3.66459  0  0  4.58702  0  2.32787  0.000817802  0  0  0.00133978  0  9.51184e-05
5.9412e+13  0  1980.4  3.66472  0  0  4.58722  0  2.3279  0.000817328  0  0  0.00133911  0  9.50576e-05
5.9421e+13  0  1980.7  3.66484  0  0  4.58742  0  2.32793  0.000816854  0  0  0.00133843  0  9.49968e-05
5.943e+13  0  1981  3.66496  0  0  4.58762  0  2.32796  0.000816381  0  0  0.00133776  0  9.49361e-05
5.9439e+13  0  1981.3  3.66508  0  0  4.58782  0  2.32799  0.000815908  0  0  0.00133708  0  9.48754e-05
5.9448e+13  0  1981.6  3.66521  0  0  4.58802  0  2.32801  0.000815435  0  0  0.00133641  0  9.48148e-05
5.9457e+13  0  1981.9  3.66533  0  0  4.58822  0  2.32804  0.000814963  0  0  0.00133574  0  9.47543e-05
5.9466e+13  0  1982.2  3.66545  0  0  4.58842  0  2.32807  0.000814491  0  0  0.00133506  0  9.46938e-05
5.9475e+13  0  1982.5  3.66557  0  0  4.58862  0  2.3281  0.00081402  0  0  0.00133439  0  9.46334e-05
5.9484e+13  0  1982.8  3.6657  0  0  4.58882  0  2.32813  0.000813549  0  0  0.00133372  0  9.4573e-05
5.9493e+13  0  1983.1  3.66582  0  0  4.58902  0  2.32816  0.000813078  0  0  0.00133305  0  9.45126e-05
5.9502e+13  0  1983.4  3.66594  0  0  4.58922  0  2.32818  0.000812608  0  0  0.00133238  0  9.44524e-05
5.9511e+13  0  1983.7  3.66606  0  0  4.58942  0  2.32821  0.000812138  0  0  0.00133171  0  9.43921e-05
5.952e+13  0  1984  3.66618  0  0  4.58962  0  2.32824  0.000811669  0  0  0.00133104  0  9.4332e-05
5.9529e+13  0  1984.3  3.66631  0  0  4.58982  0  2.32827  0.000811199  0  0  0.00133037  0  9.42719e-05
5.9538e+13  0  1984.6  3.66643  0  0  4.59002  0  2.3283  0.000810731  0  0  0.0013297  0  9.42118e-05
5.9547e+13  0  1984.9  3.66655  0  0  4.59022  0  2.32833  0.000810262  0  0  0.00132903  0  9.41518e-05
5.9556e+13  0  1985.2  3.66667  0  0  4.59042  0  2.32835  0.000809794  0  0  0.00132836  0  9.40919e-05
5.9565e+13  0  1985.5  3.66679  0  0  4.59062  0  2.32838  0.000809327  0  0  0.0013277  0  9.4032e-05
5.9574e+13  0  1985.8  3.66691  0  0  4.59082  0  2.32841  0.000808859  0  0  0.00132703  0  9.39721e-05
5.9583e+13  0  1986.1  3.66703  0  0  4.59102  0  2.32844  0.000808392  0  0  0.00132636  0  9.39123e-05
5.9592e+13  0  1986.4  3.66716  0  0  4.59122  0  2.32847  0.000807926  0  0  0.0013257  0  9.38526e-05
5.9601e+13  0  1986.7  3.66728  0  0  4.59142  0  2.32849  0.00080746  0  0  0.00132503  0  9.37929e-05
5.961e+13  0  1987  3.6674  0  0  4.59161  0  2.32852  0.000806994  0  0  0.00132437  0  9.37333e-05
5.9619e+13  0  1987.3  3.66752  0  0  4.59181  0  2.32855  0.000806529  0  0  0.0013237  0  9.36737e-05
5.9628e+13  0  1987.6  3.66764  0  0  4.59201  0  2.32858  0.000806064  0  0  0.00132304  0  9.36142e-05
5.9637e+13  0  1987.9  3.66776  0  0  4.59221  0  2.32861  0.000805599  0  0  0.00132237  0  9.35547e-05
5.9646e+13  0  1988.2  3.66788  0  0  4.59241  0  2.32864  0.000805135  0  0  0.00132171  0  9.34953e-05
5.9655e+13  0  1988.5  3.668  0  0  4.59261  0  2.32866  0.000804671  0  0  0.00132105  0  9.3436e-05
5.9664e+13  0  1988.8  3.66812  0  0  4.5928  0  2.32869  0.000804207  0  0  0.00132038  0  9.33767e-05
5.9673e+13  0  1989.1  3.66824  0  0  4.593  0  2.32872  0.000803744  0  0  0.00131972  0  9.33174e-05
5.9682e+13  0  1989.4  3.66836  0  0  4.5932  0  2.32875  0.000803282  0  0  0.00131906  0  9.32582e-05
5.9691e+13  0  1989.7  3.66848  0  0  4.5934  0  2.32878  0.000802819  0  0  0.0013184  0  9.31991e-05
5.97e+13  0  1990  3.6686  0  0  4.5936  0  2.3288  0.000802357  0  0  0.00131774  0  9.314e-05
5.9709e+13  0  1990.3  3.66872  0  0  4.59379  0  2.32883  0.000801896  0  0  0.00131708  0  9.30809e-05
5.9718e+13  0  1990.6  3.66884  0  0  4.59399  0  2.32886  0.000801434  0  0  0.00131642  0  9.30219e-05
5.9727e+13  0  1990.9  3.66897  0  0  4.59419  0  2.32889  0.000800973  0  0  0.00131576  0  9.2963e-05
5.9736e+13  0  1991.2  3.66909  0  0  4.59439  0  2.32891  0.000800513  0  0  0.0013151  0  9.29041e-05
5.9745e+13  0  1991.5  3.66921  0  0  4.59458  0  2.32894  0.000800053  0  0  0.00131444  0  9.28453e-05
5.9754e+13  0  1991.8  3.66933  0  0  4.59478  0  2.32897  0.000799593  0  0  0.00131379  0  9.27865e-05
5.9763e+13  0  1992.1  3.66945  0  0  4.59498  0  2.329  0.000799133  0  0  0.00131313  0  9.27278e-05
5.9772e+13  0  1992.4  3.66956  0  0  4.59517  0  2.32903  0.000798674  0  0  0.00131247  0  9.26691e-05
5.9781e+13  0  1992.7  3.66968  0  0  4.59537  0  2.32905  0.000798216  0  0  0.00131181  0  9.26105e-05
5.979e+13  0  1993  3.6698  0  0  4.59557  0  2.32908  0.000797757  0  0  0.00131116  0  9.25519e-05
5.9799e+13  0  1993.3  3.66992  0  0  4.59576  0  2.32911  0.000797299  0  0  0.0013105  0  9.24934e-05
5.9808e+13  0  1993.6  3.67004  0  0  4.59596  0  2.32914  0.000796842  0  0  0.00130985  0  9.2435e-05
5.9817e+13  0  1993.9  3.67016  0  0  4.59616  0  2.32917  0.000796385  0  0  0.00130919  0  9.23766e-05
5.9826e+13  0  1994.2  3.67028  0  0  4.59635  0  2.32919  0.000795928  0  0  0.00130854  0  9.23182e-05
5.9835e+13  0  1994.5  3.6704  0  0  4.59655  0  2.32922  0.000795471  0  0  0.00130788  0  9.22599e-05
5.9844e+13  0  1994.8  3.67052  0  0  4.59675  0  2.32925  0.000795015  0  0  0.00130723  0  9.22016e-05
5.9853e+13  0  1995.1  3.67064  0  0  4.59694  0  2.32928  0.000794559  0  0  0.00130658  0  9.21434e-05
5.9862e+13  0  1995.4  3.67076  0  0  4.59714  0  2.3293  0.000794104  0  0  0.00130593  0  9.20853e-05
5.9871e+13  0  1995.7  3.67088  0  0  4.59733  0  2.32933  0.000793649  0  0  0.00130527  0  9.20272e-05
5.988e+13  0  1996  3.671  0  0  4.59753  0  2.32936  0.000793194  0  0  0.00130462  0  9.19692e-05
5.9889e+13  0  1996.3  3.67112  0  0  4.59772  0  2.32939  0.00079274  0  0  0.00130397  0  9.19112e-05
5.9898e+13  0  1996.6  3.67124  0  0  4.59792  0  2.32941  0.000792286  0  0  0.00130332  0  9.18532e-05
5.9907e+13  0  1996.9  3.67135  0  0  4.59812  0  2.32944  0.000791833  0  0  0.00130267  0  9.17953e-05
5.9916e+13  0  1997.2  3.67147  0  0  4.59831  0  2.32947  0.000791379  0  0  0.00130202  0  9.17375e-05
5.9925e+13  0  1997.5  3.67159  0  0  4.59851  0  2.3295  0.000790927  0  0  0.00130137  0  9.16797e-05
5.9934e+13  0  1997.8  3.67171  0  0  4.5987  0  2.32952  0.000790474  0  0  0.00130072  0  9.1622e-05
5.9943e+13  0  1998.1  3.67183  0  0  4.5989  0  2.32955  0.000790022  0  0  0.00130007  0  9.15643e-05
5.9952e+13  0  1998.4  3.67195  0  0  4.59909  0  2.32958  0.00078957  0  0  0.00129942  0  9.15067e-05
5.9961e+13  0  1998.7  3.67207  0  0  4.59929  0  2.32961  0.000789119  0  0  0.00129878  0  9.14491e-05
5.997e+13  0  1999  3.67218  0  0  4.59948  0  2.32963  0.000788668  0  0  0.00129813  0  9.13915e-05
5.9979e+13  0  1999.3  3.6723  0  0  4.59968  0  2.32966  0.000788217  0  0  0.00129748  0  9.13341e-05
5.9988e+13  0  1999.6  3.67242  0  0  4.59987  0  2.32969  0.000787767  0  0  0.00129684  0  9.12766e-05
5.9997e+13  0  1999.9  3.67254  0  0  4.60006  0  2.32972  0.000787317  0  0  0.00129619  0  9.12193e-05
