3e+10  0  1  -114651  0  0  -114651  0  -114651  2.46499e+07  0  0  2.46499e+07  0  2.46499e+07
3.9e+10  0  1.3  -114649  0  0  -114649  0  -114649  1.89612e+07  0  0  1.89612e+07  0  1.89612e+07
4.8e+10  0  1.6  -114647  0  0  -114647  0  -114647  1.54057e+07  0  0  1.54057e+07  0  1.54057e+07
5.7e+10  0  1.9  -114644  0  0  -114644  0  -114644  1.29729e+07  0  0  1.29729e+07  0  1.29729e+07
6.6e+10  0  2.2  -114641  0  0  -114641  0  -114641  1.12036e+07  0  0  1.12036e+07  0  1.12036e+07
7.5e+10  0  2.5  -114638  0  0  -114638  0  -114638  9.85883e+06  0  0  9.85883e+06  0  9.85883e+06
8.4e+10  0  2.8  -114634  0  0  -114634  0  -114634  8.80223e+06  0  0  8.80223e+06  0  8.80223e+06
9.3e+10  0  3.1  -114629  0  0  -114629  0  -114629  7.9501e+06  0  0  7.9501e+06  0  7.9501e+06
1.02e+11  0  3.4  -114624  0  0  -114624  0  -114624  7.24831e+06  0  0  7.24831e+06  0  7.24831e+06
1.11e+11  0  3.7  -114619  0  0  -114619  0  -114619  6.6603e+06  0  0  6.6603e+06  0  6.6603e+06
1.2e+11  0  4  -114613  0  0  -114613  0  -114613  6.16047e+06  0  0  6.16047e+06  0  6.16047e+06
1.29e+11  0  4.3  -114607  0  0  -114607  0  -114607  5.73036e+06  0  0  5.73036e+06  0  5.73036e+06
1.38e+11  0  4.6  -114601  0  0  -114601  0  -114601  5.35633e+06  0  0  5.35633e+06  0  5.35633e+06
1.47e+11  0  4.9  -114594  0  0  -114594  0  -114594  5.02809e+06  0  0  5.02809e+06  0  5.02809e+06
1.56e+11  0  5.2  -114586  0  0  -114586  0  -114586  4.73769e+06  0  0  4.73769e+06  0  4.73769e+06
1.65e+11  0  5.5  -114578  0  0  -114578  0  -114578  4.47896e+06  0  0  4.47896e+06  0  4.47896e+06
1.74e+11  0  5.8  -114570  0  0  -114570  0  -114570  4.24698e+06  0  0  4.24698e+06  0  4.24698e+06
1.83e+11  0  6.1  -114561  0  0  -114561  0  -114561  4.0378e+06  0  0  4.0378e+06  0  4.0378e+06
1.92e+11  0  6.4  -114552  0  0  -114552  0  -114552  3.84822e+06  0  0  3.84822e+06  0  3.84822e+06
2.01e+11  0  6.7  -114542  0  0  -114542  0  -114542  3.6756e+06  0  0  3.6756e+06  0  3.6756e+06
2.1e+11  0  7  -114532  0  0  -114532  0  -114532  3.51776e+06  0  0  3.51776e+06  0  3.51776e+06
2.19e+11  0  7.3  -114521  0  0  -114521  0  -114521  3.37288e+06  0  0  3.37288e+06  0  3.37288e+06
2.28e+11  0  7.6  -114510  0  0  -114510  0  -114510  3.23943e+06  0  0  3.23943e+06  0  3.23943e+06
2.37e+11  0  7.9  -114499  0  0  -114499  0  -114499  3.1161e+06  0  0  3.1161e+06  0  3.1161e+06
2.46e+11  0  8.2  -114487  0  0  -114487  0  -114487  3.00178e+06  0  0  3.00178e+06  0  3.00178e+06
2.55e+11  0  8.5  -114474  0  0  -114474  0  -114474  2.89552e+06  0  0  2.89552e+06  0  2.89552e+06
2.64e+11  0  8.8  -114461  0  0  -114461  0  -114461  2.7965e+06  0  0  2.7965e+06  0  2.7965e+06
2.73e+11  0  9.1  -114448  0  0  -114448  0  -114448  2.70399e+06  0  0  2.70399e+06  0  2.70399e+06
2.82e+11  0  9.4  -114434  0  0  -114434  0  -114434  2.61738e+06  0  0  2.61738e+06  0  2.61738e+06
2.91e+11  0  9.7  -114420  0  0  -114420  0  -114420  2.53612e+06  0  0  2.53612e+06  0  2.53612e+06
3e+11  0  10  -114406  0  0  -114406  0  -114406  2.45972e+06  0  0  2.45972e+06  0  2.45972e+06
3.09e+11  0  10.3  -114391  0  0  -114391  0  -114391  2.38776e+06  0  0  2.38776e+06  0  2.38776e+06
3.18e+11  0  10.6  -114375  0  0  -114375  0  -114375  2.31987e+06  0  0  2.31987e+06  0  2.31987e+06
3.27e+11  0  10.9  -114359  0  0  -114359  0  -114359  2.25571e+06  0  0  2.25571e+06  0  2.25571e+06
3.36e+11  0  11.2  -114343  0  0  -114343  0  -114343  2.19497e+06  0  0  2.19497e+06  0  2.19497e+06
3.45e+11  0  11.5  -114326  0  0  -114326  0  -114326  2.1374e+06  0  0  2.1374e+06  0  2.1374e+06
3.54e+11  0  11.8  -114309  0  0  -114309  0  -114309  2.08274e+06  0  0  2.08274e+06  0  2.08274e+06
3.63e+11  0  12.1  -114291  0  0  -114291  0  -114291  2.03079e+06  0  0  2.03079e+06  0  2.03079e+06
3.72e+11  0  12.4  -114273  0  0  -114273  0  -114273  1.98135e+06  0  0  1.98135e+06  0  1.98135e+06
3.81e+11  0  12.7  -114254  0  0  -114254  0  -114254  1.93423e+06  0  0  1.93423e+06  0  1.93423e+06
3.9e+11  0  13  -114235  0  0  -114235  0  -114235  1.88928e+06  0  0  1.88928e+06  0  1.88928e+06
3.99e+11  0  13.3  -114216  0  0  -114216  0  -114216  1.84635e+06  0  0  1.84635e+06  0  1.84635e+06
4.08e+11  0  13.6  -114196  0  0  -114196  0  -114196  1.80531e+06  0  0  1.80531e+06  0  1.80531e+06
4.17e+11  0  13.9  -114176  0  0  -114176  0  -114176  1.76603e+06  0  0  1.76603e+06  0  1.76603e+06
4.26e+11  0  14.2  -114155  0  0  -114155  0  -114155  1.72841e+06  0  0  1.72841e+06  0  1.72841e+06
4.35e+11  0  14.5  -114134  0  0  -114134  0  -114134  1.69233e+06  0  0  1.69233e+06  0  1.69233e+06
4.44e+11  0  14.8  -114112  0  0  -114112  0  -114112  1.65771e+06  0  0  1.65771e+06  0  1.65771e+06
4.53e+11  0  15.1  -114090  0  0  -114090  0  -114090  1.62447e+06  0  0  1.62447e+06  0  1.62447e+06
4.62e+11  0  15.4  -114068  0  0  -114068  0  -114068  1.59251e+06  0  0  1.59251e+06  0  1.59251e+06
4.71e+11  0  15.7  -114045  0  0  -114045  0  -114045  1.56176e+06  0  0  1.56176e+06  0  1.56176e+06
4.8e+11  0  16  -114022  0  0  -114022  0  -114022  1.53217e+06  0  0  1.53217e+06  0  1.53217e+06
4.89e+11  0  16.3  -113998  0  0  -113998  0  -113998  1.50365e+06  0  0  1.50365e+06  0  1.50365e+06
4.98e+11  0  16.6  -113974  0  0  -113974  0  -113974  1.47617e+06  0  0  1.47617e+06  0  1.47617e+06
5.07e+11  0  16.9  -113949  0  0  -113949  0  -113949  1.44965e+06  0  0  1.44965e+06  0  1.44965e+06
5.16e+11  0  17.2  -113924  0  0  -113924  0  -113924  1.42405e+06  0  0  1.42405e+06  0  1.42405e+06
5.25e+11  0  17.5  -113899  0  0  -113899  0  -113899  1.39932e+06  0  0  1.39932e+06  0  1.39932e+06
5.34e+11  0  17.8  -113873  0  0  -113873  0  -113873  1.37543e+06  0  0  1.37543e+06  0  1.37543e+06
5.43e+11  0  18.1  -113846  0  0  -113846  0  -113846  1.35232e+06  0  0  1.35232e+06  0  1.35232e+06
5.52e+11  0  18.4  -113819  0  0  -113819  0  -113819  1.32996e+06  0  0  1.32996e+06  0  1.32996e+06
5.61e+11  0  18.7  -113792  0  0  -113792  0  -113792  1.30831e+06  0  0  1.30831e+06  0  1.30831e+06
5.7e+11  0  19  -113765  0  0  -113765  0  -113765  1.28734e+06  0  0  1.28734e+06  0  1.28734e+06
5.79e+11  0  19.3  -113737  0  0  -113737  0  -113737  1.26701e+06  0  0  1.26701e+06  0  1.26701e+06
5.88e+11  0  19.6  -113708  0  0  -113708  0  -113708  1.24731e+06  0  0  1.24731e+06  0  1.24731e+06
5.97e+11  0  19.9  -113679  0  0  -113679  0  -113679  1.22819e+06  0  0  1.22819e+06  0  1.22819e+06
6.06e+11  0  20.2  -113650  0  0  -113650  0  -113650  1.20964e+06  0  0  1.20964e+06  0  1.20964e+06
6.15e+11  0  20.5  -113620  0  0  -113620  0  -113620  1.19163e+06  0  0  1.19163e+06  0  1.19163e+06
6.24e+11  0  20.8  -113590  0  0  -113590  0  -113590  1.17413e+06  0  0  1.17413e+06  0  1.17413e+06
6.33e+11  0  21.1  -113559  0  0  -113559  0  -113559  1.15712e+06  0  0  1.15712e+06  0  1.15712e+06
6.42e+11  0  21.4  -113528  0  0  -113528  0  -113528  1.14059e+06  0  0  1.14059e+06  0  1.14059e+06
6.51e+11  0  21.7  -113497  0  0  -113497  0  -113497  1.12451e+06  0  0  1.12451e+06  0  1.12451e+06
6.6e+11  0  22  -113465  0  0  -113465  0  -113465  1.10886e+06  0  0  1.10886e+06  0  1.10886e+06
6.69e+11  0  22.3  -113433  0  0  -113433  0  -113433  1.09363e+06  0  0  1.09363e+06  0  1.09363e+06
6.78e+11  0  22.6  -113400  0  0  -113400  0  -113400  1.07881e+06  0  0  1.07881e+06  0  1.07881e+06
6.87e+11  0  22.9  -113367  0  0  -113367  0  -113367  1.06436e+06  0  0  1.06436e+06  0  1.06436e+06
6.96e+11  0  23.2  -113333  0  0  -113333  0  -113333  1.05029e+06  0  0  1.05029e+06  0  1.05029e+06
7.05e+11  0  23.5  -113300  0  0  -113300  0  -113300  1.03657e+06  0  0  1.03657e+06  0  1.03657e+06
7.14e+11  0  23.8  -113265  0  0  -113265  0  -113265  1.02319e+06  0  0  1.02319e+06  0  1.02319e+06
7.23e+11  0  24.1  -113230  0  0  -113230  0  -113230  1.01015e+06  0  0  1.01015e+06  0  1.01015e+06
7.32e+11  0  24.4  -113195  0  0  -113195  0  -113195  997417  0  0  997417  0  997417
7.41e+11  0  24.7  -113160  0  0  -113160  0  -113160  984992  0  0  984992  0  984992
7.5e+11  0  25  -113124  0  0  -113124  0  -113124  972863  0  0  972863  0  972863
7.59e+11  0  25.3  -113087  0  0  -113087  0  -113087  961017  0  0  961017  0  961017
7.68e+11  0  25.6  -113050  0  0  -113050  0  -113050  949446  0  0  949446  0  949446
7.77e+11  0  25.9  -113013  0  0  -113013  0  -113013  938139  0  0  938139  0  938139
7.86e+11  0  26.2  -112975  0  0  -112975  0  -112975  927088  0  0  927088  0  927088
7.95e+11  0  26.5  -112937  0  0  -112937  0  -112937  916284  0  0  916284  0  916284
8.04e+11  0  26.8  -112899  0  0  -112899  0  -112899  905719  0  0  905719  0  905719
8.13e+11  0  27.1  -112860  0  0  -112860  0  -112860  895384  0  0  895384  0  895384
8.22e+11  0  27.4  -112821  0  0  -112821  0  -112821  885272  0  0  885272  0  885272
8.31e+11  0  27.7  -112781  0  0  -112781  0  -112781  875376  0  0  875376  0  875376
8.4e+11  0  28  -112741  0  0  -112741  0  -112741  865690  0  0  865690  0  865690
8.49e+11  0  28.3  -112700  0  0  -112700  0  -112700  856205  0  0  856205  0  856205
8.58e+11  0  28.6  -112660  0  0  -112660  0  -112660  846916  0  0  846916  0  846916
8.67e+11  0  28.9  -112618  0  0  -112618  0  -112618  837818  0  0  837818  0  837818
8.76e+11  0  29.2  -112577  0  0  -112577  0  -112577  828903  0  0  828903  0  828903
8.85e+11  0  29.5  -112534  0  0  -112534  0  -112534  820167  0  0  820167  0  820167
8.94e+11  0  29.8  -112492  0  0  -112492  0  -112492  811603  0  0  811603  0  811603
9.03e+11  0  30.1  -112449  0  0  -112449  0  -112449  803208  0  0  803208  0  803208
9.12e+11  0  30.4  -112406  0  0  -112406  0  -112406  794975  0  0  794975  0  794975
9.21e+11  0  30.7  -112362  0  0  -112362  0  -112362  786901  0  0  786901  0  786901
9.3e+11  0  31  -112318  0  0  -112318  0  -112318  778980  0  0  778980  0  778980
9.39e+11  0  31.3  -112274  0  0  -112274  0  -112274  771208  0  0  771208  0  771208
9.48e+11  0  31.6  -112229  0  0  -112229  0  -112229  763582  0  0  763582  0  763582
9.57e+11  0  31.9  -112183  0  0  -112183  0  -112183  756095  0  0  756095  0  756095
9.66e+11  0  32.2  -112138  0  0  -112138  0  -112138  748746  0  0  748746  0  748746
9.75e+11  0  32.5  -112092  0  0  -112092  0  -112092  741530  0  0  741530  0  741530
9.84e+11  0  32.8  -112045  0  0  -112045  0  -112045  734444  0  0  734444  0  734444
9.93e+11  0  33.1  -111999  0  0  -111999  0  -111999  727483  0  0  727483  0  727483
1.002e+12  0  33.4  -111951  0  0  -111951  0  -111951  720645  0  0  720645  0  720645
1.011e+12  0  33.7  -111904  0  0  -111904  0  -111904  713926  0  0  713926  0  713926
1.02e+12  0  34  -111856  0  0  -111856  0  -111856  707323  0  0  707323  0  707323
1.029e+12  0  34.3  -111807  0  0  -111807  0  -111807  700834  0  0  700834  0  700834
1.038e+12  0  34.6  -111759  0  0  -111759  0  -111759  694454  0  0  694454  0  694454
1.047e+12  0  34.9  -111710  0  0  -111710  0  -111710  688182  0  0  688182  0  688182
1.056e+12  0  35.2  -111660  0  0  -111660  0  -111660  682015  0  0  682015  0  682015
1.065e+12  0  35.5  -111610  0  0  -111610  0  -111610  675949  0  0  675949  0  675949
1.074e+12  0  35.8  -111560  0  0  -111560  0  -111560  669983  0  0  669983  0  669983
1.083e+12  0  36.1  -111509  0  0  -111509  0  -111509  664114  0  0  664114  0  664114
1.092e+12  0  36.4  -111458  0  0  -111458  0  -111458  658339  0  0  658339  0  658339
1.101e+12  0  36.7  -111407  0  0  -111407  0  -111407  652657  0  0  652657  0  652657
1.11e+12  0  37  -111355  0  0  -111355  0  -111355  647064  0  0  647064  0  647064
1.119e+12  0  37.3  -111303  0  0  -111303  0  -111303  641559  0  0  641559  0  641559
1.128e+12  0  37.6  -111251  0  0  -111251  0  -111251  636140  0  0  636140  0  636140
1.137e+12  0  37.9  -111198  0  0  -111198  0  -111198  630805  0  0  630805  0  630805
1.146e+12  0  38.2  -111144  0  0  -111144  0  -111144  625551  0  0  625551  0  625551
1.155e+12  0  38.5  -111091  0  0  -111091  0  -111091  620378  0  0  620378  0  620378
1.164e+12  0  38.8  -111037  0  0  -111037  0  -111037  615282  0  0  615282  0  615282
1.173e+12  0  39.1  -110983  0  0  -110983  0  -110983  610262  0  0  610262  0  610262
1.182e+12  0  39.4  -110928  0  0  -110928  0  -110928  605317  0  0  605317  0  605317
1.191e+12  0  39.7  -110873  0  0  -110873  0  -110873  600445  0  0  600445  0  600445
1.2e+12  0  40  -110817  0  0  -110817  0  -110817  595643  0  0  595643  0  595643
1.209e+12  0  40.3  -110762  0  0  -110762  0  -110762  590912  0  0  590912  0  590912
1.218e+12  0  40.6  -110705  0  0  -110705  0  -110705  586248  0  0  586248  0  586248
1.227e+12  0  40.9  -110649  0  0  -110649  0  -110649  581651  0  0  581651  0  581651
1.236e+12  0  41.2  -110592  0  0  -110592  0  -110592  577119  0  0  577119  0  577119
1.245e+12  0  41.5  -110535  0  0  -110535  0  -110535  572650  0  0  572650  0  572650
1.254e+12  0  41.8  -110477  0  0  -110477  0  -110477  568244  0  0  568244  0  568244
1.263e+12  0  42.1  -110419  0  0  -110419  0  -110419  563899  0  0  563899  0  563899
1.272e+12  0  42.4  -110361  0  0  -110361  0  -110361  559614  0  0  559614  0  559614
1.281e+12  0  42.7  -110302  0  0  -110302  0  -110302  555387  0  0  555387  0  555387
1.29e+12  0  43  -110243  0  0  -110243  0  -110243  551217  0  0  551217  0  551217
1.299e+12  0  43.3  -110184  0  0  -110184  0  -110184  547103  0  0  547103  0  547103
1.308e+12  0  43.6  -110124  0  0  -110124  0  -110124  543044  0  0  543044  0  543044
1.317e+12  0  43.9  -110064  0  0  -110064  0  -110064  539039  0  0  539039  0  539039
1.326e+12  0  44.2  -110004  0  0  -110004  0  -110004  535087  0  0  535087  0  535087
1.335e+12  0  44.5  -109943  0  0  -109943  0  -109943  531186  0  0  531186  0  531186
1.344e+12  0  44.8  -109882  0  0  -109882  0  -109882  527336  0  0  527336  0  527336
1.353e+12  0  45.1  -109821  0  0  -109821  0  -109821  523536  0  0  523536  0  523536
1.362e+12  0  45.4  -109759  0  0  -109759  0  -109759  519784  0  0  519784  0  519784
1.371e+12  0  45.7  -109697  0  0  -109697  0  -109697  516079  0  0  516079  0  516079
1.38e+12  0  46  -109634  0  0  -109634  0  -109634  512422  0  0  512422  0  512422
1.389e+12  0  46.3  -109572  0  0  -109572  0  -109572  508810  0  0  508810  0  508810
1.398e+12  0  46.6  -109509  0  0  -109509  0  -109509  505244  0  0  505244  0  505244
1.407e+12  0  46.9  -109445  0  0  -109445  0  -109445  501721  0  0  501721  0  501721
1.416e+12  0  47.2  -109381  0  0  -109381  0  -109381  498242  0  0  498242  0  498242
1.425e+12  0  47.5  -109317  0  0  -109317  0  -109317  494805  0  0  494805  0  494805
1.434e+12  0  47.8  -109253  0  0  -109253  0  -109253  491409  0  0  491409  0  491409
1.443e+12  0  48.1  -109188  0  0  -109188  0  -109188  488055  0  0  488055  0  488055
1.452e+12  0  48.4  -109123  0  0  -109123  0  -109123  484741  0  0  484741  0  484741
1.461e+12  0  48.7  -109058  0  0  -109058  0  -109058  481466  0  0  481466  0  481466
1.47e+12  0  49  -108992  0  0  -108992  0  -108992  478230  0  0  478230  0  478230
1.479e+12  0  49.3  -108926  0  0  -108926  0  -108926  475032  0  0  475032  0  475032
1.488e+12  0  49.6  -108859  0  0  -108859  0  -108859  471871  0  0  471871  0  471871
1.497e+12  0  49.9  -108793  0  0  -108793  0  -108793  468746  0  0  468746  0  468746
1.506e+12  0  50.2  -108726  0  0  -108726  0  -108726  465658  0  0  465658  0  465658
1.515e+12  0  50.5  -108658  0  0  -108658  0  -108658  462605  0  0  462605  0  462605
1.524e+12  0  50.8  -108591  0  0  -108591  0  -108591  459587  0  0  459587  0  459587
1.533e+12  0  51.1  -108523  0  0  -108523  0  -108523  456603  0  0  456603  0  456603
1.542e+12  0  51.4  -108454  0  0  -108454  0  -108454  453652  0  0  453652  0  453652
1.551e+12  0  51.7  -108386  0  0  -108386  0  -108386  450734  0  0  450734  0  450734
1.56e+12  0  52  -108317  0  0  -108317  0  -108317  447849  0  0  447849  0  447849
1.569e+12  0  52.3  -108248  0  0  -108248  0  -108248  444995  0  0  444995  0  444995
1.578e+12  0  52.6  -108178  0  0  -108178  0  -108178  442173  0  0  442173  0  442173
1.587e+12  0  52.9  -108108  0  0  -108108  0  -108108  439382  0  0  439382  0  439382
1.596e+12  0  53.2  -108038  0  0  -108038  0  -108038  436621  0  0  436621  0  436621
1.605e+12  0  53.5  -107968  0  0  -107968  0  -107968  433889  0  0  433889  0  433889
1.614e+12  0  53.8  -107897  0  0  -107897  0  -107897  431187  0  0  431187  0  431187
1.623e+12  0  54.1  -107826  0  0  -107826  0  -107826  428513  0  0  428513  0  428513
1.632e+12  0  54.4  -107755  0  0  -107755  0  -107755  425868  0  0  425868  0  425868
1.641e+12  0  54.7  -107683  0  0  -107683  0  -107683  423251  0  0  423251  0  423251
1.65e+12  0  55  -107611  0  0  -107611  0  -107611  420661  0  0  420661  0  420661
1.659e+12  0  55.3  -107539  0  0  -107539  0  -107539  418098  0  0  418098  0  418098
1.668e+12  0  55.6  -107466  0  0  -107466  0  -107466  415562  0  0  415562  0  415562
1.677e+12  0  55.9  -107393  0  0  -107393  0  -107393  413051  0  0  413051  0  413051
1.686e+12  0  56.2  -107320  0  0  -107320  0  -107320  410567  0  0  410567  0  410567
1.695e+12  0  56.5  -107247  0  0  -107247  0  -107247  408107  0  0  408107  0  408107
1.704e+12  0  56.8  -107173  0  0  -107173  0  -107173  405673  0  0  405673  0  405673
1.713e+12  0  57.1  -107099  0  0  -107099  0  -107099  403263  0  0  403263  0  403263
1.722e+12  0  57.4  -107025  0  0  -107025  0  -107025  400877  0  0  400877  0  400877
1.731e+12  0  57.7  -106950  0  0  -106950  0  -106950  398515  0  0  398515  0  398515
1.74e+12  0  58  -106875  0  0  -106875  0  -106875  396176  0  0  396176  0  396176
1.749e+12  0  58.3  -106800  0  0  -106800  0  -106800  393860  0  0  393860  0  393860
1.758e+12  0  58.6  -106725  0  0  -106725  0  -106725  391567  0  0  391567  0  391567
1.767e+12  0  58.9  -106649  0  0  -106649  0  -106649  389296  0  0  389296  0  389296
1.776e+12  0  59.2  -106573  0  0  -106573  0  -106573  387047  0  0  387047  0  387047
1.785e+12  0  59.5  -106497  0  0  -106497  0  -106497  384820  0  0  384820  0  384820
1.794e+12  0  59.8  -106420  0  0  -106420  0  -106420  382615  0  0  382615  0  382615
1.803e+12  0  60.1  -106343  0  0  -106343  0  -106343  380430  0  0  380430  0  380430
1.812e+12  0  60.4  -106266  0  0  -106266  0  -106266  378266  0  0  378266  0  378266
1.821e+12  0  60.7  -106189  0  0  -106189  0  -106189  376123  0  0  376123  0  376123
1.83e+12  0  61  -106111  0  0  -106111  0  -106111  373999  0  0  373999  0  373999
1.839e+12  0  61.3  -106034  0  0  -106034  0  -106034  371896  0  0  371896  0  371896
1.848e+12  0  61.6  -105955  0  0  -105955  0  -105955  369812  0  0  369812  0  369812
1.857e+12  0  61.9  -105877  0  0  -105877  0  -105877  367747  0  0  367747  0  367747
1.866e+12  0  62.2  -105798  0  0  -105798  0  -105798  365701  0  0  365701  0  365701
1.875e+12  0  62.5  -105719  0  0  -105719  0  -105719  363674  0  0  363674  0  363674
1.884e+12  0  62.8  -105640  0  0  -105640  0  -105640  361666  0  0  361666  0  361666
1.893e+12  0  63.1  -105561  0  0  -105561  0  -105561  359676  0  0  359676  0  359676
1.902e+12  0  63.4  -105481  0  0  -105481  0  -105481  357703  0  0  357703  0  357703
1.911e+12  0  63.7  -105401  0  0  -105401  0  -105401  355749  0  0  355749  0  355749
1.92e+12  0  64  -105321  0  0  -105321  0  -105321  353812  0  0  353812  0  353812
1.929e+12  0  64.3  -105240  0  0  -105240  0  -105240  351892  0  0  351892  0  351892
1.938e+12  0  64.6  -105159  0  0  -105159  0  -105159  349989  0  0  349989  0  349989
1.947e+12  0  64.9  -105078  0  0  -105078  0  -105078  348103  0  0  348103  0  348103
1.956e+12  0  65.2  -104997  0  0  -104997  0  -104997  346233  0  0  346233  0  346233
1.965e+12  0  65.5  -104916  0  0  -104916  0  -104916  344380  0  0  344380  0  344380
1.974e+12  0  65.8  -104834  0  0  -104834  0  -104834  342542  0  0  342542  0  342542
1.983e+12  0  66.1  -104752  0  0  -104752  0  -104752  340721  0  0  340721  0  340721
1.992e+12  0  66.4  -104670  0  0  -104670  0  -104670  338915  0  0  338915  0  338915
2.001e+12  0  66.7  -104587  0  0  -104587  0  -104587  337125  0  0  337125  0  337125
2.01e+12  0  67  -104504  0  0  -104504  0  -104504  335350  0  0  335350  0  335350
2.019e+12  0  67.3  -104422  0  0  -104422  0  -104422  333590  0  0  333590  0  333590
2.028e+12  0  67.6  -104338  0  0  -104338  0  -104338  331845  0  0  331845  0  331845
2.037e+12  0  67.9  -104255  0  0  -104255  0  -104255  330115  0  0  330115  0  330115
2.046e+12  0  68.2  -104171  0  0  -104171  0  -104171  328399  0  0  328399  0  328399
2.055e+12  0  68.5  -104087  0  0  -104087  0  -104087  326697  0  0  326697  0  326697
2.064e+12  0  68.8  -104003  0  0  -104003  0  -104003  325010  0  0  325010  0  325010
2.073e+12  0  69.1  -103919  0  0  -103919  0  -103919  323336  0  0  323336  0  323336
2.082e+12  0  69.4  -103834  0  0  -103834  0  -103834  321677  0  0  321677  0  321677
2.091e+12  0  69.7  -103749  0  0  -103749  0  -103749  320030  0  0  320030  0  320030
2.1e+12  0  70  -103664  0  0  -103664  0  -103664  318398  0  0  318398  0  318398
2.109e+12  0  70.3  -103579  0  0  -103579  0  -103579  316778  0  0  316778  0  316778
2.118e+12  0  70.6  -103494  0  0  -103494  0  -103494  315172  0  0  315172  0  315172
2.127e+12  0  70.9  -103408  0  0  -103408  0  -103408  313578  0  0  313578  0  313578
2.136e+12  0  71.2  -103322  0  0  -103322  0  -103322  311997  0  0  311997  0  311997
2.145e+12  0  71.5  -103236  0  0  -103236  0  -103236  310429  0  0  310429  0  310429
2.154e+12  0  71.8  -103149  0  0  -103149  0  -103149  308873  0  0  308873  0  308873
2.163e+12  0  72.1  -103063  0  0  -103063  0  -103063  307330  0  0  307330  0  307330
2.172e+12  0  72.4  -102976  0  0  -102976  0  -102976  305799  0  0  305799  0  305799
2.181e+12  0  72.7  -102889  0  0  -102889  0  -102889  304280  0  0  304280  0  304280
2.19e+12  0  73  -102802  0  0  -102802  0  -102802  302772  0  0  302772  0  302772
2.199e+12  0  73.3  -102714  0  0  -102714  0  -102714  301277  0  0  301277  0  301277
2.208e+12  0  73.6  -102627  0  0  -102627  0  -102627  299792  0  0  299792  0  299792
2.217e+12  0  73.9  -102539  0  0  -102539  0  -102539  298320  0  0  298320  0  298320
2.226e+12  0  74.2  -102451  0  0  -102451  0  -102451  296858  0  0  296858  0  296858
2.235e+12  0  74.5  -102362  0  0  -102362  0  -102362  295408  0  0  295408  0  295408
2.244e+12  0  74.8  -102274  0  0  -102274  0  -102274  293969  0  0  293969  0  293969
2.253e+12  0  75.1  -102185  0  0  -102185  0  -102185  292541  0  0  292541  0  292541
2.262e+12  0  75.4  -102096  0  0  -102096  0  -102096  291124  0  0  291124  0  291124
2.271e+12  0  75.7  -102007  0  0  -102007  0  -102007  289717  0  0  289717  0  289717
2.28e+12  0  76  -101918  0  0  -101918  0  -101918  288321  0  0  288321  0  288321
2.289e+12  0  76.3  -101829  0  0  -101829  0  -101829  286935  0  0  286935  0  286935
2.298e+12  0  76.6  -101739  0  0  -101739  0  -101739  285560  0  0  285560  0  285560
2.307e+12  0  76.9  -101649  0  0  -101649  0  -101649  284194  0  0  284194  0  284194
2.316e+12  0  77.2  -101559  0  0  -101559  0  -101559  282839  0  0  282839  0  282839
2.325e+12  0  77.5  -101469  0  0  -101469  0  -101469  281494  0  0  281494  0  281494
2.334e+12  0  77.8  -101378  0  0  -101378  0  -101378  280159  0  0  280159  0  280159
2.343e+12  0  78.1  -101288  0  0  -101288  0  -101288  278833  0  0  278833  0  278833
2.352e+12  0  78.4  -101197  0  0  -101197  0  -101197  277517  0  0  277517  0  277517
2.361e+12  0  78.7  -101106  0  0  -101106  0  -101106  276211  0  0  276211  0  276211
2.37e+12  0  79  -101015  0  0  -101015  0  -101015  274914  0  0  274914  0  274914
2.379e+12  0  79.3  -100923  0  0  -100923  0  -100923  273626  0  0  273626  0  273626
2.388e+12  0  79.6  -100832  0  0  -100832  0  -100832  272347  0  0  272347  0  272347
2.397e+12  0  79.9  -100740  0  0  -100740  0  -100740  271078  0  0  271078  0  271078
2.406e+12  0  80.2  -100648  0  0  -100648  0  -100648  269818  0  0  269818  0  269818
2.415e+12  0  80.5  -100556  0  0  -100556  0  -100556  268566  0  0  268566  0  268566
2.424e+12  0  80.8  -100464  0  0  -100464  0  -100464  267324  0  0  267324  0  267324
2.433e+12  0  81.1  -100372  0  0  -100372  0  -100372  266090  0  0  266090  0  266090
2.442e+12  0  81.4  -100279  0  0  -100279  0  -100279  264865  0  0  264865  0  264865
2.451e+12  0  81.7  -100186  0  0  -100186  0  -100186  263648  0  0  263648  0  263648
2.46e+12  0  82  -100093  0  0  -100093  0  -100093  262440  0  0  262440  0  262440
2.469e+12  0  82.3  -100000  0  0  -100000  0  -100000  261240  0  0  261240  0  261240
2.478e+12  0  82.6  -99907  0  0  -99907  0  -99907  260048  0  0  260048  0  260048
2.487e+12  0  82.9  -99813.5  0  0  -99813.5  0  -99813.5  258865  0  0  258865  0  258865
2.496e+12  0  83.2  -99719.9  0  0  -99719.9  0  -99719.9  257690  0  0  257690  0  257690
2.505e+12  0  83.5  -99626.2  0  0  -99626.2  0  -99626.2  256523  0  0  256523  0  256523
2.514e+12  0  83.8  -99532.3  0  0  -99532.3  0  -99532.3  255363  0  0  255363  0  255363
2.523e+12  0  84.1  -99438.2  0  0  -99438.2  0  -99438.2  254212  0  0  254212  0  254212
2.532e+12  0  84.4  -99344  0  0  -99344  0  -99344  253068  0  0  253068  0  253068
2.541e+12  0  84.7  -99249.6  0  0  -99249.6  0  -99249.6  251932  0  0  251932  0  251932
2.55e+12  0  85  -99155.1  0  0  -99155.1  0  -99155.1  250804  0  0  250804  0  250804
2.559e+12  0  85.3  -99060.4  0  0  -99060.4  0  -99060.4  249683  0  0  249683  0  249683
2.568e+12  0  85.6  -98965.6  0  0  -98965.6  0  -98965.6  248570  0  0  248570  0  248570
2.577e+12  0  85.9  -98870.6  0  0  -98870.6  0  -98870.6  247464  0  0  247464  0  247464
2.586e+12  0  86.2  -98775.4  0  0  -98775.4  0  -98775.4  246366  0  0  246366  0  246366
2.595e+12  0  86.5  -98680.2  0  0  -98680.2  0  -98680.2  245274  0  0  245274  0  245274
2.604e+12  0  86.8  -98584.7  0  0  -98584.7  0  -98584.7  244190  0  0  244190  0  244190
2.613e+12  0  87.1  -98489.1  0  0  -98489.1  0  -98489.1  243113  0  0  243113  0  243113
2.622e+12  0  87.4  -98393.4  0  0  -98393.4  0  -98393.4  242043  0  0  242043  0  242043
2.631e+12  0  87.7  -98297.6  0  0  -98297.6  0  -98297.6  240980  0  0  240980  0  240980
2.64e+12  0  88  -98201.6  0  0  -98201.6  0  -98201.6  239924  0  0  239924  0  239924
2.649e+12  0  88.3  -98105.4  0  0  -98105.4  0  -98105.4  238875  0  0  238875  0  238875
2.658e+12  0  88.6  -98009.1  0  0  -98009.1  0  -98009.1  237833  0  0  237833  0  237833
2.667e+12  0  88.9  -97912.7  0  0  -97912.7  0  -97912.7  236797  0  0  236797  0  236797
2.676e+12  0  89.2  -97816.2  0  0  -97816.2  0  -97816.2  235768  0  0  235768  0  235768
2.685e+12  0  89.5  -97719.5  0  0  -97719.5  0  -97719.5  234745  0  0  234745  0  234745
2.694e+12  0  89.8  -97622.7  0  0  -97622.7  0  -97622.7  233729  0  0  233729  0  233729
2.703e+12  0  90.1  -97525.7  0  0  -97525.7  0  -97525.7  232719  0  0  232719  0  232719
2.712e+12  0  90.4  -97428.6  0  0  -97428.6  0  -97428.6  231716  0  0  231716  0  231716
2.721e+12  0  90.7  -97331.4  0  0  -97331.4  0  -97331.4  230719  0  0  230719  0  230719
2.73e+12  0  91  -97234.1  0  0  -97234.1  0  -97234.1  229729  0  0  229729  0  229729
2.739e+12  0  91.3  -97136.6  0  0  -97136.6  0  -97136.6  228744  0  0  228744  0  228744
2.748e+12  0  91.6  -97039  0  0  -97039  0  -97039  227766  0  0  227766  0  227766
2.757e+12  0  91.9  -96941.3  0  0  -96941.3  0  -96941.3  226794  0  0  226794  0  226794
2.766e+12  0  92.2  -96843.5  0  0  -96843.5  0  -96843.5  225828  0  0  225828  0  225828
2.775e+12  0  92.5  -96745.5  0  0  -96745.5  0  -96745.5  224868  0  0  224868  0  224868
2.784e+12  0  92.8  -96647.4  0  0  -96647.4  0  -96647.4  223914  0  0  223914  0  223914
2.793e+12  0  93.1  -96549.2  0  0  -96549.2  0  -96549.2  222965  0  0  222965  0  222965
2.802e+12  0  93.4  -96450.9  0  0  -96450.9  0  -96450.9  222023  0  0  222023  0  222023
2.811e+12  0  93.7  -96352.5  0  0  -96352.5  0  -96352.5  221086  0  0  221086  0  221086
2.82e+12  0  94  -96254  0  0  -96254  0  -96254  220155  0  0  220155  0  220155
2.829e+12  0  94.3  -96155.3  0  0  -96155.3  0  -96155.3  219230  0  0  219230  0  219230
2.838e+12  0  94.6  -96056.6  0  0  -96056.6  0  -96056.6  218310  0  0  218310  0  218310
2.847e+12  0  94.9  -95957.7  0  0  -95957.7  0  -95957.7  217396  0  0  217396  0  217396
2.856e+12  0  95.2  -95858.7  0  0  -95858.7  0  -95858.7  216488  0  0  216488  0  216488
2.865e+12  0  95.5  -95759.6  0  0  -95759.6  0  -95759.6  215584  0  0  215584  0  215584
2.874e+12  0  95.8  -95660.4  0  0  -95660.4  0  -95660.4  214687  0  0  214687  0  214687
2.883e+12  0  96.1  -95561.1  0  0  -95561.1  0  -95561.1  213794  0  0  213794  0  213794
2.892e+12  0  96.4  -95461.7  0  0  -95461.7  0  -95461.7  212907  0  0  212907  0  212907
2.901e+12  0  96.7  -95362.2  0  0  -95362.2  0  -95362.2  212026  0  0  212026  0  212026
2.91e+12  0  97  -95262.6  0  0  -95262.6  0  -95262.6  211149  0  0  211149  0  211149
2.919e+12  0  97.3  -95162.9  0  0  -95162.9  0  -95162.9  210278  0  0  210278  0  210278
2.928e+12  0  97.6  -95063.1  0  0  -95063.1  0  -95063.1  209412  0  0  209412  0  209412
2.937e+12  0  97.9  -94963.2  0  0  -94963.2  0  -94963.2  208550  0  0  208550  0  208550
2.946e+12  0  98.2  -94863.2  0  0  -94863.2  0  -94863.2  207694  0  0  207694  0  207694
2.955e+12  0  98.5  -94763.1  0  0  -94763.1  0  -94763.1  206843  0  0  206843  0  206843
2.964e+12  0  98.8  -94662.9  0  0  -94662.9  0  -94662.9  205997  0  0  205997  0  205997
2.973e+12  0  99.1  -94562.6  0  0  -94562.6  0  -94562.6  205156  0  0  205156  0  205156
2.982e+12  0  99.4  -94462.3  0  0  -94462.3  0  -94462.3  204320  0  0  204320  0  204320
2.991e+12  0  99.7  -94361.8  0  0  -94361.8  0  -94361.8  203488  0  0  203488  0  203488
3e+12  0  100  -94261.3  0  0  -94261.3  0  -94261.3  202662  0  0  202662  0  202662
3.009e+12  0  100.3  -94160.6  0  0  -94160.6  0  -94160.6  201840  0  0  201840  0  201840
3.018e+12  0  100.6  -94059.9  0  0  -94059.9  0  -94059.9  201023  0  0  201023  0  201023
3.027e+12  0  100.9  -93959.1  0  0  -93959.1  0  -93959.1  200210  0  0  200210  0  200210
3.036e+12  0  101.2  -93858.2  0  0  -93858.2  0  -93858.2  199402  0  0  199402  0  199402
3.045e+12  0  101.5  -93757.3  0  0  -93757.3  0  -93757.3  198599  0  0  198599  0  198599
3.054e+12  0  101.8  -93656.2  0  0  -93656.2  0  -93656.2  197800  0  0  197800  0  197800
3.063e+12  0  102.1  -93555.1  0  0  -93555.1  0  -93555.1  197006  0  0  197006  0  197006
3.072e+12  0  102.4  -93453.9  0  0  -93453.9  0  -93453.9  196217  0  0  196217  0  196217
3.081e+12  0  102.7  -93352.6  0  0  -93352.6  0  -93352.6  195431  0  0  195431  0  195431
3.09e+12  0  103  -93251.2  0  0  -93251.2  0  -93251.2  194651  0  0  194651  0  194651
3.099e+12  0  103.3  -93149.8  0  0  -93149.8  0  -93149.8  193874  0  0  193874  0  193874
3.108e+12  0  103.6  -93048.3  0  0  -93048.3  0  -93048.3  193102  0  0  193102  0  193102
3.117e+12  0  103.9  -92946.7  0  0  -92946.7  0  -92946.7  192334  0  0  192334  0  192334
3.126e+12  0  104.2  -92845  0  0  -92845  0  -92845  191571  0  0  191571  0  191571
3.135e+12  0  104.5  -92743.3  0  0  -92743.3  0  -92743.3  190812  0  0  190812  0  190812
3.144e+12  0  104.8  -92641.5  0  0  -92641.5  0  -92641.5  190057  0  0  190057  0  190057
3.153e+12  0  105.1  -92539.7  0  0  -92539.7  0  -92539.7  189306  0  0  189306  0  189306
3.162e+12  0  105.4  -92437.7  0  0  -92437.7  0  -92437.7  188559  0  0  188559  0  188559
3.171e+12  0  105.7  -92335.7  0  0  -92335.7  0  -92335.7  187816  0  0  187816  0  187816
3.18e+12  0  106  -92233.7  0  0  -92233.7  0  -92233.7  187078  0  0  187078  0  187078
3.189e+12  0  106.3  -92131.6  0  0  -92131.6  0  -92131.6  186343  0  0  186343  0  186343
3.198e+12  0  106.6  -92029.4  0  0  -92029.4  0  -92029.4  185613  0  0  185613  0  185613
3.207e+12  0  106.9  -91927.1  0  0  -91927.1  0  -91927.1  184886  0  0  184886  0  184886
3.216e+12  0  107.2  -91824.8  0  0  -91824.8  0  -91824.8  184164  0  0  184164  0  184164
3.225e+12  0  107.5  -91722.5  0  0  -91722.5  0  -91722.5  183445  0  0  183445  0  183445
3.234e+12  0  107.8  -91620.1  0  0  -91620.1  0  -91620.1  182730  0  0  182730  0  182730
3.243e+12  0  108.1  -91517.6  0  0  -91517.6  0  -91517.6  182019  0  0  182019  0  182019
3.252e+12  0  108.4  -91415.1  0  0  -91415.1  0  -91415.1  181312  0  0  181312  0  181312
3.261e+12  0  108.7  -91312.5  0  0  -91312.5  0  -91312.5  180609  0  0  180609  0  180609
3.27e+12  0  109  -91209.9  0  0  -91209.9  0  -91209.9  179909  0  0  179909  0  179909
3.279e+12  0  109.3  -91107.2  0  0  -91107.2  0  -91107.2  179214  0  0  179214  0  179214
3.288e+12  0  109.6  -91004.4  0  0  -91004.4  0  -91004.4  178521  0  0  178521  0  178521
3.297e+12  0  109.9  -90901.7  0  0  -90901.7  0  -90901.7  177833  0  0  177833  0  177833
3.306e+12  0  110.2  -90798.8  0  0  -90798.8  0  -90798.8  177148  0  0  177148  0  177148
3.315e+12  0  110.5  -90695.9  0  0  -90695.9  0  -90695.9  176467  0  0  176467  0  176467
3.324e+12  0  110.8  -90593  0  0  -90593  0  -90593  175790  0  0  175790  0  175790
3.333e+12  0  111.1  -90490  0  0  -90490  0  -90490  175116  0  0  175116  0  175116
3.342e+12  0  111.4  -90387  0  0  -90387  0  -90387  174445  0  0  174445  0  174445
3.351e+12  0  111.7  -90284  0  0  -90284  0  -90284  173778  0  0  173778  0  173778
3.36e+12  0  112  -90180.9  0  0  -90180.9  0  -90180.9  173115  0  0  173115  0  173115
3.369e+12  0  112.3  -90077.7  0  0  -90077.7  0  -90077.7  172455  0  0  172455  0  172455
3.378e+12  0  112.6  -89974.6  0  0  -89974.6  0  -89974.6  171799  0  0  171799  0  171799
3.387e+12  0  112.9  -89871.3  0  0  -89871.3  0  -89871.3  171146  0  0  171146  0  171146
3.396e+12  0  113.2  -89768.1  0  0  -89768.1  0  -89768.1  170496  0  0  170496  0  170496
3.405e+12  0  113.5  -89664.8  0  0  -89664.8  0  -89664.8  169850  0  0  169850  0  169850
3.414e+12  0  113.8  -89561.5  0  0  -89561.5  0  -89561.5  169207  0  0  169207  0  169207
3.423e+12  0  114.1  -89458.1  0  0  -89458.1  0  -89458.1  168567  0  0  168567  0  168567
3.432e+12  0  114.4  -89354.7  0  0  -89354.7  0  -89354.7  167931  0  0  167931  0  167931
3.441e+12  0  114.7  -89251.3  0  0  -89251.3  0  -89251.3  167298  0  0  167298  0  167298
3.45e+12  0  115  -89147.9  0  0  -89147.9  0  -89147.9  166668  0  0  166668  0  166668
3.459e+12  0  115.3  -89044.4  0  0  -89044.4  0  -89044.4  166041  0  0  166041  0  166041
3.468e+12  0  115.6  -88940.9  0  0  -88940.9  0  -88940.9  165418  0  0  165418  0  165418
3.477e+12  0  115.9  -88837.3  0  0  -88837.3  0  -88837.3  164797  0  0  164797  0  164797
3.486e+12  0  116.2  -88733.8  0  0  -88733.8  0  -88733.8  164180  0  0  164180  0  164180
3.495e+12  0  116.5  -88630.2  0  0  -88630.2  0  -88630.2  163566  0  0  163566  0  163566
3.504e+12  0  116.8  -88526.5  0  0  -88526.5  0  -88526.5  162956  0  0  162956  0  162956
3.513e+12  0  117.1  -88422.9  0  0  -88422.9  0  -88422.9  162348  0  0  162348  0  162348
3.522e+12  0  117.4  -88319.2  0  0  -88319.2  0  -88319.2  161743  0  0  161743  0  161743
3.531e+12  0  117.7  -88215.6  0  0  -88215.6  0  -88215.6  161141  0  0  161141  0  161141
3.54e+12  0  118  -88111.9  0  0  -88111.9  0  -88111.9  160543  0  0  160543  0  160543
3.549e+12  0  118.3  -88008.1  0  0  -88008.1  0  -88008.1  159947  0  0  159947  0  159947
3.558e+12  0  118.6  -87904.4  0  0  -87904.4  0  -87904.4  159354  0  0  159354  0  159354
3.567e+12  0  118.9  -87800.6  0  0  -87800.6  0  -87800.6  158765  0  0  158765  0  158765
3.576e+12  0  119.2  -87696.9  0  0  -87696.9  0  -87696.9  158178  0  0  158178  0  158178
3.585e+12  0  119.5  -87593.1  0  0  -87593.1  0  -87593.1  157594  0  0  157594  0  157594
3.594e+12  0  119.8  -87489.3  0  0  -87489.3  0  -87489.3  157013  0  0  157013  0  157013
3.603e+12  0  120.1  -87385.4  0  0  -87385.4  0  -87385.4  156435  0  0  156435  0  156435
3.612e+12  0  120.4  -87281.6  0  0  -87281.6  0  -87281.6  155860  0  0  155860  0  155860
3.621e+12  0  120.7  -87177.8  0  0  -87177.8  0  -87177.8  155288  0  0  155288  0  155288
3.63e+12  0  121  -87073.9  0  0  -87073.9  0  -87073.9  154718  0  0  154718  0  154718
3.639e+12  0  121.3  -86970  0  0  -86970  0  -86970  154151  0  0  154151  0  154151
3.648e+12  0  121.6  -86866.2  0  0  -86866.2  0  -86866.2  153587  0  0  153587  0  153587
3.657e+12  0  121.9  -86762.3  0  0  -86762.3  0  -86762.3  153026  0  0  153026  0  153026
3.666e+12  0  122.2  -86658.4  0  0  -86658.4  0  -86658.4  152468  0  0  152468  0  152468
3.675e+12  0  122.5  -86554.5  0  0  -86554.5  0  -86554.5  151912  0  0  151912  0  151912
3.684e+12  0  122.8  -86450.6  0  0  -86450.6  0  -86450.6  151359  0  0  151359  0  151359
3.693e+12  0  123.1  -86346.7  0  0  -86346.7  0  -86346.7  150809  0  0  150809  0  150809
3.702e+12  0  123.4  -86242.8  0  0  -86242.8  0  -86242.8  150261  0  0  150261  0  150261
3.711e+12  0  123.7  -86138.9  0  0  -86138.9  0  -86138.9  149716  0  0  149716  0  149716
3.72e+12  0  124  -86035  0  0  -86035  0  -86035  149174  0  0  149174  0  149174
3.729e+12  0  124.3  -85931.1  0  0  -85931.1  0  -85931.1  148634  0  0  148634  0  148634
3.738e+12  0  124.6  -85827.1  0  0  -85827.1  0  -85827.1  148097  0  0  148097  0  148097
3.747e+12  0  124.9  -85723.2  0  0  -85723.2  0  -85723.2  147562  0  0  147562  0  147562
3.756e+12  0  125.2  -85619.3  0  0  -85619.3  0  -85619.3  147030  0  0  147030  0  147030
3.765e+12  0  125.5  -85515.4  0  0  -85515.4  0  -85515.4  146501  0  0  146501  0  146501
3.774e+12  0  125.8  -85411.5  0  0  -85411.5  0  -85411.5  145974  0  0  145974  0  145974
3.783e+12  0  126.1  -85307.6  0  0  -85307.6  0  -85307.6  145449  0  0  145449  0  145449
3.792e+12  0  126.4  -85203.7  0  0  -85203.7  0  -85203.7  144927  0  0  144927  0  144927
3.801e+12  0  126.7  -85099.9  0  0  -85099.9  0  -85099.9  144408  0  0  144408  0  144408
3.81e+12  0  127  -84996  0  0  -84996  0  -84996  143891  0  0  143891  0  143891
3.819e+12  0  127.3  -84892.1  0  0  -84892.1  0  -84892.1  143376  0  0  143376  0  143376
3.828e+12  0  127.6  -84788.3  0  0  -84788.3  0  -84788.3  142864  0  0  142864  0  142864
3.837e+12  0  127.9  -84684.4  0  0  -84684.4  0  -84684.4  142355  0  0  142355  0  142355
3.846e+12  0  128.2  -84580.6  0  0  -84580.6  0  -84580.6  141847  0  0  141847  0  141847
3.855e+12  0  128.5  -84476.8  0  0  -84476.8  0  -84476.8  141342  0  0  141342  0  141342
3.864e+12  0  128.8  -84373  0  0  -84373  0  -84373  140840  0  0  140840  0  140840
3.873e+12  0  129.1  -84269.2  0  0  -84269.2  0  -84269.2  140340  0  0  140340  0  140340
3.882e+12  0  129.4  -84165.4  0  0  -84165.4  0  -84165.4  139842  0  0  139842  0  139842
3.891e+12  0  129.7  -84061.6  0  0  -84061.6  0  -84061.6  139347  0  0  139347  0  139347
3.9e+12  0  130  -83957.9  0  0  -83957.9  0  -83957.9  138853  0  0  138853  0  138853
3.909e+12  0  130.3  -83854.1  0  0  -83854.1  0  -83854.1  138363  0  0  138363  0  138363
3.918e+12  0  130.6  -83750.4  0  0  -83750.4  0  -83750.4  137874  0  0  137874  0  137874
3.927e+12  0  130.9  -83646.7  0  0  -83646.7  0  -83646.7  137388  0  0  137388  0  137388
3.936e+12  0  131.2  -83543  0  0  -83543  0  -83543  136904  0  0  136904  0  136904
3.945e+12  0  131.5  -83439.4  0  0  -83439.4  0  -83439.4  136422  0  0  136422  0  136422
3.954e+12  0  131.8  -83335.7  0  0  -83335.7  0  -83335.7  135942  0  0  135942  0  135942
3.963e+12  0  132.1  -83232.1  0  0  -83232.1  0  -83232.1  135465  0  0  135465  0  135465
3.972e+12  0  132.4  -83128.5  0  0  -83128.5  0  -83128.5  134990  0  0  134990  0  134990
3.981e+12  0  132.7  -83025  0  0  -83025  0  -83025  134517  0  0  134517  0  134517
3.99e+12  0  133  -82921.4  0  0  -82921.4  0  -82921.4  134046  0  0  134046  0  134046
3.999e+12  0  133.3  -82817.9  0  0  -82817.9  0  -82817.9  133577  0  0  133577  0  133577
4.008e+12  0  133.6  -82714.4  0  0  -82714.4  0  -82714.4  133111  0  0  133111  0  133111
4.017e+12  0  133.9  -82610.9  0  0  -82610.9  0  -82610.9  132646  0  0  132646  0  132646
4.026e+12  0  134.2  -82507.5  0  0  -82507.5  0  -82507.5  132184  0  0  132184  0  132184
4.035e+12  0  134.5  -82404.1  0  0  -82404.1  0  -82404.1  131724  0  0  131724  0  131724
4.044e+12  0  134.8  -82300.7  0  0  -82300.7  0  -82300.7  131266  0  0  131266  0  131266
4.053e+12  0  135.1  -82197.4  0  0  -82197.4  0  -82197.4  130810  0  0  130810  0  130810
4.062e+12  0  135.4  -82094  0  0  -82094  0  -82094  130356  0  0  130356  0  130356
4.071e+12  0  135.7  -81990.7  0  0  -81990.7  0  -81990.7  129904  0  0  129904  0  129904
4.08e+12  0  136  -81887.5  0  0  -81887.5  0  -81887.5  129454  0  0  129454  0  129454
4.089e+12  0  136.3  -81784.3  0  0  -81784.3  0  -81784.3  129007  0  0  129007  0  129007
4.098e+12  0  136.6  -81681.1  0  0  -81681.1  0  -81681.1  128561  0  0  128561  0  128561
4.107e+12  0  136.9  -81577.9  0  0  -81577.9  0  -81577.9  128117  0  0  128117  0  128117
4.116e+12  0  137.2  -81474.8  0  0  -81474.8  0  -81474.8  127675  0  0  127675  0  127675
4.125e+12  0  137.5  -81371.7  0  0  -81371.7  0  -81371.7  127236  0  0  127236  0  127236
4.134e+12  0  137.8  -81268.6  0  0  -81268.6  0  -81268.6  126798  0  0  126798  0  126798
4.143e+12  0  138.1  -81165.6  0  0  -81165.6  0  -81165.6  126362  0  0  126362  0  126362
4.152e+12  0  138.4  -81062.6  0  0  -81062.6  0  -81062.6  125928  0  0  125928  0  125928
4.161e+12  0  138.7  -80959.7  0  0  -80959.7  0  -80959.7  125496  0  0  125496  0  125496
4.17e+12  0  139  -80856.8  0  0  -80856.8  0  -80856.8  125066  0  0  125066  0  125066
4.179e+12  0  139.3  -80753.9  0  0  -80753.9  0  -80753.9  124638  0  0  124638  0  124638
4.188e+12  0  139.6  -80651.1  0  0  -80651.1  0  -80651.1  124212  0  0  124212  0  124212
4.197e+12  0  139.9  -80548.3  0  0  -80548.3  0  -80548.3  123788  0  0  123788  0  123788
4.206e+12  0  140.2  -80445.6  0  0  -80445.6  0  -80445.6  123365  0  0  123365  0  123365
4.215e+12  0  140.5  -80342.9  0  0  -80342.9  0  -80342.9  122945  0  0  122945  0  122945
4.224e+12  0  140.8  -80240.3  0  0  -80240.3  0  -80240.3  122526  0  0  122526  0  122526
4.233e+12  0  141.1  -80137.6  0  0  -80137.6  0  -80137.6  122109  0  0  122109  0  122109
4.242e+12  0  141.4  -80035.1  0  0  -80035.1  0  -80035.1  121694  0  0  121694  0  121694
4.251e+12  0  141.7  -79932.6  0  0  -79932.6  0  -79932.6  121281  0  0  121281  0  121281
4.26e+12  0  142  -79830.1  0  0  -79830.1  0  -79830.1  120870  0  0  120870  0  120870
4.269e+12  0  142.3  -79727.7  0  0  -79727.7  0  -79727.7  120460  0  0  120460  0  120460
4.278e+12  0  142.6  -79625.3  0  0  -79625.3  0  -79625.3  120052  0  0  120052  0  120052
4.287e+12  0  142.9  -79523  0  0  -79523  0  -79523  119646  0  0  119646  0  119646
4.296e+12  0  143.2  -79420.7  0  0  -79420.7  0  -79420.7  119242  0  0  119242  0  119242
4.305e+12  0  143.5  -79318.4  0  0  -79318.4  0  -79318.4  118839  0  0  118839  0  118839
4.314e+12  0  143.8  -79216.3  0  0  -79216.3  0  -79216.3  118439  0  0  118439  0  118439
4.323e+12  0  144.1  -79114.1  0  0  -79114.1  0  -79114.1  118040  0  0  118040  0  118040
4.332e+12  0  144.4  -79012  0  0  -79012  0  -79012  117643  0  0  117643  0  117643
4.341e+12  0  144.7  -78910  0  0  -78910  0  -78910  117247  0  0  117247  0  117247
4.35e+12  0  145  -78808  0  0  -78808  0  -78808  116853  0  0  116853  0  116853
4.359e+12  0  145.3  -78706.1  0  0  -78706.1  0  -78706.1  116461  0  0  116461  0  116461
4.368e+12  0  145.6  -78604.2  0  0  -78604.2  0  -78604.2  116071  0  0  116071  0  116071
4.377e+12  0  145.9  -78502.4  0  0  -78502.4  0  -78502.4  115682  0  0  115682  0  115682
4.386e+12  0  146.2  -78400.6  0  0  -78400.6  0  -78400.6  115295  0  0  115295  0  115295
4.395e+12  0  146.5  -78298.9  0  0  -78298.9  0  -78298.9  114910  0  0  114910  0  114910
4.404e+12  0  146.8  -78197.3  0  0  -78197.3  0  -78197.3  114526  0  0  114526  0  114526
4.413e+12  0  147.1  -78095.7  0  0  -78095.7  0  -78095.7  114144  0  0  114144  0  114144
4.422e+12  0  147.4  -77994.2  0  0  -77994.2  0  -77994.2  113764  0  0  113764  0  113764
4.431e+12  0  147.7  -77892.7  0  0  -77892.7  0  -77892.7  113385  0  0  113385  0  113385
4.44e+12  0  148  -77791.2  0  0  -77791.2  0  -77791.2  113008  0  0  113008  0  113008
4.449e+12  0  148.3  -77689.9  0  0  -77689.9  0  -77689.9  112632  0  0  112632  0  112632
4.458e+12  0  148.6  -77588.6  0  0  -77588.6  0  -77588.6  112258  0  0  112258  0  112258
4.467e+12  0  148.9  -77487.3  0  0  -77487.3  0  -77487.3  111886  0  0  111886  0  111886
4.476e+12  0  149.2  -77386.1  0  0  -77386.1  0  -77386.1  111515  0  0  111515  0  111515
4.485e+12  0  149.5  -77285  0  0  -77285  0  -77285  111146  0  0  111146  0  111146
4.494e+12  0  149.8  -77184  0  0  -77184  0  -77184  110778  0  0  110778  0  110778
4.503e+12  0  150.1  -77083  0  0  -77083  0  -77083  110412  0  0  110412  0  110412
4.512e+12  0  150.4  -76982  0  0  -76982  0  -76982  110047  0  0  110047  0  110047
4.521e+12  0  150.7  -76881.2  0  0  -76881.2  0  -76881.2  109684  0  0  109684  0  109684
4.53e+12  0  151  -76780.3  0  0  -76780.3  0  -76780.3  109323  0  0  109323  0  109323
4.539e+12  0  151.3  -76679.6  0  0  -76679.6  0  -76679.6  108963  0  0  108963  0  108963
4.548e+12  0  151.6  -76578.9  0  0  -76578.9  0  -76578.9  108605  0  0  108605  0  108605
4.557e+12  0  151.9  -76478.3  0  0  -76478.3  0  -76478.3  108248  0  0  108248  0  108248
4.566e+12  0  152.2  -76377.8  0  0  -76377.8  0  -76377.8  107892  0  0  107892  0  107892
4.575e+12  0  152.5  -76277.3  0  0  -76277.3  0  -76277.3  107538  0  0  107538  0  107538
4.584e+12  0  152.8  -76176.9  0  0  -76176.9  0  -76176.9  107186  0  0  107186  0  107186
4.593e+12  0  153.1  -76076.5  0  0  -76076.5  0  -76076.5  106835  0  0  106835  0  106835
4.602e+12  0  153.4  -75976.2  0  0  -75976.2  0  -75976.2  106486  0  0  106486  0  106486
4.611e+12  0  153.7  -75876  0  0  -75876  0  -75876  106138  0  0  106138  0  106138
4.62e+12  0  154  -75775.9  0  0  -75775.9  0  -75775.9  105791  0  0  105791  0  105791
4.629e+12  0  154.3  -75675.8  0  0  -75675.8  0  -75675.8  105446  0  0  105446  0  105446
4.638e+12  0  154.6  -75575.8  0  0  -75575.8  0  -75575.8  105102  0  0  105102  0  105102
4.647e+12  0  154.9  -75475.9  0  0  -75475.9  0  -75475.9  104760  0  0  104760  0  104760
4.656e+12  0  155.2  -75376  0  0  -75376  0  -75376  104419  0  0  104419  0  104419
4.665e+12  0  155.5  -75276.2  0  0  -75276.2  0  -75276.2  104080  0  0  104080  0  104080
4.674e+12  0  155.8  -75176.5  0  0  -75176.5  0  -75176.5  103742  0  0  103742  0  103742
4.683e+12  0  156.1  -75076.8  0  0  -75076.8  0  -75076.8  103405  0  0  103405  0  103405
4.692e+12  0  156.4  -74977.3  0  0  -74977.3  0  -74977.3  103070  0  0  103070  0  103070
4.701e+12  0  156.7  -74877.8  0  0  -74877.8  0  -74877.8  102736  0  0  102736  0  102736
4.71e+12  0  157  -74778.3  0  0  -74778.3  0  -74778.3  102403  0  0  102403  0  102403
4.719e+12  0  157.3  -74679  0  0  -74679  0  -74679  102072  0  0  102072  0  102072
4.728e+12  0  157.6  -74579.7  0  0  -74579.7  0  -74579.7  101743  0  0  101743  0  101743
4.737e+12  0  157.9  -74480.5  0  0  -74480.5  0  -74480.5  101414  0  0  101414  0  101414
4.746e+12  0  158.2  -74381.4  0  0  -74381.4  0  -74381.4  101087  0  0  101087  0  101087
4.755e+12  0  158.5  -74282.3  0  0  -74282.3  0  -74282.3  100762  0  0  100762  0  100762
4.764e+12  0  158.8  -74183.4  0  0  -74183.4  0  -74183.4  100437  0  0  100437  0  100437
4.773e+12  0  159.1  -74084.5  0  0  -74084.5  0  -74084.5  100114  0  0  100114  0  100114
4.782e+12  0  159.4  -73985.6  0  0  -73985.6  0  -73985.6  99792.4  0  0  99792.4  0  99792.4
4.791e+12  0  159.7  -73886.9  0  0  -73886.9  0  -73886.9  99472  0  0  99472  0  99472
4.8e+12  0  160  -73788.2  0  0  -73788.2  0  -73788.2  99152.9  0  0  99152.9  0  99152.9
4.809e+12  0  160.3  -73689.7  0  0  -73689.7  0  -73689.7  98835.2  0  0  98835.2  0  98835.2
4.818e+12  0  160.6  -73591.1  0  0  -73591.1  0  -73591.1  98518.7  0  0  98518.7  0  98518.7
4.827e+12  0  160.9  -73492.7  0  0  -73492.7  0  -73492.7  98203.4  0  0  98203.4  0  98203.4
4.836e+12  0  161.2  -73394.4  0  0  -73394.4  0  -73394.4  97889.5  0  0  97889.5  0  97889.5
4.845e+12  0  161.5  -73296.1  0  0  -73296.1  0  -73296.1  97576.9  0  0  97576.9  0  97576.9
4.854e+12  0  161.8  -73197.9  0  0  -73197.9  0  -73197.9  97265.5  0  0  97265.5  0  97265.5
4.863e+12  0  162.1  -73099.8  0  0  -73099.8  0  -73099.8  96955.3  0  0  96955.3  0  96955.3
4.872e+12  0  162.4  -73001.8  0  0  -73001.8  0  -73001.8  96646.5  0  0  96646.5  0  96646.5
4.881e+12  0  162.7  -72903.9  0  0  -72903.9  0  -72903.9  96338.8  0  0  96338.8  0  96338.8
4.89e+12  0  163  -72806  0  0  -72806  0  -72806  96032.5  0  0  96032.5  0  96032.5
4.899e+12  0  163.3  -72708.2  0  0  -72708.2  0  -72708.2  95727.3  0  0  95727.3  0  95727.3
4.908e+12  0  163.6  -72610.5  0  0  -72610.5  0  -72610.5  95423.4  0  0  95423.4  0  95423.4
4.917e+12  0  163.9  -72512.9  0  0  -72512.9  0  -72512.9  95120.7  0  0  95120.7  0  95120.7
4.926e+12  0  164.2  -72415.4  0  0  -72415.4  0  -72415.4  94819.2  0  0  94819.2  0  94819.2
4.935e+12  0  164.5  -72318  0  0  -72318  0  -72318  94518.9  0  0  94518.9  0  94518.9
4.944e+12  0  164.8  -72220.6  0  0  -72220.6  0  -72220.6  94219.8  0  0  94219.8  0  94219.8
4.953e+12  0  165.1  -72123.3  0  0  -72123.3  0  -72123.3  93922  0  0  93922  0  93922
4.962e+12  0  165.4  -72026.2  0  0  -72026.2  0  -72026.2  93625.3  0  0  93625.3  0  93625.3
4.971e+12  0  165.7  -71929.1  0  0  -71929.1  0  -71929.1  93329.8  0  0  93329.8  0  93329.8
4.98e+12  0  166  -71832  0  0  -71832  0  -71832  93035.5  0  0  93035.5  0  93035.5
4.989e+12  0  166.3  -71735.1  0  0  -71735.1  0  -71735.1  92742.3  0  0  92742.3  0  92742.3
4.998e+12  0  166.6  -71638.3  0  0  -71638.3  0  -71638.3  92450.4  0  0  92450.4  0  92450.4
5.007e+12  0  166.9  -71541.5  0  0  -71541.5  0  -71541.5  92159.5  0  0  92159.5  0  92159.5
5.016e+12  0  167.2  -71444.9  0  0  -71444.9  0  -71444.9  91869.9  0  0  91869.9  0  91869.9
5.025e+12  0  167.5  -71348.3  0  0  -71348.3  0  -71348.3  91581.4  0  0  91581.4  0  91581.4
5.034e+12  0  167.8  -71251.8  0  0  -71251.8  0  -71251.8  91294  0  0  91294  0  91294
5.043e+12  0  168.1  -71155.4  0  0  -71155.4  0  -71155.4  91007.8  0  0  91007.8  0  91007.8
5.052e+12  0  168.4  -71059.1  0  0  -71059.1  0  -71059.1  90722.7  0  0  90722.7  0  90722.7
5.061e+12  0  168.7  -70962.9  0  0  -70962.9  0  -70962.9  90438.8  0  0  90438.8  0  90438.8
5.07e+12  0  169  -70866.7  0  0  -70866.7  0  -70866.7  90155.9  0  0  90155.9  0  90155.9
5.079e+12  0  169.3  -70770.7  0  0  -70770.7  0  -70770.7  89874.2  0  0  89874.2  0  89874.2
5.088e+12  0  169.6  -70674.7  0  0  -70674.7  0  -70674.7  89593.6  0  0  89593.6  0  89593.6
5.097e+12  0  169.9  -70578.9  0  0  -70578.9  0  -70578.9  89314.1  0  0  89314.1  0  89314.1
5.106e+12  0  170.2  -70483.1  0  0  -70483.1  0  -70483.1  89035.7  0  0  89035.7  0  89035.7
5.115e+12  0  170.5  -70387.4  0  0  -70387.4  0  -70387.4  88758.4  0  0  88758.4  0  88758.4
5.124e+12  0  170.8  -70291.9  0  0  -70291.9  0  -70291.9  88482.1  0  0  88482.1  0  88482.1
5.133e+12  0  171.1  -70196.4  0  0  -70196.4  0  -70196.4  88207  0  0  88207  0  88207
5.142e+12  0  171.4  -70101  0  0  -70101  0  -70101  87932.9  0  0  87932.9  0  87932.9
5.151e+12  0  171.7  -70005.6  0  0  -70005.6  0  -70005.6  87660  0  0  87660  0  87660
5.16e+12  0  172  -69910.4  0  0  -69910.4  0  -69910.4  87388  0  0  87388  0  87388
5.169e+12  0  172.3  -69815.3  0  0  -69815.3  0  -69815.3  87117.2  0  0  87117.2  0  87117.2
5.178e+12  0  172.6  -69720.3  0  0  -69720.3  0  -69720.3  86847.4  0  0  86847.4  0  86847.4
5.187e+12  0  172.9  -69625.3  0  0  -69625.3  0  -69625.3  86578.7  0  0  86578.7  0  86578.7
5.196e+12  0  173.2  -69530.5  0  0  -69530.5  0  -69530.5  86311  0  0  86311  0  86311
5.205e+12  0  173.5  -69435.8  0  0  -69435.8  0  -69435.8  86044.3  0  0  86044.3  0  86044.3
5.214e+12  0  173.8  -69341.1  0  0  -69341.1  0  -69341.1  85778.7  0  0  85778.7  0  85778.7
5.223e+12  0  174.1  -69246.5  0  0  -69246.5  0  -69246.5  85514.1  0  0  85514.1  0  85514.1
5.232e+12  0  174.4  -69152.1  0  0  -69152.1  0  -69152.1  85250.6  0  0  85250.6  0  85250.6
5.241e+12  0  174.7  -69057.7  0  0  -69057.7  0  -69057.7  84988  0  0  84988  0  84988
5.25e+12  0  175  -68963.4  0  0  -68963.4  0  -68963.4  84726.5  0  0  84726.5  0  84726.5
5.259e+12  0  175.3  -68869.3  0  0  -68869.3  0  -68869.3  84466  0  0  84466  0  84466
5.268e+12  0  175.6  -68775.2  0  0  -68775.2  0  -68775.2  84206.5  0  0  84206.5  0  84206.5
5.277e+12  0  175.9  -68681.2  0  0  -68681.2  0  -68681.2  83948  0  0  83948  0  83948
5.286e+12  0  176.2  -68587.3  0  0  -68587.3  0  -68587.3  83690.5  0  0  83690.5  0  83690.5
5.295e+12  0  176.5  -68493.5  0  0  -68493.5  0  -68493.5  83434  0  0  83434  0  83434
5.304e+12  0  176.8  -68399.8  0  0  -68399.8  0  -68399.8  83178.5  0  0  83178.5  0  83178.5
5.313e+12  0  177.1  -68306.2  0  0  -68306.2  0  -68306.2  82924  0  0  82924  0  82924
5.322e+12  0  177.4  -68212.7  0  0  -68212.7  0  -68212.7  82670.4  0  0  82670.4  0  82670.4
5.331e+12  0  177.7  -68119.3  0  0  -68119.3  0  -68119.3  82417.9  0  0  82417.9  0  82417.9
5.34e+12  0  178  -68026  0  0  -68026  0  -68026  82166.3  0  0  82166.3  0  82166.3
5.349e+12  0  178.3  -67932.8  0  0  -67932.8  0  -67932.8  81915.6  0  0  81915.6  0  81915.6
5.358e+12  0  178.6  -67839.7  0  0  -67839.7  0  -67839.7  81666  0  0  81666  0  81666
5.367e+12  0  178.9  -67746.7  0  0  -67746.7  0  -67746.7  81417.2  0  0  81417.2  0  81417.2
5.376e+12  0  179.2  -67653.8  0  0  -67653.8  0  -67653.8  81169.5  0  0  81169.5  0  81169.5
5.385e+12  0  179.5  -67561  0  0  -67561  0  -67561  80922.7  0  0  80922.7  0  80922.7
5.394e+12  0  179.8  -67468.3  0  0  -67468.3  0  -67468.3  80676.8  0  0  80676.8  0  80676.8
5.403e+12  0  180.1  -67375.7  0  0  -67375.7  0  -67375.7  80431.8  0  0  80431.8  0  80431.8
5.412e+12  0  180.4  -67283.2  0  0  -67283.2  0  -67283.2  80187.8  0  0  80187.8  0  80187.8
5.421e+12  0  180.7  -67190.8  0  0  -67190.8  0  -67190.8  79944.8  0  0  79944.8  0  79944.8
5.43e+12  0  181  -67098.5  0  0  -67098.5  0  -67098.5  79702.6  0  0  79702.6  0  79702.6
5.439e+12  0  181.3  -67006.3  0  0  -67006.3  0  -67006.3  79461.4  0  0  79461.4  0  79461.4
5.448e+12  0  181.6  -66914.2  0  0  -66914.2  0  -66914.2  79221.1  0  0  79221.1  0  79221.1
5.457e+12  0  181.9  -66822.2  0  0  -66822.2  0  -66822.2  78981.7  0  0  78981.7  0  78981.7
5.466e+12  0  182.2  -66730.3  0  0  -66730.3  0  -66730.3  78743.2  0  0  78743.2  0  78743.2
5.475e+12  0  182.5  -66638.5  0  0  -66638.5  0  -66638.5  78505.6  0  0  78505.6  0  78505.6
5.484e+12  0  182.8  -66546.8  0  0  -66546.8  0  -66546.8  78268.9  0  0  78268.9  0  78268.9
5.493e+12  0  183.1  -66455.2  0  0  -66455.2  0  -66455.2  78033.1  0  0  78033.1  0  78033.1
5.502e+12  0  183.4  -66363.7  0  0  -66363.7  0  -66363.7  77798.2  0  0  77798.2  0  77798.2
5.511e+12  0  183.7  -66272.3  0  0  -66272.3  0  -66272.3  77564.2  0  0  77564.2  0  77564.2
5.52e+12  0  184  -66181  0  0  -66181  0  -66181  77331.1  0  0  77331.1  0  77331.1
5.529e+12  0  184.3  -66089.8  0  0  -66089.8  0  -66089.8  77098.8  0  0  77098.8  0  77098.8
5.538e+12  0  184.6  -65998.7  0  0  -65998.7  0  -65998.7  76867.4  0  0  76867.4  0  76867.4
5.547e+12  0  184.9  -65907.7  0  0  -65907.7  0  -65907.7  76636.9  0  0  76636.9  0  76636.9
5.556e+12  0  185.2  -65816.9  0  0  -65816.9  0  -65816.9  76407.3  0  0  76407.3  0  76407.3
5.565e+12  0  185.5  -65726.1  0  0  -65726.1  0  -65726.1  76178.5  0  0  76178.5  0  76178.5
5.574e+12  0  185.8  -65635.4  0  0  -65635.4  0  -65635.4  75950.6  0  0  75950.6  0  75950.6
5.583e+12  0  186.1  -65544.9  0  0  -65544.9  0  -65544.9  75723.5  0  0  75723.5  0  75723.5
5.592e+12  0  186.4  -65454.4  0  0  -65454.4  0  -65454.4  75497.3  0  0  75497.3  0  75497.3
5.601e+12  0  186.7  -65364  0  0  -65364  0  -65364  75271.9  0  0  75271.9  0  75271.9
5.61e+12  0  187  -65273.8  0  0  -65273.8  0  -65273.8  75047.4  0  0  75047.4  0  75047.4
5.619e+12  0  187.3  -65183.6  0  0  -65183.6  0  -65183.6  74823.7  0  0  74823.7  0  74823.7
5.628e+12  0  187.6  -65093.6  0  0  -65093.6  0  -65093.6  74600.9  0  0  74600.9  0  74600.9
5.637e+12  0  187.9  -65003.7  0  0  -65003.7  0  -65003.7  74378.9  0  0  74378.9  0  74378.9
5.646e+12  0  188.2  -64913.8  0  0  -64913.8  0  -64913.8  74157.7  0  0  74157.7  0  74157.7
5.655e+12  0  188.5  -64824.1  0  0  -64824.1  0  -64824.1  73937.3  0  0  73937.3  0  73937.3
5.664e+12  0  188.8  -64734.5  0  0  -64734.5  0  -64734.5  73717.8  0  0  73717.8  0  73717.8
5.673e+12  0  189.1  -64645  0  0  -64645  0  -64645  73499  0  0  73499  0  73499
5.682e+12  0  189.4  -64555.5  0  0  -64555.5  0  -64555.5  73281.1  0  0  73281.1  0  73281.1
5.691e+12  0  189.7  -64466.2  0  0  -64466.2  0  -64466.2  73064  0  0  73064  0  73064
5.7e+12  0  190  -64377  0  0  -64377  0  -64377  72847.7  0  0  72847.7  0  72847.7
5.709e+12  0  190.3  -64287.9  0  0  -64287.9  0  -64287.9  72632.2  0  0  72632.2  0  72632.2
5.718e+12  0  190.6  -64199  0  0  -64199  0  -64199  72417.5  0  0  72417.5  0  72417.5
5.727e+12  0  190.9  -64110.1  0  0  -64110.1  0  -64110.1  72203.6  0  0  72203.6  0  72203.6
5.736e+12  0  191.2  -64021.3  0  0  -64021.3  0  -64021.3  71990.5  0  0  71990.5  0  71990.5
5.745e+12  0  191.5  -63932.6  0  0  -63932.6  0  -63932.6  71778.2  0  0  71778.2  0  71778.2
5.754e+12  0  191.8  -63844.1  0  0  -63844.1  0  -63844.1  71566.6  0  0  71566.6  0  71566.6
5.763e+12  0  192.1  -63755.6  0  0  -63755.6  0  -63755.6  71355.9  0  0  71355.9  0  71355.9
5.772e+12  0  192.4  -63667.3  0  0  -63667.3  0  -63667.3  71145.9  0  0  71145.9  0  71145.9
5.781e+12  0  192.7  -63579  0  0  -63579  0  -63579  70936.7  0  0  70936.7  0  70936.7
5.79e+12  0  193  -63490.9  0  0  -63490.9  0  -63490.9  70728.2  0  0  70728.2  0  70728.2
5.799e+12  0  193.3  -63402.9  0  0  -63402.9  0  -63402.9  70520.5  0  0  70520.5  0  70520.5
5.808e+12  0  193.6  -63315  0  0  -63315  0  -63315  70313.6  0  0  70313.6  0  70313.6
5.817e+12  0  193.9  -63227.2  0  0  -63227.2  0  -63227.2  70107.5  0  0  70107.5  0  70107.5
5.826e+12  0  194.2  -63139.5  0  0  -63139.5  0  -63139.5  69902.1  0  0  69902.1  0  69902.1
5.835e+12  0  194.5  -63051.9  0  0  -63051.9  0  -63051.9  69697.4  0  0  69697.4  0  69697.4
5.844e+12  0  194.8  -62964.4  0  0  -62964.4  0  -62964.4  69493.5  0  0  69493.5  0  69493.5
5.853e+12  0  195.1  -62877  0  0  -62877  0  -62877  69290.4  0  0  69290.4  0  69290.4
5.862e+12  0  195.4  -62789.7  0  0  -62789.7  0  -62789.7  69088  0  0  69088  0  69088
5.871e+12  0  195.7  -62702.6  0  0  -62702.6  0  -62702.6  68886.3  0  0  68886.3  0  68886.3
5.88e+12  0  196  -62615.5  0  0  -62615.5  0  -62615.5  68685.4  0  0  68685.4  0  68685.4
5.889e+12  0  196.3  -62528.6  0  0  -62528.6  0  -62528.6  68485.2  0  0  68485.2  0  68485.2
5.898e+12  0  196.6  -62441.7  0  0  -62441.7  0  -62441.7  68285.7  0  0  68285.7  0  68285.7
5.907e+12  0  196.9  -62355  0  0  -62355  0  -62355  68087  0  0  68087  0  68087
5.916e+12  0  197.2  -62268.4  0  0  -62268.4  0  -62268.4  67889  0  0  67889  0  67889
5.925e+12  0  197.5  -62181.9  0  0  -62181.9  0  -62181.9  67691.7  0  0  67691.7  0  67691.7
5.934e+12  0  197.8  -62095.5  0  0  -62095.5  0  -62095.5  67495.1  0  0  67495.1  0  67495.1
5.943e+12  0  198.1  -62009.2  0  0  -62009.2  0  -62009.2  67299.2  0  0  67299.2  0  67299.2
5.952e+12  0  198.4  -61923  0  0  -61923  0  -61923  67104.1  0  0  67104.1  0  67104.1
5.961e+12  0  198.7  -61836.9  0  0  -61836.9  0  -61836.9  66909.6  0  0  66909.6  0  66909.6
5.97e+12  0  199  -61751  0  0  -61751  0  -61751  66715.9  0  0  66715.9  0  66715.9
5.979e+12  0  199.3  -61665.1  0  0  -61665.1  0  -61665.1  66522.8  0  0  66522.8  0  66522.8
5.988e+12  0  199.6  -61579.4  0  0  -61579.4  0  -61579.4  66330.5  0  0  66330.5  0  66330.5
5.997e+12  0  199.9  -61493.8  0  0  -61493.8  0  -61493.8  66138.9  0  0  66138.9  0  66138.9
6.006e+12  0  200.2  -61408.2  0  0  -61408.2  0  -61408.2  65947.9  0  0  65947.9  0  65947.9
6.015e+12  0  200.5  -61322.8  0  0  -61322.8  0  -61322.8  65757.6  0  0  65757.6  0  65757.6
6.024e+12  0  200.8  -61237.5  0  0  -61237.5  0  -61237.5  65568.1  0  0  65568.1  0  65568.1
6.033e+12  0  201.1  -61152.3  0  0  -61152.3  0  -61152.3  65379.2  0  0  65379.2  0  65379.2
6.042e+12  0  201.4  -61067.2  0  0  -61067.2  0  -61067.2  65190.9  0  0  65190.9  0  65190.9
6.051e+12  0  201.7  -60982.3  0  0  -60982.3  0  -60982.3  65003.4  0  0  65003.4  0  65003.4
6.06e+12  0  202  -60897.4  0  0  -60897.4  0  -60897.4  64816.5  0  0  64816.5  0  64816.5
6.069e+12  0  202.3  -60812.6  0  0  -60812.6  0  -60812.6  64630.3  0  0  64630.3  0  64630.3
6.078e+12  0  202.6  -60728  0  0  -60728  0  -60728  64444.8  0  0  64444.8  0  64444.8
6.087e+12  0  202.9  -60643.5  0  0  -60643.5  0  -60643.5  64260  0  0  64260  0  64260
6.096e+12  0  203.2  -60559.1  0  0  -60559.1  0  -60559.1  64075.8  0  0  64075.8  0  64075.8
6.105e+12  0  203.5  -60474.7  0  0  -60474.7  0  -60474.7  63892.2  0  0  63892.2  0  63892.2
6.114e+12  0  203.8  -60390.5  0  0  -60390.5  0  -60390.5  63709.4  0  0  63709.4  0  63709.4
6.123e+12  0  204.1  -60306.5  0  0  -60306.5  0  -60306.5  63527.1  0  0  63527.1  0  63527.1
6.132e+12  0  204.4  -60222.5  0  0  -60222.5  0  -60222.5  63345.6  0  0  63345.6  0  63345.6
6.141e+12  0  204.7  -60138.6  0  0  -60138.6  0  -60138.6  63164.6  0  0  63164.6  0  63164.6
6.15e+12  0  205  -60054.8  0  0  -60054.8  0  -60054.8  62984.3  0  0  62984.3  0  62984.3
6.159e+12  0  205.3  -59971.2  0  0  -59971.2  0  -59971.2  62804.7  0  0  62804.7  0  62804.7
6.168e+12  0  205.6  -59887.7  0  0  -59887.7  0  -59887.7  62625.7  0  0  62625.7  0  62625.7
6.177e+12  0  205.9  -59804.2  0  0  -59804.2  0  -59804.2  62447.4  0  0  62447.4  0  62447.4
6.186e+12  0  206.2  -59720.9  0  0  -59720.9  0  -59720.9  62269.6  0  0  62269.6  0  62269.6
6.195e+12  0  206.5  -59637.7  0  0  -59637.7  0  -59637.7  62092.5  0  0  62092.5  0  62092.5
6.204e+12  0  206.8  -59554.6  0  0  -59554.6  0  -59554.6  61916.1  0  0  61916.1  0  61916.1
6.213e+12  0  207.1  -59471.6  0  0  -59471.6  0  -59471.6  61740.2  0  0  61740.2  0  61740.2
6.222e+12  0  207.4  -59388.8  0  0  -59388.8  0  -59388.8  61565  0  0  61565  0  61565
6.231e+12  0  207.7  -59306  0  0  -59306  0  -59306  61390.4  0  0  61390.4  0  61390.4
6.24e+12  0  208  -59223.4  0  0  -59223.4  0  -59223.4  61216.5  0  0  61216.5  0  61216.5
6.249e+12  0  208.3  -59140.8  0  0  -59140.8  0  -59140.8  61043.1  0  0  61043.1  0  61043.1
6.258e+12  0  208.6  -59058.4  0  0  -59058.4  0  -59058.4  60870.4  0  0  60870.4  0  60870.4
6.267e+12  0  208.9  -58976.1  0  0  -58976.1  0  -58976.1  60698.2  0  0  60698.2  0  60698.2
6.276e+12  0  209.2  -58893.9  0  0  -58893.9  0  -58893.9  60526.7  0  0  60526.7  0  60526.7
6.285e+12  0  209.5  -58811.8  0  0  -58811.8  0  -58811.8  60355.8  0  0  60355.8  0  60355.8
6.294e+12  0  209.8  -58729.8  0  0  -58729.8  0  -58729.8  60185.5  0  0  60185.5  0  60185.5
6.303e+12  0  210.1  -58648  0  0  -58648  0  -58648  60015.8  0  0  60015.8  0  60015.8
6.312e+12  0  210.4  -58566.2  0  0  -58566.2  0  -58566.2  59846.6  0  0  59846.6  0  59846.6
6.321e+12  0  210.7  -58484.5  0  0  -58484.5  0  -58484.5  59678.1  0  0  59678.1  0  59678.1
6.33e+12  0  211  -58403  0  0  -58403  0  -58403  59510.2  0  0  59510.2  0  59510.2
6.339e+12  0  211.3  -58321.6  0  0  -58321.6  0  -58321.6  59342.8  0  0  59342.8  0  59342.8
6.348e+12  0  211.6  -58240.3  0  0  -58240.3  0  -58240.3  59176.1  0  0  59176.1  0  59176.1
6.357e+12  0  211.9  -58159.1  0  0  -58159.1  0  -58159.1  59009.9  0  0  59009.9  0  59009.9
6.366e+12  0  212.2  -58078  0  0  -58078  0  -58078  58844.3  0  0  58844.3  0  58844.3
6.375e+12  0  212.5  -57997  0  0  -57997  0  -57997  58679.3  0  0  58679.3  0  58679.3
6.384e+12  0  212.8  -57916.2  0  0  -57916.2  0  -57916.2  58514.9  0  0  58514.9  0  58514.9
6.393e+12  0  213.1  -57835.4  0  0  -57835.4  0  -57835.4  58351.1  0  0  58351.1  0  58351.1
6.402e+12  0  213.4  -57754.8  0  0  -57754.8  0  -57754.8  58187.8  0  0  58187.8  0  58187.8
6.411e+12  0  213.7  -57674.2  0  0  -57674.2  0  -57674.2  58025.1  0  0  58025.1  0  58025.1
6.42e+12  0  214  -57593.8  0  0  -57593.8  0  -57593.8  57862.9  0  0  57862.9  0  57862.9
6.429e+12  0  214.3  -57513.5  0  0  -57513.5  0  -57513.5  57701.4  0  0  57701.4  0  57701.4
6.438e+12  0  214.6  -57433.3  0  0  -57433.3  0  -57433.3  57540.4  0  0  57540.4  0  57540.4
6.447e+12  0  214.9  -57353.2  0  0  -57353.2  0  -57353.2  57379.9  0  0  57379.9  0  57379.9
6.456e+12  0  215.2  -57273.3  0  0  -57273.3  0  -57273.3  57220  0  0  57220  0  57220
6.465e+12  0  215.5  -57193.4  0  0  -57193.4  0  -57193.4  57060.7  0  0  57060.7  0  57060.7
6.474e+12  0  215.8  -57113.6  0  0  -57113.6  0  -57113.6  56901.9  0  0  56901.9  0  56901.9
6.483e+12  0  216.1  -57034  0  0  -57034  0  -57034  56743.7  0  0  56743.7  0  56743.7
6.492e+12  0  216.4  -56954.5  0  0  -56954.5  0  -56954.5  56586  0  0  56586  0  56586
6.501e+12  0  216.7  -56875.1  0  0  -56875.1  0  -56875.1  56428.9  0  0  56428.9  0  56428.9
6.51e+12  0  217  -56795.8  0  0  -56795.8  0  -56795.8  56272.3  0  0  56272.3  0  56272.3
6.519e+12  0  217.3  -56716.6  0  0  -56716.6  0  -56716.6  56116.3  0  0  56116.3  0  56116.3
6.528e+12  0  217.6  -56637.5  0  0  -56637.5  0  -56637.5  55960.8  0  0  55960.8  0  55960.8
6.537e+12  0  217.9  -56558.5  0  0  -56558.5  0  -56558.5  55805.8  0  0  55805.8  0  55805.8
6.546e+12  0  218.2  -56479.7  0  0  -56479.7  0  -56479.7  55651.4  0  0  55651.4  0  55651.4
6.555e+12  0  218.5  -56400.9  0  0  -56400.9  0  -56400.9  55497.5  0  0  55497.5  0  55497.5
6.564e+12  0  218.8  -56322.3  0  0  -56322.3  0  -56322.3  55344.1  0  0  55344.1  0  55344.1
6.573e+12  0  219.1  -56243.8  0  0  -56243.8  0  -56243.8  55191.3  0  0  55191.3  0  55191.3
6.582e+12  0  219.4  -56165.4  0  0  -56165.4  0  -56165.4  55039  0  0  55039  0  55039
6.591e+12  0  219.7  -56087.1  0  0  -56087.1  0  -56087.1  54887.2  0  0  54887.2  0  54887.2
6.6e+12  0  220  -56008.9  0  0  -56008.9  0  -56008.9  54735.9  0  0  54735.9  0  54735.9
6.609e+12  0  220.3  -55930.8  0  0  -55930.8  0  -55930.8  54585.2  0  0  54585.2  0  54585.2
6.618e+12  0  220.6  -55852.8  0  0  -55852.8  0  -55852.8  54435  0  0  54435  0  54435
6.627e+12  0  220.9  -55775  0  0  -55775  0  -55775  54285.3  0  0  54285.3  0  54285.3
6.636e+12  0  221.2  -55697.2  0  0  -55697.2  0  -55697.2  54136.1  0  0  54136.1  0  54136.1
6.645e+12  0  221.5  -55619.6  0  0  -55619.6  0  -55619.6  53987.4  0  0  53987.4  0  53987.4
6.654e+12  0  221.8  -55542.1  0  0  -55542.1  0  -55542.1  53839.3  0  0  53839.3  0  53839.3
6.663e+12  0  222.1  -55464.7  0  0  -55464.7  0  -55464.7  53691.6  0  0  53691.6  0  53691.6
6.672e+12  0  222.4  -55387.4  0  0  -55387.4  0  -55387.4  53544.5  0  0  53544.5  0  53544.5
6.681e+12  0  222.7  -55310.2  0  0  -55310.2  0  -55310.2  53397.8  0  0  53397.8  0  53397.8
6.69e+12  0  223  -55233.1  0  0  -55233.1  0  -55233.1  53251.7  0  0  53251.7  0  53251.7
6.699e+12  0  223.3  -55156.2  0  0  -55156.2  0  -55156.2  53106  0  0  53106  0  53106
6.708e+12  0  223.6  -55079.3  0  0  -55079.3  0  -55079.3  52960.9  0  0  52960.9  0  52960.9
6.717e+12  0  223.9  -55002.6  0  0  -55002.6  0  -55002.6  52816.2  0  0  52816.2  0  52816.2
6.726e+12  0  224.2  -54925.9  0  0  -54925.9  0  -54925.9  52672.1  0  0  52672.1  0  52672.1
6.735e+12  0  224.5  -54849.4  0  0  -54849.4  0  -54849.4  52528.4  0  0  52528.4  0  52528.4
6.744e+12  0  224.8  -54773  0  0  -54773  0  -54773  52385.2  0  0  52385.2  0  52385.2
6.753e+12  0  225.1  -54696.7  0  0  -54696.7  0  -54696.7  52242.5  0  0  52242.5  0  52242.5
6.762e+12  0  225.4  -54620.5  0  0  -54620.5  0  -54620.5  52100.3  0  0  52100.3  0  52100.3
6.771e+12  0  225.7  -54544.5  0  0  -54544.5  0  -54544.5  51958.6  0  0  51958.6  0  51958.6
6.78e+12  0  226  -54468.5  0  0  -54468.5  0  -54468.5  51817.4  0  0  51817.4  0  51817.4
6.789e+12  0  226.3  -54392.7  0  0  -54392.7  0  -54392.7  51676.6  0  0  51676.6  0  51676.6
6.798e+12  0  226.6  -54316.9  0  0  -54316.9  0  -54316.9  51536.3  0  0  51536.3  0  51536.3
6.807e+12  0  226.9  -54241.3  0  0  -54241.3  0  -54241.3  51396.5  0  0  51396.5  0  51396.5
6.816e+12  0  227.2  -54165.8  0  0  -54165.8  0  -54165.8  51257.2  0  0  51257.2  0  51257.2
6.825e+12  0  227.5  -54090.3  0  0  -54090.3  0  -54090.3  51118.4  0  0  51118.4  0  51118.4
6.834e+12  0  227.8  -54015  0  0  -54015  0  -54015  50980  0  0  50980  0  50980
6.843e+12  0  228.1  -53939.9  0  0  -53939.9  0  -53939.9  50842  0  0  50842  0  50842
6.852e+12  0  228.4  -53864.8  0  0  -53864.8  0  -53864.8  50704.6  0  0  50704.6  0  50704.6
6.861e+12  0  228.7  -53789.8  0  0  -53789.8  0  -53789.8  50567.6  0  0  50567.6  0  50567.6
6.87e+12  0  229  -53715  0  0  -53715  0  -53715  50431.1  0  0  50431.1  0  50431.1
6.879e+12  0  229.3  -53640.2  0  0  -53640.2  0  -53640.2  50295  0  0  50295  0  50295
6.888e+12  0  229.6  -53565.6  0  0  -53565.6  0  -53565.6  50159.4  0  0  50159.4  0  50159.4
6.897e+12  0  229.9  -53491  0  0  -53491  0  -53491  50024.3  0  0  50024.3  0  50024.3
6.906e+12  0  230.2  -53416.6  0  0  -53416.6  0  -53416.6  49889.6  0  0  49889.6  0  49889.6
6.915e+12  0  230.5  -53342.3  0  0  -53342.3  0  -53342.3  49755.3  0  0  49755.3  0  49755.3
6.924e+12  0  230.8  -53268.1  0  0  -53268.1  0  -53268.1  49621.5  0  0  49621.5  0  49621.5
6.933e+12  0  231.1  -53194  0  0  -53194  0  -53194  49488.2  0  0  49488.2  0  49488.2
6.942e+12  0  231.4  -53120.1  0  0  -53120.1  0  -53120.1  49355.3  0  0  49355.3  0  49355.3
6.951e+12  0  231.7  -53046.2  0  0  -53046.2  0  -53046.2  49222.8  0  0  49222.8  0  49222.8
6.96e+12  0  232  -52972.4  0  0  -52972.4  0  -52972.4  49090.8  0  0  49090.8  0  49090.8
6.969e+12  0  232.3  -52898.8  0  0  -52898.8  0  -52898.8  48959.3  0  0  48959.3  0  48959.3
6.978e+12  0  232.6  -52825.3  0  0  -52825.3  0  -52825.3  48828.2  0  0  48828.2  0  48828.2
6.987e+12  0  232.9  -52751.8  0  0  -52751.8  0  -52751.8  48697.5  0  0  48697.5  0  48697.5
6.996e+12  0  233.2  -52678.5  0  0  -52678.5  0  -52678.5  48567.2  0  0  48567.2  0  48567.2
7.005e+12  0  233.5  -52605.3  0  0  -52605.3  0  -52605.3  48437.4  0  0  48437.4  0  48437.4
7.014e+12  0  233.8  -52532.2  0  0  -52532.2  0  -52532.2  48308.1  0  0  48308.1  0  48308.1
7.023e+12  0  234.1  -52459.2  0  0  -52459.2  0  -52459.2  48179.1  0  0  48179.1  0  48179.1
7.032e+12  0  234.4  -52386.3  0  0  -52386.3  0  -52386.3  48050.6  0  0  48050.6  0  48050.6
7.041e+12  0  234.7  -52313.6  0  0  -52313.6  0  -52313.6  47922.5  0  0  47922.5  0  47922.5
7.05e+12  0  235  -52240.9  0  0  -52240.9  0  -52240.9  47794.9  0  0  47794.9  0  47794.9
7.059e+12  0  235.3  -52168.4  0  0  -52168.4  0  -52168.4  47667.6  0  0  47667.6  0  47667.6
7.068e+12  0  235.6  -52095.9  0  0  -52095.9  0  -52095.9  47540.8  0  0  47540.8  0  47540.8
7.077e+12  0  235.9  -52023.6  0  0  -52023.6  0  -52023.6  47414.5  0  0  47414.5  0  47414.5
7.086e+12  0  236.2  -51951.4  0  0  -51951.4  0  -51951.4  47288.5  0  0  47288.5  0  47288.5
7.095e+12  0  236.5  -51879.2  0  0  -51879.2  0  -51879.2  47162.9  0  0  47162.9  0  47162.9
7.104e+12  0  236.8  -51807.2  0  0  -51807.2  0  -51807.2  47037.8  0  0  47037.8  0  47037.8
7.113e+12  0  237.1  -51735.3  0  0  -51735.3  0  -51735.3  46913.1  0  0  46913.1  0  46913.1
7.122e+12  0  237.4  -51663.5  0  0  -51663.5  0  -51663.5  46788.8  0  0  46788.8  0  46788.8
7.131e+12  0  237.7  -51591.9  0  0  -51591.9  0  -51591.9  46664.9  0  0  46664.9  0  46664.9
7.14e+12  0  238  -51520.3  0  0  -51520.3  0  -51520.3  46541.4  0  0  46541.4  0  46541.4
7.149e+12  0  238.3  -51448.8  0  0  -51448.8  0  -51448.8  46418.4  0  0  46418.4  0  46418.4
7.158e+12  0  238.6  -51377.5  0  0  -51377.5  0  -51377.5  46295.7  0  0  46295.7  0  46295.7
7.167e+12  0  238.9  -51306.2  0  0  -51306.2  0  -51306.2  46173.4  0  0  46173.4  0  46173.4
7.176e+12  0  239.2  -51235.1  0  0  -51235.1  0  -51235.1  46051.6  0  0  46051.6  0  46051.6
7.185e+12  0  239.5  -51164  0  0  -51164  0  -51164  45930.1  0  0  45930.1  0  45930.1
7.194e+12  0  239.8  -51093.1  0  0  -51093.1  0  -51093.1  45809.1  0  0  45809.1  0  45809.1
7.203e+12  0  240.1  -51022.3  0  0  -51022.3  0  -51022.3  45688.4  0  0  45688.4  0  45688.4
7.212e+12  0  240.4  -50951.6  0  0  -50951.6  0  -50951.6  45568.2  0  0  45568.2  0  45568.2
7.221e+12  0  240.7  -50881  0  0  -50881  0  -50881  45448.3  0  0  45448.3  0  45448.3
7.23e+12  0  241  -50810.5  0  0  -50810.5  0  -50810.5  45328.9  0  0  45328.9  0  45328.9
7.239e+12  0  241.3  -50740.1  0  0  -50740.1  0  -50740.1  45209.8  0  0  45209.8  0  45209.8
7.248e+12  0  241.6  -50669.8  0  0  -50669.8  0  -50669.8  45091.1  0  0  45091.1  0  45091.1
7.257e+12  0  241.9  -50599.7  0  0  -50599.7  0  -50599.7  44972.8  0  0  44972.8  0  44972.8
7.266e+12  0  242.2  -50529.6  0  0  -50529.6  0  -50529.6  44854.9  0  0  44854.9  0  44854.9
7.275e+12  0  242.5  -50459.6  0  0  -50459.6  0  -50459.6  44737.4  0  0  44737.4  0  44737.4
7.284e+12  0  242.8  -50389.8  0  0  -50389.8  0  -50389.8  44620.3  0  0  44620.3  0  44620.3
7.293e+12  0  243.1  -50320.1  0  0  -50320.1  0  -50320.1  44503.5  0  0  44503.5  0  44503.5
7.302e+12  0  243.4  -50250.4  0  0  -50250.4  0  -50250.4  44387.2  0  0  44387.2  0  44387.2
7.311e+12  0  243.7  -50180.9  0  0  -50180.9  0  -50180.9  44271.2  0  0  44271.2  0  44271.2
7.32e+12  0  244  -50111.5  0  0  -50111.5  0  -50111.5  44155.6  0  0  44155.6  0  44155.6
7.329e+12  0  244.3  -50042.2  0  0  -50042.2  0  -50042.2  44040.4  0  0  44040.4  0  44040.4
7.338e+12  0  244.6  -49973  0  0  -49973  0  -49973  43925.5  0  0  43925.5  0  43925.5
7.347e+12  0  244.9  -49903.9  0  0  -49903.9  0  -49903.9  43811.1  0  0  43811.1  0  43811.1
7.356e+12  0  245.2  -49834.9  0  0  -49834.9  0  -49834.9  43697  0  0  43697  0  43697
7.365e+12  0  245.5  -49766  0  0  -49766  0  -49766  43583.2  0  0  43583.2  0  43583.2
7.374e+12  0  245.8  -49697.2  0  0  -49697.2  0  -49697.2  43469.9  0  0  43469.9  0  43469.9
7.383e+12  0  246.1  -49628.5  0  0  -49628.5  0  -49628.5  43356.9  0  0  43356.9  0  43356.9
7.392e+12  0  246.4  -49560  0  0  -49560  0  -49560  43244.3  0  0  43244.3  0  43244.3
7.401e+12  0  246.7  -49491.5  0  0  -49491.5  0  -49491.5  43132  0  0  43132  0  43132
7.41e+12  0  247  -49423.1  0  0  -49423.1  0  -49423.1  43020.1  0  0  43020.1  0  43020.1
7.419e+12  0  247.3  -49354.9  0  0  -49354.9  0  -49354.9  42908.6  0  0  42908.6  0  42908.6
7.428e+12  0  247.6  -49286.7  0  0  -49286.7  0  -49286.7  42797.4  0  0  42797.4  0  42797.4
7.437e+12  0  247.9  -49218.7  0  0  -49218.7  0  -49218.7  42686.6  0  0  42686.6  0  42686.6
7.446e+12  0  248.2  -49150.8  0  0  -49150.8  0  -49150.8  42576.2  0  0  42576.2  0  42576.2
7.455e+12  0  248.5  -49082.9  0  0  -49082.9  0  -49082.9  42466.1  0  0  42466.1  0  42466.1
7.464e+12  0  248.8  -49015.2  0  0  -49015.2  0  -49015.2  42356.4  0  0  42356.4  0  42356.4
7.473e+12  0  249.1  -48947.6  0  0  -48947.6  0  -48947.6  42247  0  0  42247  0  42247
7.482e+12  0  249.4  -48880.1  0  0  -48880.1  0  -48880.1  42138  0  0  42138  0  42138
7.491e+12  0  249.7  -48812.7  0  0  -48812.7  0  -48812.7  42029.3  0  0  42029.3  0  42029.3
7.5e+12  0  250  -48745.4  0  0  -48745.4  0  -48745.4  41921  0  0  41921  0  41921
7.509e+12  0  250.3  -48678.2  0  0  -48678.2  0  -48678.2  41813  0  0  41813  0  41813
7.518e+12  0  250.6  -48611.1  0  0  -48611.1  0  -48611.1  41705.4  0  0  41705.4  0  41705.4
7.527e+12  0  250.9  -48544.1  0  0  -48544.1  0  -48544.1  41598.2  0  0  41598.2  0  41598.2
7.536e+12  0  251.2  -48477.2  0  0  -48477.2  0  -48477.2  41491.2  0  0  41491.2  0  41491.2
7.545e+12  0  251.5  -48410.4  0  0  -48410.4  0  -48410.4  41384.7  0  0  41384.7  0  41384.7
7.554e+12  0  251.8  -48343.7  0  0  -48343.7  0  -48343.7  41278.4  0  0  41278.4  0  41278.4
7.563e+12  0  252.1  -48277.2  0  0  -48277.2  0  -48277.2  41172.5  0  0  41172.5  0  41172.5
7.572e+12  0  252.4  -48210.7  0  0  -48210.7  0  -48210.7  41067  0  0  41067  0  41067
7.581e+12  0  252.7  -48144.3  0  0  -48144.3  0  -48144.3  40961.8  0  0  40961.8  0  40961.8
7.59e+12  0  253  -48078.1  0  0  -48078.1  0  -48078.1  40856.9  0  0  40856.9  0  40856.9
7.599e+12  0  253.3  -48011.9  0  0  -48011.9  0  -48011.9  40752.3  0  0  40752.3  0  40752.3
7.608e+12  0  253.6  -47945.9  0  0  -47945.9  0  -47945.9  40648.1  0  0  40648.1  0  40648.1
7.617e+12  0  253.9  -47879.9  0  0  -47879.9  0  -47879.9  40544.3  0  0  40544.3  0  40544.3
7.626e+12  0  254.2  -47814.1  0  0  -47814.1  0  -47814.1  40440.7  0  0  40440.7  0  40440.7
7.635e+12  0  254.5  -47748.3  0  0  -47748.3  0  -47748.3  40337.5  0  0  40337.5  0  40337.5
7.644e+12  0  254.8  -47682.7  0  0  -47682.7  0  -47682.7  40234.6  0  0  40234.6  0  40234.6
7.653e+12  0  255.1  -47617.2  0  0  -47617.2  0  -47617.2  40132.1  0  0  40132.1  0  40132.1
7.662e+12  0  255.4  -47551.7  0  0  -47551.7  0  -47551.7  40029.9  0  0  40029.9  0  40029.9
7.671e+12  0  255.7  -47486.4  0  0  -47486.4  0  -47486.4  39928  0  0  39928  0  39928
7.68e+12  0  256  -47421.2  0  0  -47421.2  0  -47421.2  39826.4  0  0  39826.4  0  39826.4
7.689e+12  0  256.3  -47356.1  0  0  -47356.1  0  -47356.1  39725.1  0  0  39725.1  0  39725.1
7.698e+12  0  256.6  -47291.1  0  0  -47291.1  0  -47291.1  39624.2  0  0  39624.2  0  39624.2
7.707e+12  0  256.9  -47226.1  0  0  -47226.1  0  -47226.1  39523.6  0  0  39523.6  0  39523.6
7.716e+12  0  257.2  -47161.3  0  0  -47161.3  0  -47161.3  39423.3  0  0  39423.3  0  39423.3
7.725e+12  0  257.5  -47096.6  0  0  -47096.6  0  -47096.6  39323.4  0  0  39323.4  0  39323.4
7.734e+12  0  257.8  -47032  0  0  -47032  0  -47032  39223.7  0  0  39223.7  0  39223.7
7.743e+12  0  258.1  -46967.5  0  0  -46967.5  0  -46967.5  39124.4  0  0  39124.4  0  39124.4
7.752e+12  0  258.4  -46903.1  0  0  -46903.1  0  -46903.1  39025.4  0  0  39025.4  0  39025.4
7.761e+12  0  258.7  -46838.8  0  0  -46838.8  0  -46838.8  38926.7  0  0  38926.7  0  38926.7
7.77e+12  0  259  -46774.6  0  0  -46774.6  0  -46774.6  38828.3  0  0  38828.3  0  38828.3
7.779e+12  0  259.3  -46710.5  0  0  -46710.5  0  -46710.5  38730.2  0  0  38730.2  0  38730.2
7.788e+12  0  259.6  -46646.5  0  0  -46646.5  0  -46646.5  38632.5  0  0  38632.5  0  38632.5
7.797e+12  0  259.9  -46582.6  0  0  -46582.6  0  -46582.6  38535  0  0  38535  0  38535
7.806e+12  0  260.2  -46518.8  0  0  -46518.8  0  -46518.8  38437.9  0  0  38437.9  0  38437.9
7.815e+12  0  260.5  -46455.1  0  0  -46455.1  0  -46455.1  38341  0  0  38341  0  38341
7.824e+12  0  260.8  -46391.5  0  0  -46391.5  0  -46391.5  38244.5  0  0  38244.5  0  38244.5
7.833e+12  0  261.1  -46328  0  0  -46328  0  -46328  38148.3  0  0  38148.3  0  38148.3
7.842e+12  0  261.4  -46264.6  0  0  -46264.6  0  -46264.6  38052.4  0  0  38052.4  0  38052.4
7.851e+12  0  261.7  -46201.3  0  0  -46201.3  0  -46201.3  37956.8  0  0  37956.8  0  37956.8
7.86e+12  0  262  -46138.1  0  0  -46138.1  0  -46138.1  37861.4  0  0  37861.4  0  37861.4
7.869e+12  0  262.3  -46075  0  0  -46075  0  -46075  37766.4  0  0  37766.4  0  37766.4
7.878e+12  0  262.6  -46012  0  0  -46012  0  -46012  37671.7  0  0  37671.7  0  37671.7
7.887e+12  0  262.9  -45949.2  0  0  -45949.2  0  -45949.2  37577.3  0  0  37577.3  0  37577.3
7.896e+12  0  263.2  -45886.4  0  0  -45886.4  0  -45886.4  37483.2  0  0  37483.2  0  37483.2
7.905e+12  0  263.5  -45823.7  0  0  -45823.7  0  -45823.7  37389.3  0  0  37389.3  0  37389.3
7.914e+12  0  263.8  -45761.1  0  0  -45761.1  0  -45761.1  37295.8  0  0  37295.8  0  37295.8
7.923e+12  0  264.1  -45698.6  0  0  -45698.6  0  -45698.6  37202.6  0  0  37202.6  0  37202.6
7.932e+12  0  264.4  -45636.2  0  0  -45636.2  0  -45636.2  37109.6  0  0  37109.6  0  37109.6
7.941e+12  0  264.7  -45573.9  0  0  -45573.9  0  -45573.9  37017  0  0  37017  0  37017
7.95e+12  0  265  -45511.7  0  0  -45511.7  0  -45511.7  36924.6  0  0  36924.6  0  36924.6
7.959e+12  0  265.3  -45449.6  0  0  -45449.6  0  -45449.6  36832.5  0  0  36832.5  0  36832.5
7.968e+12  0  265.6  -45387.6  0  0  -45387.6  0  -45387.6  36740.7  0  0  36740.7  0  36740.7
7.977e+12  0  265.9  -45325.7  0  0  -45325.7  0  -45325.7  36649.2  0  0  36649.2  0  36649.2
7.986e+12  0  266.2  -45263.9  0  0  -45263.9  0  -45263.9  36558  0  0  36558  0  36558
7.995e+12  0  266.5  -45202.3  0  0  -45202.3  0  -45202.3  36467.1  0  0  36467.1  0  36467.1
8.004e+12  0  266.8  -45140.7  0  0  -45140.7  0  -45140.7  36376.5  0  0  36376.5  0  36376.5
8.013e+12  0  267.1  -45079.2  0  0  -45079.2  0  -45079.2  36286.1  0  0  36286.1  0  36286.1
8.022e+12  0  267.4  -45017.8  0  0  -45017.8  0  -45017.8  36196  0  0  36196  0  36196
8.031e+12  0  267.7  -44956.5  0  0  -44956.5  0  -44956.5  36106.2  0  0  36106.2  0  36106.2
8.04e+12  0  268  -44895.3  0  0  -44895.3  0  -44895.3  36016.7  0  0  36016.7  0  36016.7
8.049e+12  0  268.3  -44834.2  0  0  -44834.2  0  -44834.2  35927.5  0  0  35927.5  0  35927.5
8.058e+12  0  268.6  -44773.1  0  0  -44773.1  0  -44773.1  35838.5  0  0  35838.5  0  35838.5
8.067e+12  0  268.9  -44712.2  0  0  -44712.2  0  -44712.2  35749.8  0  0  35749.8  0  35749.8
8.076e+12  0  269.2  -44651.4  0  0  -44651.4  0  -44651.4  35661.4  0  0  35661.4  0  35661.4
8.085e+12  0  269.5  -44590.7  0  0  -44590.7  0  -44590.7  35573.3  0  0  35573.3  0  35573.3
8.094e+12  0  269.8  -44530.1  0  0  -44530.1  0  -44530.1  35485.4  0  0  35485.4  0  35485.4
8.103e+12  0  270.1  -44469.6  0  0  -44469.6  0  -44469.6  35397.8  0  0  35397.8  0  35397.8
8.112e+12  0  270.4  -44409.2  0  0  -44409.2  0  -44409.2  35310.5  0  0  35310.5  0  35310.5
8.121e+12  0  270.7  -44348.8  0  0  -44348.8  0  -44348.8  35223.5  0  0  35223.5  0  35223.5
8.13e+12  0  271  -44288.6  0  0  -44288.6  0  -44288.6  35136.7  0  0  35136.7  0  35136.7
8.139e+12  0  271.3  -44228.5  0  0  -44228.5  0  -44228.5  35050.2  0  0  35050.2  0  35050.2
8.148e+12  0  271.6  -44168.4  0  0  -44168.4  0  -44168.4  34964  0  0  34964  0  34964
8.157e+12  0  271.9  -44108.5  0  0  -44108.5  0  -44108.5  34878  0  0  34878  0  34878
8.166e+12  0  272.2  -44048.7  0  0  -44048.7  0  -44048.7  34792.3  0  0  34792.3  0  34792.3
8.175e+12  0  272.5  -43988.9  0  0  -43988.9  0  -43988.9  34706.9  0  0  34706.9  0  34706.9
8.184e+12  0  272.8  -43929.3  0  0  -43929.3  0  -43929.3  34621.7  0  0  34621.7  0  34621.7
8.193e+12  0  273.1  -43869.7  0  0  -43869.7  0  -43869.7  34536.8  0  0  34536.8  0  34536.8
8.202e+12  0  273.4  -43810.3  0  0  -43810.3  0  -43810.3  34452.1  0  0  34452.1  0  34452.1
8.211e+12  0  273.7  -43750.9  0  0  -43750.9  0  -43750.9  34367.7  0  0  34367.7  0  34367.7
8.22e+12  0  274  -43691.6  0  0  -43691.6  0  -43691.6  34283.6  0  0  34283.6  0  34283.6
8.229e+12  0  274.3  -43632.5  0  0  -43632.5  0  -43632.5  34199.7  0  0  34199.7  0  34199.7
8.238e+12  0  274.6  -43573.4  0  0  -43573.4  0  -43573.4  34116.1  0  0  34116.1  0  34116.1
8.247e+12  0  274.9  -43514.4  0  0  -43514.4  0  -43514.4  34032.7  0  0  34032.7  0  34032.7
8.256e+12  0  275.2  -43455.5  0  0  -43455.5  0  -43455.5  33949.6  0  0  33949.6  0  33949.6
8.265e+12  0  275.5  -43396.8  0  0  -43396.8  0  -43396.8  33866.8  0  0  33866.8  0  33866.8
8.274e+12  0  275.8  -43338.1  0  0  -43338.1  0  -43338.1  33784.2  0  0  33784.2  0  33784.2
8.283e+12  0  276.1  -43279.5  0  0  -43279.5  0  -43279.5  33701.9  0  0  33701.9  0  33701.9
8.292e+12  0  276.4  -43221  0  0  -43221  0  -43221  33619.8  0  0  33619.8  0  33619.8
8.301e+12  0  276.7  -43162.6  0  0  -43162.6  0  -43162.6  33538  0  0  33538  0  33538
8.31e+12  0  277  -43104.3  0  0  -43104.3  0  -43104.3  33456.4  0  0  33456.4  0  33456.4
8.319e+12  0  277.3  -43046  0  0  -43046  0  -43046  33375  0  0  33375  0  33375
8.328e+12  0  277.6  -42987.9  0  0  -42987.9  0  -42987.9  33293.9  0  0  33293.9  0  33293.9
8.337e+12  0  277.9  -42929.9  0  0  -42929.9  0  -42929.9  33213.1  0  0  33213.1  0  33213.1
8.346e+12  0  278.2  -42871.9  0  0  -42871.9  0  -42871.9  33132.5  0  0  33132.5  0  33132.5
8.355e+12  0  278.5  -42814.1  0  0  -42814.1  0  -42814.1  33052.2  0  0  33052.2  0  33052.2
8.364e+12  0  278.8  -42756.4  0  0  -42756.4  0  -42756.4  32972.1  0  0  32972.1  0  32972.1
8.373e+12  0  279.1  -42698.7  0  0  -42698.7  0  -42698.7  32892.2  0  0  32892.2  0  32892.2
8.382e+12  0  279.4  -42641.1  0  0  -42641.1  0  -42641.1  32812.6  0  0  32812.6  0  32812.6
8.391e+12  0  279.7  -42583.7  0  0  -42583.7  0  -42583.7  32733.2  0  0  32733.2  0  32733.2
8.4e+12  0  280  -42526.3  0  0  -42526.3  0  -42526.3  32654.1  0  0  32654.1  0  32654.1
8.409e+12  0  280.3  -42469  0  0  -42469  0  -42469  32575.2  0  0  32575.2  0  32575.2
8.418e+12  0  280.6  -42411.8  0  0  -42411.8  0  -42411.8  32496.6  0  0  32496.6  0  32496.6
8.427e+12  0  280.9  -42354.7  0  0  -42354.7  0  -42354.7  32418.2  0  0  32418.2  0  32418.2
8.436e+12  0  281.2  -42297.7  0  0  -42297.7  0  -42297.7  32340  0  0  32340  0  32340
8.445e+12  0  281.5  -42240.8  0  0  -42240.8  0  -42240.8  32262.1  0  0  32262.1  0  32262.1
8.454e+12  0  281.8  -42184  0  0  -42184  0  -42184  32184.4  0  0  32184.4  0  32184.4
8.463e+12  0  282.1  -42127.3  0  0  -42127.3  0  -42127.3  32106.9  0  0  32106.9  0  32106.9
8.472e+12  0  282.4  -42070.6  0  0  -42070.6  0  -42070.6  32029.7  0  0  32029.7  0  32029.7
8.481e+12  0  282.7  -42014.1  0  0  -42014.1  0  -42014.1  31952.7  0  0  31952.7  0  31952.7
8.49e+12  0  283  -41957.7  0  0  -41957.7  0  -41957.7  31876  0  0  31876  0  31876
8.499e+12  0  283.3  -41901.3  0  0  -41901.3  0  -41901.3  31799.4  0  0  31799.4  0  31799.4
8.508e+12  0  283.6  -41845  0  0  -41845  0  -41845  31723.1  0  0  31723.1  0  31723.1
8.517e+12  0  283.9  -41788.9  0  0  -41788.9  0  -41788.9  31647.1  0  0  31647.1  0  31647.1
8.526e+12  0  284.2  -41732.8  0  0  -41732.8  0  -41732.8  31571.2  0  0  31571.2  0  31571.2
8.535e+12  0  284.5  -41676.8  0  0  -41676.8  0  -41676.8  31495.6  0  0  31495.6  0  31495.6
8.544e+12  0  284.8  -41620.9  0  0  -41620.9  0  -41620.9  31420.3  0  0  31420.3  0  31420.3
8.553e+12  0  285.1  -41565.1  0  0  -41565.1  0  -41565.1  31345.1  0  0  31345.1  0  31345.1
8.562e+12  0  285.4  -41509.4  0  0  -41509.4  0  -41509.4  31270.2  0  0  31270.2  0  31270.2
8.571e+12  0  285.7  -41453.7  0  0  -41453.7  0  -41453.7  31195.5  0  0  31195.5  0  31195.5
8.58e+12  0  286  -41398.2  0  0  -41398.2  0  -41398.2  31121  0  0  31121  0  31121
8.589e+12  0  286.3  -41342.8  0  0  -41342.8  0  -41342.8  31046.8  0  0  31046.8  0  31046.8
8.598e+12  0  286.6  -41287.4  0  0  -41287.4  0  -41287.4  30972.8  0  0  30972.8  0  30972.8
8.607e+12  0  286.9  -41232.1  0  0  -41232.1  0  -41232.1  30899  0  0  30899  0  30899
8.616e+12  0  287.2  -41177  0  0  -41177  0  -41177  30825.4  0  0  30825.4  0  30825.4
8.625e+12  0  287.5  -41121.9  0  0  -41121.9  0  -41121.9  30752  0  0  30752  0  30752
8.634e+12  0  287.8  -41066.9  0  0  -41066.9  0  -41066.9  30678.9  0  0  30678.9  0  30678.9
8.643e+12  0  288.1  -41012  0  0  -41012  0  -41012  30606  0  0  30606  0  30606
8.652e+12  0  288.4  -40957.2  0  0  -40957.2  0  -40957.2  30533.3  0  0  30533.3  0  30533.3
8.661e+12  0  288.7  -40902.4  0  0  -40902.4  0  -40902.4  30460.8  0  0  30460.8  0  30460.8
8.67e+12  0  289  -40847.8  0  0  -40847.8  0  -40847.8  30388.5  0  0  30388.5  0  30388.5
8.679e+12  0  289.3  -40793.3  0  0  -40793.3  0  -40793.3  30316.5  0  0  30316.5  0  30316.5
8.688e+12  0  289.6  -40738.8  0  0  -40738.8  0  -40738.8  30244.6  0  0  30244.6  0  30244.6
8.697e+12  0  289.9  -40684.4  0  0  -40684.4  0  -40684.4  30173  0  0  30173  0  30173
8.706e+12  0  290.2  -40630.2  0  0  -40630.2  0  -40630.2  30101.6  0  0  30101.6  0  30101.6
8.715e+12  0  290.5  -40576  0  0  -40576  0  -40576  30030.4  0  0  30030.4  0  30030.4
8.724e+12  0  290.8  -40521.9  0  0  -40521.9  0  -40521.9  29959.4  0  0  29959.4  0  29959.4
8.733e+12  0  291.1  -40467.8  0  0  -40467.8  0  -40467.8  29888.7  0  0  29888.7  0  29888.7
8.742e+12  0  291.4  -40413.9  0  0  -40413.9  0  -40413.9  29818.1  0  0  29818.1  0  29818.1
8.751e+12  0  291.7  -40360.1  0  0  -40360.1  0  -40360.1  29747.7  0  0  29747.7  0  29747.7
8.76e+12  0  292  -40306.3  0  0  -40306.3  0  -40306.3  29677.6  0  0  29677.6  0  29677.6
8.769e+12  0  292.3  -40252.7  0  0  -40252.7  0  -40252.7  29607.7  0  0  29607.7  0  29607.7
8.778e+12  0  292.6  -40199.1  0  0  -40199.1  0  -40199.1  29538  0  0  29538  0  29538
8.787e+12  0  292.9  -40145.6  0  0  -40145.6  0  -40145.6  29468.4  0  0  29468.4  0  29468.4
8.796e+12  0  293.2  -40092.2  0  0  -40092.2  0  -40092.2  29399.1  0  0  29399.1  0  29399.1
8.805e+12  0  293.5  -40038.9  0  0  -40038.9  0  -40038.9  29330  0  0  29330  0  29330
8.814e+12  0  293.8  -39985.7  0  0  -39985.7  0  -39985.7  29261.1  0  0  29261.1  0  29261.1
8.823e+12  0  294.1  -39932.5  0  0  -39932.5  0  -39932.5  29192.4  0  0  29192.4  0  29192.4
8.832e+12  0  294.4  -39879.5  0  0  -39879.5  0  -39879.5  29124  0  0  29124  0  29124
8.841e+12  0  294.7  -39826.5  0  0  -39826.5  0  -39826.5  29055.7  0  0  29055.7  0  29055.7
8.85e+12  0  295  -39773.7  0  0  -39773.7  0  -39773.7  28987.6  0  0  28987.6  0  28987.6
8.859e+12  0  295.3  -39720.9  0  0  -39720.9  0  -39720.9  28919.7  0  0  28919.7  0  28919.7
8.868e+12  0  295.6  -39668.2  0  0  -39668.2  0  -39668.2  28852  0  0  28852  0  28852
8.877e+12  0  295.9  -39615.6  0  0  -39615.6  0  -39615.6  28784.5  0  0  28784.5  0  28784.5
8.886e+12  0  296.2  -39563  0  0  -39563  0  -39563  28717.2  0  0  28717.2  0  28717.2
8.895e+12  0  296.5  -39510.6  0  0  -39510.6  0  -39510.6  28650.2  0  0  28650.2  0  28650.2
8.904e+12  0  296.8  -39458.2  0  0  -39458.2  0  -39458.2  28583.3  0  0  28583.3  0  28583.3
8.913e+12  0  297.1  -39405.9  0  0  -39405.9  0  -39405.9  28516.6  0  0  28516.6  0  28516.6
8.922e+12  0  297.4  -39353.8  0  0  -39353.8  0  -39353.8  28450.1  0  0  28450.1  0  28450.1
8.931e+12  0  297.7  -39301.7  0  0  -39301.7  0  -39301.7  28383.8  0  0  28383.8  0  28383.8
8.94e+12  0  298  -39249.6  0  0  -39249.6  0  -39249.6  28317.7  0  0  28317.7  0  28317.7
8.949e+12  0  298.3  -39197.7  0  0  -39197.7  0  -39197.7  28251.8  0  0  28251.8  0  28251.8
8.958e+12  0  298.6  -39145.9  0  0  -39145.9  0  -39145.9  28186.1  0  0  28186.1  0  28186.1
8.967e+12  0  298.9  -39094.1  0  0  -39094.1  0  -39094.1  28120.6  0  0  28120.6  0  28120.6
8.976e+12  0  299.2  -39042.4  0  0  -39042.4  0  -39042.4  28055.2  0  0  28055.2  0  28055.2
8.985e+12  0  299.5  -38990.8  0  0  -38990.8  0  -38990.8  27990.1  0  0  27990.1  0  27990.1
8.994e+12  0  299.8  -38939.3  0  0  -38939.3  0  -38939.3  27925.1  0  0  27925.1  0  27925.1
9.003e+12  0  300.1  -38887.9  0  0  -38887.9  0  -38887.9  27860.4  0  0  27860.4  0  27860.4
9.012e+12  0  300.4  -38836.6  0  0  -38836.6  0  -38836.6  27795.8  0  0  27795.8  0  27795.8
9.021e+12  0  300.7  -38785.3  0  0  -38785.3  0  -38785.3  27731.4  0  0  27731.4  0  27731.4
9.03e+12  0  301  -38734.2  0  0  -38734.2  0  -38734.2  27667.3  0  0  27667.3  0  27667.3
9.039e+12  0  301.3  -38683.1  0  0  -38683.1  0  -38683.1  27603.3  0  0  27603.3  0  27603.3
9.048e+12  0  301.6  -38632.1  0  0  -38632.1  0  -38632.1  27539.4  0  0  27539.4  0  27539.4
9.057e+12  0  301.9  -38581.2  0  0  -38581.2  0  -38581.2  27475.8  0  0  27475.8  0  27475.8
9.066e+12  0  302.2  -38530.3  0  0  -38530.3  0  -38530.3  27412.4  0  0  27412.4  0  27412.4
9.075e+12  0  302.5  -38479.6  0  0  -38479.6  0  -38479.6  27349.1  0  0  27349.1  0  27349.1
9.084e+12  0  302.8  -38428.9  0  0  -38428.9  0  -38428.9  27286  0  0  27286  0  27286
9.093e+12  0  303.1  -38378.3  0  0  -38378.3  0  -38378.3  27223.2  0  0  27223.2  0  27223.2
9.102e+12  0  303.4  -38327.8  0  0  -38327.8  0  -38327.8  27160.5  0  0  27160.5  0  27160.5
9.111e+12  0  303.7  -38277.4  0  0  -38277.4  0  -38277.4  27097.9  0  0  27097.9  0  27097.9
9.12e+12  0  304  -38227.1  0  0  -38227.1  0  -38227.1  27035.6  0  0  27035.6  0  27035.6
9.129e+12  0  304.3  -38176.8  0  0  -38176.8  0  -38176.8  26973.4  0  0  26973.4  0  26973.4
9.138e+12  0  304.6  -38126.7  0  0  -38126.7  0  -38126.7  26911.5  0  0  26911.5  0  26911.5
9.147e+12  0  304.9  -38076.6  0  0  -38076.6  0  -38076.6  26849.7  0  0  26849.7  0  26849.7
9.156e+12  0  305.2  -38026.6  0  0  -38026.6  0  -38026.6  26788  0  0  26788  0  26788
9.165e+12  0  305.5  -37976.6  0  0  -37976.6  0  -37976.6  26726.6  0  0  26726.6  0  26726.6
9.174e+12  0  305.8  -37926.8  0  0  -37926.8  0  -37926.8  26665.3  0  0  26665.3  0  26665.3
9.183e+12  0  306.1  -37877  0  0  -37877  0  -37877  26604.3  0  0  26604.3  0  26604.3
9.192e+12  0  306.4  -37827.4  0  0  -37827.4  0  -37827.4  26543.4  0  0  26543.4  0  26543.4
9.201e+12  0  306.7  -37777.8  0  0  -37777.8  0  -37777.8  26482.6  0  0  26482.6  0  26482.6
9.21e+12  0  307  -37728.3  0  0  -37728.3  0  -37728.3  26422.1  0  0  26422.1  0  26422.1
9.219e+12  0  307.3  -37678.8  0  0  -37678.8  0  -37678.8  26361.7  0  0  26361.7  0  26361.7
9.228e+12  0  307.6  -37629.5  0  0  -37629.5  0  -37629.5  26301.5  0  0  26301.5  0  26301.5
9.237e+12  0  307.9  -37580.2  0  0  -37580.2  0  -37580.2  26241.5  0  0  26241.5  0  26241.5
9.246e+12  0  308.2  -37531  0  0  -37531  0  -37531  26181.6  0  0  26181.6  0  26181.6
9.255e+12  0  308.5  -37481.9  0  0  -37481.9  0  -37481.9  26121.9  0  0  26121.9  0  26121.9
9.264e+12  0  308.8  -37432.9  0  0  -37432.9  0  -37432.9  26062.4  0  0  26062.4  0  26062.4
9.273e+12  0  309.1  -37383.9  0  0  -37383.9  0  -37383.9  26003.1  0  0  26003.1  0  26003.1
9.282e+12  0  309.4  -37335.1  0  0  -37335.1  0  -37335.1  25943.9  0  0  25943.9  0  25943.9
9.291e+12  0  309.7  -37286.3  0  0  -37286.3  0  -37286.3  25884.9  0  0  25884.9  0  25884.9
9.3e+12  0  310  -37237.6  0  0  -37237.6  0  -37237.6  25826.1  0  0  25826.1  0  25826.1
9.309e+12  0  310.3  -37189  0  0  -37189  0  -37189  25767.4  0  0  25767.4  0  25767.4
9.318e+12  0  310.6  -37140.4  0  0  -37140.4  0  -37140.4  25708.9  0  0  25708.9  0  25708.9
9.327e+12  0  310.9  -37092  0  0  -37092  0  -37092  25650.6  0  0  25650.6  0  25650.6
9.336e+12  0  311.2  -37043.6  0  0  -37043.6  0  -37043.6  25592.4  0  0  25592.4  0  25592.4
9.345e+12  0  311.5  -36995.3  0  0  -36995.3  0  -36995.3  25534.5  0  0  25534.5  0  25534.5
9.354e+12  0  311.8  -36947  0  0  -36947  0  -36947  25476.6  0  0  25476.6  0  25476.6
9.363e+12  0  312.1  -36898.9  0  0  -36898.9  0  -36898.9  25419  0  0  25419  0  25419
9.372e+12  0  312.4  -36850.8  0  0  -36850.8  0  -36850.8  25361.5  0  0  25361.5  0  25361.5
9.381e+12  0  312.7  -36802.8  0  0  -36802.8  0  -36802.8  25304.2  0  0  25304.2  0  25304.2
9.39e+12  0  313  -36754.9  0  0  -36754.9  0  -36754.9  25247  0  0  25247  0  25247
9.399e+12  0  313.3  -36707.1  0  0  -36707.1  0  -36707.1  25190  0  0  25190  0  25190
9.408e+12  0  313.6  -36659.3  0  0  -36659.3  0  -36659.3  25133.2  0  0  25133.2  0  25133.2
9.417e+12  0  313.9  -36611.7  0  0  -36611.7  0  -36611.7  25076.5  0  0  25076.5  0  25076.5
9.426e+12  0  314.2  -36564.1  0  0  -36564.1  0  -36564.1  25020  0  0  25020  0  25020
9.435e+12  0  314.5  -36516.6  0  0  -36516.6  0  -36516.6  24963.6  0  0  24963.6  0  24963.6
9.444e+12  0  314.8  -36469.1  0  0  -36469.1  0  -36469.1  24907.4  0  0  24907.4  0  24907.4
9.453e+12  0  315.1  -36421.8  0  0  -36421.8  0  -36421.8  24851.4  0  0  24851.4  0  24851.4
9.462e+12  0  315.4  -36374.5  0  0  -36374.5  0  -36374.5  24795.5  0  0  24795.5  0  24795.5
9.471e+12  0  315.7  -36327.3  0  0  -36327.3  0  -36327.3  24739.8  0  0  24739.8  0  24739.8
9.48e+12  0  316  -36280.1  0  0  -36280.1  0  -36280.1  24684.3  0  0  24684.3  0  24684.3
9.489e+12  0  316.3  -36233.1  0  0  -36233.1  0  -36233.1  24628.9  0  0  24628.9  0  24628.9
9.498e+12  0  316.6  -36186.1  0  0  -36186.1  0  -36186.1  24573.6  0  0  24573.6  0  24573.6
9.507e+12  0  316.9  -36139.2  0  0  -36139.2  0  -36139.2  24518.6  0  0  24518.6  0  24518.6
9.516e+12  0  317.2  -36092.4  0  0  -36092.4  0  -36092.4  24463.6  0  0  24463.6  0  24463.6
9.525e+12  0  317.5  -36045.7  0  0  -36045.7  0  -36045.7  24408.9  0  0  24408.9  0  24408.9
9.534e+12  0  317.8  -35999  0  0  -35999  0  -35999  24354.3  0  0  24354.3  0  24354.3
9.543e+12  0  318.1  -35952.4  0  0  -35952.4  0  -35952.4  24299.8  0  0  24299.8  0  24299.8
9.552e+12  0  318.4  -35905.9  0  0  -35905.9  0  -35905.9  24245.5  0  0  24245.5  0  24245.5
9.561e+12  0  318.7  -35859.5  0  0  -35859.5  0  -35859.5  24191.4  0  0  24191.4  0  24191.4
9.57e+12  0  319  -35813.1  0  0  -35813.1  0  -35813.1  24137.4  0  0  24137.4  0  24137.4
9.579e+12  0  319.3  -35766.8  0  0  -35766.8  0  -35766.8  24083.5  0  0  24083.5  0  24083.5
9.588e+12  0  319.6  -35720.6  0  0  -35720.6  0  -35720.6  24029.8  0  0  24029.8  0  24029.8
9.597e+12  0  319.9  -35674.5  0  0  -35674.5  0  -35674.5  23976.3  0  0  23976.3  0  23976.3
9.606e+12  0  320.2  -35628.4  0  0  -35628.4  0  -35628.4  23922.9  0  0  23922.9  0  23922.9
9.615e+12  0  320.5  -35582.5  0  0  -35582.5  0  -35582.5  23869.7  0  0  23869.7  0  23869.7
9.624e+12  0  320.8  -35536.6  0  0  -35536.6  0  -35536.6  23816.6  0  0  23816.6  0  23816.6
9.633e+12  0  321.1  -35490.7  0  0  -35490.7  0  -35490.7  23763.7  0  0  23763.7  0  23763.7
9.642e+12  0  321.4  -35445  0  0  -35445  0  -35445  23710.9  0  0  23710.9  0  23710.9
9.651e+12  0  321.7  -35399.3  0  0  -35399.3  0  -35399.3  23658.2  0  0  23658.2  0  23658.2
9.66e+12  0  322  -35353.7  0  0  -35353.7  0  -35353.7  23605.7  0  0  23605.7  0  23605.7
9.669e+12  0  322.3  -35308.2  0  0  -35308.2  0  -35308.2  23553.4  0  0  23553.4  0  23553.4
9.678e+12  0  322.6  -35262.7  0  0  -35262.7  0  -35262.7  23501.2  0  0  23501.2  0  23501.2
9.687e+12  0  322.9  -35217.4  0  0  -35217.4  0  -35217.4  23449.2  0  0  23449.2  0  23449.2
9.696e+12  0  323.2  -35172.1  0  0  -35172.1  0  -35172.1  23397.3  0  0  23397.3  0  23397.3
9.705e+12  0  323.5  -35126.8  0  0  -35126.8  0  -35126.8  23345.5  0  0  23345.5  0  23345.5
9.714e+12  0  323.8  -35081.7  0  0  -35081.7  0  -35081.7  23293.9  0  0  23293.9  0  23293.9
9.723e+12  0  324.1  -35036.6  0  0  -35036.6  0  -35036.6  23242.4  0  0  23242.4  0  23242.4
9.732e+12  0  324.4  -34991.6  0  0  -34991.6  0  -34991.6  23191.1  0  0  23191.1  0  23191.1
9.741e+12  0  324.7  -34946.7  0  0  -34946.7  0  -34946.7  23139.9  0  0  23139.9  0  23139.9
9.75e+12  0  325  -34901.8  0  0  -34901.8  0  -34901.8  23088.9  0  0  23088.9  0  23088.9
9.759e+12  0  325.3  -34857  0  0  -34857  0  -34857  23038  0  0  23038  0  23038
9.768e+12  0  325.6  -34812.3  0  0  -34812.3  0  -34812.3  22987.3  0  0  22987.3  0  22987.3
9.777e+12  0  325.9  -34767.7  0  0  -34767.7  0  -34767.7  22936.6  0  0  22936.6  0  22936.6
9.786e+12  0  326.2  -34723.1  0  0  -34723.1  0  -34723.1  22886.2  0  0  22886.2  0  22886.2
9.795e+12  0  326.5  -34678.6  0  0  -34678.6  0  -34678.6  22835.9  0  0  22835.9  0  22835.9
9.804e+12  0  326.8  -34634.2  0  0  -34634.2  0  -34634.2  22785.7  0  0  22785.7  0  22785.7
9.813e+12  0  327.1  -34589.9  0  0  -34589.9  0  -34589.9  22735.6  0  0  22735.6  0  22735.6
9.822e+12  0  327.4  -34545.6  0  0  -34545.6  0  -34545.6  22685.7  0  0  22685.7  0  22685.7
9.831e+12  0  327.7  -34501.4  0  0  -34501.4  0  -34501.4  22636  0  0  22636  0  22636
9.84e+12  0  328  -34457.3  0  0  -34457.3  0  -34457.3  22586.3  0  0  22586.3  0  22586.3
9.849e+12  0  328.3  -34413.2  0  0  -34413.2  0  -34413.2  22536.8  0  0  22536.8  0  22536.8
9.858e+12  0  328.6  -34369.2  0  0  -34369.2  0  -34369.2  22487.5  0  0  22487.5  0  22487.5
9.867e+12  0  328.9  -34325.3  0  0  -34325.3  0  -34325.3  22438.3  0  0  22438.3  0  22438.3
9.876e+12  0  329.2  -34281.5  0  0  -34281.5  0  -34281.5  22389.2  0  0  22389.2  0  22389.2
9.885e+12  0  329.5  -34237.7  0  0  -34237.7  0  -34237.7  22340.3  0  0  22340.3  0  22340.3
9.894e+12  0  329.8  -34194.1  0  0  -34194.1  0  -34194.1  22291.5  0  0  22291.5  0  22291.5
9.903e+12  0  330.1  -34150.4  0  0  -34150.4  0  -34150.4  22242.8  0  0  22242.8  0  22242.8
9.912e+12  0  330.4  -34106.9  0  0  -34106.9  0  -34106.9  22194.2  0  0  22194.2  0  22194.2
9.921e+12  0  330.7  -34063.4  0  0  -34063.4  0  -34063.4  22145.8  0  0  22145.8  0  22145.8
9.93e+12  0  331  -34020  0  0  -34020  0  -34020  22097.6  0  0  22097.6  0  22097.6
9.939e+12  0  331.3  -33976.7  0  0  -33976.7  0  -33976.7  22049.5  0  0  22049.5  0  22049.5
9.948e+12  0  331.6  -33933.4  0  0  -33933.4  0  -33933.4  22001.5  0  0  22001.5  0  22001.5
9.957e+12  0  331.9  -33890.2  0  0  -33890.2  0  -33890.2  21953.6  0  0  21953.6  0  21953.6
9.966e+12  0  332.2  -33847.1  0  0  -33847.1  0  -33847.1  21905.9  0  0  21905.9  0  21905.9
9.975e+12  0  332.5  -33804  0  0  -33804  0  -33804  21858.3  0  0  21858.3  0  21858.3
9.984e+12  0  332.8  -33761.1  0  0  -33761.1  0  -33761.1  21810.8  0  0  21810.8  0  21810.8
9.993e+12  0  333.1  -33718.2  0  0  -33718.2  0  -33718.2  21763.4  0  0  21763.4  0  21763.4
1.0002e+13  0  333.4  -33675.3  0  0  -33675.3  0  -33675.3  21716.2  0  0  21716.2  0  21716.2
1.0011e+13  0  333.7  -33632.5  0  0  -33632.5  0  -33632.5  21669.2  0  0  21669.2  0  21669.2
1.002e+13  0  334  -33589.8  0  0  -33589.8  0  -33589.8  21622.2  0  0  21622.2  0  21622.2
1.0029e+13  0  334.3  -33547.2  0  0  -33547.2  0  -33547.2  21575.4  0  0  21575.4  0  21575.4
1.0038e+13  0  334.6  -33504.7  0  0  -33504.7  0  -33504.7  21528.7  0  0  21528.7  0  21528.7
1.0047e+13  0  334.9  -33462.2  0  0  -33462.2  0  -33462.2  21482.1  0  0  21482.1  0  21482.1
1.0056e+13  0  335.2  -33419.8  0  0  -33419.8  0  -33419.8  21435.7  0  0  21435.7  0  21435.7
1.0065e+13  0  335.5  -33377.4  0  0  -33377.4  0  -33377.4  21389.4  0  0  21389.4  0  21389.4
1.0074e+13  0  335.8  -33335.1  0  0  -33335.1  0  -33335.1  21343.2  0  0  21343.2  0  21343.2
1.0083e+13  0  336.1  -33292.9  0  0  -33292.9  0  -33292.9  21297.2  0  0  21297.2  0  21297.2
1.0092e+13  0  336.4  -33250.8  0  0  -33250.8  0  -33250.8  21251.2  0  0  21251.2  0  21251.2
1.0101e+13  0  336.7  -33208.7  0  0  -33208.7  0  -33208.7  21205.4  0  0  21205.4  0  21205.4
1.011e+13  0  337  -33166.7  0  0  -33166.7  0  -33166.7  21159.8  0  0  21159.8  0  21159.8
1.0119e+13  0  337.3  -33124.8  0  0  -33124.8  0  -33124.8  21114.2  0  0  21114.2  0  21114.2
1.0128e+13  0  337.6  -33082.9  0  0  -33082.9  0  -33082.9  21068.8  0  0  21068.8  0  21068.8
1.0137e+13  0  337.9  -33041.1  0  0  -33041.1  0  -33041.1  21023.5  0  0  21023.5  0  21023.5
1.0146e+13  0  338.2  -32999.4  0  0  -32999.4  0  -32999.4  20978.3  0  0  20978.3  0  20978.3
1.0155e+13  0  338.5  -32957.7  0  0  -32957.7  0  -32957.7  20933.3  0  0  20933.3  0  20933.3
1.0164e+13  0  338.8  -32916.1  0  0  -32916.1  0  -32916.1  20888.3  0  0  20888.3  0  20888.3
1.0173e+13  0  339.1  -32874.6  0  0  -32874.6  0  -32874.6  20843.5  0  0  20843.5  0  20843.5
1.0182e+13  0  339.4  -32833.1  0  0  -32833.1  0  -32833.1  20798.8  0  0  20798.8  0  20798.8
1.0191e+13  0  339.7  -32791.8  0  0  -32791.8  0  -32791.8  20754.3  0  0  20754.3  0  20754.3
1.02e+13  0  340  -32750.4  0  0  -32750.4  0  -32750.4  20709.8  0  0  20709.8  0  20709.8
1.0209e+13  0  340.3  -32709.2  0  0  -32709.2  0  -32709.2  20665.5  0  0  20665.5  0  20665.5
1.0218e+13  0  340.6  -32668  0  0  -32668  0  -32668  20621.3  0  0  20621.3  0  20621.3
1.0227e+13  0  340.9  -32626.9  0  0  -32626.9  0  -32626.9  20577.2  0  0  20577.2  0  20577.2
1.0236e+13  0  341.2  -32585.8  0  0  -32585.8  0  -32585.8  20533.3  0  0  20533.3  0  20533.3
1.0245e+13  0  341.5  -32544.9  0  0  -32544.9  0  -32544.9  20489.4  0  0  20489.4  0  20489.4
1.0254e+13  0  341.8  -32503.9  0  0  -32503.9  0  -32503.9  20445.7  0  0  20445.7  0  20445.7
1.0263e+13  0  342.1  -32463.1  0  0  -32463.1  0  -32463.1  20402.1  0  0  20402.1  0  20402.1
1.0272e+13  0  342.4  -32422.3  0  0  -32422.3  0  -32422.3  20358.6  0  0  20358.6  0  20358.6
1.0281e+13  0  342.7  -32381.6  0  0  -32381.6  0  -32381.6  20315.3  0  0  20315.3  0  20315.3
1.029e+13  0  343  -32340.9  0  0  -32340.9  0  -32340.9  20272  0  0  20272  0  20272
1.0299e+13  0  343.3  -32300.4  0  0  -32300.4  0  -32300.4  20228.9  0  0  20228.9  0  20228.9
1.0308e+13  0  343.6  -32259.8  0  0  -32259.8  0  -32259.8  20185.9  0  0  20185.9  0  20185.9
1.0317e+13  0  343.9  -32219.4  0  0  -32219.4  0  -32219.4  20143  0  0  20143  0  20143
1.0326e+13  0  344.2  -32179  0  0  -32179  0  -32179  20100.2  0  0  20100.2  0  20100.2
1.0335e+13  0  344.5  -32138.7  0  0  -32138.7  0  -32138.7  20057.5  0  0  20057.5  0  20057.5
1.0344e+13  0  344.8  -32098.4  0  0  -32098.4  0  -32098.4  20015  0  0  20015  0  20015
1.0353e+13  0  345.1  -32058.3  0  0  -32058.3  0  -32058.3  19972.5  0  0  19972.5  0  19972.5
1.0362e+13  0  345.4  -32018.1  0  0  -32018.1  0  -32018.1  19930.2  0  0  19930.2  0  19930.2
1.0371e+13  0  345.7  -31978.1  0  0  -31978.1  0  -31978.1  19888  0  0  19888  0  19888
1.038e+13  0  346  -31938.1  0  0  -31938.1  0  -31938.1  19845.9  0  0  19845.9  0  19845.9
1.0389e+13  0  346.3  -31898.2  0  0  -31898.2  0  -31898.2  19803.9  0  0  19803.9  0  19803.9
1.0398e+13  0  346.6  -31858.3  0  0  -31858.3  0  -31858.3  19762.1  0  0  19762.1  0  19762.1
1.0407e+13  0  346.9  -31818.5  0  0  -31818.5  0  -31818.5  19720.3  0  0  19720.3  0  19720.3
1.0416e+13  0  347.2  -31778.8  0  0  -31778.8  0  -31778.8  19678.7  0  0  19678.7  0  19678.7
1.0425e+13  0  347.5  -31739.1  0  0  -31739.1  0  -31739.1  19637.2  0  0  19637.2  0  19637.2
1.0434e+13  0  347.8  -31699.5  0  0  -31699.5  0  -31699.5  19595.7  0  0  19595.7  0  19595.7
1.0443e+13  0  348.1  -31660  0  0  -31660  0  -31660  19554.4  0  0  19554.4  0  19554.4
1.0452e+13  0  348.4  -31620.5  0  0  -31620.5  0  -31620.5  19513.2  0  0  19513.2  0  19513.2
1.0461e+13  0  348.7  -31581.1  0  0  -31581.1  0  -31581.1  19472.2  0  0  19472.2  0  19472.2
1.047e+13  0  349  -31541.8  0  0  -31541.8  0  -31541.8  19431.2  0  0  19431.2  0  19431.2
1.0479e+13  0  349.3  -31502.5  0  0  -31502.5  0  -31502.5  19390.3  0  0  19390.3  0  19390.3
1.0488e+13  0  349.6  -31463.3  0  0  -31463.3  0  -31463.3  19349.6  0  0  19349.6  0  19349.6
1.0497e+13  0  349.9  -31424.1  0  0  -31424.1  0  -31424.1  19308.9  0  0  19308.9  0  19308.9
1.0506e+13  0  350.2  -31385.1  0  0  -31385.1  0  -31385.1  19268.4  0  0  19268.4  0  19268.4
1.0515e+13  0  350.5  -31346  0  0  -31346  0  -31346  19228  0  0  19228  0  19228
1.0524e+13  0  350.8  -31307.1  0  0  -31307.1  0  -31307.1  19187.6  0  0  19187.6  0  19187.6
1.0533e+13  0  351.1  -31268.2  0  0  -31268.2  0  -31268.2  19147.4  0  0  19147.4  0  19147.4
1.0542e+13  0  351.4  -31229.4  0  0  -31229.4  0  -31229.4  19107.3  0  0  19107.3  0  19107.3
1.0551e+13  0  351.7  -31190.6  0  0  -31190.6  0  -31190.6  19067.3  0  0  19067.3  0  19067.3
1.056e+13  0  352  -31151.9  0  0  -31151.9  0  -31151.9  19027.4  0  0  19027.4  0  19027.4
1.0569e+13  0  352.3  -31113.2  0  0  -31113.2  0  -31113.2  18987.6  0  0  18987.6  0  18987.6
1.0578e+13  0  352.6  -31074.7  0  0  -31074.7  0  -31074.7  18948  0  0  18948  0  18948
1.0587e+13  0  352.9  -31036.2  0  0  -31036.2  0  -31036.2  18908.4  0  0  18908.4  0  18908.4
1.0596e+13  0  353.2  -30997.7  0  0  -30997.7  0  -30997.7  18868.9  0  0  18868.9  0  18868.9
1.0605e+13  0  353.5  -30959.3  0  0  -30959.3  0  -30959.3  18829.6  0  0  18829.6  0  18829.6
1.0614e+13  0  353.8  -30921  0  0  -30921  0  -30921  18790.3  0  0  18790.3  0  18790.3
1.0623e+13  0  354.1  -30882.7  0  0  -30882.7  0  -30882.7  18751.2  0  0  18751.2  0  18751.2
1.0632e+13  0  354.4  -30844.5  0  0  -30844.5  0  -30844.5  18712.1  0  0  18712.1  0  18712.1
1.0641e+13  0  354.7  -30806.4  0  0  -30806.4  0  -30806.4  18673.2  0  0  18673.2  0  18673.2
1.065e+13  0  355  -30768.3  0  0  -30768.3  0  -30768.3  18634.3  0  0  18634.3  0  18634.3
1.0659e+13  0  355.3  -30730.3  0  0  -30730.3  0  -30730.3  18595.6  0  0  18595.6  0  18595.6
1.0668e+13  0  355.6  -30692.3  0  0  -30692.3  0  -30692.3  18556.9  0  0  18556.9  0  18556.9
1.0677e+13  0  355.9  -30654.4  0  0  -30654.4  0  -30654.4  18518.4  0  0  18518.4  0  18518.4
1.0686e+13  0  356.2  -30616.6  0  0  -30616.6  0  -30616.6  18480  0  0  18480  0  18480
1.0695e+13  0  356.5  -30578.8  0  0  -30578.8  0  -30578.8  18441.7  0  0  18441.7  0  18441.7
1.0704e+13  0  356.8  -30541.1  0  0  -30541.1  0  -30541.1  18403.4  0  0  18403.4  0  18403.4
1.0713e+13  0  357.1  -30503.5  0  0  -30503.5  0  -30503.5  18365.3  0  0  18365.3  0  18365.3
1.0722e+13  0  357.4  -30465.9  0  0  -30465.9  0  -30465.9  18327.3  0  0  18327.3  0  18327.3
1.0731e+13  0  357.7  -30428.4  0  0  -30428.4  0  -30428.4  18289.3  0  0  18289.3  0  18289.3
1.074e+13  0  358  -30390.9  0  0  -30390.9  0  -30390.9  18251.5  0  0  18251.5  0  18251.5
1.0749e+13  0  358.3  -30353.5  0  0  -30353.5  0  -30353.5  18213.8  0  0  18213.8  0  18213.8
1.0758e+13  0  358.6  -30316.2  0  0  -30316.2  0  -30316.2  18176.2  0  0  18176.2  0  18176.2
1.0767e+13  0  358.9  -30278.9  0  0  -30278.9  0  -30278.9  18138.6  0  0  18138.6  0  18138.6
1.0776e+13  0  359.2  -30241.7  0  0  -30241.7  0  -30241.7  18101.2  0  0  18101.2  0  18101.2
1.0785e+13  0  359.5  -30204.5  0  0  -30204.5  0  -30204.5  18063.9  0  0  18063.9  0  18063.9
1.0794e+13  0  359.8  -30167.4  0  0  -30167.4  0  -30167.4  18026.7  0  0  18026.7  0  18026.7
1.0803e+13  0  360.1  -30130.4  0  0  -30130.4  0  -30130.4  17989.5  0  0  17989.5  0  17989.5
1.0812e+13  0  360.4  -30093.4  0  0  -30093.4  0  -30093.4  17952.5  0  0  17952.5  0  17952.5
1.0821e+13  0  360.7  -30056.5  0  0  -30056.5  0  -30056.5  17915.5  0  0  17915.5  0  17915.5
1.083e+13  0  361  -30019.6  0  0  -30019.6  0  -30019.6  17878.7  0  0  17878.7  0  17878.7
1.0839e+13  0  361.3  -29982.8  0  0  -29982.8  0  -29982.8  17842  0  0  17842  0  17842
1.0848e+13  0  361.6  -29946.1  0  0  -29946.1  0  -29946.1  17805.3  0  0  17805.3  0  17805.3
1.0857e+13  0  361.9  -29909.4  0  0  -29909.4  0  -29909.4  17768.8  0  0  17768.8  0  17768.8
1.0866e+13  0  362.2  -29872.8  0  0  -29872.8  0  -29872.8  17732.3  0  0  17732.3  0  17732.3
1.0875e+13  0  362.5  -29836.2  0  0  -29836.2  0  -29836.2  17695.9  0  0  17695.9  0  17695.9
1.0884e+13  0  362.8  -29799.7  0  0  -29799.7  0  -29799.7  17659.7  0  0  17659.7  0  17659.7
1.0893e+13  0  363.1  -29763.2  0  0  -29763.2  0  -29763.2  17623.5  0  0  17623.5  0  17623.5
1.0902e+13  0  363.4  -29726.9  0  0  -29726.9  0  -29726.9  17587.4  0  0  17587.4  0  17587.4
1.0911e+13  0  363.7  -29690.5  0  0  -29690.5  0  -29690.5  17551.5  0  0  17551.5  0  17551.5
1.092e+13  0  364  -29654.3  0  0  -29654.3  0  -29654.3  17515.6  0  0  17515.6  0  17515.6
1.0929e+13  0  364.3  -29618.1  0  0  -29618.1  0  -29618.1  17479.8  0  0  17479.8  0  17479.8
1.0938e+13  0  364.6  -29581.9  0  0  -29581.9  0  -29581.9  17444.1  0  0  17444.1  0  17444.1
1.0947e+13  0  364.9  -29545.8  0  0  -29545.8  0  -29545.8  17408.5  0  0  17408.5  0  17408.5
1.0956e+13  0  365.2  -29509.8  0  0  -29509.8  0  -29509.8  17373  0  0  17373  0  17373
1.0965e+13  0  365.5  -29473.8  0  0  -29473.8  0  -29473.8  17337.5  0  0  17337.5  0  17337.5
1.0974e+13  0  365.8  -29437.9  0  0  -29437.9  0  -29437.9  17302.2  0  0  17302.2  0  17302.2
1.0983e+13  0  366.1  -29402  0  0  -29402  0  -29402  17267  0  0  17267  0  17267
1.0992e+13  0  366.4  -29366.2  0  0  -29366.2  0  -29366.2  17231.8  0  0  17231.8  0  17231.8
1.1001e+13  0  366.7  -29330.5  0  0  -29330.5  0  -29330.5  17196.8  0  0  17196.8  0  17196.8
1.101e+13  0  367  -29294.8  0  0  -29294.8  0  -29294.8  17161.8  0  0  17161.8  0  17161.8
1.1019e+13  0  367.3  -29259.2  0  0  -29259.2  0  -29259.2  17126.9  0  0  17126.9  0  17126.9
1.1028e+13  0  367.6  -29223.6  0  0  -29223.6  0  -29223.6  17092.2  0  0  17092.2  0  17092.2
1.1037e+13  0  367.9  -29188.1  0  0  -29188.1  0  -29188.1  17057.5  0  0  17057.5  0  17057.5
1.1046e+13  0  368.2  -29152.6  0  0  -29152.6  0  -29152.6  17022.9  0  0  17022.9  0  17022.9
1.1055e+13  0  368.5  -29117.2  0  0  -29117.2  0  -29117.2  16988.3  0  0  16988.3  0  16988.3
1.1064e+13  0  368.8  -29081.9  0  0  -29081.9  0  -29081.9  16953.9  0  0  16953.9  0  16953.9
1.1073e+13  0  369.1  -29046.6  0  0  -29046.6  0  -29046.6  16919.6  0  0  16919.6  0  16919.6
1.1082e+13  0  369.4  -29011.4  0  0  -29011.4  0  -29011.4  16885.4  0  0  16885.4  0  16885.4
1.1091e+13  0  369.7  -28976.2  0  0  -28976.2  0  -28976.2  16851.2  0  0  16851.2  0  16851.2
1.11e+13  0  370  -28941.1  0  0  -28941.1  0  -28941.1  16817.1  0  0  16817.1  0  16817.1
1.1109e+13  0  370.3  -28906  0  0  -28906  0  -28906  16783.2  0  0  16783.2  0  16783.2
1.1118e+13  0  370.6  -28871  0  0  -28871  0  -28871  16749.3  0  0  16749.3  0  16749.3
1.1127e+13  0  370.9  -28836.1  0  0  -28836.1  0  -28836.1  16715.5  0  0  16715.5  0  16715.5
1.1136e+13  0  371.2  -28801.2  0  0  -28801.2  0  -28801.2  16681.7  0  0  16681.7  0  16681.7
1.1145e+13  0  371.5  -28766.4  0  0  -28766.4  0  -28766.4  16648.1  0  0  16648.1  0  16648.1
1.1154e+13  0  371.8  -28731.6  0  0  -28731.6  0  -28731.6  16614.6  0  0  16614.6  0  16614.6
1.1163e+13  0  372.1  -28696.9  0  0  -28696.9  0  -28696.9  16581.1  0  0  16581.1  0  16581.1
1.1172e+13  0  372.4  -28662.2  0  0  -28662.2  0  -28662.2  16547.7  0  0  16547.7  0  16547.7
1.1181e+13  0  372.7  -28627.6  0  0  -28627.6  0  -28627.6  16514.5  0  0  16514.5  0  16514.5
1.119e+13  0  373  -28593.1  0  0  -28593.1  0  -28593.1  16481.3  0  0  16481.3  0  16481.3
1.1199e+13  0  373.3  -28558.6  0  0  -28558.6  0  -28558.6  16448.1  0  0  16448.1  0  16448.1
1.1208e+13  0  373.6  -28524.1  0  0  -28524.1  0  -28524.1  16415.1  0  0  16415.1  0  16415.1
1.1217e+13  0  373.9  -28489.7  0  0  -28489.7  0  -28489.7  16382.2  0  0  16382.2  0  16382.2
1.1226e+13  0  374.2  -28455.4  0  0  -28455.4  0  -28455.4  16349.3  0  0  16349.3  0  16349.3
1.1235e+13  0  374.5  -28421.1  0  0  -28421.1  0  -28421.1  16316.5  0  0  16316.5  0  16316.5
1.1244e+13  0  374.8  -28386.9  0  0  -28386.9  0  -28386.9  16283.9  0  0  16283.9  0  16283.9
1.1253e+13  0  375.1  -28352.8  0  0  -28352.8  0  -28352.8  16251.2  0  0  16251.2  0  16251.2
1.1262e+13  0  375.4  -28318.7  0  0  -28318.7  0  -28318.7  16218.7  0  0  16218.7  0  16218.7
1.1271e+13  0  375.7  -28284.6  0  0  -28284.6  0  -28284.6  16186.3  0  0  16186.3  0  16186.3
1.128e+13  0  376  -28250.6  0  0  -28250.6  0  -28250.6  16153.9  0  0  16153.9  0  16153.9
1.1289e+13  0  376.3  -28216.7  0  0  -28216.7  0  -28216.7  16121.7  0  0  16121.7  0  16121.7
1.1298e+13  0  376.6  -28182.8  0  0  -28182.8  0  -28182.8  16089.5  0  0  16089.5  0  16089.5
1.1307e+13  0  376.9  -28148.9  0  0  -28148.9  0  -28148.9  16057.4  0  0  16057.4  0  16057.4
1.1316e+13  0  377.2  -28115.1  0  0  -28115.1  0  -28115.1  16025.3  0  0  16025.3  0  16025.3
1.1325e+13  0  377.5  -28081.4  0  0  -28081.4  0  -28081.4  15993.4  0  0  15993.4  0  15993.4
1.1334e+13  0  377.8  -28047.7  0  0  -28047.7  0  -28047.7  15961.5  0  0  15961.5  0  15961.5
1.1343e+13  0  378.1  -28014.1  0  0  -28014.1  0  -28014.1  15929.7  0  0  15929.7  0  15929.7
1.1352e+13  0  378.4  -27980.6  0  0  -27980.6  0  -27980.6  15898  0  0  15898  0  15898
1.1361e+13  0  378.7  -27947  0  0  -27947  0  -27947  15866.4  0  0  15866.4  0  15866.4
1.137e+13  0  379  -27913.6  0  0  -27913.6  0  -27913.6  15834.9  0  0  15834.9  0  15834.9
1.1379e+13  0  379.3  -27880.2  0  0  -27880.2  0  -27880.2  15803.4  0  0  15803.4  0  15803.4
1.1388e+13  0  379.6  -27846.8  0  0  -27846.8  0  -27846.8  15772  0  0  15772  0  15772
1.1397e+13  0  379.9  -27813.5  0  0  -27813.5  0  -27813.5  15740.7  0  0  15740.7  0  15740.7
1.1406e+13  0  380.2  -27780.3  0  0  -27780.3  0  -27780.3  15709.5  0  0  15709.5  0  15709.5
1.1415e+13  0  380.5  -27747.1  0  0  -27747.1  0  -27747.1  15678.4  0  0  15678.4  0  15678.4
1.1424e+13  0  380.8  -27714  0  0  -27714  0  -27714  15647.3  0  0  15647.3  0  15647.3
1.1433e+13  0  381.1  -27680.9  0  0  -27680.9  0  -27680.9  15616.3  0  0  15616.3  0  15616.3
1.1442e+13  0  381.4  -27647.8  0  0  -27647.8  0  -27647.8  15585.4  0  0  15585.4  0  15585.4
1.1451e+13  0  381.7  -27614.9  0  0  -27614.9  0  -27614.9  15554.6  0  0  15554.6  0  15554.6
1.146e+13  0  382  -27581.9  0  0  -27581.9  0  -27581.9  15523.9  0  0  15523.9  0  15523.9
1.1469e+13  0  382.3  -27549.1  0  0  -27549.1  0  -27549.1  15493.2  0  0  15493.2  0  15493.2
1.1478e+13  0  382.6  -27516.2  0  0  -27516.2  0  -27516.2  15462.6  0  0  15462.6  0  15462.6
1.1487e+13  0  382.9  -27483.5  0  0  -27483.5  0  -27483.5  15432.1  0  0  15432.1  0  15432.1
1.1496e+13  0  383.2  -27450.7  0  0  -27450.7  0  -27450.7  15401.6  0  0  15401.6  0  15401.6
1.1505e+13  0  383.5  -27418.1  0  0  -27418.1  0  -27418.1  15371.3  0  0  15371.3  0  15371.3
1.1514e+13  0  383.8  -27385.5  0  0  -27385.5  0  -27385.5  15341  0  0  15341  0  15341
1.1523e+13  0  384.1  -27352.9  0  0  -27352.9  0  -27352.9  15310.8  0  0  15310.8  0  15310.8
1.1532e+13  0  384.4  -27320.4  0  0  -27320.4  0  -27320.4  15280.7  0  0  15280.7  0  15280.7
1.1541e+13  0  384.7  -27287.9  0  0  -27287.9  0  -27287.9  15250.6  0  0  15250.6  0  15250.6
1.155e+13  0  385  -27255.5  0  0  -27255.5  0  -27255.5  15220.6  0  0  15220.6  0  15220.6
1.1559e+13  0  385.3  -27223.2  0  0  -27223.2  0  -27223.2  15190.7  0  0  15190.7  0  15190.7
1.1568e+13  0  385.6  -27190.9  0  0  -27190.9  0  -27190.9  15160.9  0  0  15160.9  0  15160.9
1.1577e+13  0  385.9  -27158.6  0  0  -27158.6  0  -27158.6  15131.1  0  0  15131.1  0  15131.1
1.1586e+13  0  386.2  -27126.4  0  0  -27126.4  0  -27126.4  15101.5  0  0  15101.5  0  15101.5
1.1595e+13  0  386.5  -27094.3  0  0  -27094.3  0  -27094.3  15071.9  0  0  15071.9  0  15071.9
1.1604e+13  0  386.8  -27062.2  0  0  -27062.2  0  -27062.2  15042.3  0  0  15042.3  0  15042.3
1.1613e+13  0  387.1  -27030.2  0  0  -27030.2  0  -27030.2  15012.9  0  0  15012.9  0  15012.9
1.1622e+13  0  387.4  -26998.2  0  0  -26998.2  0  -26998.2  14983.5  0  0  14983.5  0  14983.5
1.1631e+13  0  387.7  -26966.2  0  0  -26966.2  0  -26966.2  14954.2  0  0  14954.2  0  14954.2
1.164e+13  0  388  -26934.3  0  0  -26934.3  0  -26934.3  14924.9  0  0  14924.9  0  14924.9
1.1649e+13  0  388.3  -26902.5  0  0  -26902.5  0  -26902.5  14895.8  0  0  14895.8  0  14895.8
1.1658e+13  0  388.6  -26870.7  0  0  -26870.7  0  -26870.7  14866.7  0  0  14866.7  0  14866.7
1.1667e+13  0  388.9  -26839  0  0  -26839  0  -26839  14837.7  0  0  14837.7  0  14837.7
1.1676e+13  0  389.2  -26807.3  0  0  -26807.3  0  -26807.3  14808.7  0  0  14808.7  0  14808.7
1.1685e+13  0  389.5  -26775.6  0  0  -26775.6  0  -26775.6  14779.9  0  0  14779.9  0  14779.9
1.1694e+13  0  389.8  -26744  0  0  -26744  0  -26744  14751.1  0  0  14751.1  0  14751.1
1.1703e+13  0  390.1  -26712.5  0  0  -26712.5  0  -26712.5  14722.3  0  0  14722.3  0  14722.3
1.1712e+13  0  390.4  -26681  0  0  -26681  0  -26681  14693.7  0  0  14693.7  0  14693.7
1.1721e+13  0  390.7  -26649.6  0  0  -26649.6  0  -26649.6  14665.1  0  0  14665.1  0  14665.1
1.173e+13  0  391  -26618.2  0  0  -26618.2  0  -26618.2  14636.6  0  0  14636.6  0  14636.6
1.1739e+13  0  391.3  -26586.8  0  0  -26586.8  0  -26586.8  14608.2  0  0  14608.2  0  14608.2
1.1748e+13  0  391.6  -26555.6  0  0  -26555.6  0  -26555.6  14579.8  0  0  14579.8  0  14579.8
1.1757e+13  0  391.9  -26524.3  0  0  -26524.3  0  -26524.3  14551.5  0  0  14551.5  0  14551.5
1.1766e+13  0  392.2  -26493.1  0  0  -26493.1  0  -26493.1  14523.3  0  0  14523.3  0  14523.3
1.1775e+13  0  392.5  -26462  0  0  -26462  0  -26462  14495.1  0  0  14495.1  0  14495.1
1.1784e+13  0  392.8  -26430.9  0  0  -26430.9  0  -26430.9  14467  0  0  14467  0  14467
1.1793e+13  0  393.1  -26399.9  0  0  -26399.9  0  -26399.9  14439  0  0  14439  0  14439
1.1802e+13  0  393.4  -26368.9  0  0  -26368.9  0  -26368.9  14411  0  0  14411  0  14411
1.1811e+13  0  393.7  -26337.9  0  0  -26337.9  0  -26337.9  14383.2  0  0  14383.2  0  14383.2
1.182e+13  0  394  -26307  0  0  -26307  0  -26307  14355.4  0  0  14355.4  0  14355.4
1.1829e+13  0  394.3  -26276.2  0  0  -26276.2  0  -26276.2  14327.6  0  0  14327.6  0  14327.6
1.1838e+13  0  394.6  -26245.4  0  0  -26245.4  0  -26245.4  14299.9  0  0  14299.9  0  14299.9
1.1847e+13  0  394.9  -26214.6  0  0  -26214.6  0  -26214.6  14272.3  0  0  14272.3  0  14272.3
1.1856e+13  0  395.2  -26183.9  0  0  -26183.9  0  -26183.9  14244.8  0  0  14244.8  0  14244.8
1.1865e+13  0  395.5  -26153.3  0  0  -26153.3  0  -26153.3  14217.3  0  0  14217.3  0  14217.3
1.1874e+13  0  395.8  -26122.7  0  0  -26122.7  0  -26122.7  14189.9  0  0  14189.9  0  14189.9
1.1883e+13  0  396.1  -26092.1  0  0  -26092.1  0  -26092.1  14162.6  0  0  14162.6  0  14162.6
1.1892e+13  0  396.4  -26061.6  0  0  -26061.6  0  -26061.6  14135.3  0  0  14135.3  0  14135.3
1.1901e+13  0  396.7  -26031.2  0  0  -26031.2  0  -26031.2  14108.1  0  0  14108.1  0  14108.1
1.191e+13  0  397  -26000.8  0  0  -26000.8  0  -26000.8  14081  0  0  14081  0  14081
1.1919e+13  0  397.3  -25970.4  0  0  -25970.4  0  -25970.4  14054  0  0  14054  0  14054
1.1928e+13  0  397.6  -25940.1  0  0  -25940.1  0  -25940.1  14027  0  0  14027  0  14027
1.1937e+13  0  397.9  -25909.8  0  0  -25909.8  0  -25909.8  14000  0  0  14000  0  14000
1.1946e+13  0  398.2  -25879.6  0  0  -25879.6  0  -25879.6  13973.2  0  0  13973.2  0  13973.2
1.1955e+13  0  398.5  -25849.4  0  0  -25849.4  0  -25849.4  13946.4  0  0  13946.4  0  13946.4
1.1964e+13  0  398.8  -25819.3  0  0  -25819.3  0  -25819.3  13919.6  0  0  13919.6  0  13919.6
1.1973e+13  0  399.1  -25789.2  0  0  -25789.2  0  -25789.2  13893  0  0  13893  0  13893
1.1982e+13  0  399.4  -25759.2  0  0  -25759.2  0  -25759.2  13866.4  0  0  13866.4  0  13866.4
1.1991e+13  0  399.7  -25729.2  0  0  -25729.2  0  -25729.2  13839.8  0  0  13839.8  0  13839.8
1.2e+13  0  400  -25699.3  0  0  -25699.3  0  -25699.3  13813.4  0  0  13813.4  0  13813.4
1.2009e+13  0  400.3  -25669.4  0  0  -25669.4  0  -25669.4  13787  0  0  13787  0  13787
1.2018e+13  0  400.6  -25639.6  0  0  -25639.6  0  -25639.6  13760.6  0  0  13760.6  0  13760.6
1.2027e+13  0  400.9  -25609.8  0  0  -25609.8  0  -25609.8  13734.4  0  0  13734.4  0  13734.4
1.2036e+13  0  401.2  -25580.1  0  0  -25580.1  0  -25580.1  13708.2  0  0  13708.2  0  13708.2
1.2045e+13  0  401.5  -25550.4  0  0  -25550.4  0  -25550.4  13682  0  0  13682  0  13682
1.2054e+13  0  401.8  -25520.7  0  0  -25520.7  0  -25520.7  13655.9  0  0  13655.9  0  13655.9
1.2063e+13  0  402.1  -25491.1  0  0  -25491.1  0  -25491.1  13629.9  0  0  13629.9  0  13629.9
1.2072e+13  0  402.4  -25461.5  0  0  -25461.5  0  -25461.5  13604  0  0  13604  0  13604
1.2081e+13  0  402.7  -25432  0  0  -25432  0  -25432  13578.1  0  0  13578.1  0  13578.1
1.209e+13  0  403  -25402.6  0  0  -25402.6  0  -25402.6  13552.2  0  0  13552.2  0  13552.2
1.2099e+13  0  403.3  -25373.2  0  0  -25373.2  0  -25373.2  13526.5  0  0  13526.5  0  13526.5
1.2108e+13  0  403.6  -25343.8  0  0  -25343.8  0  -25343.8  13500.8  0  0  13500.8  0  13500.8
1.2117e+13  0  403.9  -25314.5  0  0  -25314.5  0  -25314.5  13475.1  0  0  13475.1  0  13475.1
1.2126e+13  0  404.2  -25285.2  0  0  -25285.2  0  -25285.2  13449.6  0  0  13449.6  0  13449.6
1.2135e+13  0  404.5  -25255.9  0  0  -25255.9  0  -25255.9  13424  0  0  13424  0  13424
1.2144e+13  0  404.8  -25226.8  0  0  -25226.8  0  -25226.8  13398.6  0  0  13398.6  0  13398.6
1.2153e+13  0  405.1  -25197.6  0  0  -25197.6  0  -25197.6  13373.2  0  0  13373.2  0  13373.2
1.2162e+13  0  405.4  -25168.5  0  0  -25168.5  0  -25168.5  13347.9  0  0  13347.9  0  13347.9
1.2171e+13  0  405.7  -25139.5  0  0  -25139.5  0  -25139.5  13322.6  0  0  13322.6  0  13322.6
1.218e+13  0  406  -25110.5  0  0  -25110.5  0  -25110.5  13297.4  0  0  13297.4  0  13297.4
1.2189e+13  0  406.3  -25081.5  0  0  -25081.5  0  -25081.5  13272.3  0  0  13272.3  0  13272.3
1.2198e+13  0  406.6  -25052.6  0  0  -25052.6  0  -25052.6  13247.2  0  0  13247.2  0  13247.2
1.2207e+13  0  406.9  -25023.7  0  0  -25023.7  0  -25023.7  13222.2  0  0  13222.2  0  13222.2
1.2216e+13  0  407.2  -24994.9  0  0  -24994.9  0  -24994.9  13197.2  0  0  13197.2  0  13197.2
1.2225e+13  0  407.5  -24966.1  0  0  -24966.1  0  -24966.1  13172.3  0  0  13172.3  0  13172.3
1.2234e+13  0  407.8  -24937.4  0  0  -24937.4  0  -24937.4  13147.5  0  0  13147.5  0  13147.5
1.2243e+13  0  408.1  -24908.7  0  0  -24908.7  0  -24908.7  13122.7  0  0  13122.7  0  13122.7
1.2252e+13  0  408.4  -24880.1  0  0  -24880.1  0  -24880.1  13098  0  0  13098  0  13098
1.2261e+13  0  408.7  -24851.5  0  0  -24851.5  0  -24851.5  13073.3  0  0  13073.3  0  13073.3
1.227e+13  0  409  -24822.9  0  0  -24822.9  0  -24822.9  13048.7  0  0  13048.7  0  13048.7
1.2279e+13  0  409.3  -24794.4  0  0  -24794.4  0  -24794.4  13024.2  0  0  13024.2  0  13024.2
1.2288e+13  0  409.6  -24765.9  0  0  -24765.9  0  -24765.9  12999.7  0  0  12999.7  0  12999.7
1.2297e+13  0  409.9  -24737.5  0  0  -24737.5  0  -24737.5  12975.3  0  0  12975.3  0  12975.3
1.2306e+13  0  410.2  -24709.1  0  0  -24709.1  0  -24709.1  12950.9  0  0  12950.9  0  12950.9
1.2315e+13  0  410.5  -24680.8  0  0  -24680.8  0  -24680.8  12926.6  0  0  12926.6  0  12926.6
1.2324e+13  0  410.8  -24652.5  0  0  -24652.5  0  -24652.5  12902.4  0  0  12902.4  0  12902.4
1.2333e+13  0  411.1  -24624.3  0  0  -24624.3  0  -24624.3  12878.2  0  0  12878.2  0  12878.2
1.2342e+13  0  411.4  -24596.1  0  0  -24596.1  0  -24596.1  12854.1  0  0  12854.1  0  12854.1
1.2351e+13  0  411.7  -24567.9  0  0  -24567.9  0  -24567.9  12830  0  0  12830  0  12830
1.236e+13  0  412  -24539.8  0  0  -24539.8  0  -24539.8  12806  0  0  12806  0  12806
1.2369e+13  0  412.3  -24511.8  0  0  -24511.8  0  -24511.8  12782  0  0  12782  0  12782
1.2378e+13  0  412.6  -24483.7  0  0  -24483.7  0  -24483.7  12758.1  0  0  12758.1  0  12758.1
1.2387e+13  0  412.9  -24455.7  0  0  -24455.7  0  -24455.7  12734.3  0  0  12734.3  0  12734.3
1.2396e+13  0  413.2  -24427.8  0  0  -24427.8  0  -24427.8  12710.5  0  0  12710.5  0  12710.5
1.2405e+13  0  413.5  -24399.9  0  0  -24399.9  0  -24399.9  12686.8  0  0  12686.8  0  12686.8
1.2414e+13  0  413.8  -24372.1  0  0  -24372.1  0  -24372.1  12663.1  0  0  12663.1  0  12663.1
1.2423e+13  0  414.1  -24344.3  0  0  -24344.3  0  -24344.3  12639.5  0  0  12639.5  0  12639.5
1.2432e+13  0  414.4  -24316.5  0  0  -24316.5  0  -24316.5  12615.9  0  0  12615.9  0  12615.9
1.2441e+13  0  414.7  -24288.8  0  0  -24288.8  0  -24288.8  12592.5  0  0  12592.5  0  12592.5
1.245e+13  0  415  -24261.1  0  0  -24261.1  0  -24261.1  12569  0  0  12569  0  12569
1.2459e+13  0  415.3  -24233.5  0  0  -24233.5  0  -24233.5  12545.6  0  0  12545.6  0  12545.6
1.2468e+13  0  415.6  -24205.9  0  0  -24205.9  0  -24205.9  12522.3  0  0  12522.3  0  12522.3
1.2477e+13  0  415.9  -24178.3  0  0  -24178.3  0  -24178.3  12499  0  0  12499  0  12499
1.2486e+13  0  416.2  -24150.8  0  0  -24150.8  0  -24150.8  12475.8  0  0  12475.8  0  12475.8
1.2495e+13  0  416.5  -24123.4  0  0  -24123.4  0  -24123.4  12452.6  0  0  12452.6  0  12452.6
1.2504e+13  0  416.8  -24096  0  0  -24096  0  -24096  12429.5  0  0  12429.5  0  12429.5
1.2513e+13  0  417.1  -24068.6  0  0  -24068.6  0  -24068.6  12406.5  0  0  12406.5  0  12406.5
1.2522e+13  0  417.4  -24041.3  0  0  -24041.3  0  -24041.3  12383.5  0  0  12383.5  0  12383.5
1.2531e+13  0  417.7  -24014  0  0  -24014  0  -24014  12360.5  0  0  12360.5  0  12360.5
1.254e+13  0  418  -23986.7  0  0  -23986.7  0  -23986.7  12337.7  0  0  12337.7  0  12337.7
1.2549e+13  0  418.3  -23959.5  0  0  -23959.5  0  -23959.5  12314.8  0  0  12314.8  0  12314.8
1.2558e+13  0  418.6  -23932.3  0  0  -23932.3  0  -23932.3  12292.1  0  0  12292.1  0  12292.1
1.2567e+13  0  418.9  -23905.2  0  0  -23905.2  0  -23905.2  12269.3  0  0  12269.3  0  12269.3
1.2576e+13  0  419.2  -23878.1  0  0  -23878.1  0  -23878.1  12246.7  0  0  12246.7  0  12246.7
1.2585e+13  0  419.5  -23851.1  0  0  -23851.1  0  -23851.1  12224  0  0  12224  0  12224
1.2594e+13  0  419.8  -23824.1  0  0  -23824.1  0  -23824.1  12201.5  0  0  12201.5  0  12201.5
1.2603e+13  0  420.1  -23797.2  0  0  -23797.2  0  -23797.2  12179  0  0  12179  0  12179
1.2612e+13  0  420.4  -23770.2  0  0  -23770.2  0  -23770.2  12156.5  0  0  12156.5  0  12156.5
1.2621e+13  0  420.7  -23743.4  0  0  -23743.4  0  -23743.4  12134.1  0  0  12134.1  0  12134.1
1.263e+13  0  421  -23716.5  0  0  -23716.5  0  -23716.5  12111.8  0  0  12111.8  0  12111.8
1.2639e+13  0  421.3  -23689.8  0  0  -23689.8  0  -23689.8  12089.5  0  0  12089.5  0  12089.5
1.2648e+13  0  421.6  -23663  0  0  -23663  0  -23663  12067.2  0  0  12067.2  0  12067.2
1.2657e+13  0  421.9  -23636.3  0  0  -23636.3  0  -23636.3  12045  0  0  12045  0  12045
1.2666e+13  0  422.2  -23609.6  0  0  -23609.6  0  -23609.6  12022.9  0  0  12022.9  0  12022.9
1.2675e+13  0  422.5  -23583  0  0  -23583  0  -23583  12000.8  0  0  12000.8  0  12000.8
1.2684e+13  0  422.8  -23556.4  0  0  -23556.4  0  -23556.4  11978.8  0  0  11978.8  0  11978.8
1.2693e+13  0  423.1  -23529.9  0  0  -23529.9  0  -23529.9  11956.8  0  0  11956.8  0  11956.8
1.2702e+13  0  423.4  -23503.4  0  0  -23503.4  0  -23503.4  11934.9  0  0  11934.9  0  11934.9
1.2711e+13  0  423.7  -23476.9  0  0  -23476.9  0  -23476.9  11913  0  0  11913  0  11913
1.272e+13  0  424  -23450.5  0  0  -23450.5  0  -23450.5  11891.2  0  0  11891.2  0  11891.2
1.2729e+13  0  424.3  -23424.1  0  0  -23424.1  0  -23424.1  11869.4  0  0  11869.4  0  11869.4
1.2738e+13  0  424.6  -23397.8  0  0  -23397.8  0  -23397.8  11847.7  0  0  11847.7  0  11847.7
1.2747e+13  0  424.9  -23371.5  0  0  -23371.5  0  -23371.5  11826  0  0  11826  0  11826
1.2756e+13  0  425.2  -23345.3  0  0  -23345.3  0  -23345.3  11804.4  0  0  11804.4  0  11804.4
1.2765e+13  0  425.5  -23319  0  0  -23319  0  -23319  11782.8  0  0  11782.8  0  11782.8
1.2774e+13  0  425.8  -23292.9  0  0  -23292.9  0  -23292.9  11761.3  0  0  11761.3  0  11761.3
1.2783e+13  0  426.1  -23266.7  0  0  -23266.7  0  -23266.7  11739.8  0  0  11739.8  0  11739.8
1.2792e+13  0  426.4  -23240.6  0  0  -23240.6  0  -23240.6  11718.4  0  0  11718.4  0  11718.4
1.2801e+13  0  426.7  -23214.6  0  0  -23214.6  0  -23214.6  11697.1  0  0  11697.1  0  11697.1
1.281e+13  0  427  -23188.6  0  0  -23188.6  0  -23188.6  11675.7  0  0  11675.7  0  11675.7
1.2819e+13  0  427.3  -23162.6  0  0  -23162.6  0  -23162.6  11654.5  0  0  11654.5  0  11654.5
1.2828e+13  0  427.6  -23136.7  0  0  -23136.7  0  -23136.7  11633.3  0  0  11633.3  0  11633.3
1.2837e+13  0  427.9  -23110.8  0  0  -23110.8  0  -23110.8  11612.1  0  0  11612.1  0  11612.1
1.2846e+13  0  428.2  -23084.9  0  0  -23084.9  0  -23084.9  11591  0  0  11591  0  11591
1.2855e+13  0  428.5  -23059.1  0  0  -23059.1  0  -23059.1  11569.9  0  0  11569.9  0  11569.9
1.2864e+13  0  428.8  -23033.3  0  0  -23033.3  0  -23033.3  11548.9  0  0  11548.9  0  11548.9
1.2873e+13  0  429.1  -23007.6  0  0  -23007.6  0  -23007.6  11527.9  0  0  11527.9  0  11527.9
1.2882e+13  0  429.4  -22981.9  0  0  -22981.9  0  -22981.9  11507  0  0  11507  0  11507
1.2891e+13  0  429.7  -22956.2  0  0  -22956.2  0  -22956.2  11486.1  0  0  11486.1  0  11486.1
1.29e+13  0  430  -22930.6  0  0  -22930.6  0  -22930.6  11465.3  0  0  11465.3  0  11465.3
1.2909e+13  0  430.3  -22905  0  0  -22905  0  -22905  11444.5  0  0  11444.5  0  11444.5
1.2918e+13  0  430.6  -22879.5  0  0  -22879.5  0  -22879.5  11423.8  0  0  11423.8  0  11423.8
1.2927e+13  0  430.9  -22854  0  0  -22854  0  -22854  11403.1  0  0  11403.1  0  11403.1
1.2936e+13  0  431.2  -22828.5  0  0  -22828.5  0  -22828.5  11382.5  0  0  11382.5  0  11382.5
1.2945e+13  0  431.5  -22803.1  0  0  -22803.1  0  -22803.1  11361.9  0  0  11361.9  0  11361.9
1.2954e+13  0  431.8  -22777.7  0  0  -22777.7  0  -22777.7  11341.4  0  0  11341.4  0  11341.4
1.2963e+13  0  432.1  -22752.4  0  0  -22752.4  0  -22752.4  11320.9  0  0  11320.9  0  11320.9
1.2972e+13  0  432.4  -22727.1  0  0  -22727.1  0  -22727.1  11300.5  0  0  11300.5  0  11300.5
1.2981e+13  0  432.7  -22701.8  0  0  -22701.8  0  -22701.8  11280.1  0  0  11280.1  0  11280.1
1.299e+13  0  433  -22676.6  0  0  -22676.6  0  -22676.6  11259.7  0  0  11259.7  0  11259.7
1.2999e+13  0  433.3  -22651.4  0  0  -22651.4  0  -22651.4  11239.5  0  0  11239.5  0  11239.5
1.3008e+13  0  433.6  -22626.3  0  0  -22626.3  0  -22626.3  11219.2  0  0  11219.2  0  11219.2
1.3017e+13  0  433.9  -22601.2  0  0  -22601.2  0  -22601.2  11199  0  0  11199  0  11199
1.3026e+13  0  434.2  -22576.1  0  0  -22576.1  0  -22576.1  11178.9  0  0  11178.9  0  11178.9
1.3035e+13  0  434.5  -22551  0  0  -22551  0  -22551  11158.7  0  0  11158.7  0  11158.7
1.3044e+13  0  434.8  -22526.1  0  0  -22526.1  0  -22526.1  11138.7  0  0  11138.7  0  11138.7
1.3053e+13  0  435.1  -22501.1  0  0  -22501.1  0  -22501.1  11118.7  0  0  11118.7  0  11118.7
1.3062e+13  0  435.4  -22476.2  0  0  -22476.2  0  -22476.2  11098.7  0  0  11098.7  0  11098.7
1.3071e+13  0  435.7  -22451.3  0  0  -22451.3  0  -22451.3  11078.8  0  0  11078.8  0  11078.8
1.308e+13  0  436  -22426.4  0  0  -22426.4  0  -22426.4  11058.9  0  0  11058.9  0  11058.9
1.3089e+13  0  436.3  -22401.6  0  0  -22401.6  0  -22401.6  11039.1  0  0  11039.1  0  11039.1
1.3098e+13  0  436.6  -22376.9  0  0  -22376.9  0  -22376.9  11019.3  0  0  11019.3  0  11019.3
1.3107e+13  0  436.9  -22352.1  0  0  -22352.1  0  -22352.1  10999.6  0  0  10999.6  0  10999.6
1.3116e+13  0  437.2  -22327.4  0  0  -22327.4  0  -22327.4  10979.9  0  0  10979.9  0  10979.9
1.3125e+13  0  437.5  -22302.8  0  0  -22302.8  0  -22302.8  10960.2  0  0  10960.2  0  10960.2
1.3134e+13  0  437.8  -22278.2  0  0  -22278.2  0  -22278.2  10940.6  0  0  10940.6  0  10940.6
1.3143e+13  0  438.1  -22253.6  0  0  -22253.6  0  -22253.6  10921.1  0  0  10921.1  0  10921.1
1.3152e+13  0  438.4  -22229  0  0  -22229  0  -22229  10901.6  0  0  10901.6  0  10901.6
1.3161e+13  0  438.7  -22204.5  0  0  -22204.5  0  -22204.5  10882.1  0  0  10882.1  0  10882.1
1.317e+13  0  439  -22180.1  0  0  -22180.1  0  -22180.1  10862.7  0  0  10862.7  0  10862.7
1.3179e+13  0  439.3  -22155.6  0  0  -22155.6  0  -22155.6  10843.3  0  0  10843.3  0  10843.3
1.3188e+13  0  439.6  -22131.2  0  0  -22131.2  0  -22131.2  10824  0  0  10824  0  10824
1.3197e+13  0  439.9  -22106.9  0  0  -22106.9  0  -22106.9  10804.7  0  0  10804.7  0  10804.7
1.3206e+13  0  440.2  -22082.6  0  0  -22082.6  0  -22082.6  10785.4  0  0  10785.4  0  10785.4
1.3215e+13  0  440.5  -22058.3  0  0  -22058.3  0  -22058.3  10766.2  0  0  10766.2  0  10766.2
1.3224e+13  0  440.8  -22034  0  0  -22034  0  -22034  10747.1  0  0  10747.1  0  10747.1
1.3233e+13  0  441.1  -22009.8  0  0  -22009.8  0  -22009.8  10728  0  0  10728  0  10728
1.3242e+13  0  441.4  -21985.7  0  0  -21985.7  0  -21985.7  10708.9  0  0  10708.9  0  10708.9
1.3251e+13  0  441.7  -21961.5  0  0  -21961.5  0  -21961.5  10689.9  0  0  10689.9  0  10689.9
1.326e+13  0  442  -21937.4  0  0  -21937.4  0  -21937.4  10670.9  0  0  10670.9  0  10670.9
1.3269e+13  0  442.3  -21913.4  0  0  -21913.4  0  -21913.4  10652  0  0  10652  0  10652
1.3278e+13  0  442.6  -21889.3  0  0  -21889.3  0  -21889.3  10633.1  0  0  10633.1  0  10633.1
1.3287e+13  0  442.9  -21865.3  0  0  -21865.3  0  -21865.3  10614.2  0  0  10614.2  0  10614.2
1.3296e+13  0  443.2  -21841.4  0  0  -21841.4  0  -21841.4  10595.4  0  0  10595.4  0  10595.4
1.3305e+13  0  443.5  -21817.5  0  0  -21817.5  0  -21817.5  10576.7  0  0  10576.7  0  10576.7
1.3314e+13  0  443.8  -21793.6  0  0  -21793.6  0  -21793.6  10558  0  0  10558  0  10558
1.3323e+13  0  444.1  -21769.7  0  0  -21769.7  0  -21769.7  10539.3  0  0  10539.3  0  10539.3
1.3332e+13  0  444.4  -21745.9  0  0  -21745.9  0  -21745.9  10520.6  0  0  10520.6  0  10520.6
1.3341e+13  0  444.7  -21722.2  0  0  -21722.2  0  -21722.2  10502.1  0  0  10502.1  0  10502.1
1.335e+13  0  445  -21698.4  0  0  -21698.4  0  -21698.4  10483.5  0  0  10483.5  0  10483.5
1.3359e+13  0  445.3  -21674.7  0  0  -21674.7  0  -21674.7  10465  0  0  10465  0  10465
1.3368e+13  0  445.6  -21651.1  0  0  -21651.1  0  -21651.1  10446.5  0  0  10446.5  0  10446.5
1.3377e+13  0  445.9  -21627.4  0  0  -21627.4  0  -21627.4  10428.1  0  0  10428.1  0  10428.1
1.3386e+13  0  446.2  -21603.8  0  0  -21603.8  0  -21603.8  10409.7  0  0  10409.7  0  10409.7
1.3395e+13  0  446.5  -21580.3  0  0  -21580.3  0  -21580.3  10391.4  0  0  10391.4  0  10391.4
1.3404e+13  0  446.8  -21556.8  0  0  -21556.8  0  -21556.8  10373.1  0  0  10373.1  0  10373.1
1.3413e+13  0  447.1  -21533.3  0  0  -21533.3  0  -21533.3  10354.8  0  0  10354.8  0  10354.8
1.3422e+13  0  447.4  -21509.8  0  0  -21509.8  0  -21509.8  10336.6  0  0  10336.6  0  10336.6
1.3431e+13  0  447.7  -21486.4  0  0  -21486.4  0  -21486.4  10318.5  0  0  10318.5  0  10318.5
1.344e+13  0  448  -21463  0  0  -21463  0  -21463  10300.3  0  0  10300.3  0  10300.3
1.3449e+13  0  448.3  -21439.7  0  0  -21439.7  0  -21439.7  10282.2  0  0  10282.2  0  10282.2
1.3458e+13  0  448.6  -21416.4  0  0  -21416.4  0  -21416.4  10264.2  0  0  10264.2  0  10264.2
1.3467e+13  0  448.9  -21393.1  0  0  -21393.1  0  -21393.1  10246.2  0  0  10246.2  0  10246.2
1.3476e+13  0  449.2  -21369.8  0  0  -21369.8  0  -21369.8  10228.2  0  0  10228.2  0  10228.2
1.3485e+13  0  449.5  -21346.6  0  0  -21346.6  0  -21346.6  10210.3  0  0  10210.3  0  10210.3
1.3494e+13  0  449.8  -21323.5  0  0  -21323.5  0  -21323.5  10192.4  0  0  10192.4  0  10192.4
1.3503e+13  0  450.1  -21300.3  0  0  -21300.3  0  -21300.3  10174.6  0  0  10174.6  0  10174.6
1.3512e+13  0  450.4  -21277.2  0  0  -21277.2  0  -21277.2  10156.8  0  0  10156.8  0  10156.8
1.3521e+13  0  450.7  -21254.2  0  0  -21254.2  0  -21254.2  10139  0  0  10139  0  10139
1.353e+13  0  451  -21231.1  0  0  -21231.1  0  -21231.1  10121.3  0  0  10121.3  0  10121.3
1.3539e+13  0  451.3  -21208.1  0  0  -21208.1  0  -21208.1  10103.6  0  0  10103.6  0  10103.6
1.3548e+13  0  451.6  -21185.2  0  0  -21185.2  0  -21185.2  10085.9  0  0  10085.9  0  10085.9
1.3557e+13  0  451.9  -21162.2  0  0  -21162.2  0  -21162.2  10068.3  0  0  10068.3  0  10068.3
1.3566e+13  0  452.2  -21139.3  0  0  -21139.3  0  -21139.3  10050.8  0  0  10050.8  0  10050.8
1.3575e+13  0  452.5  -21116.5  0  0  -21116.5  0  -21116.5  10033.2  0  0  10033.2  0  10033.2
1.3584e+13  0  452.8  -21093.7  0  0  -21093.7  0  -21093.7  10015.8  0  0  10015.8  0  10015.8
1.3593e+13  0  453.1  -21070.9  0  0  -21070.9  0  -21070.9  9998.31  0  0  9998.31  0  9998.31
1.3602e+13  0  453.4  -21048.1  0  0  -21048.1  0  -21048.1  9980.9  0  0  9980.9  0  9980.9
1.3611e+13  0  453.7  -21025.4  0  0  -21025.4  0  -21025.4  9963.54  0  0  9963.54  0  9963.54
1.362e+13  0  454  -21002.7  0  0  -21002.7  0  -21002.7  9946.21  0  0  9946.21  0  9946.21
1.3629e+13  0  454.3  -20980  0  0  -20980  0  -20980  9928.92  0  0  9928.92  0  9928.92
1.3638e+13  0  454.6  -20957.4  0  0  -20957.4  0  -20957.4  9911.67  0  0  9911.67  0  9911.67
1.3647e+13  0  454.9  -20934.8  0  0  -20934.8  0  -20934.8  9894.46  0  0  9894.46  0  9894.46
1.3656e+13  0  455.2  -20912.3  0  0  -20912.3  0  -20912.3  9877.28  0  0  9877.28  0  9877.28
1.3665e+13  0  455.5  -20889.8  0  0  -20889.8  0  -20889.8  9860.15  0  0  9860.15  0  9860.15
1.3674e+13  0  455.8  -20867.3  0  0  -20867.3  0  -20867.3  9843.05  0  0  9843.05  0  9843.05
1.3683e+13  0  456.1  -20844.8  0  0  -20844.8  0  -20844.8  9825.99  0  0  9825.99  0  9825.99
1.3692e+13  0  456.4  -20822.4  0  0  -20822.4  0  -20822.4  9808.97  0  0  9808.97  0  9808.97
1.3701e+13  0  456.7  -20800  0  0  -20800  0  -20800  9791.99  0  0  9791.99  0  9791.99
1.371e+13  0  457  -20777.7  0  0  -20777.7  0  -20777.7  9775.05  0  0  9775.05  0  9775.05
1.3719e+13  0  457.3  -20755.3  0  0  -20755.3  0  -20755.3  9758.14  0  0  9758.14  0  9758.14
1.3728e+13  0  457.6  -20733.1  0  0  -20733.1  0  -20733.1  9741.27  0  0  9741.27  0  9741.27
1.3737e+13  0  457.9  -20710.8  0  0  -20710.8  0  -20710.8  9724.44  0  0  9724.44  0  9724.44
1.3746e+13  0  458.2  -20688.6  0  0  -20688.6  0  -20688.6  9707.65  0  0  9707.65  0  9707.65
1.3755e+13  0  458.5  -20666.4  0  0  -20666.4  0  -20666.4  9690.89  0  0  9690.89  0  9690.89
1.3764e+13  0  458.8  -20644.2  0  0  -20644.2  0  -20644.2  9674.18  0  0  9674.18  0  9674.18
1.3773e+13  0  459.1  -20622.1  0  0  -20622.1  0  -20622.1  9657.5  0  0  9657.5  0  9657.5
1.3782e+13  0  459.4  -20600  0  0  -20600  0  -20600  9640.85  0  0  9640.85  0  9640.85
1.3791e+13  0  459.7  -20578  0  0  -20578  0  -20578  9624.25  0  0  9624.25  0  9624.25
1.38e+13  0  460  -20556  0  0  -20556  0  -20556  9607.68  0  0  9607.68  0  9607.68
1.3809e+13  0  460.3  -20534  0  0  -20534  0  -20534  9591.14  0  0  9591.14  0  9591.14
1.3818e+13  0  460.6  -20512  0  0  -20512  0  -20512  9574.65  0  0  9574.65  0  9574.65
1.3827e+13  0  460.9  -20490.1  0  0  -20490.1  0  -20490.1  9558.19  0  0  9558.19  0  9558.19
1.3836e+13  0  461.2  -20468.2  0  0  -20468.2  0  -20468.2  9541.77  0  0  9541.77  0  9541.77
1.3845e+13  0  461.5  -20446.3  0  0  -20446.3  0  -20446.3  9525.38  0  0  9525.38  0  9525.38
1.3854e+13  0  461.8  -20424.5  0  0  -20424.5  0  -20424.5  9509.03  0  0  9509.03  0  9509.03
1.3863e+13  0  462.1  -20402.7  0  0  -20402.7  0  -20402.7  9492.72  0  0  9492.72  0  9492.72
1.3872e+13  0  462.4  -20381  0  0  -20381  0  -20381  9476.44  0  0  9476.44  0  9476.44
1.3881e+13  0  462.7  -20359.2  0  0  -20359.2  0  -20359.2  9460.2  0  0  9460.2  0  9460.2
1.389e+13  0  463  -20337.5  0  0  -20337.5  0  -20337.5  9444  0  0  9444  0  9444
1.3899e+13  0  463.3  -20315.9  0  0  -20315.9  0  -20315.9  9427.83  0  0  9427.83  0  9427.83
1.3908e+13  0  463.6  -20294.2  0  0  -20294.2  0  -20294.2  9411.69  0  0  9411.69  0  9411.69
1.3917e+13  0  463.9  -20272.6  0  0  -20272.6  0  -20272.6  9395.6  0  0  9395.6  0  9395.6
1.3926e+13  0  464.2  -20251.1  0  0  -20251.1  0  -20251.1  9379.54  0  0  9379.54  0  9379.54
1.3935e+13  0  464.5  -20229.5  0  0  -20229.5  0  -20229.5  9363.51  0  0  9363.51  0  9363.51
1.3944e+13  0  464.8  -20208  0  0  -20208  0  -20208  9347.52  0  0  9347.52  0  9347.52
1.3953e+13  0  465.1  -20186.6  0  0  -20186.6  0  -20186.6  9331.56  0  0  9331.56  0  9331.56
1.3962e+13  0  465.4  -20165.1  0  0  -20165.1  0  -20165.1  9315.64  0  0  9315.64  0  9315.64
1.3971e+13  0  465.7  -20143.7  0  0  -20143.7  0  -20143.7  9299.76  0  0  9299.76  0  9299.76
1.398e+13  0  466  -20122.3  0  0  -20122.3  0  -20122.3  9283.91  0  0  9283.91  0  9283.91
1.3989e+13  0  466.3  -20101  0  0  -20101  0  -20101  9268.09  0  0  9268.09  0  9268.09
1.3998e+13  0  466.6  -20079.7  0  0  -20079.7  0  -20079.7  9252.31  0  0  9252.31  0  9252.31
1.4007e+13  0  466.9  -20058.4  0  0  -20058.4  0  -20058.4  9236.57  0  0  9236.57  0  9236.57
1.4016e+13  0  467.2  -20037.1  0  0  -20037.1  0  -20037.1  9220.86  0  0  9220.86  0  9220.86
1.4025e+13  0  467.5  -20015.9  0  0  -20015.9  0  -20015.9  9205.18  0  0  9205.18  0  9205.18
1.4034e+13  0  467.8  -19994.7  0  0  -19994.7  0  -19994.7  9189.54  0  0  9189.54  0  9189.54
1.4043e+13  0  468.1  -19973.6  0  0  -19973.6  0  -19973.6  9173.93  0  0  9173.93  0  9173.93
1.4052e+13  0  468.4  -19952.4  0  0  -19952.4  0  -19952.4  9158.36  0  0  9158.36  0  9158.36
1.4061e+13  0  468.7  -19931.4  0  0  -19931.4  0  -19931.4  9142.82  0  0  9142.82  0  9142.82
1.407e+13  0  469  -19910.3  0  0  -19910.3  0  -19910.3  9127.32  0  0  9127.32  0  9127.32
1.4079e+13  0  469.3  -19889.3  0  0  -19889.3  0  -19889.3  9111.85  0  0  9111.85  0  9111.85
1.4088e+13  0  469.6  -19868.3  0  0  -19868.3  0  -19868.3  9096.41  0  0  9096.41  0  9096.41
1.4097e+13  0  469.9  -19847.3  0  0  -19847.3  0  -19847.3  9081.01  0  0  9081.01  0  9081.01
1.4106e+13  0  470.2  -19826.3  0  0  -19826.3  0  -19826.3  9065.64  0  0  9065.64  0  9065.64
1.4115e+13  0  470.5  -19805.4  0  0  -19805.4  0  -19805.4  9050.3  0  0  9050.3  0  9050.3
1.4124e+13  0  470.8  -19784.6  0  0  -19784.6  0  -19784.6  9035  0  0  9035  0  9035
1.4133e+13  0  471.1  -19763.7  0  0  -19763.7  0  -19763.7  9019.73  0  0  9019.73  0  9019.73
1.4142e+13  0  471.4  -19742.9  0  0  -19742.9  0  -19742.9  9004.5  0  0  9004.5  0  9004.5
1.4151e+13  0  471.7  -19722.1  0  0  -19722.1  0  -19722.1  8989.3  0  0  8989.3  0  8989.3
1.416e+13  0  472  -19701.3  0  0  -19701.3  0  -19701.3  8974.13  0  0  8974.13  0  8974.13
1.4169e+13  0  472.3  -19680.6  0  0  -19680.6  0  -19680.6  8959  0  0  8959  0  8959
1.4178e+13  0  472.6  -19659.9  0  0  -19659.9  0  -19659.9  8943.89  0  0  8943.89  0  8943.89
1.4187e+13  0  472.9  -19639.3  0  0  -19639.3  0  -19639.3  8928.83  0  0  8928.83  0  8928.83
1.4196e+13  0  473.2  -19618.6  0  0  -19618.6  0  -19618.6  8913.79  0  0  8913.79  0  8913.79
1.4205e+13  0  473.5  -19598  0  0  -19598  0  -19598  8898.79  0  0  8898.79  0  8898.79
1.4214e+13  0  473.8  -19577.5  0  0  -19577.5  0  -19577.5  8883.82  0  0  8883.82  0  8883.82
1.4223e+13  0  474.1  -19556.9  0  0  -19556.9  0  -19556.9  8868.88  0  0  8868.88  0  8868.88
1.4232e+13  0  474.4  -19536.4  0  0  -19536.4  0  -19536.4  8853.97  0  0  8853.97  0  8853.97
1.4241e+13  0  474.7  -19515.9  0  0  -19515.9  0  -19515.9  8839.1  0  0  8839.1  0  8839.1
1.425e+13  0  475  -19495.5  0  0  -19495.5  0  -19495.5  8824.26  0  0  8824.26  0  8824.26
1.4259e+13  0  475.3  -19475  0  0  -19475  0  -19475  8809.45  0  0  8809.45  0  8809.45
1.4268e+13  0  475.6  -19454.6  0  0  -19454.6  0  -19454.6  8794.68  0  0  8794.68  0  8794.68
1.4277e+13  0  475.9  -19434.3  0  0  -19434.3  0  -19434.3  8779.93  0  0  8779.93  0  8779.93
1.4286e+13  0  476.2  -19413.9  0  0  -19413.9  0  -19413.9  8765.22  0  0  8765.22  0  8765.22
1.4295e+13  0  476.5  -19393.6  0  0  -19393.6  0  -19393.6  8750.54  0  0  8750.54  0  8750.54
1.4304e+13  0  476.8  -19373.4  0  0  -19373.4  0  -19373.4  8735.89  0  0  8735.89  0  8735.89
1.4313e+13  0  477.1  -19353.1  0  0  -19353.1  0  -19353.1  8721.28  0  0  8721.28  0  8721.28
1.4322e+13  0  477.4  -19332.9  0  0  -19332.9  0  -19332.9  8706.69  0  0  8706.69  0  8706.69
1.4331e+13  0  477.7  -19312.7  0  0  -19312.7  0  -19312.7  8692.14  0  0  8692.14  0  8692.14
1.434e+13  0  478  -19292.6  0  0  -19292.6  0  -19292.6  8677.62  0  0  8677.62  0  8677.62
1.4349e+13  0  478.3  -19272.4  0  0  -19272.4  0  -19272.4  8663.13  0  0  8663.13  0  8663.13
1.4358e+13  0  478.6  -19252.3  0  0  -19252.3  0  -19252.3  8648.67  0  0  8648.67  0  8648.67
1.4367e+13  0  478.9  -19232.3  0  0  -19232.3  0  -19232.3  8634.24  0  0  8634.24  0  8634.24
1.4376e+13  0  479.2  -19212.2  0  0  -19212.2  0  -19212.2  8619.84  0  0  8619.84  0  8619.84
1.4385e+13  0  479.5  -19192.2  0  0  -19192.2  0  -19192.2  8605.48  0  0  8605.48  0  8605.48
1.4394e+13  0  479.8  -19172.2  0  0  -19172.2  0  -19172.2  8591.14  0  0  8591.14  0  8591.14
1.4403e+13  0  480.1  -19152.3  0  0  -19152.3  0  -19152.3  8576.84  0  0  8576.84  0  8576.84
1.4412e+13  0  480.4  -19132.4  0  0  -19132.4  0  -19132.4  8562.57  0  0  8562.57  0  8562.57
1.4421e+13  0  480.7  -19112.5  0  0  -19112.5  0  -19112.5  8548.33  0  0  8548.33  0  8548.33
1.443e+13  0  481  -19092.6  0  0  -19092.6  0  -19092.6  8534.12  0  0  8534.12  0  8534.12
1.4439e+13  0  481.3  -19072.8  0  0  -19072.8  0  -19072.8  8519.94  0  0  8519.94  0  8519.94
1.4448e+13  0  481.6  -19053  0  0  -19053  0  -19053  8505.79  0  0  8505.79  0  8505.79
1.4457e+13  0  481.9  -19033.2  0  0  -19033.2  0  -19033.2  8491.67  0  0  8491.67  0  8491.67
1.4466e+13  0  482.2  -19013.4  0  0  -19013.4  0  -19013.4  8477.58  0  0  8477.58  0  8477.58
1.4475e+13  0  482.5  -18993.7  0  0  -18993.7  0  -18993.7  8463.52  0  0  8463.52  0  8463.52
1.4484e+13  0  482.8  -18974  0  0  -18974  0  -18974  8449.49  0  0  8449.49  0  8449.49
1.4493e+13  0  483.1  -18954.4  0  0  -18954.4  0  -18954.4  8435.49  0  0  8435.49  0  8435.49
1.4502e+13  0  483.4  -18934.7  0  0  -18934.7  0  -18934.7  8421.53  0  0  8421.53  0  8421.53
1.4511e+13  0  483.7  -18915.1  0  0  -18915.1  0  -18915.1  8407.59  0  0  8407.59  0  8407.59
1.452e+13  0  484  -18895.5  0  0  -18895.5  0  -18895.5  8393.68  0  0  8393.68  0  8393.68
1.4529e+13  0  484.3  -18876  0  0  -18876  0  -18876  8379.8  0  0  8379.8  0  8379.8
1.4538e+13  0  484.6  -18856.5  0  0  -18856.5  0  -18856.5  8365.95  0  0  8365.95  0  8365.95
1.4547e+13  0  484.9  -18837  0  0  -18837  0  -18837  8352.13  0  0  8352.13  0  8352.13
1.4556e+13  0  485.2  -18817.5  0  0  -18817.5  0  -18817.5  8338.35  0  0  8338.35  0  8338.35
1.4565e+13  0  485.5  -18798.1  0  0  -18798.1  0  -18798.1  8324.59  0  0  8324.59  0  8324.59
1.4574e+13  0  485.8  -18778.7  0  0  -18778.7  0  -18778.7  8310.85  0  0  8310.85  0  8310.85
1.4583e+13  0  486.1  -18759.3  0  0  -18759.3  0  -18759.3  8297.15  0  0  8297.15  0  8297.15
1.4592e+13  0  486.4  -18739.9  0  0  -18739.9  0  -18739.9  8283.48  0  0  8283.48  0  8283.48
1.4601e+13  0  486.7  -18720.6  0  0  -18720.6  0  -18720.6  8269.84  0  0  8269.84  0  8269.84
1.461e+13  0  487  -18701.3  0  0  -18701.3  0  -18701.3  8256.23  0  0  8256.23  0  8256.23
1.4619e+13  0  487.3  -18682  0  0  -18682  0  -18682  8242.64  0  0  8242.64  0  8242.64
1.4628e+13  0  487.6  -18662.8  0  0  -18662.8  0  -18662.8  8229.09  0  0  8229.09  0  8229.09
1.4637e+13  0  487.9  -18643.6  0  0  -18643.6  0  -18643.6  8215.56  0  0  8215.56  0  8215.56
1.4646e+13  0  488.2  -18624.4  0  0  -18624.4  0  -18624.4  8202.06  0  0  8202.06  0  8202.06
1.4655e+13  0  488.5  -18605.2  0  0  -18605.2  0  -18605.2  8188.59  0  0  8188.59  0  8188.59
1.4664e+13  0  488.8  -18586.1  0  0  -18586.1  0  -18586.1  8175.15  0  0  8175.15  0  8175.15
1.4673e+13  0  489.1  -18567  0  0  -18567  0  -18567  8161.74  0  0  8161.74  0  8161.74
1.4682e+13  0  489.4  -18547.9  0  0  -18547.9  0  -18547.9  8148.36  0  0  8148.36  0  8148.36
1.4691e+13  0  489.7  -18528.9  0  0  -18528.9  0  -18528.9  8135.01  0  0  8135.01  0  8135.01
1.47e+13  0  490  -18509.9  0  0  -18509.9  0  -18509.9  8121.68  0  0  8121.68  0  8121.68
1.4709e+13  0  490.3  -18490.9  0  0  -18490.9  0  -18490.9  8108.38  0  0  8108.38  0  8108.38
1.4718e+13  0  490.6  -18471.9  0  0  -18471.9  0  -18471.9  8095.11  0  0  8095.11  0  8095.11
1.4727e+13  0  490.9  -18453  0  0  -18453  0  -18453  8081.87  0  0  8081.87  0  8081.87
1.4736e+13  0  491.2  -18434.1  0  0  -18434.1  0  -18434.1  8068.66  0  0  8068.66  0  8068.66
1.4745e+13  0  491.5  -18415.2  0  0  -18415.2  0  -18415.2  8055.47  0  0  8055.47  0  8055.47
1.4754e+13  0  491.8  -18396.3  0  0  -18396.3  0  -18396.3  8042.32  0  0  8042.32  0  8042.32
1.4763e+13  0  492.1  -18377.5  0  0  -18377.5  0  -18377.5  8029.19  0  0  8029.19  0  8029.19
1.4772e+13  0  492.4  -18358.7  0  0  -18358.7  0  -18358.7  8016.09  0  0  8016.09  0  8016.09
1.4781e+13  0  492.7  -18339.9  0  0  -18339.9  0  -18339.9  8003.01  0  0  8003.01  0  8003.01
1.479e+13  0  493  -18321.2  0  0  -18321.2  0  -18321.2  7989.97  0  0  7989.97  0  7989.97
1.4799e+13  0  493.3  -18302.5  0  0  -18302.5  0  -18302.5  7976.95  0  0  7976.95  0  7976.95
1.4808e+13  0  493.6  -18283.8  0  0  -18283.8  0  -18283.8  7963.96  0  0  7963.96  0  7963.96
1.4817e+13  0  493.9  -18265.1  0  0  -18265.1  0  -18265.1  7950.99  0  0  7950.99  0  7950.99
1.4826e+13  0  494.2  -18246.5  0  0  -18246.5  0  -18246.5  7938.06  0  0  7938.06  0  7938.06
1.4835e+13  0  494.5  -18227.8  0  0  -18227.8  0  -18227.8  7925.15  0  0  7925.15  0  7925.15
1.4844e+13  0  494.8  -18209.3  0  0  -18209.3  0  -18209.3  7912.27  0  0  7912.27  0  7912.27
1.4853e+13  0  495.1  -18190.7  0  0  -18190.7  0  -18190.7  7899.41  0  0  7899.41  0  7899.41
1.4862e+13  0  495.4  -18172.2  0  0  -18172.2  0  -18172.2  7886.58  0  0  7886.58  0  7886.58
1.4871e+13  0  495.7  -18153.7  0  0  -18153.7  0  -18153.7  7873.78  0  0  7873.78  0  7873.78
1.488e+13  0  496  -18135.2  0  0  -18135.2  0  -18135.2  7861.01  0  0  7861.01  0  7861.01
1.4889e+13  0  496.3  -18116.7  0  0  -18116.7  0  -18116.7  7848.26  0  0  7848.26  0  7848.26
1.4898e+13  0  496.6  -18098.3  0  0  -18098.3  0  -18098.3  7835.54  0  0  7835.54  0  7835.54
1.4907e+13  0  496.9  -18079.9  0  0  -18079.9  0  -18079.9  7822.85  0  0  7822.85  0  7822.85
1.4916e+13  0  497.2  -18061.5  0  0  -18061.5  0  -18061.5  7810.19  0  0  7810.19  0  7810.19
1.4925e+13  0  497.5  -18043.2  0  0  -18043.2  0  -18043.2  7797.55  0  0  7797.55  0  7797.55
1.4934e+13  0  497.8  -18024.8  0  0  -18024.8  0  -18024.8  7784.93  0  0  7784.93  0  7784.93
1.4943e+13  0  498.1  -18006.5  0  0  -18006.5  0  -18006.5  7772.35  0  0  7772.35  0  7772.35
1.4952e+13  0  498.4  -17988.3  0  0  -17988.3  0  -17988.3  7759.79  0  0  7759.79  0  7759.79
1.4961e+13  0  498.7  -17970  0  0  -17970  0  -17970  7747.25  0  0  7747.25  0  7747.25
1.497e+13  0  499  -17951.8  0  0  -17951.8  0  -17951.8  7734.75  0  0  7734.75  0  7734.75
1.4979e+13  0  499.3  -17933.6  0  0  -17933.6  0  -17933.6  7722.27  0  0  7722.27  0  7722.27
1.4988e+13  0  499.6  -17915.4  0  0  -17915.4  0  -17915.4  7709.81  0  0  7709.81  0  7709.81
1.4997e+13  0  499.9  -17897.3  0  0  -17897.3  0  -17897.3  7697.38  0  0  7697.38  0  7697.38
1.5006e+13  0  500.2  -17879.2  0  0  -17879.2  0  -17879.2  7684.98  0  0  7684.98  0  7684.98
1.5015e+13  0  500.5  -17861.1  0  0  -17861.1  0  -17861.1  7672.6  0  0  7672.6  0  7672.6
1.5024e+13  0  500.8  -17843  0  0  -17843  0  -17843  7660.25  0  0  7660.25  0  7660.25
1.5033e+13  0  501.1  -17825  0  0  -17825  0  -17825  7647.93  0  0  7647.93  0  7647.93
1.5042e+13  0  501.4  -17807  0  0  -17807  0  -17807  7635.63  0  0  7635.63  0  7635.63
1.5051e+13  0  501.7  -17789  0  0  -17789  0  -17789  7623.35  0  0  7623.35  0  7623.35
1.506e+13  0  502  -17771  0  0  -17771  0  -17771  7611.1  0  0  7611.1  0  7611.1
1.5069e+13  0  502.3  -17753.1  0  0  -17753.1  0  -17753.1  7598.88  0  0  7598.88  0  7598.88
1.5078e+13  0  502.6  -17735.2  0  0  -17735.2  0  -17735.2  7586.68  0  0  7586.68  0  7586.68
1.5087e+13  0  502.9  -17717.3  0  0  -17717.3  0  -17717.3  7574.51  0  0  7574.51  0  7574.51
1.5096e+13  0  503.2  -17699.5  0  0  -17699.5  0  -17699.5  7562.37  0  0  7562.37  0  7562.37
1.5105e+13  0  503.5  -17681.6  0  0  -17681.6  0  -17681.6  7550.24  0  0  7550.24  0  7550.24
1.5114e+13  0  503.8  -17663.8  0  0  -17663.8  0  -17663.8  7538.15  0  0  7538.15  0  7538.15
1.5123e+13  0  504.1  -17646  0  0  -17646  0  -17646  7526.08  0  0  7526.08  0  7526.08
1.5132e+13  0  504.4  -17628.3  0  0  -17628.3  0  -17628.3  7514.03  0  0  7514.03  0  7514.03
1.5141e+13  0  504.7  -17610.5  0  0  -17610.5  0  -17610.5  7502.01  0  0  7502.01  0  7502.01
1.515e+13  0  505  -17592.8  0  0  -17592.8  0  -17592.8  7490.02  0  0  7490.02  0  7490.02
1.5159e+13  0  505.3  -17575.1  0  0  -17575.1  0  -17575.1  7478.05  0  0  7478.05  0  7478.05
1.5168e+13  0  505.6  -17557.5  0  0  -17557.5  0  -17557.5  7466.1  0  0  7466.1  0  7466.1
1.5177e+13  0  505.9  -17539.9  0  0  -17539.9  0  -17539.9  7454.18  0  0  7454.18  0  7454.18
1.5186e+13  0  506.2  -17522.2  0  0  -17522.2  0  -17522.2  7442.28  0  0  7442.28  0  7442.28
1.5195e+13  0  506.5  -17504.7  0  0  -17504.7  0  -17504.7  7430.41  0  0  7430.41  0  7430.41
1.5204e+13  0  506.8  -17487.1  0  0  -17487.1  0  -17487.1  7418.56  0  0  7418.56  0  7418.56
1.5213e+13  0  507.1  -17469.6  0  0  -17469.6  0  -17469.6  7406.74  0  0  7406.74  0  7406.74
1.5222e+13  0  507.4  -17452.1  0  0  -17452.1  0  -17452.1  7394.94  0  0  7394.94  0  7394.94
1.5231e+13  0  507.7  -17434.6  0  0  -17434.6  0  -17434.6  7383.17  0  0  7383.17  0  7383.17
1.524e+13  0  508  -17417.1  0  0  -17417.1  0  -17417.1  7371.42  0  0  7371.42  0  7371.42
1.5249e+13  0  508.3  -17399.7  0  0  -17399.7  0  -17399.7  7359.7  0  0  7359.7  0  7359.7
1.5258e+13  0  508.6  -17382.3  0  0  -17382.3  0  -17382.3  7348  0  0  7348  0  7348
1.5267e+13  0  508.9  -17364.9  0  0  -17364.9  0  -17364.9  7336.32  0  0  7336.32  0  7336.32
1.5276e+13  0  509.2  -17347.5  0  0  -17347.5  0  -17347.5  7324.67  0  0  7324.67  0  7324.67
1.5285e+13  0  509.5  -17330.2  0  0  -17330.2  0  -17330.2  7313.04  0  0  7313.04  0  7313.04
1.5294e+13  0  509.8  -17312.9  0  0  -17312.9  0  -17312.9  7301.43  0  0  7301.43  0  7301.43
1.5303e+13  0  510.1  -17295.6  0  0  -17295.6  0  -17295.6  7289.85  0  0  7289.85  0  7289.85
1.5312e+13  0  510.4  -17278.3  0  0  -17278.3  0  -17278.3  7278.3  0  0  7278.3  0  7278.3
1.5321e+13  0  510.7  -17261.1  0  0  -17261.1  0  -17261.1  7266.77  0  0  7266.77  0  7266.77
1.533e+13  0  511  -17243.9  0  0  -17243.9  0  -17243.9  7255.26  0  0  7255.26  0  7255.26
1.5339e+13  0  511.3  -17226.7  0  0  -17226.7  0  -17226.7  7243.77  0  0  7243.77  0  7243.77
1.5348e+13  0  511.6  -17209.5  0  0  -17209.5  0  -17209.5  7232.31  0  0  7232.31  0  7232.31
1.5357e+13  0  511.9  -17192.4  0  0  -17192.4  0  -17192.4  7220.87  0  0  7220.87  0  7220.87
1.5366e+13  0  512.2  -17175.3  0  0  -17175.3  0  -17175.3  7209.46  0  0  7209.46  0  7209.46
1.5375e+13  0  512.5  -17158.2  0  0  -17158.2  0  -17158.2  7198.07  0  0  7198.07  0  7198.07
1.5384e+13  0  512.8  -17141.1  0  0  -17141.1  0  -17141.1  7186.7  0  0  7186.7  0  7186.7
1.5393e+13  0  513.1  -17124.1  0  0  -17124.1  0  -17124.1  7175.35  0  0  7175.35  0  7175.35
1.5402e+13  0  513.4  -17107  0  0  -17107  0  -17107  7164.03  0  0  7164.03  0  7164.03
1.5411e+13  0  513.7  -17090  0  0  -17090  0  -17090  7152.73  0  0  7152.73  0  7152.73
1.542e+13  0  514  -17073.1  0  0  -17073.1  0  -17073.1  7141.46  0  0  7141.46  0  7141.46
1.5429e+13  0  514.3  -17056.1  0  0  -17056.1  0  -17056.1  7130.21  0  0  7130.21  0  7130.21
1.5438e+13  0  514.6  -17039.2  0  0  -17039.2  0  -17039.2  7118.98  0  0  7118.98  0  7118.98
1.5447e+13  0  514.9  -17022.3  0  0  -17022.3  0  -17022.3  7107.77  0  0  7107.77  0  7107.77
1.5456e+13  0  515.2  -17005.4  0  0  -17005.4  0  -17005.4  7096.59  0  0  7096.59  0  7096.59
1.5465e+13  0  515.5  -16988.6  0  0  -16988.6  0  -16988.6  7085.43  0  0  7085.43  0  7085.43
1.5474e+13  0  515.8  -16971.7  0  0  -16971.7  0  -16971.7  7074.29  0  0  7074.29  0  7074.29
1.5483e+13  0  516.1  -16954.9  0  0  -16954.9  0  -16954.9  7063.18  0  0  7063.18  0  7063.18
1.5492e+13  0  516.4  -16938.1  0  0  -16938.1  0  -16938.1  7052.09  0  0  7052.09  0  7052.09
1.5501e+13  0  516.7  -16921.4  0  0  -16921.4  0  -16921.4  7041.02  0  0  7041.02  0  7041.02
1.551e+13  0  517  -16904.6  0  0  -16904.6  0  -16904.6  7029.97  0  0  7029.97  0  7029.97
1.5519e+13  0  517.3  -16887.9  0  0  -16887.9  0  -16887.9  7018.95  0  0  7018.95  0  7018.95
1.5528e+13  0  517.6  -16871.2  0  0  -16871.2  0  -16871.2  7007.95  0  0  7007.95  0  7007.95
1.5537e+13  0  517.9  -16854.6  0  0  -16854.6  0  -16854.6  6996.97  0  0  6996.97  0  6996.97
1.5546e+13  0  518.2  -16837.9  0  0  -16837.9  0  -16837.9  6986.01  0  0  6986.01  0  6986.01
1.5555e+13  0  518.5  -16821.3  0  0  -16821.3  0  -16821.3  6975.08  0  0  6975.08  0  6975.08
1.5564e+13  0  518.8  -16804.7  0  0  -16804.7  0  -16804.7  6964.17  0  0  6964.17  0  6964.17
1.5573e+13  0  519.1  -16788.1  0  0  -16788.1  0  -16788.1  6953.28  0  0  6953.28  0  6953.28
1.5582e+13  0  519.4  -16771.6  0  0  -16771.6  0  -16771.6  6942.41  0  0  6942.41  0  6942.41
1.5591e+13  0  519.7  -16755  0  0  -16755  0  -16755  6931.57  0  0  6931.57  0  6931.57
1.56e+13  0  520  -16738.5  0  0  -16738.5  0  -16738.5  6920.74  0  0  6920.74  0  6920.74
1.5609e+13  0  520.3  -16722.1  0  0  -16722.1  0  -16722.1  6909.94  0  0  6909.94  0  6909.94
1.5618e+13  0  520.6  -16705.6  0  0  -16705.6  0  -16705.6  6899.16  0  0  6899.16  0  6899.16
1.5627e+13  0  520.9  -16689.2  0  0  -16689.2  0  -16689.2  6888.4  0  0  6888.4  0  6888.4
1.5636e+13  0  521.2  -16672.7  0  0  -16672.7  0  -16672.7  6877.67  0  0  6877.67  0  6877.67
1.5645e+13  0  521.5  -16656.4  0  0  -16656.4  0  -16656.4  6866.95  0  0  6866.95  0  6866.95
1.5654e+13  0  521.8  -16640  0  0  -16640  0  -16640  6856.26  0  0  6856.26  0  6856.26
1.5663e+13  0  522.1  -16623.6  0  0  -16623.6  0  -16623.6  6845.59  0  0  6845.59  0  6845.59
1.5672e+13  0  522.4  -16607.3  0  0  -16607.3  0  -16607.3  6834.94  0  0  6834.94  0  6834.94
1.5681e+13  0  522.7  -16591  0  0  -16591  0  -16591  6824.31  0  0  6824.31  0  6824.31
1.569e+13  0  523  -16574.7  0  0  -16574.7  0  -16574.7  6813.71  0  0  6813.71  0  6813.71
1.5699e+13  0  523.3  -16558.5  0  0  -16558.5  0  -16558.5  6803.12  0  0  6803.12  0  6803.12
1.5708e+13  0  523.6  -16542.3  0  0  -16542.3  0  -16542.3  6792.56  0  0  6792.56  0  6792.56
1.5717e+13  0  523.9  -16526  0  0  -16526  0  -16526  6782.02  0  0  6782.02  0  6782.02
1.5726e+13  0  524.2  -16509.9  0  0  -16509.9  0  -16509.9  6771.5  0  0  6771.5  0  6771.5
1.5735e+13  0  524.5  -16493.7  0  0  -16493.7  0  -16493.7  6761  0  0  6761  0  6761
1.5744e+13  0  524.8  -16477.6  0  0  -16477.6  0  -16477.6  6750.52  0  0  6750.52  0  6750.52
1.5753e+13  0  525.1  -16461.4  0  0  -16461.4  0  -16461.4  6740.06  0  0  6740.06  0  6740.06
1.5762e+13  0  525.4  -16445.3  0  0  -16445.3  0  -16445.3  6729.63  0  0  6729.63  0  6729.63
1.5771e+13  0  525.7  -16429.3  0  0  -16429.3  0  -16429.3  6719.21  0  0  6719.21  0  6719.21
1.578e+13  0  526  -16413.2  0  0  -16413.2  0  -16413.2  6708.82  0  0  6708.82  0  6708.82
1.5789e+13  0  526.3  -16397.2  0  0  -16397.2  0  -16397.2  6698.45  0  0  6698.45  0  6698.45
1.5798e+13  0  526.6  -16381.2  0  0  -16381.2  0  -16381.2  6688.09  0  0  6688.09  0  6688.09
1.5807e+13  0  526.9  -16365.2  0  0  -16365.2  0  -16365.2  6677.76  0  0  6677.76  0  6677.76
1.5816e+13  0  527.2  -16349.2  0  0  -16349.2  0  -16349.2  6667.45  0  0  6667.45  0  6667.45
1.5825e+13  0  527.5  -16333.3  0  0  -16333.3  0  -16333.3  6657.16  0  0  6657.16  0  6657.16
1.5834e+13  0  527.8  -16317.3  0  0  -16317.3  0  -16317.3  6646.89  0  0  6646.89  0  6646.89
1.5843e+13  0  528.1  -16301.5  0  0  -16301.5  0  -16301.5  6636.64  0  0  6636.64  0  6636.64
1.5852e+13  0  528.4  -16285.6  0  0  -16285.6  0  -16285.6  6626.42  0  0  6626.42  0  6626.42
1.5861e+13  0  528.7  -16269.7  0  0  -16269.7  0  -16269.7  6616.21  0  0  6616.21  0  6616.21
1.587e+13  0  529  -16253.9  0  0  -16253.9  0  -16253.9  6606.02  0  0  6606.02  0  6606.02
1.5879e+13  0  529.3  -16238.1  0  0  -16238.1  0  -16238.1  6595.86  0  0  6595.86  0  6595.86
1.5888e+13  0  529.6  -16222.3  0  0  -16222.3  0  -16222.3  6585.71  0  0  6585.71  0  6585.71
1.5897e+13  0  529.9  -16206.5  0  0  -16206.5  0  -16206.5  6575.58  0  0  6575.58  0  6575.58
1.5906e+13  0  530.2  -16190.8  0  0  -16190.8  0  -16190.8  6565.48  0  0  6565.48  0  6565.48
1.5915e+13  0  530.5  -16175  0  0  -16175  0  -16175  6555.39  0  0  6555.39  0  6555.39
1.5924e+13  0  530.8  -16159.3  0  0  -16159.3  0  -16159.3  6545.33  0  0  6545.33  0  6545.33
1.5933e+13  0  531.1  -16143.7  0  0  -16143.7  0  -16143.7  6535.28  0  0  6535.28  0  6535.28
1.5942e+13  0  531.4  -16128  0  0  -16128  0  -16128  6525.26  0  0  6525.26  0  6525.26
1.5951e+13  0  531.7  -16112.4  0  0  -16112.4  0  -16112.4  6515.25  0  0  6515.25  0  6515.25
1.596e+13  0  532  -16096.8  0  0  -16096.8  0  -16096.8  6505.27  0  0  6505.27  0  6505.27
1.5969e+13  0  532.3  -16081.2  0  0  -16081.2  0  -16081.2  6495.3  0  0  6495.3  0  6495.3
1.5978e+13  0  532.6  -16065.6  0  0  -16065.6  0  -16065.6  6485.36  0  0  6485.36  0  6485.36
1.5987e+13  0  532.9  -16050  0  0  -16050  0  -16050  6475.43  0  0  6475.43  0  6475.43
1.5996e+13  0  533.2  -16034.5  0  0  -16034.5  0  -16034.5  6465.53  0  0  6465.53  0  6465.53
1.6005e+13  0  533.5  -16019  0  0  -16019  0  -16019  6455.64  0  0  6455.64  0  6455.64
1.6014e+13  0  533.8  -16003.5  0  0  -16003.5  0  -16003.5  6445.77  0  0  6445.77  0  6445.77
1.6023e+13  0  534.1  -15988  0  0  -15988  0  -15988  6435.93  0  0  6435.93  0  6435.93
1.6032e+13  0  534.4  -15972.6  0  0  -15972.6  0  -15972.6  6426.1  0  0  6426.1  0  6426.1
1.6041e+13  0  534.7  -15957.2  0  0  -15957.2  0  -15957.2  6416.29  0  0  6416.29  0  6416.29
1.605e+13  0  535  -15941.8  0  0  -15941.8  0  -15941.8  6406.5  0  0  6406.5  0  6406.5
1.6059e+13  0  535.3  -15926.4  0  0  -15926.4  0  -15926.4  6396.74  0  0  6396.74  0  6396.74
1.6068e+13  0  535.6  -15911  0  0  -15911  0  -15911  6386.99  0  0  6386.99  0  6386.99
1.6077e+13  0  535.9  -15895.7  0  0  -15895.7  0  -15895.7  6377.26  0  0  6377.26  0  6377.26
1.6086e+13  0  536.2  -15880.4  0  0  -15880.4  0  -15880.4  6367.55  0  0  6367.55  0  6367.55
1.6095e+13  0  536.5  -15865.1  0  0  -15865.1  0  -15865.1  6357.85  0  0  6357.85  0  6357.85
1.6104e+13  0  536.8  -15849.8  0  0  -15849.8  0  -15849.8  6348.18  0  0  6348.18  0  6348.18
1.6113e+13  0  537.1  -15834.5  0  0  -15834.5  0  -15834.5  6338.53  0  0  6338.53  0  6338.53
1.6122e+13  0  537.4  -15819.3  0  0  -15819.3  0  -15819.3  6328.9  0  0  6328.9  0  6328.9
1.6131e+13  0  537.7  -15804.1  0  0  -15804.1  0  -15804.1  6319.28  0  0  6319.28  0  6319.28
1.614e+13  0  538  -15788.9  0  0  -15788.9  0  -15788.9  6309.69  0  0  6309.69  0  6309.69
1.6149e+13  0  538.3  -15773.7  0  0  -15773.7  0  -15773.7  6300.11  0  0  6300.11  0  6300.11
1.6158e+13  0  538.6  -15758.6  0  0  -15758.6  0  -15758.6  6290.55  0  0  6290.55  0  6290.55
1.6167e+13  0  538.9  -15743.4  0  0  -15743.4  0  -15743.4  6281.01  0  0  6281.01  0  6281.01
1.6176e+13  0  539.2  -15728.3  0  0  -15728.3  0  -15728.3  6271.49  0  0  6271.49  0  6271.49
1.6185e+13  0  539.5  -15713.2  0  0  -15713.2  0  -15713.2  6261.99  0  0  6261.99  0  6261.99
1.6194e+13  0  539.8  -15698.2  0  0  -15698.2  0  -15698.2  6252.51  0  0  6252.51  0  6252.51
1.6203e+13  0  540.1  -15683.1  0  0  -15683.1  0  -15683.1  6243.04  0  0  6243.04  0  6243.04
1.6212e+13  0  540.4  -15668.1  0  0  -15668.1  0  -15668.1  6233.6  0  0  6233.6  0  6233.6
1.6221e+13  0  540.7  -15653.1  0  0  -15653.1  0  -15653.1  6224.17  0  0  6224.17  0  6224.17
1.623e+13  0  541  -15638.1  0  0  -15638.1  0  -15638.1  6214.76  0  0  6214.76  0  6214.76
1.6239e+13  0  541.3  -15623.1  0  0  -15623.1  0  -15623.1  6205.38  0  0  6205.38  0  6205.38
1.6248e+13  0  541.6  -15608.2  0  0  -15608.2  0  -15608.2  6196  0  0  6196  0  6196
1.6257e+13  0  541.9  -15593.2  0  0  -15593.2  0  -15593.2  6186.65  0  0  6186.65  0  6186.65
1.6266e+13  0  542.2  -15578.3  0  0  -15578.3  0  -15578.3  6177.32  0  0  6177.32  0  6177.32
1.6275e+13  0  542.5  -15563.4  0  0  -15563.4  0  -15563.4  6168  0  0  6168  0  6168
1.6284e+13  0  542.8  -15548.6  0  0  -15548.6  0  -15548.6  6158.7  0  0  6158.7  0  6158.7
1.6293e+13  0  543.1  -15533.7  0  0  -15533.7  0  -15533.7  6149.43  0  0  6149.43  0  6149.43
1.6302e+13  0  543.4  -15518.9  0  0  -15518.9  0  -15518.9  6140.16  0  0  6140.16  0  6140.16
1.6311e+13  0  543.7  -15504.1  0  0  -15504.1  0  -15504.1  6130.92  0  0  6130.92  0  6130.92
1.632e+13  0  544  -15489.3  0  0  -15489.3  0  -15489.3  6121.7  0  0  6121.7  0  6121.7
1.6329e+13  0  544.3  -15474.6  0  0  -15474.6  0  -15474.6  6112.49  0  0  6112.49  0  6112.49
1.6338e+13  0  544.6  -15459.8  0  0  -15459.8  0  -15459.8  6103.3  0  0  6103.3  0  6103.3
1.6347e+13  0  544.9  -15445.1  0  0  -15445.1  0  -15445.1  6094.13  0  0  6094.13  0  6094.13
1.6356e+13  0  545.2  -15430.4  0  0  -15430.4  0  -15430.4  6084.98  0  0  6084.98  0  6084.98
1.6365e+13  0  545.5  -15415.7  0  0  -15415.7  0  -15415.7  6075.84  0  0  6075.84  0  6075.84
1.6374e+13  0  545.8  -15401  0  0  -15401  0  -15401  6066.73  0  0  6066.73  0  6066.73
1.6383e+13  0  546.1  -15386.4  0  0  -15386.4  0  -15386.4  6057.63  0  0  6057.63  0  6057.63
1.6392e+13  0  546.4  -15371.7  0  0  -15371.7  0  -15371.7  6048.55  0  0  6048.55  0  6048.55
1.6401e+13  0  546.7  -15357.1  0  0  -15357.1  0  -15357.1  6039.48  0  0  6039.48  0  6039.48
1.641e+13  0  547  -15342.6  0  0  -15342.6  0  -15342.6  6030.44  0  0  6030.44  0  6030.44
1.6419e+13  0  547.3  -15328  0  0  -15328  0  -15328  6021.41  0  0  6021.41  0  6021.41
1.6428e+13  0  547.6  -15313.4  0  0  -15313.4  0  -15313.4  6012.4  0  0  6012.4  0  6012.4
1.6437e+13  0  547.9  -15298.9  0  0  -15298.9  0  -15298.9  6003.41  0  0  6003.41  0  6003.41
1.6446e+13  0  548.2  -15284.4  0  0  -15284.4  0  -15284.4  5994.43  0  0  5994.43  0  5994.43
1.6455e+13  0  548.5  -15269.9  0  0  -15269.9  0  -15269.9  5985.47  0  0  5985.47  0  5985.47
1.6464e+13  0  548.8  -15255.4  0  0  -15255.4  0  -15255.4  5976.53  0  0  5976.53  0  5976.53
1.6473e+13  0  549.1  -15241  0  0  -15241  0  -15241  5967.61  0  0  5967.61  0  5967.61
1.6482e+13  0  549.4  -15226.6  0  0  -15226.6  0  -15226.6  5958.7  0  0  5958.7  0  5958.7
1.6491e+13  0  549.7  -15212.2  0  0  -15212.2  0  -15212.2  5949.81  0  0  5949.81  0  5949.81
1.65e+13  0  550  -15197.8  0  0  -15197.8  0  -15197.8  5940.94  0  0  5940.94  0  5940.94
1.6509e+13  0  550.3  -15183.4  0  0  -15183.4  0  -15183.4  5932.09  0  0  5932.09  0  5932.09
1.6518e+13  0  550.6  -15169  0  0  -15169  0  -15169  5923.25  0  0  5923.25  0  5923.25
1.6527e+13  0  550.9  -15154.7  0  0  -15154.7  0  -15154.7  5914.43  0  0  5914.43  0  5914.43
1.6536e+13  0  551.2  -15140.4  0  0  -15140.4  0  -15140.4  5905.63  0  0  5905.63  0  5905.63
1.6545e+13  0  551.5  -15126.1  0  0  -15126.1  0  -15126.1  5896.85  0  0  5896.85  0  5896.85
1.6554e+13  0  551.8  -15111.8  0  0  -15111.8  0  -15111.8  5888.08  0  0  5888.08  0  5888.08
1.6563e+13  0  552.1  -15097.6  0  0  -15097.6  0  -15097.6  5879.33  0  0  5879.33  0  5879.33
1.6572e+13  0  552.4  -15083.3  0  0  -15083.3  0  -15083.3  5870.59  0  0  5870.59  0  5870.59
1.6581e+13  0  552.7  -15069.1  0  0  -15069.1  0  -15069.1  5861.88  0  0  5861.88  0  5861.88
1.659e+13  0  553  -15054.9  0  0  -15054.9  0  -15054.9  5853.17  0  0  5853.17  0  5853.17
1.6599e+13  0  553.3  -15040.7  0  0  -15040.7  0  -15040.7  5844.49  0  0  5844.49  0  5844.49
1.6608e+13  0  553.6  -15026.6  0  0  -15026.6  0  -15026.6  5835.82  0  0  5835.82  0  5835.82
1.6617e+13  0  553.9  -15012.4  0  0  -15012.4  0  -15012.4  5827.17  0  0  5827.17  0  5827.17
1.6626e+13  0  554.2  -14998.3  0  0  -14998.3  0  -14998.3  5818.54  0  0  5818.54  0  5818.54
1.6635e+13  0  554.5  -14984.2  0  0  -14984.2  0  -14984.2  5809.92  0  0  5809.92  0  5809.92
1.6644e+13  0  554.8  -14970.1  0  0  -14970.1  0  -14970.1  5801.32  0  0  5801.32  0  5801.32
1.6653e+13  0  555.1  -14956  0  0  -14956  0  -14956  5792.74  0  0  5792.74  0  5792.74
1.6662e+13  0  555.4  -14942  0  0  -14942  0  -14942  5784.17  0  0  5784.17  0  5784.17
1.6671e+13  0  555.7  -14928  0  0  -14928  0  -14928  5775.62  0  0  5775.62  0  5775.62
1.668e+13  0  556  -14914  0  0  -14914  0  -14914  5767.09  0  0  5767.09  0  5767.09
1.6689e+13  0  556.3  -14900  0  0  -14900  0  -14900  5758.57  0  0  5758.57  0  5758.57
1.6698e+13  0  556.6  -14886  0  0  -14886  0  -14886  5750.07  0  0  5750.07  0  5750.07
1.6707e+13  0  556.9  -14872  0  0  -14872  0  -14872  5741.59  0  0  5741.59  0  5741.59
1.6716e+13  0  557.2  -14858.1  0  0  -14858.1  0  -14858.1  5733.12  0  0  5733.12  0  5733.12
1.6725e+13  0  557.5  -14844.2  0  0  -14844.2  0  -14844.2  5724.67  0  0  5724.67  0  5724.67
1.6734e+13  0  557.8  -14830.3  0  0  -14830.3  0  -14830.3  5716.23  0  0  5716.23  0  5716.23
1.6743e+13  0  558.1  -14816.4  0  0  -14816.4  0  -14816.4  5707.81  0  0  5707.81  0  5707.81
1.6752e+13  0  558.4  -14802.6  0  0  -14802.6  0  -14802.6  5699.41  0  0  5699.41  0  5699.41
1.6761e+13  0  558.7  -14788.7  0  0  -14788.7  0  -14788.7  5691.02  0  0  5691.02  0  5691.02
1.677e+13  0  559  -14774.9  0  0  -14774.9  0  -14774.9  5682.65  0  0  5682.65  0  5682.65
1.6779e+13  0  559.3  -14761.1  0  0  -14761.1  0  -14761.1  5674.29  0  0  5674.29  0  5674.29
1.6788e+13  0  559.6  -14747.3  0  0  -14747.3  0  -14747.3  5665.95  0  0  5665.95  0  5665.95
1.6797e+13  0  559.9  -14733.5  0  0  -14733.5  0  -14733.5  5657.63  0  0  5657.63  0  5657.63
1.6806e+13  0  560.2  -14719.8  0  0  -14719.8  0  -14719.8  5649.32  0  0  5649.32  0  5649.32
1.6815e+13  0  560.5  -14706  0  0  -14706  0  -14706  5641.03  0  0  5641.03  0  5641.03
1.6824e+13  0  560.8  -14692.3  0  0  -14692.3  0  -14692.3  5632.76  0  0  5632.76  0  5632.76
1.6833e+13  0  561.1  -14678.6  0  0  -14678.6  0  -14678.6  5624.5  0  0  5624.5  0  5624.5
1.6842e+13  0  561.4  -14665  0  0  -14665  0  -14665  5616.25  0  0  5616.25  0  5616.25
1.6851e+13  0  561.7  -14651.3  0  0  -14651.3  0  -14651.3  5608.03  0  0  5608.03  0  5608.03
1.686e+13  0  562  -14637.7  0  0  -14637.7  0  -14637.7  5599.81  0  0  5599.81  0  5599.81
1.6869e+13  0  562.3  -14624  0  0  -14624  0  -14624  5591.62  0  0  5591.62  0  5591.62
1.6878e+13  0  562.6  -14610.4  0  0  -14610.4  0  -14610.4  5583.44  0  0  5583.44  0  5583.44
1.6887e+13  0  562.9  -14596.8  0  0  -14596.8  0  -14596.8  5575.27  0  0  5575.27  0  5575.27
1.6896e+13  0  563.2  -14583.3  0  0  -14583.3  0  -14583.3  5567.12  0  0  5567.12  0  5567.12
1.6905e+13  0  563.5  -14569.7  0  0  -14569.7  0  -14569.7  5558.99  0  0  5558.99  0  5558.99
1.6914e+13  0  563.8  -14556.2  0  0  -14556.2  0  -14556.2  5550.87  0  0  5550.87  0  5550.87
1.6923e+13  0  564.1  -14542.7  0  0  -14542.7  0  -14542.7  5542.76  0  0  5542.76  0  5542.76
1.6932e+13  0  564.4  -14529.2  0  0  -14529.2  0  -14529.2  5534.68  0  0  5534.68  0  5534.68
1.6941e+13  0  564.7  -14515.7  0  0  -14515.7  0  -14515.7  5526.6  0  0  5526.6  0  5526.6
1.695e+13  0  565  -14502.2  0  0  -14502.2  0  -14502.2  5518.55  0  0  5518.55  0  5518.55
1.6959e+13  0  565.3  -14488.8  0  0  -14488.8  0  -14488.8  5510.51  0  0  5510.51  0  5510.51
1.6968e+13  0  565.6  -14475.4  0  0  -14475.4  0  -14475.4  5502.48  0  0  5502.48  0  5502.48
1.6977e+13  0  565.9  -14462  0  0  -14462  0  -14462  5494.47  0  0  5494.47  0  5494.47
1.6986e+13  0  566.2  -14448.6  0  0  -14448.6  0  -14448.6  5486.47  0  0  5486.47  0  5486.47
1.6995e+13  0  566.5  -14435.2  0  0  -14435.2  0  -14435.2  5478.49  0  0  5478.49  0  5478.49
1.7004e+13  0  566.8  -14421.8  0  0  -14421.8  0  -14421.8  5470.53  0  0  5470.53  0  5470.53
1.7013e+13  0  567.1  -14408.5  0  0  -14408.5  0  -14408.5  5462.58  0  0  5462.58  0  5462.58
1.7022e+13  0  567.4  -14395.2  0  0  -14395.2  0  -14395.2  5454.64  0  0  5454.64  0  5454.64
1.7031e+13  0  567.7  -14381.9  0  0  -14381.9  0  -14381.9  5446.72  0  0  5446.72  0  5446.72
1.704e+13  0  568  -14368.6  0  0  -14368.6  0  -14368.6  5438.81  0  0  5438.81  0  5438.81
1.7049e+13  0  568.3  -14355.3  0  0  -14355.3  0  -14355.3  5430.92  0  0  5430.92  0  5430.92
1.7058e+13  0  568.6  -14342.1  0  0  -14342.1  0  -14342.1  5423.05  0  0  5423.05  0  5423.05
1.7067e+13  0  568.9  -14328.8  0  0  -14328.8  0  -14328.8  5415.19  0  0  5415.19  0  5415.19
1.7076e+13  0  569.2  -14315.6  0  0  -14315.6  0  -14315.6  5407.34  0  0  5407.34  0  5407.34
1.7085e+13  0  569.5  -14302.4  0  0  -14302.4  0  -14302.4  5399.51  0  0  5399.51  0  5399.51
1.7094e+13  0  569.8  -14289.2  0  0  -14289.2  0  -14289.2  5391.7  0  0  5391.7  0  5391.7
1.7103e+13  0  570.1  -14276.1  0  0  -14276.1  0  -14276.1  5383.89  0  0  5383.89  0  5383.89
1.7112e+13  0  570.4  -14262.9  0  0  -14262.9  0  -14262.9  5376.11  0  0  5376.11  0  5376.11
1.7121e+13  0  570.7  -14249.8  0  0  -14249.8  0  -14249.8  5368.34  0  0  5368.34  0  5368.34
1.713e+13  0  571  -14236.7  0  0  -14236.7  0  -14236.7  5360.58  0  0  5360.58  0  5360.58
1.7139e+13  0  571.3  -14223.6  0  0  -14223.6  0  -14223.6  5352.84  0  0  5352.84  0  5352.84
1.7148e+13  0  571.6  -14210.5  0  0  -14210.5  0  -14210.5  5345.11  0  0  5345.11  0  5345.11
1.7157e+13  0  571.9  -14197.5  0  0  -14197.5  0  -14197.5  5337.4  0  0  5337.4  0  5337.4
1.7166e+13  0  572.2  -14184.4  0  0  -14184.4  0  -14184.4  5329.7  0  0  5329.7  0  5329.7
1.7175e+13  0  572.5  -14171.4  0  0  -14171.4  0  -14171.4  5322.01  0  0  5322.01  0  5322.01
1.7184e+13  0  572.8  -14158.4  0  0  -14158.4  0  -14158.4  5314.34  0  0  5314.34  0  5314.34
1.7193e+13  0  573.1  -14145.4  0  0  -14145.4  0  -14145.4  5306.69  0  0  5306.69  0  5306.69
1.7202e+13  0  573.4  -14132.4  0  0  -14132.4  0  -14132.4  5299.05  0  0  5299.05  0  5299.05
1.7211e+13  0  573.7  -14119.5  0  0  -14119.5  0  -14119.5  5291.42  0  0  5291.42  0  5291.42
1.722e+13  0  574  -14106.5  0  0  -14106.5  0  -14106.5  5283.81  0  0  5283.81  0  5283.81
1.7229e+13  0  574.3  -14093.6  0  0  -14093.6  0  -14093.6  5276.21  0  0  5276.21  0  5276.21
1.7238e+13  0  574.6  -14080.7  0  0  -14080.7  0  -14080.7  5268.63  0  0  5268.63  0  5268.63
1.7247e+13  0  574.9  -14067.8  0  0  -14067.8  0  -14067.8  5261.06  0  0  5261.06  0  5261.06
1.7256e+13  0  575.2  -14054.9  0  0  -14054.9  0  -14054.9  5253.5  0  0  5253.5  0  5253.5
1.7265e+13  0  575.5  -14042.1  0  0  -14042.1  0  -14042.1  5245.96  0  0  5245.96  0  5245.96
1.7274e+13  0  575.8  -14029.3  0  0  -14029.3  0  -14029.3  5238.43  0  0  5238.43  0  5238.43
1.7283e+13  0  576.1  -14016.4  0  0  -14016.4  0  -14016.4  5230.92  0  0  5230.92  0  5230.92
1.7292e+13  0  576.4  -14003.6  0  0  -14003.6  0  -14003.6  5223.42  0  0  5223.42  0  5223.42
1.7301e+13  0  576.7  -13990.8  0  0  -13990.8  0  -13990.8  5215.94  0  0  5215.94  0  5215.94
1.731e+13  0  577  -13978.1  0  0  -13978.1  0  -13978.1  5208.47  0  0  5208.47  0  5208.47
1.7319e+13  0  577.3  -13965.3  0  0  -13965.3  0  -13965.3  5201.01  0  0  5201.01  0  5201.01
1.7328e+13  0  577.6  -13952.6  0  0  -13952.6  0  -13952.6  5193.57  0  0  5193.57  0  5193.57
1.7337e+13  0  577.9  -13939.9  0  0  -13939.9  0  -13939.9  5186.14  0  0  5186.14  0  5186.14
1.7346e+13  0  578.2  -13927.1  0  0  -13927.1  0  -13927.1  5178.72  0  0  5178.72  0  5178.72
1.7355e+13  0  578.5  -13914.5  0  0  -13914.5  0  -13914.5  5171.32  0  0  5171.32  0  5171.32
1.7364e+13  0  578.8  -13901.8  0  0  -13901.8  0  -13901.8  5163.93  0  0  5163.93  0  5163.93
1.7373e+13  0  579.1  -13889.1  0  0  -13889.1  0  -13889.1  5156.56  0  0  5156.56  0  5156.56
1.7382e+13  0  579.4  -13876.5  0  0  -13876.5  0  -13876.5  5149.2  0  0  5149.2  0  5149.2
1.7391e+13  0  579.7  -13863.9  0  0  -13863.9  0  -13863.9  5141.85  0  0  5141.85  0  5141.85
1.74e+13  0  580  -13851.3  0  0  -13851.3  0  -13851.3  5134.52  0  0  5134.52  0  5134.52
1.7409e+13  0  580.3  -13838.7  0  0  -13838.7  0  -13838.7  5127.2  0  0  5127.2  0  5127.2
1.7418e+13  0  580.6  -13826.1  0  0  -13826.1  0  -13826.1  5119.9  0  0  5119.9  0  5119.9
1.7427e+13  0  580.9  -13813.5  0  0  -13813.5  0  -13813.5  5112.6  0  0  5112.6  0  5112.6
1.7436e+13  0  581.2  -13801  0  0  -13801  0  -13801  5105.33  0  0  5105.33  0  5105.33
1.7445e+13  0  581.5  -13788.5  0  0  -13788.5  0  -13788.5  5098.06  0  0  5098.06  0  5098.06
1.7454e+13  0  581.8  -13776  0  0  -13776  0  -13776  5090.81  0  0  5090.81  0  5090.81
1.7463e+13  0  582.1  -13763.5  0  0  -13763.5  0  -13763.5  5083.57  0  0  5083.57  0  5083.57
1.7472e+13  0  582.4  -13751  0  0  -13751  0  -13751  5076.35  0  0  5076.35  0  5076.35
1.7481e+13  0  582.7  -13738.5  0  0  -13738.5  0  -13738.5  5069.14  0  0  5069.14  0  5069.14
1.749e+13  0  583  -13726.1  0  0  -13726.1  0  -13726.1  5061.94  0  0  5061.94  0  5061.94
1.7499e+13  0  583.3  -13713.7  0  0  -13713.7  0  -13713.7  5054.76  0  0  5054.76  0  5054.76
1.7508e+13  0  583.6  -13701.3  0  0  -13701.3  0  -13701.3  5047.59  0  0  5047.59  0  5047.59
1.7517e+13  0  583.9  -13688.9  0  0  -13688.9  0  -13688.9  5040.43  0  0  5040.43  0  5040.43
1.7526e+13  0  584.2  -13676.5  0  0  -13676.5  0  -13676.5  5033.29  0  0  5033.29  0  5033.29
1.7535e+13  0  584.5  -13664.1  0  0  -13664.1  0  -13664.1  5026.15  0  0  5026.15  0  5026.15
1.7544e+13  0  584.8  -13651.8  0  0  -13651.8  0  -13651.8  5019.04  0  0  5019.04  0  5019.04
1.7553e+13  0  585.1  -13639.4  0  0  -13639.4  0  -13639.4  5011.93  0  0  5011.93  0  5011.93
1.7562e+13  0  585.4  -13627.1  0  0  -13627.1  0  -13627.1  5004.84  0  0  5004.84  0  5004.84
1.7571e+13  0  585.7  -13614.8  0  0  -13614.8  0  -13614.8  4997.76  0  0  4997.76  0  4997.76
1.758e+13  0  586  -13602.6  0  0  -13602.6  0  -13602.6  4990.7  0  0  4990.7  0  4990.7
1.7589e+13  0  586.3  -13590.3  0  0  -13590.3  0  -13590.3  4983.65  0  0  4983.65  0  4983.65
1.7598e+13  0  586.6  -13578  0  0  -13578  0  -13578  4976.61  0  0  4976.61  0  4976.61
1.7607e+13  0  586.9  -13565.8  0  0  -13565.8  0  -13565.8  4969.58  0  0  4969.58  0  4969.58
1.7616e+13  0  587.2  -13553.6  0  0  -13553.6  0  -13553.6  4962.57  0  0  4962.57  0  4962.57
1.7625e+13  0  587.5  -13541.4  0  0  -13541.4  0  -13541.4  4955.57  0  0  4955.57  0  4955.57
1.7634e+13  0  587.8  -13529.2  0  0  -13529.2  0  -13529.2  4948.58  0  0  4948.58  0  4948.58
1.7643e+13  0  588.1  -13517  0  0  -13517  0  -13517  4941.61  0  0  4941.61  0  4941.61
1.7652e+13  0  588.4  -13504.9  0  0  -13504.9  0  -13504.9  4934.64  0  0  4934.64  0  4934.64
1.7661e+13  0  588.7  -13492.7  0  0  -13492.7  0  -13492.7  4927.69  0  0  4927.69  0  4927.69
1.767e+13  0  589  -13480.6  0  0  -13480.6  0  -13480.6  4920.76  0  0  4920.76  0  4920.76
1.7679e+13  0  589.3  -13468.5  0  0  -13468.5  0  -13468.5  4913.84  0  0  4913.84  0  4913.84
1.7688e+13  0  589.6  -13456.4  0  0  -13456.4  0  -13456.4  4906.92  0  0  4906.92  0  4906.92
1.7697e+13  0  589.9  -13444.3  0  0  -13444.3  0  -13444.3  4900.03  0  0  4900.03  0  4900.03
1.7706e+13  0  590.2  -13432.2  0  0  -13432.2  0  -13432.2  4893.14  0  0  4893.14  0  4893.14
1.7715e+13  0  590.5  -13420.2  0  0  -13420.2  0  -13420.2  4886.27  0  0  4886.27  0  4886.27
1.7724e+13  0  590.8  -13408.2  0  0  -13408.2  0  -13408.2  4879.41  0  0  4879.41  0  4879.41
1.7733e+13  0  591.1  -13396.1  0  0  -13396.1  0  -13396.1  4872.56  0  0  4872.56  0  4872.56
1.7742e+13  0  591.4  -13384.1  0  0  -13384.1  0  -13384.1  4865.73  0  0  4865.73  0  4865.73
1.7751e+13  0  591.7  -13372.2  0  0  -13372.2  0  -13372.2  4858.91  0  0  4858.91  0  4858.91
1.776e+13  0  592  -13360.2  0  0  -13360.2  0  -13360.2  4852.1  0  0  4852.1  0  4852.1
1.7769e+13  0  592.3  -13348.2  0  0  -13348.2  0  -13348.2  4845.3  0  0  4845.3  0  4845.3
1.7778e+13  0  592.6  -13336.3  0  0  -13336.3  0  -13336.3  4838.51  0  0  4838.51  0  4838.51
1.7787e+13  0  592.9  -13324.4  0  0  -13324.4  0  -13324.4  4831.74  0  0  4831.74  0  4831.74
1.7796e+13  0  593.2  -13312.5  0  0  -13312.5  0  -13312.5  4824.98  0  0  4824.98  0  4824.98
1.7805e+13  0  593.5  -13300.6  0  0  -13300.6  0  -13300.6  4818.23  0  0  4818.23  0  4818.23
1.7814e+13  0  593.8  -13288.7  0  0  -13288.7  0  -13288.7  4811.5  0  0  4811.5  0  4811.5
1.7823e+13  0  594.1  -13276.8  0  0  -13276.8  0  -13276.8  4804.78  0  0  4804.78  0  4804.78
1.7832e+13  0  594.4  -13265  0  0  -13265  0  -13265  4798.06  0  0  4798.06  0  4798.06
1.7841e+13  0  594.7  -13253.1  0  0  -13253.1  0  -13253.1  4791.37  0  0  4791.37  0  4791.37
1.785e+13  0  595  -13241.3  0  0  -13241.3  0  -13241.3  4784.68  0  0  4784.68  0  4784.68
1.7859e+13  0  595.3  -13229.5  0  0  -13229.5  0  -13229.5  4778.01  0  0  4778.01  0  4778.01
1.7868e+13  0  595.6  -13217.7  0  0  -13217.7  0  -13217.7  4771.34  0  0  4771.34  0  4771.34
1.7877e+13  0  595.9  -13206  0  0  -13206  0  -13206  4764.69  0  0  4764.69  0  4764.69
1.7886e+13  0  596.2  -13194.2  0  0  -13194.2  0  -13194.2  4758.06  0  0  4758.06  0  4758.06
1.7895e+13  0  596.5  -13182.5  0  0  -13182.5  0  -13182.5  4751.43  0  0  4751.43  0  4751.43
1.7904e+13  0  596.8  -13170.7  0  0  -13170.7  0  -13170.7  4744.82  0  0  4744.82  0  4744.82
1.7913e+13  0  597.1  -13159  0  0  -13159  0  -13159  4738.22  0  0  4738.22  0  4738.22
1.7922e+13  0  597.4  -13147.3  0  0  -13147.3  0  -13147.3  4731.63  0  0  4731.63  0  4731.63
1.7931e+13  0  597.7  -13135.6  0  0  -13135.6  0  -13135.6  4725.05  0  0  4725.05  0  4725.05
1.794e+13  0  598  -13124  0  0  -13124  0  -13124  4718.48  0  0  4718.48  0  4718.48
1.7949e+13  0  598.3  -13112.3  0  0  -13112.3  0  -13112.3  4711.93  0  0  4711.93  0  4711.93
1.7958e+13  0  598.6  -13100.7  0  0  -13100.7  0  -13100.7  4705.39  0  0  4705.39  0  4705.39
1.7967e+13  0  598.9  -13089.1  0  0  -13089.1  0  -13089.1  4698.86  0  0  4698.86  0  4698.86
1.7976e+13  0  599.2  -13077.4  0  0  -13077.4  0  -13077.4  4692.34  0  0  4692.34  0  4692.34
1.7985e+13  0  599.5  -13065.9  0  0  -13065.9  0  -13065.9  4685.84  0  0  4685.84  0  4685.84
1.7994e+13  0  599.8  -13054.3  0  0  -13054.3  0  -13054.3  4679.34  0  0  4679.34  0  4679.34
1.8003e+13  0  600.1  -13042.7  0  0  -13042.7  0  -13042.7  4672.86  0  0  4672.86  0  4672.86
1.8012e+13  0  600.4  -13031.2  0  0  -13031.2  0  -13031.2  4666.39  0  0  4666.39  0  4666.39
1.8021e+13  0  600.7  -13019.6  0  0  -13019.6  0  -13019.6  4659.93  0  0  4659.93  0  4659.93
1.803e+13  0  601  -13008.1  0  0  -13008.1  0  -13008.1  4653.48  0  0  4653.48  0  4653.48
1.8039e+13  0  601.3  -12996.6  0  0  -12996.6  0  -12996.6  4647.05  0  0  4647.05  0  4647.05
1.8048e+13  0  601.6  -12985.1  0  0  -12985.1  0  -12985.1  4640.62  0  0  4640.62  0  4640.62
1.8057e+13  0  601.9  -12973.6  0  0  -12973.6  0  -12973.6  4634.21  0  0  4634.21  0  4634.21
1.8066e+13  0  602.2  -12962.2  0  0  -12962.2  0  -12962.2  4627.81  0  0  4627.81  0  4627.81
1.8075e+13  0  602.5  -12950.7  0  0  -12950.7  0  -12950.7  4621.42  0  0  4621.42  0  4621.42
1.8084e+13  0  602.8  -12939.3  0  0  -12939.3  0  -12939.3  4615.04  0  0  4615.04  0  4615.04
1.8093e+13  0  603.1  -12927.9  0  0  -12927.9  0  -12927.9  4608.68  0  0  4608.68  0  4608.68
1.8102e+13  0  603.4  -12916.5  0  0  -12916.5  0  -12916.5  4602.32  0  0  4602.32  0  4602.32
1.8111e+13  0  603.7  -12905.1  0  0  -12905.1  0  -12905.1  4595.98  0  0  4595.98  0  4595.98
1.812e+13  0  604  -12893.7  0  0  -12893.7  0  -12893.7  4589.65  0  0  4589.65  0  4589.65
1.8129e+13  0  604.3  -12882.3  0  0  -12882.3  0  -12882.3  4583.32  0  0  4583.32  0  4583.32
1.8138e+13  0  604.6  -12871  0  0  -12871  0  -12871  4577.02  0  0  4577.02  0  4577.02
1.8147e+13  0  604.9  -12859.7  0  0  -12859.7  0  -12859.7  4570.72  0  0  4570.72  0  4570.72
1.8156e+13  0  605.2  -12848.3  0  0  -12848.3  0  -12848.3  4564.43  0  0  4564.43  0  4564.43
1.8165e+13  0  605.5  -12837  0  0  -12837  0  -12837  4558.16  0  0  4558.16  0  4558.16
1.8174e+13  0  605.8  -12825.8  0  0  -12825.8  0  -12825.8  4551.89  0  0  4551.89  0  4551.89
1.8183e+13  0  606.1  -12814.5  0  0  -12814.5  0  -12814.5  4545.64  0  0  4545.64  0  4545.64
1.8192e+13  0  606.4  -12803.2  0  0  -12803.2  0  -12803.2  4539.4  0  0  4539.4  0  4539.4
1.8201e+13  0  606.7  -12792  0  0  -12792  0  -12792  4533.17  0  0  4533.17  0  4533.17
1.821e+13  0  607  -12780.7  0  0  -12780.7  0  -12780.7  4526.95  0  0  4526.95  0  4526.95
1.8219e+13  0  607.3  -12769.5  0  0  -12769.5  0  -12769.5  4520.74  0  0  4520.74  0  4520.74
1.8228e+13  0  607.6  -12758.3  0  0  -12758.3  0  -12758.3  4514.55  0  0  4514.55  0  4514.55
1.8237e+13  0  607.9  -12747.1  0  0  -12747.1  0  -12747.1  4508.36  0  0  4508.36  0  4508.36
1.8246e+13  0  608.2  -12736  0  0  -12736  0  -12736  4502.19  0  0  4502.19  0  4502.19
1.8255e+13  0  608.5  -12724.8  0  0  -12724.8  0  -12724.8  4496.02  0  0  4496.02  0  4496.02
1.8264e+13  0  608.8  -12713.6  0  0  -12713.6  0  -12713.6  4489.87  0  0  4489.87  0  4489.87
1.8273e+13  0  609.1  -12702.5  0  0  -12702.5  0  -12702.5  4483.73  0  0  4483.73  0  4483.73
1.8282e+13  0  609.4  -12691.4  0  0  -12691.4  0  -12691.4  4477.6  0  0  4477.6  0  4477.6
1.8291e+13  0  609.7  -12680.3  0  0  -12680.3  0  -12680.3  4471.48  0  0  4471.48  0  4471.48
1.83e+13  0  610  -12669.2  0  0  -12669.2  0  -12669.2  4465.37  0  0  4465.37  0  4465.37
1.8309e+13  0  610.3  -12658.1  0  0  -12658.1  0  -12658.1  4459.27  0  0  4459.27  0  4459.27
1.8318e+13  0  610.6  -12647.1  0  0  -12647.1  0  -12647.1  4453.19  0  0  4453.19  0  4453.19
1.8327e+13  0  610.9  -12636  0  0  -12636  0  -12636  4447.11  0  0  4447.11  0  4447.11
1.8336e+13  0  611.2  -12625  0  0  -12625  0  -12625  4441.05  0  0  4441.05  0  4441.05
1.8345e+13  0  611.5  -12613.9  0  0  -12613.9  0  -12613.9  4434.99  0  0  4434.99  0  4434.99
1.8354e+13  0  611.8  -12602.9  0  0  -12602.9  0  -12602.9  4428.95  0  0  4428.95  0  4428.95
1.8363e+13  0  612.1  -12591.9  0  0  -12591.9  0  -12591.9  4422.92  0  0  4422.92  0  4422.92
1.8372e+13  0  612.4  -12581  0  0  -12581  0  -12581  4416.9  0  0  4416.9  0  4416.9
1.8381e+13  0  612.7  -12570  0  0  -12570  0  -12570  4410.88  0  0  4410.88  0  4410.88
1.839e+13  0  613  -12559  0  0  -12559  0  -12559  4404.88  0  0  4404.88  0  4404.88
1.8399e+13  0  613.3  -12548.1  0  0  -12548.1  0  -12548.1  4398.89  0  0  4398.89  0  4398.89
1.8408e+13  0  613.6  -12537.2  0  0  -12537.2  0  -12537.2  4392.92  0  0  4392.92  0  4392.92
1.8417e+13  0  613.9  -12526.3  0  0  -12526.3  0  -12526.3  4386.95  0  0  4386.95  0  4386.95
1.8426e+13  0  614.2  -12515.4  0  0  -12515.4  0  -12515.4  4380.99  0  0  4380.99  0  4380.99
1.8435e+13  0  614.5  -12504.5  0  0  -12504.5  0  -12504.5  4375.04  0  0  4375.04  0  4375.04
1.8444e+13  0  614.8  -12493.6  0  0  -12493.6  0  -12493.6  4369.11  0  0  4369.11  0  4369.11
1.8453e+13  0  615.1  -12482.8  0  0  -12482.8  0  -12482.8  4363.18  0  0  4363.18  0  4363.18
1.8462e+13  0  615.4  -12471.9  0  0  -12471.9  0  -12471.9  4357.26  0  0  4357.26  0  4357.26
1.8471e+13  0  615.7  -12461.1  0  0  -12461.1  0  -12461.1  4351.36  0  0  4351.36  0  4351.36
1.848e+13  0  616  -12450.3  0  0  -12450.3  0  -12450.3  4345.46  0  0  4345.46  0  4345.46
1.8489e+13  0  616.3  -12439.5  0  0  -12439.5  0  -12439.5  4339.58  0  0  4339.58  0  4339.58
1.8498e+13  0  616.6  -12428.7  0  0  -12428.7  0  -12428.7  4333.71  0  0  4333.71  0  4333.71
1.8507e+13  0  616.9  -12417.9  0  0  -12417.9  0  -12417.9  4327.84  0  0  4327.84  0  4327.84
1.8516e+13  0  617.2  -12407.1  0  0  -12407.1  0  -12407.1  4321.99  0  0  4321.99  0  4321.99
1.8525e+13  0  617.5  -12396.4  0  0  -12396.4  0  -12396.4  4316.15  0  0  4316.15  0  4316.15
1.8534e+13  0  617.8  -12385.6  0  0  -12385.6  0  -12385.6  4310.32  0  0  4310.32  0  4310.32
1.8543e+13  0  618.1  -12374.9  0  0  -12374.9  0  -12374.9  4304.49  0  0  4304.49  0  4304.49
1.8552e+13  0  618.4  -12364.2  0  0  -12364.2  0  -12364.2  4298.68  0  0  4298.68  0  4298.68
1.8561e+13  0  618.7  -12353.5  0  0  -12353.5  0  -12353.5  4292.88  0  0  4292.88  0  4292.88
1.857e+13  0  619  -12342.8  0  0  -12342.8  0  -12342.8  4287.09  0  0  4287.09  0  4287.09
1.8579e+13  0  619.3  -12332.2  0  0  -12332.2  0  -12332.2  4281.31  0  0  4281.31  0  4281.31
1.8588e+13  0  619.6  -12321.5  0  0  -12321.5  0  -12321.5  4275.54  0  0  4275.54  0  4275.54
1.8597e+13  0  619.9  -12310.9  0  0  -12310.9  0  -12310.9  4269.78  0  0  4269.78  0  4269.78
1.8606e+13  0  620.2  -12300.2  0  0  -12300.2  0  -12300.2  4264.03  0  0  4264.03  0  4264.03
1.8615e+13  0  620.5  -12289.6  0  0  -12289.6  0  -12289.6  4258.29  0  0  4258.29  0  4258.29
1.8624e+13  0  620.8  -12279  0  0  -12279  0  -12279  4252.56  0  0  4252.56  0  4252.56
1.8633e+13  0  621.1  -12268.4  0  0  -12268.4  0  -12268.4  4246.84  0  0  4246.84  0  4246.84
1.8642e+13  0  621.4  -12257.8  0  0  -12257.8  0  -12257.8  4241.13  0  0  4241.13  0  4241.13
1.8651e+13  0  621.7  -12247.3  0  0  -12247.3  0  -12247.3  4235.43  0  0  4235.43  0  4235.43
1.866e+13  0  622  -12236.7  0  0  -12236.7  0  -12236.7  4229.74  0  0  4229.74  0  4229.74
1.8669e+13  0  622.3  -12226.2  0  0  -12226.2  0  -12226.2  4224.06  0  0  4224.06  0  4224.06
1.8678e+13  0  622.6  -12215.7  0  0  -12215.7  0  -12215.7  4218.39  0  0  4218.39  0  4218.39
1.8687e+13  0  622.9  -12205.2  0  0  -12205.2  0  -12205.2  4212.73  0  0  4212.73  0  4212.73
1.8696e+13  0  623.2  -12194.7  0  0  -12194.7  0  -12194.7  4207.08  0  0  4207.08  0  4207.08
1.8705e+13  0  623.5  -12184.2  0  0  -12184.2  0  -12184.2  4201.44  0  0  4201.44  0  4201.44
1.8714e+13  0  623.8  -12173.7  0  0  -12173.7  0  -12173.7  4195.81  0  0  4195.81  0  4195.81
1.8723e+13  0  624.1  -12163.2  0  0  -12163.2  0  -12163.2  4190.19  0  0  4190.19  0  4190.19
1.8732e+13  0  624.4  -12152.8  0  0  -12152.8  0  -12152.8  4184.58  0  0  4184.58  0  4184.58
1.8741e+13  0  624.7  -12142.4  0  0  -12142.4  0  -12142.4  4178.98  0  0  4178.98  0  4178.98
1.875e+13  0  625  -12131.9  0  0  -12131.9  0  -12131.9  4173.39  0  0  4173.39  0  4173.39
1.8759e+13  0  625.3  -12121.5  0  0  -12121.5  0  -12121.5  4167.81  0  0  4167.81  0  4167.81
1.8768e+13  0  625.6  -12111.1  0  0  -12111.1  0  -12111.1  4162.24  0  0  4162.24  0  4162.24
1.8777e+13  0  625.9  -12100.8  0  0  -12100.8  0  -12100.8  4156.68  0  0  4156.68  0  4156.68
1.8786e+13  0  626.2  -12090.4  0  0  -12090.4  0  -12090.4  4151.12  0  0  4151.12  0  4151.12
1.8795e+13  0  626.5  -12080  0  0  -12080  0  -12080  4145.58  0  0  4145.58  0  4145.58
1.8804e+13  0  626.8  -12069.7  0  0  -12069.7  0  -12069.7  4140.05  0  0  4140.05  0  4140.05
1.8813e+13  0  627.1  -12059.4  0  0  -12059.4  0  -12059.4  4134.53  0  0  4134.53  0  4134.53
1.8822e+13  0  627.4  -12049  0  0  -12049  0  -12049  4129.01  0  0  4129.01  0  4129.01
1.8831e+13  0  627.7  -12038.7  0  0  -12038.7  0  -12038.7  4123.51  0  0  4123.51  0  4123.51
1.884e+13  0  628  -12028.4  0  0  -12028.4  0  -12028.4  4118.02  0  0  4118.02  0  4118.02
1.8849e+13  0  628.3  -12018.2  0  0  -12018.2  0  -12018.2  4112.53  0  0  4112.53  0  4112.53
1.8858e+13  0  628.6  -12007.9  0  0  -12007.9  0  -12007.9  4107.06  0  0  4107.06  0  4107.06
1.8867e+13  0  628.9  -11997.6  0  0  -11997.6  0  -11997.6  4101.59  0  0  4101.59  0  4101.59
1.8876e+13  0  629.2  -11987.4  0  0  -11987.4  0  -11987.4  4096.14  0  0  4096.14  0  4096.14
1.8885e+13  0  629.5  -11977.2  0  0  -11977.2  0  -11977.2  4090.69  0  0  4090.69  0  4090.69
1.8894e+13  0  629.8  -11967  0  0  -11967  0  -11967  4085.26  0  0  4085.26  0  4085.26
1.8903e+13  0  630.1  -11956.7  0  0  -11956.7  0  -11956.7  4079.83  0  0  4079.83  0  4079.83
1.8912e+13  0  630.4  -11946.6  0  0  -11946.6  0  -11946.6  4074.41  0  0  4074.41  0  4074.41
1.8921e+13  0  630.7  -11936.4  0  0  -11936.4  0  -11936.4  4069  0  0  4069  0  4069
1.893e+13  0  631  -11926.2  0  0  -11926.2  0  -11926.2  4063.61  0  0  4063.61  0  4063.61
1.8939e+13  0  631.3  -11916.1  0  0  -11916.1  0  -11916.1  4058.22  0  0  4058.22  0  4058.22
1.8948e+13  0  631.6  -11905.9  0  0  -11905.9  0  -11905.9  4052.84  0  0  4052.84  0  4052.84
1.8957e+13  0  631.9  -11895.8  0  0  -11895.8  0  -11895.8  4047.47  0  0  4047.47  0  4047.47
1.8966e+13  0  632.2  -11885.7  0  0  -11885.7  0  -11885.7  4042.1  0  0  4042.1  0  4042.1
1.8975e+13  0  632.5  -11875.6  0  0  -11875.6  0  -11875.6  4036.75  0  0  4036.75  0  4036.75
1.8984e+13  0  632.8  -11865.5  0  0  -11865.5  0  -11865.5  4031.41  0  0  4031.41  0  4031.41
1.8993e+13  0  633.1  -11855.4  0  0  -11855.4  0  -11855.4  4026.08  0  0  4026.08  0  4026.08
1.9002e+13  0  633.4  -11845.3  0  0  -11845.3  0  -11845.3  4020.75  0  0  4020.75  0  4020.75
1.9011e+13  0  633.7  -11835.3  0  0  -11835.3  0  -11835.3  4015.44  0  0  4015.44  0  4015.44
1.902e+13  0  634  -11825.2  0  0  -11825.2  0  -11825.2  4010.13  0  0  4010.13  0  4010.13
1.9029e+13  0  634.3  -11815.2  0  0  -11815.2  0  -11815.2  4004.83  0  0  4004.83  0  4004.83
1.9038e+13  0  634.6  -11805.2  0  0  -11805.2  0  -11805.2  3999.55  0  0  3999.55  0  3999.55
1.9047e+13  0  634.9  -11795.2  0  0  -11795.2  0  -11795.2  3994.27  0  0  3994.27  0  3994.27
1.9056e+13  0  635.2  -11785.2  0  0  -11785.2  0  -11785.2  3989  0  0  3989  0  3989
1.9065e+13  0  635.5  -11775.2  0  0  -11775.2  0  -11775.2  3983.74  0  0  3983.74  0  3983.74
1.9074e+13  0  635.8  -11765.2  0  0  -11765.2  0  -11765.2  3978.49  0  0  3978.49  0  3978.49
1.9083e+13  0  636.1  -11755.3  0  0  -11755.3  0  -11755.3  3973.25  0  0  3973.25  0  3973.25
1.9092e+13  0  636.4  -11745.3  0  0  -11745.3  0  -11745.3  3968.01  0  0  3968.01  0  3968.01
1.9101e+13  0  636.7  -11735.4  0  0  -11735.4  0  -11735.4  3962.79  0  0  3962.79  0  3962.79
1.911e+13  0  637  -11725.5  0  0  -11725.5  0  -11725.5  3957.57  0  0  3957.57  0  3957.57
1.9119e+13  0  637.3  -11715.6  0  0  -11715.6  0  -11715.6  3952.37  0  0  3952.37  0  3952.37
1.9128e+13  0  637.6  -11705.7  0  0  -11705.7  0  -11705.7  3947.17  0  0  3947.17  0  3947.17
1.9137e+13  0  637.9  -11695.8  0  0  -11695.8  0  -11695.8  3941.98  0  0  3941.98  0  3941.98
1.9146e+13  0  638.2  -11685.9  0  0  -11685.9  0  -11685.9  3936.81  0  0  3936.81  0  3936.81
1.9155e+13  0  638.5  -11676  0  0  -11676  0  -11676  3931.64  0  0  3931.64  0  3931.64
1.9164e+13  0  638.8  -11666.2  0  0  -11666.2  0  -11666.2  3926.47  0  0  3926.47  0  3926.47
1.9173e+13  0  639.1  -11656.4  0  0  -11656.4  0  -11656.4  3921.32  0  0  3921.32  0  3921.32
1.9182e+13  0  639.4  -11646.5  0  0  -11646.5  0  -11646.5  3916.18  0  0  3916.18  0  3916.18
1.9191e+13  0  639.7  -11636.7  0  0  -11636.7  0  -11636.7  3911.04  0  0  3911.04  0  3911.04
1.92e+13  0  640  -11626.9  0  0  -11626.9  0  -11626.9  3905.92  0  0  3905.92  0  3905.92
1.9209e+13  0  640.3  -11617.1  0  0  -11617.1  0  -11617.1  3900.8  0  0  3900.8  0  3900.8
1.9218e+13  0  640.6  -11607.4  0  0  -11607.4  0  -11607.4  3895.69  0  0  3895.69  0  3895.69
1.9227e+13  0  640.9  -11597.6  0  0  -11597.6  0  -11597.6  3890.59  0  0  3890.59  0  3890.59
1.9236e+13  0  641.2  -11587.8  0  0  -11587.8  0  -11587.8  3885.5  0  0  3885.5  0  3885.5
1.9245e+13  0  641.5  -11578.1  0  0  -11578.1  0  -11578.1  3880.42  0  0  3880.42  0  3880.42
1.9254e+13  0  641.8  -11568.4  0  0  -11568.4  0  -11568.4  3875.35  0  0  3875.35  0  3875.35
1.9263e+13  0  642.1  -11558.6  0  0  -11558.6  0  -11558.6  3870.28  0  0  3870.28  0  3870.28
1.9272e+13  0  642.4  -11548.9  0  0  -11548.9  0  -11548.9  3865.23  0  0  3865.23  0  3865.23
1.9281e+13  0  642.7  -11539.2  0  0  -11539.2  0  -11539.2  3860.18  0  0  3860.18  0  3860.18
1.929e+13  0  643  -11529.6  0  0  -11529.6  0  -11529.6  3855.14  0  0  3855.14  0  3855.14
1.9299e+13  0  643.3  -11519.9  0  0  -11519.9  0  -11519.9  3850.11  0  0  3850.11  0  3850.11
1.9308e+13  0  643.6  -11510.2  0  0  -11510.2  0  -11510.2  3845.09  0  0  3845.09  0  3845.09
1.9317e+13  0  643.9  -11500.6  0  0  -11500.6  0  -11500.6  3840.08  0  0  3840.08  0  3840.08
1.9326e+13  0  644.2  -11490.9  0  0  -11490.9  0  -11490.9  3835.07  0  0  3835.07  0  3835.07
1.9335e+13  0  644.5  -11481.3  0  0  -11481.3  0  -11481.3  3830.08  0  0  3830.08  0  3830.08
1.9344e+13  0  644.8  -11471.7  0  0  -11471.7  0  -11471.7  3825.09  0  0  3825.09  0  3825.09
1.9353e+13  0  645.1  -11462.1  0  0  -11462.1  0  -11462.1  3820.11  0  0  3820.11  0  3820.11
1.9362e+13  0  645.4  -11452.5  0  0  -11452.5  0  -11452.5  3815.14  0  0  3815.14  0  3815.14
1.9371e+13  0  645.7  -11442.9  0  0  -11442.9  0  -11442.9  3810.18  0  0  3810.18  0  3810.18
1.938e+13  0  646  -11433.4  0  0  -11433.4  0  -11433.4  3805.23  0  0  3805.23  0  3805.23
1.9389e+13  0  646.3  -11423.8  0  0  -11423.8  0  -11423.8  3800.28  0  0  3800.28  0  3800.28
1.9398e+13  0  646.6  -11414.3  0  0  -11414.3  0  -11414.3  3795.35  0  0  3795.35  0  3795.35
1.9407e+13  0  646.9  -11404.8  0  0  -11404.8  0  -11404.8  3790.42  0  0  3790.42  0  3790.42
1.9416e+13  0  647.2  -11395.2  0  0  -11395.2  0  -11395.2  3785.5  0  0  3785.5  0  3785.5
1.9425e+13  0  647.5  -11385.7  0  0  -11385.7  0  -11385.7  3780.59  0  0  3780.59  0  3780.59
1.9434e+13  0  647.8  -11376.2  0  0  -11376.2  0  -11376.2  3775.68  0  0  3775.68  0  3775.68
1.9443e+13  0  648.1  -11366.7  0  0  -11366.7  0  -11366.7  3770.79  0  0  3770.79  0  3770.79
1.9452e+13  0  648.4  -11357.3  0  0  -11357.3  0  -11357.3  3765.9  0  0  3765.9  0  3765.9
1.9461e+13  0  648.7  -11347.8  0  0  -11347.8  0  -11347.8  3761.03  0  0  3761.03  0  3761.03
1.947e+13  0  649  -11338.4  0  0  -11338.4  0  -11338.4  3756.16  0  0  3756.16  0  3756.16
1.9479e+13  0  649.3  -11328.9  0  0  -11328.9  0  -11328.9  3751.29  0  0  3751.29  0  3751.29
1.9488e+13  0  649.6  -11319.5  0  0  -11319.5  0  -11319.5  3746.44  0  0  3746.44  0  3746.44
1.9497e+13  0  649.9  -11310.1  0  0  -11310.1  0  -11310.1  3741.6  0  0  3741.6  0  3741.6
1.9506e+13  0  650.2  -11300.7  0  0  -11300.7  0  -11300.7  3736.76  0  0  3736.76  0  3736.76
1.9515e+13  0  650.5  -11291.3  0  0  -11291.3  0  -11291.3  3731.93  0  0  3731.93  0  3731.93
1.9524e+13  0  650.8  -11281.9  0  0  -11281.9  0  -11281.9  3727.11  0  0  3727.11  0  3727.11
1.9533e+13  0  651.1  -11272.5  0  0  -11272.5  0  -11272.5  3722.3  0  0  3722.3  0  3722.3
1.9542e+13  0  651.4  -11263.1  0  0  -11263.1  0  -11263.1  3717.5  0  0  3717.5  0  3717.5
1.9551e+13  0  651.7  -11253.8  0  0  -11253.8  0  -11253.8  3712.7  0  0  3712.7  0  3712.7
1.956e+13  0  652  -11244.5  0  0  -11244.5  0  -11244.5  3707.91  0  0  3707.91  0  3707.91
1.9569e+13  0  652.3  -11235.1  0  0  -11235.1  0  -11235.1  3703.13  0  0  3703.13  0  3703.13
1.9578e+13  0  652.6  -11225.8  0  0  -11225.8  0  -11225.8  3698.36  0  0  3698.36  0  3698.36
1.9587e+13  0  652.9  -11216.5  0  0  -11216.5  0  -11216.5  3693.6  0  0  3693.6  0  3693.6
1.9596e+13  0  653.2  -11207.2  0  0  -11207.2  0  -11207.2  3688.84  0  0  3688.84  0  3688.84
1.9605e+13  0  653.5  -11197.9  0  0  -11197.9  0  -11197.9  3684.1  0  0  3684.1  0  3684.1
1.9614e+13  0  653.8  -11188.7  0  0  -11188.7  0  -11188.7  3679.36  0  0  3679.36  0  3679.36
1.9623e+13  0  654.1  -11179.4  0  0  -11179.4  0  -11179.4  3674.62  0  0  3674.62  0  3674.62
1.9632e+13  0  654.4  -11170.2  0  0  -11170.2  0  -11170.2  3669.9  0  0  3669.9  0  3669.9
1.9641e+13  0  654.7  -11160.9  0  0  -11160.9  0  -11160.9  3665.19  0  0  3665.19  0  3665.19
1.965e+13  0  655  -11151.7  0  0  -11151.7  0  -11151.7  3660.48  0  0  3660.48  0  3660.48
1.9659e+13  0  655.3  -11142.5  0  0  -11142.5  0  -11142.5  3655.78  0  0  3655.78  0  3655.78
1.9668e+13  0  655.6  -11133.3  0  0  -11133.3  0  -11133.3  3651.09  0  0  3651.09  0  3651.09
1.9677e+13  0  655.9  -11124.1  0  0  -11124.1  0  -11124.1  3646.4  0  0  3646.4  0  3646.4
1.9686e+13  0  656.2  -11114.9  0  0  -11114.9  0  -11114.9  3641.73  0  0  3641.73  0  3641.73
1.9695e+13  0  656.5  -11105.7  0  0  -11105.7  0  -11105.7  3637.06  0  0  3637.06  0  3637.06
1.9704e+13  0  656.8  -11096.6  0  0  -11096.6  0  -11096.6  3632.4  0  0  3632.4  0  3632.4
1.9713e+13  0  657.1  -11087.4  0  0  -11087.4  0  -11087.4  3627.75  0  0  3627.75  0  3627.75
1.9722e+13  0  657.4  -11078.3  0  0  -11078.3  0  -11078.3  3623.1  0  0  3623.1  0  3623.1
1.9731e+13  0  657.7  -11069.1  0  0  -11069.1  0  -11069.1  3618.47  0  0  3618.47  0  3618.47
1.974e+13  0  658  -11060  0  0  -11060  0  -11060  3613.84  0  0  3613.84  0  3613.84
1.9749e+13  0  658.3  -11050.9  0  0  -11050.9  0  -11050.9  3609.22  0  0  3609.22  0  3609.22
1.9758e+13  0  658.6  -11041.8  0  0  -11041.8  0  -11041.8  3604.6  0  0  3604.6  0  3604.6
1.9767e+13  0  658.9  -11032.7  0  0  -11032.7  0  -11032.7  3600  0  0  3600  0  3600
1.9776e+13  0  659.2  -11023.7  0  0  -11023.7  0  -11023.7  3595.4  0  0  3595.4  0  3595.4
1.9785e+13  0  659.5  -11014.6  0  0  -11014.6  0  -11014.6  3590.81  0  0  3590.81  0  3590.81
1.9794e+13  0  659.8  -11005.5  0  0  -11005.5  0  -11005.5  3586.23  0  0  3586.23  0  3586.23
1.9803e+13  0  660.1  -10996.5  0  0  -10996.5  0  -10996.5  3581.65  0  0  3581.65  0  3581.65
1.9812e+13  0  660.4  -10987.5  0  0  -10987.5  0  -10987.5  3577.08  0  0  3577.08  0  3577.08
1.9821e+13  0  660.7  -10978.4  0  0  -10978.4  0  -10978.4  3572.52  0  0  3572.52  0  3572.52
1.983e+13  0  661  -10969.4  0  0  -10969.4  0  -10969.4  3567.97  0  0  3567.97  0  3567.97
1.9839e+13  0  661.3  -10960.4  0  0  -10960.4  0  -10960.4  3563.43  0  0  3563.43  0  3563.43
1.9848e+13  0  661.6  -10951.5  0  0  -10951.5  0  -10951.5  3558.89  0  0  3558.89  0  3558.89
1.9857e+13  0  661.9  -10942.5  0  0  -10942.5  0  -10942.5  3554.36  0  0  3554.36  0  3554.36
1.9866e+13  0  662.2  -10933.5  0  0  -10933.5  0  -10933.5  3549.84  0  0  3549.84  0  3549.84
1.9875e+13  0  662.5  -10924.5  0  0  -10924.5  0  -10924.5  3545.33  0  0  3545.33  0  3545.33
1.9884e+13  0  662.8  -10915.6  0  0  -10915.6  0  -10915.6  3540.82  0  0  3540.82  0  3540.82
1.9893e+13  0  663.1  -10906.7  0  0  -10906.7  0  -10906.7  3536.32  0  0  3536.32  0  3536.32
1.9902e+13  0  663.4  -10897.7  0  0  -10897.7  0  -10897.7  3531.83  0  0  3531.83  0  3531.83
1.9911e+13  0  663.7  -10888.8  0  0  -10888.8  0  -10888.8  3527.34  0  0  3527.34  0  3527.34
1.992e+13  0  664  -10879.9  0  0  -10879.9  0  -10879.9  3522.87  0  0  3522.87  0  3522.87
1.9929e+13  0  664.3  -10871  0  0  -10871  0  -10871  3518.4  0  0  3518.4  0  3518.4
1.9938e+13  0  664.6  -10862.1  0  0  -10862.1  0  -10862.1  3513.94  0  0  3513.94  0  3513.94
1.9947e+13  0  664.9  -10853.3  0  0  -10853.3  0  -10853.3  3509.48  0  0  3509.48  0  3509.48
1.9956e+13  0  665.2  -10844.4  0  0  -10844.4  0  -10844.4  3505.04  0  0  3505.04  0  3505.04
1.9965e+13  0  665.5  -10835.6  0  0  -10835.6  0  -10835.6  3500.6  0  0  3500.6  0  3500.6
1.9974e+13  0  665.8  -10826.7  0  0  -10826.7  0  -10826.7  3496.16  0  0  3496.16  0  3496.16
1.9983e+13  0  666.1  -10817.9  0  0  -10817.9  0  -10817.9  3491.74  0  0  3491.74  0  3491.74
1.9992e+13  0  666.4  -10809.1  0  0  -10809.1  0  -10809.1  3487.32  0  0  3487.32  0  3487.32
2.0001e+13  0  666.7  -10800.3  0  0  -10800.3  0  -10800.3  3482.91  0  0  3482.91  0  3482.91
2.001e+13  0  667  -10791.5  0  0  -10791.5  0  -10791.5  3478.51  0  0  3478.51  0  3478.51
2.0019e+13  0  667.3  -10782.7  0  0  -10782.7  0  -10782.7  3474.11  0  0  3474.11  0  3474.11
2.0028e+13  0  667.6  -10773.9  0  0  -10773.9  0  -10773.9  3469.72  0  0  3469.72  0  3469.72
2.0037e+13  0  667.9  -10765.1  0  0  -10765.1  0  -10765.1  3465.34  0  0  3465.34  0  3465.34
2.0046e+13  0  668.2  -10756.4  0  0  -10756.4  0  -10756.4  3460.97  0  0  3460.97  0  3460.97
2.0055e+13  0  668.5  -10747.6  0  0  -10747.6  0  -10747.6  3456.6  0  0  3456.6  0  3456.6
2.0064e+13  0  668.8  -10738.9  0  0  -10738.9  0  -10738.9  3452.24  0  0  3452.24  0  3452.24
2.0073e+13  0  669.1  -10730.2  0  0  -10730.2  0  -10730.2  3447.89  0  0  3447.89  0  3447.89
2.0082e+13  0  669.4  -10721.4  0  0  -10721.4  0  -10721.4  3443.55  0  0  3443.55  0  3443.55
2.0091e+13  0  669.7  -10712.7  0  0  -10712.7  0  -10712.7  3439.21  0  0  3439.21  0  3439.21
2.01e+13  0  670  -10704  0  0  -10704  0  -10704  3434.88  0  0  3434.88  0  3434.88
2.0109e+13  0  670.3  -10695.4  0  0  -10695.4  0  -10695.4  3430.56  0  0  3430.56  0  3430.56
2.0118e+13  0  670.6  -10686.7  0  0  -10686.7  0  -10686.7  3426.24  0  0  3426.24  0  3426.24
2.0127e+13  0  670.9  -10678  0  0  -10678  0  -10678  3421.93  0  0  3421.93  0  3421.93
2.0136e+13  0  671.2  -10669.4  0  0  -10669.4  0  -10669.4  3417.63  0  0  3417.63  0  3417.63
2.0145e+13  0  671.5  -10660.7  0  0  -10660.7  0  -10660.7  3413.33  0  0  3413.33  0  3413.33
2.0154e+13  0  671.8  -10652.1  0  0  -10652.1  0  -10652.1  3409.05  0  0  3409.05  0  3409.05
2.0163e+13  0  672.1  -10643.5  0  0  -10643.5  0  -10643.5  3404.77  0  0  3404.77  0  3404.77
2.0172e+13  0  672.4  -10634.8  0  0  -10634.8  0  -10634.8  3400.49  0  0  3400.49  0  3400.49
2.0181e+13  0  672.7  -10626.2  0  0  -10626.2  0  -10626.2  3396.23  0  0  3396.23  0  3396.23
2.019e+13  0  673  -10617.6  0  0  -10617.6  0  -10617.6  3391.97  0  0  3391.97  0  3391.97
2.0199e+13  0  673.3  -10609.1  0  0  -10609.1  0  -10609.1  3387.71  0  0  3387.71  0  3387.71
2.0208e+13  0  673.6  -10600.5  0  0  -10600.5  0  -10600.5  3383.47  0  0  3383.47  0  3383.47
2.0217e+13  0  673.9  -10591.9  0  0  -10591.9  0  -10591.9  3379.23  0  0  3379.23  0  3379.23
2.0226e+13  0  674.2  -10583.4  0  0  -10583.4  0  -10583.4  3375  0  0  3375  0  3375
2.0235e+13  0  674.5  -10574.8  0  0  -10574.8  0  -10574.8  3370.77  0  0  3370.77  0  3370.77
2.0244e+13  0  674.8  -10566.3  0  0  -10566.3  0  -10566.3  3366.56  0  0  3366.56  0  3366.56
2.0253e+13  0  675.1  -10557.8  0  0  -10557.8  0  -10557.8  3362.35  0  0  3362.35  0  3362.35
2.0262e+13  0  675.4  -10549.3  0  0  -10549.3  0  -10549.3  3358.14  0  0  3358.14  0  3358.14
2.0271e+13  0  675.7  -10540.7  0  0  -10540.7  0  -10540.7  3353.94  0  0  3353.94  0  3353.94
2.028e+13  0  676  -10532.3  0  0  -10532.3  0  -10532.3  3349.75  0  0  3349.75  0  3349.75
2.0289e+13  0  676.3  -10523.8  0  0  -10523.8  0  -10523.8  3345.57  0  0  3345.57  0  3345.57
2.0298e+13  0  676.6  -10515.3  0  0  -10515.3  0  -10515.3  3341.4  0  0  3341.4  0  3341.4
2.0307e+13  0  676.9  -10506.8  0  0  -10506.8  0  -10506.8  3337.23  0  0  3337.23  0  3337.23
2.0316e+13  0  677.2  -10498.4  0  0  -10498.4  0  -10498.4  3333.06  0  0  3333.06  0  3333.06
2.0325e+13  0  677.5  -10489.9  0  0  -10489.9  0  -10489.9  3328.91  0  0  3328.91  0  3328.91
2.0334e+13  0  677.8  -10481.5  0  0  -10481.5  0  -10481.5  3324.76  0  0  3324.76  0  3324.76
2.0343e+13  0  678.1  -10473.1  0  0  -10473.1  0  -10473.1  3320.62  0  0  3320.62  0  3320.62
2.0352e+13  0  678.4  -10464.7  0  0  -10464.7  0  -10464.7  3316.48  0  0  3316.48  0  3316.48
2.0361e+13  0  678.7  -10456.2  0  0  -10456.2  0  -10456.2  3312.35  0  0  3312.35  0  3312.35
2.037e+13  0  679  -10447.9  0  0  -10447.9  0  -10447.9  3308.23  0  0  3308.23  0  3308.23
2.0379e+13  0  679.3  -10439.5  0  0  -10439.5  0  -10439.5  3304.11  0  0  3304.11  0  3304.11
2.0388e+13  0  679.6  -10431.1  0  0  -10431.1  0  -10431.1  3300.01  0  0  3300.01  0  3300.01
2.0397e+13  0  679.9  -10422.7  0  0  -10422.7  0  -10422.7  3295.9  0  0  3295.9  0  3295.9
2.0406e+13  0  680.2  -10414.4  0  0  -10414.4  0  -10414.4  3291.81  0  0  3291.81  0  3291.81
2.0415e+13  0  680.5  -10406  0  0  -10406  0  -10406  3287.72  0  0  3287.72  0  3287.72
2.0424e+13  0  680.8  -10397.7  0  0  -10397.7  0  -10397.7  3283.64  0  0  3283.64  0  3283.64
2.0433e+13  0  681.1  -10389.4  0  0  -10389.4  0  -10389.4  3279.56  0  0  3279.56  0  3279.56
2.0442e+13  0  681.4  -10381  0  0  -10381  0  -10381  3275.5  0  0  3275.5  0  3275.5
2.0451e+13  0  681.7  -10372.7  0  0  -10372.7  0  -10372.7  3271.43  0  0  3271.43  0  3271.43
2.046e+13  0  682  -10364.4  0  0  -10364.4  0  -10364.4  3267.38  0  0  3267.38  0  3267.38
2.0469e+13  0  682.3  -10356.1  0  0  -10356.1  0  -10356.1  3263.33  0  0  3263.33  0  3263.33
2.0478e+13  0  682.6  -10347.9  0  0  -10347.9  0  -10347.9  3259.29  0  0  3259.29  0  3259.29
2.0487e+13  0  682.9  -10339.6  0  0  -10339.6  0  -10339.6  3255.25  0  0  3255.25  0  3255.25
2.0496e+13  0  683.2  -10331.3  0  0  -10331.3  0  -10331.3  3251.22  0  0  3251.22  0  3251.22
2.0505e+13  0  683.5  -10323.1  0  0  -10323.1  0  -10323.1  3247.2  0  0  3247.2  0  3247.2
2.0514e+13  0  683.8  -10314.8  0  0  -10314.8  0  -10314.8  3243.19  0  0  3243.19  0  3243.19
2.0523e+13  0  684.1  -10306.6  0  0  -10306.6  0  -10306.6  3239.18  0  0  3239.18  0  3239.18
2.0532e+13  0  684.4  -10298.4  0  0  -10298.4  0  -10298.4  3235.17  0  0  3235.17  0  3235.17
2.0541e+13  0  684.7  -10290.2  0  0  -10290.2  0  -10290.2  3231.18  0  0  3231.18  0  3231.18
2.055e+13  0  685  -10282  0  0  -10282  0  -10282  3227.19  0  0  3227.19  0  3227.19
2.0559e+13  0  685.3  -10273.8  0  0  -10273.8  0  -10273.8  3223.2  0  0  3223.2  0  3223.2
2.0568e+13  0  685.6  -10265.6  0  0  -10265.6  0  -10265.6  3219.23  0  0  3219.23  0  3219.23
2.0577e+13  0  685.9  -10257.4  0  0  -10257.4  0  -10257.4  3215.26  0  0  3215.26  0  3215.26
2.0586e+13  0  686.2  -10249.2  0  0  -10249.2  0  -10249.2  3211.29  0  0  3211.29  0  3211.29
2.0595e+13  0  686.5  -10241.1  0  0  -10241.1  0  -10241.1  3207.33  0  0  3207.33  0  3207.33
2.0604e+13  0  686.8  -10232.9  0  0  -10232.9  0  -10232.9  3203.38  0  0  3203.38  0  3203.38
2.0613e+13  0  687.1  -10224.8  0  0  -10224.8  0  -10224.8  3199.44  0  0  3199.44  0  3199.44
2.0622e+13  0  687.4  -10216.7  0  0  -10216.7  0  -10216.7  3195.5  0  0  3195.5  0  3195.5
2.0631e+13  0  687.7  -10208.6  0  0  -10208.6  0  -10208.6  3191.57  0  0  3191.57  0  3191.57
2.064e+13  0  688  -10200.5  0  0  -10200.5  0  -10200.5  3187.64  0  0  3187.64  0  3187.64
2.0649e+13  0  688.3  -10192.4  0  0  -10192.4  0  -10192.4  3183.72  0  0  3183.72  0  3183.72
2.0658e+13  0  688.6  -10184.3  0  0  -10184.3  0  -10184.3  3179.81  0  0  3179.81  0  3179.81
2.0667e+13  0  688.9  -10176.2  0  0  -10176.2  0  -10176.2  3175.9  0  0  3175.9  0  3175.9
2.0676e+13  0  689.2  -10168.1  0  0  -10168.1  0  -10168.1  3172  0  0  3172  0  3172
2.0685e+13  0  689.5  -10160  0  0  -10160  0  -10160  3168.11  0  0  3168.11  0  3168.11
2.0694e+13  0  689.8  -10152  0  0  -10152  0  -10152  3164.22  0  0  3164.22  0  3164.22
2.0703e+13  0  690.1  -10144  0  0  -10144  0  -10144  3160.34  0  0  3160.34  0  3160.34
2.0712e+13  0  690.4  -10135.9  0  0  -10135.9  0  -10135.9  3156.46  0  0  3156.46  0  3156.46
2.0721e+13  0  690.7  -10127.9  0  0  -10127.9  0  -10127.9  3152.59  0  0  3152.59  0  3152.59
2.073e+13  0  691  -10119.9  0  0  -10119.9  0  -10119.9  3148.73  0  0  3148.73  0  3148.73
2.0739e+13  0  691.3  -10111.9  0  0  -10111.9  0  -10111.9  3144.87  0  0  3144.87  0  3144.87
2.0748e+13  0  691.6  -10103.9  0  0  -10103.9  0  -10103.9  3141.02  0  0  3141.02  0  3141.02
2.0757e+13  0  691.9  -10095.9  0  0  -10095.9  0  -10095.9  3137.18  0  0  3137.18  0  3137.18
2.0766e+13  0  692.2  -10087.9  0  0  -10087.9  0  -10087.9  3133.34  0  0  3133.34  0  3133.34
2.0775e+13  0  692.5  -10079.9  0  0  -10079.9  0  -10079.9  3129.51  0  0  3129.51  0  3129.51
2.0784e+13  0  692.8  -10072  0  0  -10072  0  -10072  3125.68  0  0  3125.68  0  3125.68
2.0793e+13  0  693.1  -10064  0  0  -10064  0  -10064  3121.86  0  0  3121.86  0  3121.86
2.0802e+13  0  693.4  -10056.1  0  0  -10056.1  0  -10056.1  3118.05  0  0  3118.05  0  3118.05
2.0811e+13  0  693.7  -10048.1  0  0  -10048.1  0  -10048.1  3114.24  0  0  3114.24  0  3114.24
2.082e+13  0  694  -10040.2  0  0  -10040.2  0  -10040.2  3110.44  0  0  3110.44  0  3110.44
2.0829e+13  0  694.3  -10032.3  0  0  -10032.3  0  -10032.3  3106.65  0  0  3106.65  0  3106.65
2.0838e+13  0  694.6  -10024.4  0  0  -10024.4  0  -10024.4  3102.86  0  0  3102.86  0  3102.86
2.0847e+13  0  694.9  -10016.5  0  0  -10016.5  0  -10016.5  3099.08  0  0  3099.08  0  3099.08
2.0856e+13  0  695.2  -10008.6  0  0  -10008.6  0  -10008.6  3095.3  0  0  3095.3  0  3095.3
2.0865e+13  0  695.5  -10000.7  0  0  -10000.7  0  -10000.7  3091.53  0  0  3091.53  0  3091.53
2.0874e+13  0  695.8  -9992.86  0  0  -9992.86  0  -9992.86  3087.76  0  0  3087.76  0  3087.76
2.0883e+13  0  696.1  -9985  0  0  -9985  0  -9985  3084  0  0  3084  0  3084
2.0892e+13  0  696.4  -9977.15  0  0  -9977.15  0  -9977.15  3080.25  0  0  3080.25  0  3080.25
2.0901e+13  0  696.7  -9969.3  0  0  -9969.3  0  -9969.3  3076.5  0  0  3076.5  0  3076.5
2.091e+13  0  697  -9961.47  0  0  -9961.47  0  -9961.47  3072.76  0  0  3072.76  0  3072.76
2.0919e+13  0  697.3  -9953.64  0  0  -9953.64  0  -9953.64  3069.03  0  0  3069.03  0  3069.03
2.0928e+13  0  697.6  -9945.83  0  0  -9945.83  0  -9945.83  3065.3  0  0  3065.3  0  3065.3
2.0937e+13  0  697.9  -9938.02  0  0  -9938.02  0  -9938.02  3061.58  0  0  3061.58  0  3061.58
2.0946e+13  0  698.2  -9930.22  0  0  -9930.22  0  -9930.22  3057.86  0  0  3057.86  0  3057.86
2.0955e+13  0  698.5  -9922.43  0  0  -9922.43  0  -9922.43  3054.15  0  0  3054.15  0  3054.15
2.0964e+13  0  698.8  -9914.65  0  0  -9914.65  0  -9914.65  3050.44  0  0  3050.44  0  3050.44
2.0973e+13  0  699.1  -9906.88  0  0  -9906.88  0  -9906.88  3046.74  0  0  3046.74  0  3046.74
2.0982e+13  0  699.4  -9899.11  0  0  -9899.11  0  -9899.11  3043.05  0  0  3043.05  0  3043.05
2.0991e+13  0  699.7  -9891.36  0  0  -9891.36  0  -9891.36  3039.36  0  0  3039.36  0  3039.36
2.1e+13  0  700  -9883.61  0  0  -9883.61  0  -9883.61  3035.68  0  0  3035.68  0  3035.68
2.1009e+13  0  700.3  -9875.88  0  0  -9875.88  0  -9875.88  3032.01  0  0  3032.01  0  3032.01
2.1018e+13  0  700.6  -9868.15  0  0  -9868.15  0  -9868.15  3028.34  0  0  3028.34  0  3028.34
2.1027e+13  0  700.9  -9860.43  0  0  -9860.43  0  -9860.43  3024.67  0  0  3024.67  0  3024.67
2.1036e+13  0  701.2  -9852.72  0  0  -9852.72  0  -9852.72  3021.01  0  0  3021.01  0  3021.01
2.1045e+13  0  701.5  -9845.02  0  0  -9845.02  0  -9845.02  3017.36  0  0  3017.36  0  3017.36
2.1054e+13  0  701.8  -9837.32  0  0  -9837.32  0  -9837.32  3013.71  0  0  3013.71  0  3013.71
2.1063e+13  0  702.1  -9829.64  0  0  -9829.64  0  -9829.64  3010.07  0  0  3010.07  0  3010.07
2.1072e+13  0  702.4  -9821.96  0  0  -9821.96  0  -9821.96  3006.44  0  0  3006.44  0  3006.44
2.1081e+13  0  702.7  -9814.3  0  0  -9814.3  0  -9814.3  3002.81  0  0  3002.81  0  3002.81
2.109e+13  0  703  -9806.64  0  0  -9806.64  0  -9806.64  2999.18  0  0  2999.18  0  2999.18
2.1099e+13  0  703.3  -9798.99  0  0  -9798.99  0  -9798.99  2995.57  0  0  2995.57  0  2995.57
2.1108e+13  0  703.6  -9791.35  0  0  -9791.35  0  -9791.35  2991.95  0  0  2991.95  0  2991.95
2.1117e+13  0  703.9  -9783.71  0  0  -9783.71  0  -9783.71  2988.35  0  0  2988.35  0  2988.35
2.1126e+13  0  704.2  -9776.09  0  0  -9776.09  0  -9776.09  2984.75  0  0  2984.75  0  2984.75
2.1135e+13  0  704.5  -9768.48  0  0  -9768.48  0  -9768.48  2981.15  0  0  2981.15  0  2981.15
2.1144e+13  0  704.8  -9760.87  0  0  -9760.87  0  -9760.87  2977.56  0  0  2977.56  0  2977.56
2.1153e+13  0  705.1  -9753.27  0  0  -9753.27  0  -9753.27  2973.98  0  0  2973.98  0  2973.98
2.1162e+13  0  705.4  -9745.68  0  0  -9745.68  0  -9745.68  2970.4  0  0  2970.4  0  2970.4
2.1171e+13  0  705.7  -9738.1  0  0  -9738.1  0  -9738.1  2966.83  0  0  2966.83  0  2966.83
2.118e+13  0  706  -9730.53  0  0  -9730.53  0  -9730.53  2963.26  0  0  2963.26  0  2963.26
2.1189e+13  0  706.3  -9722.97  0  0  -9722.97  0  -9722.97  2959.7  0  0  2959.7  0  2959.7
2.1198e+13  0  706.6  -9715.41  0  0  -9715.41  0  -9715.41  2956.15  0  0  2956.15  0  2956.15
2.1207e+13  0  706.9  -9707.86  0  0  -9707.86  0  -9707.86  2952.6  0  0  2952.6  0  2952.6
2.1216e+13  0  707.2  -9700.33  0  0  -9700.33  0  -9700.33  2949.05  0  0  2949.05  0  2949.05
2.1225e+13  0  707.5  -9692.8  0  0  -9692.8  0  -9692.8  2945.51  0  0  2945.51  0  2945.51
2.1234e+13  0  707.8  -9685.28  0  0  -9685.28  0  -9685.28  2941.98  0  0  2941.98  0  2941.98
2.1243e+13  0  708.1  -9677.76  0  0  -9677.76  0  -9677.76  2938.45  0  0  2938.45  0  2938.45
2.1252e+13  0  708.4  -9670.26  0  0  -9670.26  0  -9670.26  2934.93  0  0  2934.93  0  2934.93
2.1261e+13  0  708.7  -9662.76  0  0  -9662.76  0  -9662.76  2931.42  0  0  2931.42  0  2931.42
2.127e+13  0  709  -9655.28  0  0  -9655.28  0  -9655.28  2927.91  0  0  2927.91  0  2927.91
2.1279e+13  0  709.3  -9647.8  0  0  -9647.8  0  -9647.8  2924.4  0  0  2924.4  0  2924.4
2.1288e+13  0  709.6  -9640.33  0  0  -9640.33  0  -9640.33  2920.9  0  0  2920.9  0  2920.9
2.1297e+13  0  709.9  -9632.87  0  0  -9632.87  0  -9632.87  2917.41  0  0  2917.41  0  2917.41
2.1306e+13  0  710.2  -9625.41  0  0  -9625.41  0  -9625.41  2913.92  0  0  2913.92  0  2913.92
2.1315e+13  0  710.5  -9617.97  0  0  -9617.97  0  -9617.97  2910.43  0  0  2910.43  0  2910.43
2.1324e+13  0  710.8  -9610.53  0  0  -9610.53  0  -9610.53  2906.96  0  0  2906.96  0  2906.96
2.1333e+13  0  711.1  -9603.1  0  0  -9603.1  0  -9603.1  2903.48  0  0  2903.48  0  2903.48
2.1342e+13  0  711.4  -9595.68  0  0  -9595.68  0  -9595.68  2900.02  0  0  2900.02  0  2900.02
2.1351e+13  0  711.7  -9588.27  0  0  -9588.27  0  -9588.27  2896.56  0  0  2896.56  0  2896.56
2.136e+13  0  712  -9580.87  0  0  -9580.87  0  -9580.87  2893.1  0  0  2893.1  0  2893.1
2.1369e+13  0  712.3  -9573.47  0  0  -9573.47  0  -9573.47  2889.65  0  0  2889.65  0  2889.65
2.1378e+13  0  712.6  -9566.09  0  0  -9566.09  0  -9566.09  2886.2  0  0  2886.2  0  2886.2
2.1387e+13  0  712.9  -9558.71  0  0  -9558.71  0  -9558.71  2882.76  0  0  2882.76  0  2882.76
2.1396e+13  0  713.2  -9551.34  0  0  -9551.34  0  -9551.34  2879.33  0  0  2879.33  0  2879.33
2.1405e+13  0  713.5  -9543.98  0  0  -9543.98  0  -9543.98  2875.9  0  0  2875.9  0  2875.9
2.1414e+13  0  713.8  -9536.62  0  0  -9536.62  0  -9536.62  2872.48  0  0  2872.48  0  2872.48
2.1423e+13  0  714.1  -9529.28  0  0  -9529.28  0  -9529.28  2869.06  0  0  2869.06  0  2869.06
2.1432e+13  0  714.4  -9521.94  0  0  -9521.94  0  -9521.94  2865.65  0  0  2865.65  0  2865.65
2.1441e+13  0  714.7  -9514.61  0  0  -9514.61  0  -9514.61  2862.24  0  0  2862.24  0  2862.24
2.145e+13  0  715  -9507.29  0  0  -9507.29  0  -9507.29  2858.84  0  0  2858.84  0  2858.84
2.1459e+13  0  715.3  -9499.98  0  0  -9499.98  0  -9499.98  2855.44  0  0  2855.44  0  2855.44
2.1468e+13  0  715.6  -9492.68  0  0  -9492.68  0  -9492.68  2852.05  0  0  2852.05  0  2852.05
2.1477e+13  0  715.9  -9485.38  0  0  -9485.38  0  -9485.38  2848.66  0  0  2848.66  0  2848.66
2.1486e+13  0  716.2  -9478.09  0  0  -9478.09  0  -9478.09  2845.28  0  0  2845.28  0  2845.28
2.1495e+13  0  716.5  -9470.81  0  0  -9470.81  0  -9470.81  2841.9  0  0  2841.9  0  2841.9
2.1504e+13  0  716.8  -9463.54  0  0  -9463.54  0  -9463.54  2838.53  0  0  2838.53  0  2838.53
2.1513e+13  0  717.1  -9456.28  0  0  -9456.28  0  -9456.28  2835.17  0  0  2835.17  0  2835.17
2.1522e+13  0  717.4  -9449.02  0  0  -9449.02  0  -9449.02  2831.81  0  0  2831.81  0  2831.81
2.1531e+13  0  717.7  -9441.77  0  0  -9441.77  0  -9441.77  2828.45  0  0  2828.45  0  2828.45
2.154e+13  0  718  -9434.53  0  0  -9434.53  0  -9434.53  2825.1  0  0  2825.1  0  2825.1
2.1549e+13  0  718.3  -9427.3  0  0  -9427.3  0  -9427.3  2821.76  0  0  2821.76  0  2821.76
2.1558e+13  0  718.6  -9420.08  0  0  -9420.08  0  -9420.08  2818.42  0  0  2818.42  0  2818.42
2.1567e+13  0  718.9  -9412.86  0  0  -9412.86  0  -9412.86  2815.09  0  0  2815.09  0  2815.09
2.1576e+13  0  719.2  -9405.66  0  0  -9405.66  0  -9405.66  2811.76  0  0  2811.76  0  2811.76
2.1585e+13  0  719.5  -9398.46  0  0  -9398.46  0  -9398.46  2808.43  0  0  2808.43  0  2808.43
2.1594e+13  0  719.8  -9391.27  0  0  -9391.27  0  -9391.27  2805.12  0  0  2805.12  0  2805.12
2.1603e+13  0  720.1  -9384.08  0  0  -9384.08  0  -9384.08  2801.8  0  0  2801.8  0  2801.8
2.1612e+13  0  720.4  -9376.91  0  0  -9376.91  0  -9376.91  2798.49  0  0  2798.49  0  2798.49
2.1621e+13  0  720.7  -9369.74  0  0  -9369.74  0  -9369.74  2795.19  0  0  2795.19  0  2795.19
2.163e+13  0  721  -9362.58  0  0  -9362.58  0  -9362.58  2791.89  0  0  2791.89  0  2791.89
2.1639e+13  0  721.3  -9355.43  0  0  -9355.43  0  -9355.43  2788.6  0  0  2788.6  0  2788.6
2.1648e+13  0  721.6  -9348.29  0  0  -9348.29  0  -9348.29  2785.31  0  0  2785.31  0  2785.31
2.1657e+13  0  721.9  -9341.15  0  0  -9341.15  0  -9341.15  2782.03  0  0  2782.03  0  2782.03
2.1666e+13  0  722.2  -9334.03  0  0  -9334.03  0  -9334.03  2778.75  0  0  2778.75  0  2778.75
2.1675e+13  0  722.5  -9326.91  0  0  -9326.91  0  -9326.91  2775.48  0  0  2775.48  0  2775.48
2.1684e+13  0  722.8  -9319.8  0  0  -9319.8  0  -9319.8  2772.21  0  0  2772.21  0  2772.21
2.1693e+13  0  723.1  -9312.69  0  0  -9312.69  0  -9312.69  2768.95  0  0  2768.95  0  2768.95
2.1702e+13  0  723.4  -9305.6  0  0  -9305.6  0  -9305.6  2765.69  0  0  2765.69  0  2765.69
2.1711e+13  0  723.7  -9298.51  0  0  -9298.51  0  -9298.51  2762.44  0  0  2762.44  0  2762.44
2.172e+13  0  724  -9291.43  0  0  -9291.43  0  -9291.43  2759.19  0  0  2759.19  0  2759.19
2.1729e+13  0  724.3  -9284.36  0  0  -9284.36  0  -9284.36  2755.95  0  0  2755.95  0  2755.95
2.1738e+13  0  724.6  -9277.29  0  0  -9277.29  0  -9277.29  2752.72  0  0  2752.72  0  2752.72
2.1747e+13  0  724.9  -9270.24  0  0  -9270.24  0  -9270.24  2749.48  0  0  2749.48  0  2749.48
2.1756e+13  0  725.2  -9263.19  0  0  -9263.19  0  -9263.19  2746.26  0  0  2746.26  0  2746.26
2.1765e+13  0  725.5  -9256.15  0  0  -9256.15  0  -9256.15  2743.03  0  0  2743.03  0  2743.03
2.1774e+13  0  725.8  -9249.11  0  0  -9249.11  0  -9249.11  2739.82  0  0  2739.82  0  2739.82
2.1783e+13  0  726.1  -9242.09  0  0  -9242.09  0  -9242.09  2736.6  0  0  2736.6  0  2736.6
2.1792e+13  0  726.4  -9235.07  0  0  -9235.07  0  -9235.07  2733.4  0  0  2733.4  0  2733.4
2.1801e+13  0  726.7  -9228.06  0  0  -9228.06  0  -9228.06  2730.2  0  0  2730.2  0  2730.2
2.181e+13  0  727  -9221.06  0  0  -9221.06  0  -9221.06  2727  0  0  2727  0  2727
2.1819e+13  0  727.3  -9214.06  0  0  -9214.06  0  -9214.06  2723.81  0  0  2723.81  0  2723.81
2.1828e+13  0  727.6  -9207.08  0  0  -9207.08  0  -9207.08  2720.62  0  0  2720.62  0  2720.62
2.1837e+13  0  727.9  -9200.1  0  0  -9200.1  0  -9200.1  2717.44  0  0  2717.44  0  2717.44
2.1846e+13  0  728.2  -9193.13  0  0  -9193.13  0  -9193.13  2714.26  0  0  2714.26  0  2714.26
2.1855e+13  0  728.5  -9186.16  0  0  -9186.16  0  -9186.16  2711.08  0  0  2711.08  0  2711.08
2.1864e+13  0  728.8  -9179.21  0  0  -9179.21  0  -9179.21  2707.92  0  0  2707.92  0  2707.92
2.1873e+13  0  729.1  -9172.26  0  0  -9172.26  0  -9172.26  2704.75  0  0  2704.75  0  2704.75
2.1882e+13  0  729.4  -9165.32  0  0  -9165.32  0  -9165.32  2701.6  0  0  2701.6  0  2701.6
2.1891e+13  0  729.7  -9158.39  0  0  -9158.39  0  -9158.39  2698.44  0  0  2698.44  0  2698.44
2.19e+13  0  730  -9151.46  0  0  -9151.46  0  -9151.46  2695.29  0  0  2695.29  0  2695.29
2.1909e+13  0  730.3  -9144.54  0  0  -9144.54  0  -9144.54  2692.15  0  0  2692.15  0  2692.15
2.1918e+13  0  730.6  -9137.63  0  0  -9137.63  0  -9137.63  2689.01  0  0  2689.01  0  2689.01
2.1927e+13  0  730.9  -9130.73  0  0  -9130.73  0  -9130.73  2685.88  0  0  2685.88  0  2685.88
2.1936e+13  0  731.2  -9123.84  0  0  -9123.84  0  -9123.84  2682.75  0  0  2682.75  0  2682.75
2.1945e+13  0  731.5  -9116.95  0  0  -9116.95  0  -9116.95  2679.62  0  0  2679.62  0  2679.62
2.1954e+13  0  731.8  -9110.07  0  0  -9110.07  0  -9110.07  2676.5  0  0  2676.5  0  2676.5
2.1963e+13  0  732.1  -9103.2  0  0  -9103.2  0  -9103.2  2673.39  0  0  2673.39  0  2673.39
2.1972e+13  0  732.4  -9096.33  0  0  -9096.33  0  -9096.33  2670.28  0  0  2670.28  0  2670.28
2.1981e+13  0  732.7  -9089.48  0  0  -9089.48  0  -9089.48  2667.17  0  0  2667.17  0  2667.17
2.199e+13  0  733  -9082.63  0  0  -9082.63  0  -9082.63  2664.07  0  0  2664.07  0  2664.07
2.1999e+13  0  733.3  -9075.79  0  0  -9075.79  0  -9075.79  2660.98  0  0  2660.98  0  2660.98
2.2008e+13  0  733.6  -9068.95  0  0  -9068.95  0  -9068.95  2657.88  0  0  2657.88  0  2657.88
2.2017e+13  0  733.9  -9062.12  0  0  -9062.12  0  -9062.12  2654.8  0  0  2654.8  0  2654.8
2.2026e+13  0  734.2  -9055.3  0  0  -9055.3  0  -9055.3  2651.72  0  0  2651.72  0  2651.72
2.2035e+13  0  734.5  -9048.49  0  0  -9048.49  0  -9048.49  2648.64  0  0  2648.64  0  2648.64
2.2044e+13  0  734.8  -9041.69  0  0  -9041.69  0  -9041.69  2645.57  0  0  2645.57  0  2645.57
2.2053e+13  0  735.1  -9034.89  0  0  -9034.89  0  -9034.89  2642.5  0  0  2642.5  0  2642.5
2.2062e+13  0  735.4  -9028.1  0  0  -9028.1  0  -9028.1  2639.44  0  0  2639.44  0  2639.44
2.2071e+13  0  735.7  -9021.32  0  0  -9021.32  0  -9021.32  2636.38  0  0  2636.38  0  2636.38
2.208e+13  0  736  -9014.54  0  0  -9014.54  0  -9014.54  2633.32  0  0  2633.32  0  2633.32
2.2089e+13  0  736.3  -9007.78  0  0  -9007.78  0  -9007.78  2630.28  0  0  2630.28  0  2630.28
2.2098e+13  0  736.6  -9001.02  0  0  -9001.02  0  -9001.02  2627.23  0  0  2627.23  0  2627.23
2.2107e+13  0  736.9  -8994.26  0  0  -8994.26  0  -8994.26  2624.19  0  0  2624.19  0  2624.19
2.2116e+13  0  737.2  -8987.52  0  0  -8987.52  0  -8987.52  2621.16  0  0  2621.16  0  2621.16
2.2125e+13  0  737.5  -8980.78  0  0  -8980.78  0  -8980.78  2618.13  0  0  2618.13  0  2618.13
2.2134e+13  0  737.8  -8974.05  0  0  -8974.05  0  -8974.05  2615.1  0  0  2615.1  0  2615.1
2.2143e+13  0  738.1  -8967.33  0  0  -8967.33  0  -8967.33  2612.08  0  0  2612.08  0  2612.08
2.2152e+13  0  738.4  -8960.61  0  0  -8960.61  0  -8960.61  2609.06  0  0  2609.06  0  2609.06
2.2161e+13  0  738.7  -8953.9  0  0  -8953.9  0  -8953.9  2606.05  0  0  2606.05  0  2606.05
2.217e+13  0  739  -8947.2  0  0  -8947.2  0  -8947.2  2603.04  0  0  2603.04  0  2603.04
2.2179e+13  0  739.3  -8940.51  0  0  -8940.51  0  -8940.51  2600.04  0  0  2600.04  0  2600.04
2.2188e+13  0  739.6  -8933.82  0  0  -8933.82  0  -8933.82  2597.04  0  0  2597.04  0  2597.04
2.2197e+13  0  739.9  -8927.14  0  0  -8927.14  0  -8927.14  2594.05  0  0  2594.05  0  2594.05
2.2206e+13  0  740.2  -8920.47  0  0  -8920.47  0  -8920.47  2591.06  0  0  2591.06  0  2591.06
2.2215e+13  0  740.5  -8913.81  0  0  -8913.81  0  -8913.81  2588.07  0  0  2588.07  0  2588.07
2.2224e+13  0  740.8  -8907.15  0  0  -8907.15  0  -8907.15  2585.09  0  0  2585.09  0  2585.09
2.2233e+13  0  741.1  -8900.5  0  0  -8900.5  0  -8900.5  2582.12  0  0  2582.12  0  2582.12
2.2242e+13  0  741.4  -8893.86  0  0  -8893.86  0  -8893.86  2579.15  0  0  2579.15  0  2579.15
2.2251e+13  0  741.7  -8887.22  0  0  -8887.22  0  -8887.22  2576.18  0  0  2576.18  0  2576.18
2.226e+13  0  742  -8880.59  0  0  -8880.59  0  -8880.59  2573.22  0  0  2573.22  0  2573.22
2.2269e+13  0  742.3  -8873.97  0  0  -8873.97  0  -8873.97  2570.26  0  0  2570.26  0  2570.26
2.2278e+13  0  742.6  -8867.36  0  0  -8867.36  0  -8867.36  2567.31  0  0  2567.31  0  2567.31
2.2287e+13  0  742.9  -8860.75  0  0  -8860.75  0  -8860.75  2564.36  0  0  2564.36  0  2564.36
2.2296e+13  0  743.2  -8854.15  0  0  -8854.15  0  -8854.15  2561.41  0  0  2561.41  0  2561.41
2.2305e+13  0  743.5  -8847.56  0  0  -8847.56  0  -8847.56  2558.47  0  0  2558.47  0  2558.47
2.2314e+13  0  743.8  -8840.97  0  0  -8840.97  0  -8840.97  2555.54  0  0  2555.54  0  2555.54
2.2323e+13  0  744.1  -8834.39  0  0  -8834.39  0  -8834.39  2552.61  0  0  2552.61  0  2552.61
2.2332e+13  0  744.4  -8827.82  0  0  -8827.82  0  -8827.82  2549.68  0  0  2549.68  0  2549.68
2.2341e+13  0  744.7  -8821.26  0  0  -8821.26  0  -8821.26  2546.76  0  0  2546.76  0  2546.76
2.235e+13  0  745  -8814.7  0  0  -8814.7  0  -8814.7  2543.84  0  0  2543.84  0  2543.84
2.2359e+13  0  745.3  -8808.15  0  0  -8808.15  0  -8808.15  2540.93  0  0  2540.93  0  2540.93
2.2368e+13  0  745.6  -8801.61  0  0  -8801.61  0  -8801.61  2538.02  0  0  2538.02  0  2538.02
2.2377e+13  0  745.9  -8795.07  0  0  -8795.07  0  -8795.07  2535.11  0  0  2535.11  0  2535.11
2.2386e+13  0  746.2  -8788.55  0  0  -8788.55  0  -8788.55  2532.21  0  0  2532.21  0  2532.21
2.2395e+13  0  746.5  -8782.02  0  0  -8782.02  0  -8782.02  2529.32  0  0  2529.32  0  2529.32
2.2404e+13  0  746.8  -8775.51  0  0  -8775.51  0  -8775.51  2526.43  0  0  2526.43  0  2526.43
2.2413e+13  0  747.1  -8769  0  0  -8769  0  -8769  2523.54  0  0  2523.54  0  2523.54
2.2422e+13  0  747.4  -8762.5  0  0  -8762.5  0  -8762.5  2520.66  0  0  2520.66  0  2520.66
2.2431e+13  0  747.7  -8756.01  0  0  -8756.01  0  -8756.01  2517.78  0  0  2517.78  0  2517.78
2.244e+13  0  748  -8749.52  0  0  -8749.52  0  -8749.52  2514.9  0  0  2514.9  0  2514.9
2.2449e+13  0  748.3  -8743.04  0  0  -8743.04  0  -8743.04  2512.03  0  0  2512.03  0  2512.03
2.2458e+13  0  748.6  -8736.57  0  0  -8736.57  0  -8736.57  2509.17  0  0  2509.17  0  2509.17
2.2467e+13  0  748.9  -8730.11  0  0  -8730.11  0  -8730.11  2506.31  0  0  2506.31  0  2506.31
2.2476e+13  0  749.2  -8723.65  0  0  -8723.65  0  -8723.65  2503.45  0  0  2503.45  0  2503.45
2.2485e+13  0  749.5  -8717.2  0  0  -8717.2  0  -8717.2  2500.6  0  0  2500.6  0  2500.6
2.2494e+13  0  749.8  -8710.75  0  0  -8710.75  0  -8710.75  2497.75  0  0  2497.75  0  2497.75
2.2503e+13  0  750.1  -8704.32  0  0  -8704.32  0  -8704.32  2494.9  0  0  2494.9  0  2494.9
2.2512e+13  0  750.4  -8697.88  0  0  -8697.88  0  -8697.88  2492.06  0  0  2492.06  0  2492.06
2.2521e+13  0  750.7  -8691.46  0  0  -8691.46  0  -8691.46  2489.23  0  0  2489.23  0  2489.23
2.253e+13  0  751  -8685.04  0  0  -8685.04  0  -8685.04  2486.4  0  0  2486.4  0  2486.4
2.2539e+13  0  751.3  -8678.63  0  0  -8678.63  0  -8678.63  2483.57  0  0  2483.57  0  2483.57
2.2548e+13  0  751.6  -8672.23  0  0  -8672.23  0  -8672.23  2480.75  0  0  2480.75  0  2480.75
2.2557e+13  0  751.9  -8665.84  0  0  -8665.84  0  -8665.84  2477.93  0  0  2477.93  0  2477.93
2.2566e+13  0  752.2  -8659.45  0  0  -8659.45  0  -8659.45  2475.11  0  0  2475.11  0  2475.11
2.2575e+13  0  752.5  -8653.06  0  0  -8653.06  0  -8653.06  2472.3  0  0  2472.3  0  2472.3
2.2584e+13  0  752.8  -8646.69  0  0  -8646.69  0  -8646.69  2469.5  0  0  2469.5  0  2469.5
2.2593e+13  0  753.1  -8640.32  0  0  -8640.32  0  -8640.32  2466.7  0  0  2466.7  0  2466.7
2.2602e+13  0  753.4  -8633.96  0  0  -8633.96  0  -8633.96  2463.9  0  0  2463.9  0  2463.9
2.2611e+13  0  753.7  -8627.6  0  0  -8627.6  0  -8627.6  2461.11  0  0  2461.11  0  2461.11
2.262e+13  0  754  -8621.26  0  0  -8621.26  0  -8621.26  2458.32  0  0  2458.32  0  2458.32
2.2629e+13  0  754.3  -8614.92  0  0  -8614.92  0  -8614.92  2455.53  0  0  2455.53  0  2455.53
2.2638e+13  0  754.6  -8608.58  0  0  -8608.58  0  -8608.58  2452.75  0  0  2452.75  0  2452.75
2.2647e+13  0  754.9  -8602.25  0  0  -8602.25  0  -8602.25  2449.97  0  0  2449.97  0  2449.97
2.2656e+13  0  755.2  -8595.93  0  0  -8595.93  0  -8595.93  2447.2  0  0  2447.2  0  2447.2
2.2665e+13  0  755.5  -8589.62  0  0  -8589.62  0  -8589.62  2444.43  0  0  2444.43  0  2444.43
2.2674e+13  0  755.8  -8583.31  0  0  -8583.31  0  -8583.31  2441.67  0  0  2441.67  0  2441.67
2.2683e+13  0  756.1  -8577.01  0  0  -8577.01  0  -8577.01  2438.91  0  0  2438.91  0  2438.91
2.2692e+13  0  756.4  -8570.72  0  0  -8570.72  0  -8570.72  2436.15  0  0  2436.15  0  2436.15
2.2701e+13  0  756.7  -8564.43  0  0  -8564.43  0  -8564.43  2433.4  0  0  2433.4  0  2433.4
2.271e+13  0  757  -8558.15  0  0  -8558.15  0  -8558.15  2430.65  0  0  2430.65  0  2430.65
2.2719e+13  0  757.3  -8551.88  0  0  -8551.88  0  -8551.88  2427.91  0  0  2427.91  0  2427.91
2.2728e+13  0  757.6  -8545.61  0  0  -8545.61  0  -8545.61  2425.17  0  0  2425.17  0  2425.17
2.2737e+13  0  757.9  -8539.35  0  0  -8539.35  0  -8539.35  2422.43  0  0  2422.43  0  2422.43
2.2746e+13  0  758.2  -8533.1  0  0  -8533.1  0  -8533.1  2419.7  0  0  2419.7  0  2419.7
2.2755e+13  0  758.5  -8526.85  0  0  -8526.85  0  -8526.85  2416.97  0  0  2416.97  0  2416.97
2.2764e+13  0  758.8  -8520.61  0  0  -8520.61  0  -8520.61  2414.25  0  0  2414.25  0  2414.25
2.2773e+13  0  759.1  -8514.38  0  0  -8514.38  0  -8514.38  2411.53  0  0  2411.53  0  2411.53
2.2782e+13  0  759.4  -8508.15  0  0  -8508.15  0  -8508.15  2408.81  0  0  2408.81  0  2408.81
2.2791e+13  0  759.7  -8501.93  0  0  -8501.93  0  -8501.93  2406.1  0  0  2406.1  0  2406.1
2.28e+13  0  760  -8495.72  0  0  -8495.72  0  -8495.72  2403.39  0  0  2403.39  0  2403.39
2.2809e+13  0  760.3  -8489.51  0  0  -8489.51  0  -8489.51  2400.69  0  0  2400.69  0  2400.69
2.2818e+13  0  760.6  -8483.31  0  0  -8483.31  0  -8483.31  2397.99  0  0  2397.99  0  2397.99
2.2827e+13  0  760.9  -8477.12  0  0  -8477.12  0  -8477.12  2395.29  0  0  2395.29  0  2395.29
2.2836e+13  0  761.2  -8470.93  0  0  -8470.93  0  -8470.93  2392.6  0  0  2392.6  0  2392.6
2.2845e+13  0  761.5  -8464.75  0  0  -8464.75  0  -8464.75  2389.92  0  0  2389.92  0  2389.92
2.2854e+13  0  761.8  -8458.57  0  0  -8458.57  0  -8458.57  2387.23  0  0  2387.23  0  2387.23
2.2863e+13  0  762.1  -8452.41  0  0  -8452.41  0  -8452.41  2384.55  0  0  2384.55  0  2384.55
2.2872e+13  0  762.4  -8446.25  0  0  -8446.25  0  -8446.25  2381.88  0  0  2381.88  0  2381.88
2.2881e+13  0  762.7  -8440.09  0  0  -8440.09  0  -8440.09  2379.21  0  0  2379.21  0  2379.21
2.289e+13  0  763  -8433.94  0  0  -8433.94  0  -8433.94  2376.54  0  0  2376.54  0  2376.54
2.2899e+13  0  763.3  -8427.8  0  0  -8427.8  0  -8427.8  2373.87  0  0  2373.87  0  2373.87
2.2908e+13  0  763.6  -8421.67  0  0  -8421.67  0  -8421.67  2371.21  0  0  2371.21  0  2371.21
2.2917e+13  0  763.9  -8415.54  0  0  -8415.54  0  -8415.54  2368.56  0  0  2368.56  0  2368.56
2.2926e+13  0  764.2  -8409.42  0  0  -8409.42  0  -8409.42  2365.91  0  0  2365.91  0  2365.91
2.2935e+13  0  764.5  -8403.3  0  0  -8403.3  0  -8403.3  2363.26  0  0  2363.26  0  2363.26
2.2944e+13  0  764.8  -8397.2  0  0  -8397.2  0  -8397.2  2360.61  0  0  2360.61  0  2360.61
2.2953e+13  0  765.1  -8391.09  0  0  -8391.09  0  -8391.09  2357.97  0  0  2357.97  0  2357.97
2.2962e+13  0  765.4  -8385  0  0  -8385  0  -8385  2355.34  0  0  2355.34  0  2355.34
2.2971e+13  0  765.7  -8378.91  0  0  -8378.91  0  -8378.91  2352.7  0  0  2352.7  0  2352.7
2.298e+13  0  766  -8372.83  0  0  -8372.83  0  -8372.83  2350.08  0  0  2350.08  0  2350.08
2.2989e+13  0  766.3  -8366.75  0  0  -8366.75  0  -8366.75  2347.45  0  0  2347.45  0  2347.45
2.2998e+13  0  766.6  -8360.68  0  0  -8360.68  0  -8360.68  2344.83  0  0  2344.83  0  2344.83
2.3007e+13  0  766.9  -8354.62  0  0  -8354.62  0  -8354.62  2342.21  0  0  2342.21  0  2342.21
2.3016e+13  0  767.2  -8348.56  0  0  -8348.56  0  -8348.56  2339.6  0  0  2339.6  0  2339.6
2.3025e+13  0  767.5  -8342.51  0  0  -8342.51  0  -8342.51  2336.99  0  0  2336.99  0  2336.99
2.3034e+13  0  767.8  -8336.47  0  0  -8336.47  0  -8336.47  2334.38  0  0  2334.38  0  2334.38
2.3043e+13  0  768.1  -8330.43  0  0  -8330.43  0  -8330.43  2331.78  0  0  2331.78  0  2331.78
2.3052e+13  0  768.4  -8324.4  0  0  -8324.4  0  -8324.4  2329.18  0  0  2329.18  0  2329.18
2.3061e+13  0  768.7  -8318.37  0  0  -8318.37  0  -8318.37  2326.59  0  0  2326.59  0  2326.59
2.307e+13  0  769  -8312.35  0  0  -8312.35  0  -8312.35  2324  0  0  2324  0  2324
2.3079e+13  0  769.3  -8306.34  0  0  -8306.34  0  -8306.34  2321.41  0  0  2321.41  0  2321.41
2.3088e+13  0  769.6  -8300.34  0  0  -8300.34  0  -8300.34  2318.83  0  0  2318.83  0  2318.83
2.3097e+13  0  769.9  -8294.34  0  0  -8294.34  0  -8294.34  2316.25  0  0  2316.25  0  2316.25
2.3106e+13  0  770.2  -8288.34  0  0  -8288.34  0  -8288.34  2313.68  0  0  2313.68  0  2313.68
2.3115e+13  0  770.5  -8282.36  0  0  -8282.36  0  -8282.36  2311.11  0  0  2311.11  0  2311.11
2.3124e+13  0  770.8  -8276.38  0  0  -8276.38  0  -8276.38  2308.54  0  0  2308.54  0  2308.54
2.3133e+13  0  771.1  -8270.4  0  0  -8270.4  0  -8270.4  2305.97  0  0  2305.97  0  2305.97
2.3142e+13  0  771.4  -8264.43  0  0  -8264.43  0  -8264.43  2303.41  0  0  2303.41  0  2303.41
2.3151e+13  0  771.7  -8258.47  0  0  -8258.47  0  -8258.47  2300.86  0  0  2300.86  0  2300.86
2.316e+13  0  772  -8252.52  0  0  -8252.52  0  -8252.52  2298.3  0  0  2298.3  0  2298.3
2.3169e+13  0  772.3  -8246.57  0  0  -8246.57  0  -8246.57  2295.76  0  0  2295.76  0  2295.76
2.3178e+13  0  772.6  -8240.62  0  0  -8240.62  0  -8240.62  2293.21  0  0  2293.21  0  2293.21
2.3187e+13  0  772.9  -8234.69  0  0  -8234.69  0  -8234.69  2290.67  0  0  2290.67  0  2290.67
2.3196e+13  0  773.2  -8228.76  0  0  -8228.76  0  -8228.76  2288.13  0  0  2288.13  0  2288.13
2.3205e+13  0  773.5  -8222.83  0  0  -8222.83  0  -8222.83  2285.6  0  0  2285.6  0  2285.6
2.3214e+13  0  773.8  -8216.92  0  0  -8216.92  0  -8216.92  2283.07  0  0  2283.07  0  2283.07
2.3223e+13  0  774.1  -8211  0  0  -8211  0  -8211  2280.54  0  0  2280.54  0  2280.54
2.3232e+13  0  774.4  -8205.1  0  0  -8205.1  0  -8205.1  2278.02  0  0  2278.02  0  2278.02
2.3241e+13  0  774.7  -8199.2  0  0  -8199.2  0  -8199.2  2275.5  0  0  2275.5  0  2275.5
2.325e+13  0  775  -8193.31  0  0  -8193.31  0  -8193.31  2272.98  0  0  2272.98  0  2272.98
2.3259e+13  0  775.3  -8187.42  0  0  -8187.42  0  -8187.42  2270.47  0  0  2270.47  0  2270.47
2.3268e+13  0  775.6  -8181.54  0  0  -8181.54  0  -8181.54  2267.96  0  0  2267.96  0  2267.96
2.3277e+13  0  775.9  -8175.66  0  0  -8175.66  0  -8175.66  2265.46  0  0  2265.46  0  2265.46
2.3286e+13  0  776.2  -8169.8  0  0  -8169.8  0  -8169.8  2262.96  0  0  2262.96  0  2262.96
2.3295e+13  0  776.5  -8163.93  0  0  -8163.93  0  -8163.93  2260.46  0  0  2260.46  0  2260.46
2.3304e+13  0  776.8  -8158.08  0  0  -8158.08  0  -8158.08  2257.96  0  0  2257.96  0  2257.96
2.3313e+13  0  777.1  -8152.23  0  0  -8152.23  0  -8152.23  2255.47  0  0  2255.47  0  2255.47
2.3322e+13  0  777.4  -8146.38  0  0  -8146.38  0  -8146.38  2252.99  0  0  2252.99  0  2252.99
2.3331e+13  0  777.7  -8140.55  0  0  -8140.55  0  -8140.55  2250.5  0  0  2250.5  0  2250.5
2.334e+13  0  778  -8134.71  0  0  -8134.71  0  -8134.71  2248.03  0  0  2248.03  0  2248.03
2.3349e+13  0  778.3  -8128.89  0  0  -8128.89  0  -8128.89  2245.55  0  0  2245.55  0  2245.55
2.3358e+13  0  778.6  -8123.07  0  0  -8123.07  0  -8123.07  2243.08  0  0  2243.08  0  2243.08
2.3367e+13  0  778.9  -8117.26  0  0  -8117.26  0  -8117.26  2240.61  0  0  2240.61  0  2240.61
2.3376e+13  0  779.2  -8111.45  0  0  -8111.45  0  -8111.45  2238.14  0  0  2238.14  0  2238.14
2.3385e+13  0  779.5  -8105.65  0  0  -8105.65  0  -8105.65  2235.68  0  0  2235.68  0  2235.68
2.3394e+13  0  779.8  -8099.85  0  0  -8099.85  0  -8099.85  2233.22  0  0  2233.22  0  2233.22
2.3403e+13  0  780.1  -8094.06  0  0  -8094.06  0  -8094.06  2230.77  0  0  2230.77  0  2230.77
2.3412e+13  0  780.4  -8088.28  0  0  -8088.28  0  -8088.28  2228.32  0  0  2228.32  0  2228.32
2.3421e+13  0  780.7  -8082.51  0  0  -8082.51  0  -8082.51  2225.87  0  0  2225.87  0  2225.87
2.343e+13  0  781  -8076.73  0  0  -8076.73  0  -8076.73  2223.43  0  0  2223.43  0  2223.43
2.3439e+13  0  781.3  -8070.97  0  0  -8070.97  0  -8070.97  2220.99  0  0  2220.99  0  2220.99
2.3448e+13  0  781.6  -8065.21  0  0  -8065.21  0  -8065.21  2218.55  0  0  2218.55  0  2218.55
2.3457e+13  0  781.9  -8059.46  0  0  -8059.46  0  -8059.46  2216.12  0  0  2216.12  0  2216.12
2.3466e+13  0  782.2  -8053.71  0  0  -8053.71  0  -8053.71  2213.69  0  0  2213.69  0  2213.69
2.3475e+13  0  782.5  -8047.97  0  0  -8047.97  0  -8047.97  2211.26  0  0  2211.26  0  2211.26
2.3484e+13  0  782.8  -8042.24  0  0  -8042.24  0  -8042.24  2208.84  0  0  2208.84  0  2208.84
2.3493e+13  0  783.1  -8036.51  0  0  -8036.51  0  -8036.51  2206.42  0  0  2206.42  0  2206.42
2.3502e+13  0  783.4  -8030.78  0  0  -8030.78  0  -8030.78  2204.01  0  0  2204.01  0  2204.01
2.3511e+13  0  783.7  -8025.07  0  0  -8025.07  0  -8025.07  2201.59  0  0  2201.59  0  2201.59
2.352e+13  0  784  -8019.36  0  0  -8019.36  0  -8019.36  2199.19  0  0  2199.19  0  2199.19
2.3529e+13  0  784.3  -8013.65  0  0  -8013.65  0  -8013.65  2196.78  0  0  2196.78  0  2196.78
2.3538e+13  0  784.6  -8007.95  0  0  -8007.95  0  -8007.95  2194.38  0  0  2194.38  0  2194.38
2.3547e+13  0  784.9  -8002.26  0  0  -8002.26  0  -8002.26  2191.98  0  0  2191.98  0  2191.98
2.3556e+13  0  785.2  -7996.57  0  0  -7996.57  0  -7996.57  2189.59  0  0  2189.59  0  2189.59
2.3565e+13  0  785.5  -7990.89  0  0  -7990.89  0  -7990.89  2187.19  0  0  2187.19  0  2187.19
2.3574e+13  0  785.8  -7985.21  0  0  -7985.21  0  -7985.21  2184.81  0  0  2184.81  0  2184.81
2.3583e+13  0  786.1  -7979.55  0  0  -7979.55  0  -7979.55  2182.42  0  0  2182.42  0  2182.42
2.3592e+13  0  786.4  -7973.88  0  0  -7973.88  0  -7973.88  2180.04  0  0  2180.04  0  2180.04
2.3601e+13  0  786.7  -7968.22  0  0  -7968.22  0  -7968.22  2177.66  0  0  2177.66  0  2177.66
2.361e+13  0  787  -7962.57  0  0  -7962.57  0  -7962.57  2175.29  0  0  2175.29  0  2175.29
2.3619e+13  0  787.3  -7956.93  0  0  -7956.93  0  -7956.93  2172.92  0  0  2172.92  0  2172.92
2.3628e+13  0  787.6  -7951.29  0  0  -7951.29  0  -7951.29  2170.55  0  0  2170.55  0  2170.55
2.3637e+13  0  787.9  -7945.65  0  0  -7945.65  0  -7945.65  2168.19  0  0  2168.19  0  2168.19
2.3646e+13  0  788.2  -7940.02  0  0  -7940.02  0  -7940.02  2165.83  0  0  2165.83  0  2165.83
2.3655e+13  0  788.5  -7934.4  0  0  -7934.4  0  -7934.4  2163.47  0  0  2163.47  0  2163.47
2.3664e+13  0  788.8  -7928.78  0  0  -7928.78  0  -7928.78  2161.12  0  0  2161.12  0  2161.12
2.3673e+13  0  789.1  -7923.17  0  0  -7923.17  0  -7923.17  2158.77  0  0  2158.77  0  2158.77
2.3682e+13  0  789.4  -7917.57  0  0  -7917.57  0  -7917.57  2156.42  0  0  2156.42  0  2156.42
2.3691e+13  0  789.7  -7911.97  0  0  -7911.97  0  -7911.97  2154.07  0  0  2154.07  0  2154.07
2.37e+13  0  790  -7906.37  0  0  -7906.37  0  -7906.37  2151.73  0  0  2151.73  0  2151.73
2.3709e+13  0  790.3  -7900.79  0  0  -7900.79  0  -7900.79  2149.4  0  0  2149.4  0  2149.4
2.3718e+13  0  790.6  -7895.2  0  0  -7895.2  0  -7895.2  2147.06  0  0  2147.06  0  2147.06
2.3727e+13  0  790.9  -7889.63  0  0  -7889.63  0  -7889.63  2144.73  0  0  2144.73  0  2144.73
2.3736e+13  0  791.2  -7884.06  0  0  -7884.06  0  -7884.06  2142.41  0  0  2142.41  0  2142.41
2.3745e+13  0  791.5  -7878.49  0  0  -7878.49  0  -7878.49  2140.08  0  0  2140.08  0  2140.08
2.3754e+13  0  791.8  -7872.93  0  0  -7872.93  0  -7872.93  2137.76  0  0  2137.76  0  2137.76
2.3763e+13  0  792.1  -7867.38  0  0  -7867.38  0  -7867.38  2135.45  0  0  2135.45  0  2135.45
2.3772e+13  0  792.4  -7861.83  0  0  -7861.83  0  -7861.83  2133.13  0  0  2133.13  0  2133.13
2.3781e+13  0  792.7  -7856.29  0  0  -7856.29  0  -7856.29  2130.82  0  0  2130.82  0  2130.82
2.379e+13  0  793  -7850.75  0  0  -7850.75  0  -7850.75  2128.51  0  0  2128.51  0  2128.51
2.3799e+13  0  793.3  -7845.22  0  0  -7845.22  0  -7845.22  2126.21  0  0  2126.21  0  2126.21
2.3808e+13  0  793.6  -7839.7  0  0  -7839.7  0  -7839.7  2123.91  0  0  2123.91  0  2123.91
2.3817e+13  0  793.9  -7834.18  0  0  -7834.18  0  -7834.18  2121.61  0  0  2121.61  0  2121.61
2.3826e+13  0  794.2  -7828.67  0  0  -7828.67  0  -7828.67  2119.32  0  0  2119.32  0  2119.32
2.3835e+13  0  794.5  -7823.16  0  0  -7823.16  0  -7823.16  2117.03  0  0  2117.03  0  2117.03
2.3844e+13  0  794.8  -7817.66  0  0  -7817.66  0  -7817.66  2114.74  0  0  2114.74  0  2114.74
2.3853e+13  0  795.1  -7812.16  0  0  -7812.16  0  -7812.16  2112.46  0  0  2112.46  0  2112.46
2.3862e+13  0  795.4  -7806.67  0  0  -7806.67  0  -7806.67  2110.18  0  0  2110.18  0  2110.18
2.3871e+13  0  795.7  -7801.18  0  0  -7801.18  0  -7801.18  2107.9  0  0  2107.9  0  2107.9
2.388e+13  0  796  -7795.71  0  0  -7795.71  0  -7795.71  2105.62  0  0  2105.62  0  2105.62
2.3889e+13  0  796.3  -7790.23  0  0  -7790.23  0  -7790.23  2103.35  0  0  2103.35  0  2103.35
2.3898e+13  0  796.6  -7784.76  0  0  -7784.76  0  -7784.76  2101.08  0  0  2101.08  0  2101.08
2.3907e+13  0  796.9  -7779.3  0  0  -7779.3  0  -7779.3  2098.82  0  0  2098.82  0  2098.82
2.3916e+13  0  797.2  -7773.84  0  0  -7773.84  0  -7773.84  2096.56  0  0  2096.56  0  2096.56
2.3925e+13  0  797.5  -7768.39  0  0  -7768.39  0  -7768.39  2094.3  0  0  2094.3  0  2094.3
2.3934e+13  0  797.8  -7762.95  0  0  -7762.95  0  -7762.95  2092.05  0  0  2092.05  0  2092.05
2.3943e+13  0  798.1  -7757.51  0  0  -7757.51  0  -7757.51  2089.79  0  0  2089.79  0  2089.79
2.3952e+13  0  798.4  -7752.07  0  0  -7752.07  0  -7752.07  2087.54  0  0  2087.54  0  2087.54
2.3961e+13  0  798.7  -7746.64  0  0  -7746.64  0  -7746.64  2085.3  0  0  2085.3  0  2085.3
2.397e+13  0  799  -7741.22  0  0  -7741.22  0  -7741.22  2083.06  0  0  2083.06  0  2083.06
2.3979e+13  0  799.3  -7735.8  0  0  -7735.8  0  -7735.8  2080.82  0  0  2080.82  0  2080.82
2.3988e+13  0  799.6  -7730.39  0  0  -7730.39  0  -7730.39  2078.58  0  0  2078.58  0  2078.58
2.3997e+13  0  799.9  -7724.98  0  0  -7724.98  0  -7724.98  2076.35  0  0  2076.35  0  2076.35
2.4006e+13  0  800.2  -7719.58  0  0  -7719.58  0  -7719.58  2074.12  0  0  2074.12  0  2074.12
2.4015e+13  0  800.5  -7714.19  0  0  -7714.19  0  -7714.19  2071.89  0  0  2071.89  0  2071.89
2.4024e+13  0  800.8  -7708.79  0  0  -7708.79  0  -7708.79  2069.67  0  0  2069.67  0  2069.67
2.4033e+13  0  801.1  -7703.41  0  0  -7703.41  0  -7703.41  2067.45  0  0  2067.45  0  2067.45
2.4042e+13  0  801.4  -7698.03  0  0  -7698.03  0  -7698.03  2065.23  0  0  2065.23  0  2065.23
2.4051e+13  0  801.7  -7692.66  0  0  -7692.66  0  -7692.66  2063.02  0  0  2063.02  0  2063.02
2.406e+13  0  802  -7687.29  0  0  -7687.29  0  -7687.29  2060.81  0  0  2060.81  0  2060.81
2.4069e+13  0  802.3  -7681.93  0  0  -7681.93  0  -7681.93  2058.6  0  0  2058.6  0  2058.6
2.4078e+13  0  802.6  -7676.57  0  0  -7676.57  0  -7676.57  2056.39  0  0  2056.39  0  2056.39
2.4087e+13  0  802.9  -7671.22  0  0  -7671.22  0  -7671.22  2054.19  0  0  2054.19  0  2054.19
2.4096e+13  0  803.2  -7665.87  0  0  -7665.87  0  -7665.87  2051.99  0  0  2051.99  0  2051.99
2.4105e+13  0  803.5  -7660.53  0  0  -7660.53  0  -7660.53  2049.8  0  0  2049.8  0  2049.8
2.4114e+13  0  803.8  -7655.19  0  0  -7655.19  0  -7655.19  2047.61  0  0  2047.61  0  2047.61
2.4123e+13  0  804.1  -7649.86  0  0  -7649.86  0  -7649.86  2045.42  0  0  2045.42  0  2045.42
2.4132e+13  0  804.4  -7644.54  0  0  -7644.54  0  -7644.54  2043.23  0  0  2043.23  0  2043.23
2.4141e+13  0  804.7  -7639.22  0  0  -7639.22  0  -7639.22  2041.05  0  0  2041.05  0  2041.05
2.415e+13  0  805  -7633.91  0  0  -7633.91  0  -7633.91  2038.87  0  0  2038.87  0  2038.87
2.4159e+13  0  805.3  -7628.6  0  0  -7628.6  0  -7628.6  2036.69  0  0  2036.69  0  2036.69
2.4168e+13  0  805.6  -7623.3  0  0  -7623.3  0  -7623.3  2034.52  0  0  2034.52  0  2034.52
2.4177e+13  0  805.9  -7618  0  0  -7618  0  -7618  2032.35  0  0  2032.35  0  2032.35
2.4186e+13  0  806.2  -7612.71  0  0  -7612.71  0  -7612.71  2030.18  0  0  2030.18  0  2030.18
2.4195e+13  0  806.5  -7607.42  0  0  -7607.42  0  -7607.42  2028.02  0  0  2028.02  0  2028.02
2.4204e+13  0  806.8  -7602.14  0  0  -7602.14  0  -7602.14  2025.85  0  0  2025.85  0  2025.85
2.4213e+13  0  807.1  -7596.86  0  0  -7596.86  0  -7596.86  2023.7  0  0  2023.7  0  2023.7
2.4222e+13  0  807.4  -7591.59  0  0  -7591.59  0  -7591.59  2021.54  0  0  2021.54  0  2021.54
2.4231e+13  0  807.7  -7586.33  0  0  -7586.33  0  -7586.33  2019.39  0  0  2019.39  0  2019.39
2.424e+13  0  808  -7581.07  0  0  -7581.07  0  -7581.07  2017.24  0  0  2017.24  0  2017.24
2.4249e+13  0  808.3  -7575.81  0  0  -7575.81  0  -7575.81  2015.09  0  0  2015.09  0  2015.09
2.4258e+13  0  808.6  -7570.56  0  0  -7570.56  0  -7570.56  2012.95  0  0  2012.95  0  2012.95
2.4267e+13  0  808.9  -7565.32  0  0  -7565.32  0  -7565.32  2010.81  0  0  2010.81  0  2010.81
2.4276e+13  0  809.2  -7560.08  0  0  -7560.08  0  -7560.08  2008.67  0  0  2008.67  0  2008.67
2.4285e+13  0  809.5  -7554.85  0  0  -7554.85  0  -7554.85  2006.54  0  0  2006.54  0  2006.54
2.4294e+13  0  809.8  -7549.62  0  0  -7549.62  0  -7549.62  2004.41  0  0  2004.41  0  2004.41
2.4303e+13  0  810.1  -7544.4  0  0  -7544.4  0  -7544.4  2002.28  0  0  2002.28  0  2002.28
2.4312e+13  0  810.4  -7539.18  0  0  -7539.18  0  -7539.18  2000.15  0  0  2000.15  0  2000.15
2.4321e+13  0  810.7  -7533.97  0  0  -7533.97  0  -7533.97  1998.03  0  0  1998.03  0  1998.03
2.433e+13  0  811  -7528.76  0  0  -7528.76  0  -7528.76  1995.91  0  0  1995.91  0  1995.91
2.4339e+13  0  811.3  -7523.56  0  0  -7523.56  0  -7523.56  1993.79  0  0  1993.79  0  1993.79
2.4348e+13  0  811.6  -7518.36  0  0  -7518.36  0  -7518.36  1991.68  0  0  1991.68  0  1991.68
2.4357e+13  0  811.9  -7513.17  0  0  -7513.17  0  -7513.17  1989.57  0  0  1989.57  0  1989.57
2.4366e+13  0  812.2  -7507.98  0  0  -7507.98  0  -7507.98  1987.46  0  0  1987.46  0  1987.46
2.4375e+13  0  812.5  -7502.8  0  0  -7502.8  0  -7502.8  1985.36  0  0  1985.36  0  1985.36
2.4384e+13  0  812.8  -7497.63  0  0  -7497.63  0  -7497.63  1983.26  0  0  1983.26  0  1983.26
2.4393e+13  0  813.1  -7492.46  0  0  -7492.46  0  -7492.46  1981.16  0  0  1981.16  0  1981.16
2.4402e+13  0  813.4  -7487.29  0  0  -7487.29  0  -7487.29  1979.06  0  0  1979.06  0  1979.06
2.4411e+13  0  813.7  -7482.13  0  0  -7482.13  0  -7482.13  1976.97  0  0  1976.97  0  1976.97
2.442e+13  0  814  -7476.98  0  0  -7476.98  0  -7476.98  1974.88  0  0  1974.88  0  1974.88
2.4429e+13  0  814.3  -7471.83  0  0  -7471.83  0  -7471.83  1972.79  0  0  1972.79  0  1972.79
2.4438e+13  0  814.6  -7466.69  0  0  -7466.69  0  -7466.69  1970.71  0  0  1970.71  0  1970.71
2.4447e+13  0  814.9  -7461.55  0  0  -7461.55  0  -7461.55  1968.63  0  0  1968.63  0  1968.63
2.4456e+13  0  815.2  -7456.41  0  0  -7456.41  0  -7456.41  1966.55  0  0  1966.55  0  1966.55
2.4465e+13  0  815.5  -7451.28  0  0  -7451.28  0  -7451.28  1964.47  0  0  1964.47  0  1964.47
2.4474e+13  0  815.8  -7446.16  0  0  -7446.16  0  -7446.16  1962.4  0  0  1962.4  0  1962.4
2.4483e+13  0  816.1  -7441.04  0  0  -7441.04  0  -7441.04  1960.33  0  0  1960.33  0  1960.33
2.4492e+13  0  816.4  -7435.93  0  0  -7435.93  0  -7435.93  1958.26  0  0  1958.26  0  1958.26
2.4501e+13  0  816.7  -7430.82  0  0  -7430.82  0  -7430.82  1956.2  0  0  1956.2  0  1956.2
2.451e+13  0  817  -7425.72  0  0  -7425.72  0  -7425.72  1954.14  0  0  1954.14  0  1954.14
2.4519e+13  0  817.3  -7420.62  0  0  -7420.62  0  -7420.62  1952.08  0  0  1952.08  0  1952.08
2.4528e+13  0  817.6  -7415.53  0  0  -7415.53  0  -7415.53  1950.02  0  0  1950.02  0  1950.02
2.4537e+13  0  817.9  -7410.44  0  0  -7410.44  0  -7410.44  1947.97  0  0  1947.97  0  1947.97
2.4546e+13  0  818.2  -7405.36  0  0  -7405.36  0  -7405.36  1945.92  0  0  1945.92  0  1945.92
2.4555e+13  0  818.5  -7400.28  0  0  -7400.28  0  -7400.28  1943.87  0  0  1943.87  0  1943.87
2.4564e+13  0  818.8  -7395.21  0  0  -7395.21  0  -7395.21  1941.83  0  0  1941.83  0  1941.83
2.4573e+13  0  819.1  -7390.14  0  0  -7390.14  0  -7390.14  1939.79  0  0  1939.79  0  1939.79
2.4582e+13  0  819.4  -7385.08  0  0  -7385.08  0  -7385.08  1937.75  0  0  1937.75  0  1937.75
2.4591e+13  0  819.7  -7380.02  0  0  -7380.02  0  -7380.02  1935.71  0  0  1935.71  0  1935.71
2.46e+13  0  820  -7374.97  0  0  -7374.97  0  -7374.97  1933.68  0  0  1933.68  0  1933.68
2.4609e+13  0  820.3  -7369.93  0  0  -7369.93  0  -7369.93  1931.65  0  0  1931.65  0  1931.65
2.4618e+13  0  820.6  -7364.88  0  0  -7364.88  0  -7364.88  1929.62  0  0  1929.62  0  1929.62
2.4627e+13  0  820.9  -7359.85  0  0  -7359.85  0  -7359.85  1927.6  0  0  1927.6  0  1927.6
2.4636e+13  0  821.2  -7354.82  0  0  -7354.82  0  -7354.82  1925.58  0  0  1925.58  0  1925.58
2.4645e+13  0  821.5  -7349.79  0  0  -7349.79  0  -7349.79  1923.56  0  0  1923.56  0  1923.56
2.4654e+13  0  821.8  -7344.77  0  0  -7344.77  0  -7344.77  1921.54  0  0  1921.54  0  1921.54
2.4663e+13  0  822.1  -7339.75  0  0  -7339.75  0  -7339.75  1919.53  0  0  1919.53  0  1919.53
2.4672e+13  0  822.4  -7334.74  0  0  -7334.74  0  -7334.74  1917.52  0  0  1917.52  0  1917.52
2.4681e+13  0  822.7  -7329.73  0  0  -7329.73  0  -7329.73  1915.51  0  0  1915.51  0  1915.51
2.469e+13  0  823  -7324.73  0  0  -7324.73  0  -7324.73  1913.51  0  0  1913.51  0  1913.51
2.4699e+13  0  823.3  -7319.74  0  0  -7319.74  0  -7319.74  1911.51  0  0  1911.51  0  1911.51
2.4708e+13  0  823.6  -7314.75  0  0  -7314.75  0  -7314.75  1909.51  0  0  1909.51  0  1909.51
2.4717e+13  0  823.9  -7309.76  0  0  -7309.76  0  -7309.76  1907.51  0  0  1907.51  0  1907.51
2.4726e+13  0  824.2  -7304.78  0  0  -7304.78  0  -7304.78  1905.52  0  0  1905.52  0  1905.52
2.4735e+13  0  824.5  -7299.8  0  0  -7299.8  0  -7299.8  1903.53  0  0  1903.53  0  1903.53
2.4744e+13  0  824.8  -7294.83  0  0  -7294.83  0  -7294.83  1901.54  0  0  1901.54  0  1901.54
2.4753e+13  0  825.1  -7289.86  0  0  -7289.86  0  -7289.86  1899.55  0  0  1899.55  0  1899.55
2.4762e+13  0  825.4  -7284.9  0  0  -7284.9  0  -7284.9  1897.57  0  0  1897.57  0  1897.57
2.4771e+13  0  825.7  -7279.95  0  0  -7279.95  0  -7279.95  1895.59  0  0  1895.59  0  1895.59
2.478e+13  0  826  -7274.99  0  0  -7274.99  0  -7274.99  1893.61  0  0  1893.61  0  1893.61
2.4789e+13  0  826.3  -7270.05  0  0  -7270.05  0  -7270.05  1891.64  0  0  1891.64  0  1891.64
2.4798e+13  0  826.6  -7265.1  0  0  -7265.1  0  -7265.1  1889.67  0  0  1889.67  0  1889.67
2.4807e+13  0  826.9  -7260.17  0  0  -7260.17  0  -7260.17  1887.7  0  0  1887.7  0  1887.7
2.4816e+13  0  827.2  -7255.24  0  0  -7255.24  0  -7255.24  1885.73  0  0  1885.73  0  1885.73
2.4825e+13  0  827.5  -7250.31  0  0  -7250.31  0  -7250.31  1883.77  0  0  1883.77  0  1883.77
2.4834e+13  0  827.8  -7245.39  0  0  -7245.39  0  -7245.39  1881.81  0  0  1881.81  0  1881.81
2.4843e+13  0  828.1  -7240.47  0  0  -7240.47  0  -7240.47  1879.85  0  0  1879.85  0  1879.85
2.4852e+13  0  828.4  -7235.56  0  0  -7235.56  0  -7235.56  1877.89  0  0  1877.89  0  1877.89
2.4861e+13  0  828.7  -7230.65  0  0  -7230.65  0  -7230.65  1875.94  0  0  1875.94  0  1875.94
2.487e+13  0  829  -7225.75  0  0  -7225.75  0  -7225.75  1873.99  0  0  1873.99  0  1873.99
2.4879e+13  0  829.3  -7220.85  0  0  -7220.85  0  -7220.85  1872.04  0  0  1872.04  0  1872.04
2.4888e+13  0  829.6  -7215.96  0  0  -7215.96  0  -7215.96  1870.09  0  0  1870.09  0  1870.09
2.4897e+13  0  829.9  -7211.07  0  0  -7211.07  0  -7211.07  1868.15  0  0  1868.15  0  1868.15
2.4906e+13  0  830.2  -7206.19  0  0  -7206.19  0  -7206.19  1866.21  0  0  1866.21  0  1866.21
2.4915e+13  0  830.5  -7201.31  0  0  -7201.31  0  -7201.31  1864.28  0  0  1864.28  0  1864.28
2.4924e+13  0  830.8  -7196.43  0  0  -7196.43  0  -7196.43  1862.34  0  0  1862.34  0  1862.34
2.4933e+13  0  831.1  -7191.57  0  0  -7191.57  0  -7191.57  1860.41  0  0  1860.41  0  1860.41
2.4942e+13  0  831.4  -7186.7  0  0  -7186.7  0  -7186.7  1858.48  0  0  1858.48  0  1858.48
2.4951e+13  0  831.7  -7181.84  0  0  -7181.84  0  -7181.84  1856.55  0  0  1856.55  0  1856.55
2.496e+13  0  832  -7176.99  0  0  -7176.99  0  -7176.99  1854.63  0  0  1854.63  0  1854.63
2.4969e+13  0  832.3  -7172.14  0  0  -7172.14  0  -7172.14  1852.71  0  0  1852.71  0  1852.71
2.4978e+13  0  832.6  -7167.29  0  0  -7167.29  0  -7167.29  1850.79  0  0  1850.79  0  1850.79
2.4987e+13  0  832.9  -7162.45  0  0  -7162.45  0  -7162.45  1848.87  0  0  1848.87  0  1848.87
2.4996e+13  0  833.2  -7157.62  0  0  -7157.62  0  -7157.62  1846.96  0  0  1846.96  0  1846.96
2.5005e+13  0  833.5  -7152.79  0  0  -7152.79  0  -7152.79  1845.05  0  0  1845.05  0  1845.05
2.5014e+13  0  833.8  -7147.96  0  0  -7147.96  0  -7147.96  1843.14  0  0  1843.14  0  1843.14
2.5023e+13  0  834.1  -7143.14  0  0  -7143.14  0  -7143.14  1841.24  0  0  1841.24  0  1841.24
2.5032e+13  0  834.4  -7138.33  0  0  -7138.33  0  -7138.33  1839.33  0  0  1839.33  0  1839.33
2.5041e+13  0  834.7  -7133.52  0  0  -7133.52  0  -7133.52  1837.43  0  0  1837.43  0  1837.43
2.505e+13  0  835  -7128.71  0  0  -7128.71  0  -7128.71  1835.54  0  0  1835.54  0  1835.54
2.5059e+13  0  835.3  -7123.91  0  0  -7123.91  0  -7123.91  1833.64  0  0  1833.64  0  1833.64
2.5068e+13  0  835.6  -7119.11  0  0  -7119.11  0  -7119.11  1831.75  0  0  1831.75  0  1831.75
2.5077e+13  0  835.9  -7114.32  0  0  -7114.32  0  -7114.32  1829.86  0  0  1829.86  0  1829.86
2.5086e+13  0  836.2  -7109.53  0  0  -7109.53  0  -7109.53  1827.97  0  0  1827.97  0  1827.97
2.5095e+13  0  836.5  -7104.75  0  0  -7104.75  0  -7104.75  1826.09  0  0  1826.09  0  1826.09
2.5104e+13  0  836.8  -7099.97  0  0  -7099.97  0  -7099.97  1824.2  0  0  1824.2  0  1824.2
2.5113e+13  0  837.1  -7095.2  0  0  -7095.2  0  -7095.2  1822.32  0  0  1822.32  0  1822.32
2.5122e+13  0  837.4  -7090.43  0  0  -7090.43  0  -7090.43  1820.45  0  0  1820.45  0  1820.45
2.5131e+13  0  837.7  -7085.67  0  0  -7085.67  0  -7085.67  1818.57  0  0  1818.57  0  1818.57
2.514e+13  0  838  -7080.91  0  0  -7080.91  0  -7080.91  1816.7  0  0  1816.7  0  1816.7
2.5149e+13  0  838.3  -7076.15  0  0  -7076.15  0  -7076.15  1814.83  0  0  1814.83  0  1814.83
2.5158e+13  0  838.6  -7071.4  0  0  -7071.4  0  -7071.4  1812.96  0  0  1812.96  0  1812.96
2.5167e+13  0  838.9  -7066.66  0  0  -7066.66  0  -7066.66  1811.1  0  0  1811.1  0  1811.1
2.5176e+13  0  839.2  -7061.92  0  0  -7061.92  0  -7061.92  1809.24  0  0  1809.24  0  1809.24
2.5185e+13  0  839.5  -7057.18  0  0  -7057.18  0  -7057.18  1807.38  0  0  1807.38  0  1807.38
2.5194e+13  0  839.8  -7052.45  0  0  -7052.45  0  -7052.45  1805.52  0  0  1805.52  0  1805.52
2.5203e+13  0  840.1  -7047.73  0  0  -7047.73  0  -7047.73  1803.67  0  0  1803.67  0  1803.67
2.5212e+13  0  840.4  -7043  0  0  -7043  0  -7043  1801.82  0  0  1801.82  0  1801.82
2.5221e+13  0  840.7  -7038.29  0  0  -7038.29  0  -7038.29  1799.97  0  0  1799.97  0  1799.97
2.523e+13  0  841  -7033.57  0  0  -7033.57  0  -7033.57  1798.12  0  0  1798.12  0  1798.12
2.5239e+13  0  841.3  -7028.87  0  0  -7028.87  0  -7028.87  1796.28  0  0  1796.28  0  1796.28
2.5248e+13  0  841.6  -7024.16  0  0  -7024.16  0  -7024.16  1794.43  0  0  1794.43  0  1794.43
2.5257e+13  0  841.9  -7019.46  0  0  -7019.46  0  -7019.46  1792.59  0  0  1792.59  0  1792.59
2.5266e+13  0  842.2  -7014.77  0  0  -7014.77  0  -7014.77  1790.76  0  0  1790.76  0  1790.76
2.5275e+13  0  842.5  -7010.08  0  0  -7010.08  0  -7010.08  1788.92  0  0  1788.92  0  1788.92
2.5284e+13  0  842.8  -7005.4  0  0  -7005.4  0  -7005.4  1787.09  0  0  1787.09  0  1787.09
2.5293e+13  0  843.1  -7000.72  0  0  -7000.72  0  -7000.72  1785.26  0  0  1785.26  0  1785.26
2.5302e+13  0  843.4  -6996.04  0  0  -6996.04  0  -6996.04  1783.43  0  0  1783.43  0  1783.43
2.5311e+13  0  843.7  -6991.37  0  0  -6991.37  0  -6991.37  1781.61  0  0  1781.61  0  1781.61
2.532e+13  0  844  -6986.7  0  0  -6986.7  0  -6986.7  1779.79  0  0  1779.79  0  1779.79
2.5329e+13  0  844.3  -6982.04  0  0  -6982.04  0  -6982.04  1777.97  0  0  1777.97  0  1777.97
2.5338e+13  0  844.6  -6977.38  0  0  -6977.38  0  -6977.38  1776.15  0  0  1776.15  0  1776.15
2.5347e+13  0  844.9  -6972.73  0  0  -6972.73  0  -6972.73  1774.34  0  0  1774.34  0  1774.34
2.5356e+13  0  845.2  -6968.08  0  0  -6968.08  0  -6968.08  1772.52  0  0  1772.52  0  1772.52
2.5365e+13  0  845.5  -6963.44  0  0  -6963.44  0  -6963.44  1770.71  0  0  1770.71  0  1770.71
2.5374e+13  0  845.8  -6958.8  0  0  -6958.8  0  -6958.8  1768.91  0  0  1768.91  0  1768.91
2.5383e+13  0  846.1  -6954.16  0  0  -6954.16  0  -6954.16  1767.1  0  0  1767.1  0  1767.1
2.5392e+13  0  846.4  -6949.53  0  0  -6949.53  0  -6949.53  1765.3  0  0  1765.3  0  1765.3
2.5401e+13  0  846.7  -6944.91  0  0  -6944.91  0  -6944.91  1763.5  0  0  1763.5  0  1763.5
2.541e+13  0  847  -6940.29  0  0  -6940.29  0  -6940.29  1761.7  0  0  1761.7  0  1761.7
2.5419e+13  0  847.3  -6935.67  0  0  -6935.67  0  -6935.67  1759.91  0  0  1759.91  0  1759.91
2.5428e+13  0  847.6  -6931.06  0  0  -6931.06  0  -6931.06  1758.11  0  0  1758.11  0  1758.11
2.5437e+13  0  847.9  -6926.45  0  0  -6926.45  0  -6926.45  1756.32  0  0  1756.32  0  1756.32
2.5446e+13  0  848.2  -6921.85  0  0  -6921.85  0  -6921.85  1754.54  0  0  1754.54  0  1754.54
2.5455e+13  0  848.5  -6917.25  0  0  -6917.25  0  -6917.25  1752.75  0  0  1752.75  0  1752.75
2.5464e+13  0  848.8  -6912.66  0  0  -6912.66  0  -6912.66  1750.97  0  0  1750.97  0  1750.97
2.5473e+13  0  849.1  -6908.07  0  0  -6908.07  0  -6908.07  1749.19  0  0  1749.19  0  1749.19
2.5482e+13  0  849.4  -6903.48  0  0  -6903.48  0  -6903.48  1747.41  0  0  1747.41  0  1747.41
2.5491e+13  0  849.7  -6898.9  0  0  -6898.9  0  -6898.9  1745.63  0  0  1745.63  0  1745.63
2.55e+13  0  850  -6894.33  0  0  -6894.33  0  -6894.33  1743.86  0  0  1743.86  0  1743.86
2.5509e+13  0  850.3  -6889.75  0  0  -6889.75  0  -6889.75  1742.09  0  0  1742.09  0  1742.09
2.5518e+13  0  850.6  -6885.19  0  0  -6885.19  0  -6885.19  1740.32  0  0  1740.32  0  1740.32
2.5527e+13  0  850.9  -6880.62  0  0  -6880.62  0  -6880.62  1738.55  0  0  1738.55  0  1738.55
2.5536e+13  0  851.2  -6876.06  0  0  -6876.06  0  -6876.06  1736.79  0  0  1736.79  0  1736.79
2.5545e+13  0  851.5  -6871.51  0  0  -6871.51  0  -6871.51  1735.03  0  0  1735.03  0  1735.03
2.5554e+13  0  851.8  -6866.96  0  0  -6866.96  0  -6866.96  1733.27  0  0  1733.27  0  1733.27
2.5563e+13  0  852.1  -6862.42  0  0  -6862.42  0  -6862.42  1731.51  0  0  1731.51  0  1731.51
2.5572e+13  0  852.4  -6857.88  0  0  -6857.88  0  -6857.88  1729.76  0  0  1729.76  0  1729.76
2.5581e+13  0  852.7  -6853.34  0  0  -6853.34  0  -6853.34  1728  0  0  1728  0  1728
2.559e+13  0  853  -6848.81  0  0  -6848.81  0  -6848.81  1726.25  0  0  1726.25  0  1726.25
2.5599e+13  0  853.3  -6844.28  0  0  -6844.28  0  -6844.28  1724.51  0  0  1724.51  0  1724.51
2.5608e+13  0  853.6  -6839.76  0  0  -6839.76  0  -6839.76  1722.76  0  0  1722.76  0  1722.76
2.5617e+13  0  853.9  -6835.24  0  0  -6835.24  0  -6835.24  1721.02  0  0  1721.02  0  1721.02
2.5626e+13  0  854.2  -6830.72  0  0  -6830.72  0  -6830.72  1719.28  0  0  1719.28  0  1719.28
2.5635e+13  0  854.5  -6826.21  0  0  -6826.21  0  -6826.21  1717.54  0  0  1717.54  0  1717.54
2.5644e+13  0  854.8  -6821.71  0  0  -6821.71  0  -6821.71  1715.8  0  0  1715.8  0  1715.8
2.5653e+13  0  855.1  -6817.21  0  0  -6817.21  0  -6817.21  1714.07  0  0  1714.07  0  1714.07
2.5662e+13  0  855.4  -6812.71  0  0  -6812.71  0  -6812.71  1712.34  0  0  1712.34  0  1712.34
2.5671e+13  0  855.7  -6808.22  0  0  -6808.22  0  -6808.22  1710.61  0  0  1710.61  0  1710.61
2.568e+13  0  856  -6803.73  0  0  -6803.73  0  -6803.73  1708.88  0  0  1708.88  0  1708.88
2.5689e+13  0  856.3  -6799.25  0  0  -6799.25  0  -6799.25  1707.16  0  0  1707.16  0  1707.16
2.5698e+13  0  856.6  -6794.77  0  0  -6794.77  0  -6794.77  1705.43  0  0  1705.43  0  1705.43
2.5707e+13  0  856.9  -6790.29  0  0  -6790.29  0  -6790.29  1703.71  0  0  1703.71  0  1703.71
2.5716e+13  0  857.2  -6785.82  0  0  -6785.82  0  -6785.82  1702  0  0  1702  0  1702
2.5725e+13  0  857.5  -6781.35  0  0  -6781.35  0  -6781.35  1700.28  0  0  1700.28  0  1700.28
2.5734e+13  0  857.8  -6776.89  0  0  -6776.89  0  -6776.89  1698.57  0  0  1698.57  0  1698.57
2.5743e+13  0  858.1  -6772.43  0  0  -6772.43  0  -6772.43  1696.86  0  0  1696.86  0  1696.86
2.5752e+13  0  858.4  -6767.98  0  0  -6767.98  0  -6767.98  1695.15  0  0  1695.15  0  1695.15
2.5761e+13  0  858.7  -6763.53  0  0  -6763.53  0  -6763.53  1693.44  0  0  1693.44  0  1693.44
2.577e+13  0  859  -6759.09  0  0  -6759.09  0  -6759.09  1691.74  0  0  1691.74  0  1691.74
2.5779e+13  0  859.3  -6754.65  0  0  -6754.65  0  -6754.65  1690.04  0  0  1690.04  0  1690.04
2.5788e+13  0  859.6  -6750.21  0  0  -6750.21  0  -6750.21  1688.34  0  0  1688.34  0  1688.34
2.5797e+13  0  859.9  -6745.78  0  0  -6745.78  0  -6745.78  1686.64  0  0  1686.64  0  1686.64
2.5806e+13  0  860.2  -6741.35  0  0  -6741.35  0  -6741.35  1684.95  0  0  1684.95  0  1684.95
2.5815e+13  0  860.5  -6736.93  0  0  -6736.93  0  -6736.93  1683.25  0  0  1683.25  0  1683.25
2.5824e+13  0  860.8  -6732.51  0  0  -6732.51  0  -6732.51  1681.56  0  0  1681.56  0  1681.56
2.5833e+13  0  861.1  -6728.09  0  0  -6728.09  0  -6728.09  1679.87  0  0  1679.87  0  1679.87
2.5842e+13  0  861.4  -6723.68  0  0  -6723.68  0  -6723.68  1678.19  0  0  1678.19  0  1678.19
2.5851e+13  0  861.7  -6719.27  0  0  -6719.27  0  -6719.27  1676.5  0  0  1676.5  0  1676.5
2.586e+13  0  862  -6714.87  0  0  -6714.87  0  -6714.87  1674.82  0  0  1674.82  0  1674.82
2.5869e+13  0  862.3  -6710.47  0  0  -6710.47  0  -6710.47  1673.14  0  0  1673.14  0  1673.14
2.5878e+13  0  862.6  -6706.08  0  0  -6706.08  0  -6706.08  1671.47  0  0  1671.47  0  1671.47
2.5887e+13  0  862.9  -6701.69  0  0  -6701.69  0  -6701.69  1669.79  0  0  1669.79  0  1669.79
2.5896e+13  0  863.2  -6697.3  0  0  -6697.3  0  -6697.3  1668.12  0  0  1668.12  0  1668.12
2.5905e+13  0  863.5  -6692.92  0  0  -6692.92  0  -6692.92  1666.45  0  0  1666.45  0  1666.45
2.5914e+13  0  863.8  -6688.55  0  0  -6688.55  0  -6688.55  1664.78  0  0  1664.78  0  1664.78
2.5923e+13  0  864.1  -6684.17  0  0  -6684.17  0  -6684.17  1663.11  0  0  1663.11  0  1663.11
2.5932e+13  0  864.4  -6679.81  0  0  -6679.81  0  -6679.81  1661.45  0  0  1661.45  0  1661.45
2.5941e+13  0  864.7  -6675.44  0  0  -6675.44  0  -6675.44  1659.79  0  0  1659.79  0  1659.79
2.595e+13  0  865  -6671.08  0  0  -6671.08  0  -6671.08  1658.13  0  0  1658.13  0  1658.13
2.5959e+13  0  865.3  -6666.72  0  0  -6666.72  0  -6666.72  1656.47  0  0  1656.47  0  1656.47
2.5968e+13  0  865.6  -6662.37  0  0  -6662.37  0  -6662.37  1654.82  0  0  1654.82  0  1654.82
2.5977e+13  0  865.9  -6658.03  0  0  -6658.03  0  -6658.03  1653.16  0  0  1653.16  0  1653.16
2.5986e+13  0  866.2  -6653.68  0  0  -6653.68  0  -6653.68  1651.51  0  0  1651.51  0  1651.51
2.5995e+13  0  866.5  -6649.34  0  0  -6649.34  0  -6649.34  1649.87  0  0  1649.87  0  1649.87
2.6004e+13  0  866.8  -6645.01  0  0  -6645.01  0  -6645.01  1648.22  0  0  1648.22  0  1648.22
2.6013e+13  0  867.1  -6640.68  0  0  -6640.68  0  -6640.68  1646.58  0  0  1646.58  0  1646.58
2.6022e+13  0  867.4  -6636.35  0  0  -6636.35  0  -6636.35  1644.93  0  0  1644.93  0  1644.93
2.6031e+13  0  867.7  -6632.03  0  0  -6632.03  0  -6632.03  1643.29  0  0  1643.29  0  1643.29
2.604e+13  0  868  -6627.71  0  0  -6627.71  0  -6627.71  1641.66  0  0  1641.66  0  1641.66
2.6049e+13  0  868.3  -6623.39  0  0  -6623.39  0  -6623.39  1640.02  0  0  1640.02  0  1640.02
2.6058e+13  0  868.6  -6619.08  0  0  -6619.08  0  -6619.08  1638.39  0  0  1638.39  0  1638.39
2.6067e+13  0  868.9  -6614.78  0  0  -6614.78  0  -6614.78  1636.76  0  0  1636.76  0  1636.76
2.6076e+13  0  869.2  -6610.47  0  0  -6610.47  0  -6610.47  1635.13  0  0  1635.13  0  1635.13
2.6085e+13  0  869.5  -6606.18  0  0  -6606.18  0  -6606.18  1633.5  0  0  1633.5  0  1633.5
2.6094e+13  0  869.8  -6601.88  0  0  -6601.88  0  -6601.88  1631.87  0  0  1631.87  0  1631.87
2.6103e+13  0  870.1  -6597.59  0  0  -6597.59  0  -6597.59  1630.25  0  0  1630.25  0  1630.25
2.6112e+13  0  870.4  -6593.31  0  0  -6593.31  0  -6593.31  1628.63  0  0  1628.63  0  1628.63
2.6121e+13  0  870.7  -6589.03  0  0  -6589.03  0  -6589.03  1627.01  0  0  1627.01  0  1627.01
2.613e+13  0  871  -6584.75  0  0  -6584.75  0  -6584.75  1625.4  0  0  1625.4  0  1625.4
2.6139e+13  0  871.3  -6580.47  0  0  -6580.47  0  -6580.47  1623.78  0  0  1623.78  0  1623.78
2.6148e+13  0  871.6  -6576.21  0  0  -6576.21  0  -6576.21  1622.17  0  0  1622.17  0  1622.17
2.6157e+13  0  871.9  -6571.94  0  0  -6571.94  0  -6571.94  1620.56  0  0  1620.56  0  1620.56
2.6166e+13  0  872.2  -6567.68  0  0  -6567.68  0  -6567.68  1618.95  0  0  1618.95  0  1618.95
2.6175e+13  0  872.5  -6563.42  0  0  -6563.42  0  -6563.42  1617.35  0  0  1617.35  0  1617.35
2.6184e+13  0  872.8  -6559.17  0  0  -6559.17  0  -6559.17  1615.74  0  0  1615.74  0  1615.74
2.6193e+13  0  873.1  -6554.92  0  0  -6554.92  0  -6554.92  1614.14  0  0  1614.14  0  1614.14
2.6202e+13  0  873.4  -6550.67  0  0  -6550.67  0  -6550.67  1612.54  0  0  1612.54  0  1612.54
2.6211e+13  0  873.7  -6546.43  0  0  -6546.43  0  -6546.43  1610.95  0  0  1610.95  0  1610.95
2.622e+13  0  874  -6542.2  0  0  -6542.2  0  -6542.2  1609.35  0  0  1609.35  0  1609.35
2.6229e+13  0  874.3  -6537.96  0  0  -6537.96  0  -6537.96  1607.76  0  0  1607.76  0  1607.76
2.6238e+13  0  874.6  -6533.73  0  0  -6533.73  0  -6533.73  1606.17  0  0  1606.17  0  1606.17
2.6247e+13  0  874.9  -6529.51  0  0  -6529.51  0  -6529.51  1604.58  0  0  1604.58  0  1604.58
2.6256e+13  0  875.2  -6525.29  0  0  -6525.29  0  -6525.29  1602.99  0  0  1602.99  0  1602.99
2.6265e+13  0  875.5  -6521.07  0  0  -6521.07  0  -6521.07  1601.41  0  0  1601.41  0  1601.41
2.6274e+13  0  875.8  -6516.86  0  0  -6516.86  0  -6516.86  1599.82  0  0  1599.82  0  1599.82
2.6283e+13  0  876.1  -6512.65  0  0  -6512.65  0  -6512.65  1598.24  0  0  1598.24  0  1598.24
2.6292e+13  0  876.4  -6508.45  0  0  -6508.45  0  -6508.45  1596.66  0  0  1596.66  0  1596.66
2.6301e+13  0  876.7  -6504.24  0  0  -6504.24  0  -6504.24  1595.09  0  0  1595.09  0  1595.09
2.631e+13  0  877  -6500.05  0  0  -6500.05  0  -6500.05  1593.51  0  0  1593.51  0  1593.51
2.6319e+13  0  877.3  -6495.85  0  0  -6495.85  0  -6495.85  1591.94  0  0  1591.94  0  1591.94
2.6328e+13  0  877.6  -6491.67  0  0  -6491.67  0  -6491.67  1590.37  0  0  1590.37  0  1590.37
2.6337e+13  0  877.9  -6487.48  0  0  -6487.48  0  -6487.48  1588.8  0  0  1588.8  0  1588.8
2.6346e+13  0  878.2  -6483.3  0  0  -6483.3  0  -6483.3  1587.23  0  0  1587.23  0  1587.23
2.6355e+13  0  878.5  -6479.12  0  0  -6479.12  0  -6479.12  1585.67  0  0  1585.67  0  1585.67
2.6364e+13  0  878.8  -6474.95  0  0  -6474.95  0  -6474.95  1584.11  0  0  1584.11  0  1584.11
2.6373e+13  0  879.1  -6470.78  0  0  -6470.78  0  -6470.78  1582.55  0  0  1582.55  0  1582.55
2.6382e+13  0  879.4  -6466.62  0  0  -6466.62  0  -6466.62  1580.99  0  0  1580.99  0  1580.99
2.6391e+13  0  879.7  -6462.45  0  0  -6462.45  0  -6462.45  1579.43  0  0  1579.43  0  1579.43
2.64e+13  0  880  -6458.3  0  0  -6458.3  0  -6458.3  1577.88  0  0  1577.88  0  1577.88
2.6409e+13  0  880.3  -6454.14  0  0  -6454.14  0  -6454.14  1576.33  0  0  1576.33  0  1576.33
2.6418e+13  0  880.6  -6449.99  0  0  -6449.99  0  -6449.99  1574.78  0  0  1574.78  0  1574.78
2.6427e+13  0  880.9  -6445.85  0  0  -6445.85  0  -6445.85  1573.23  0  0  1573.23  0  1573.23
2.6436e+13  0  881.2  -6441.71  0  0  -6441.71  0  -6441.71  1571.68  0  0  1571.68  0  1571.68
2.6445e+13  0  881.5  -6437.57  0  0  -6437.57  0  -6437.57  1570.14  0  0  1570.14  0  1570.14
2.6454e+13  0  881.8  -6433.44  0  0  -6433.44  0  -6433.44  1568.6  0  0  1568.6  0  1568.6
2.6463e+13  0  882.1  -6429.31  0  0  -6429.31  0  -6429.31  1567.06  0  0  1567.06  0  1567.06
2.6472e+13  0  882.4  -6425.18  0  0  -6425.18  0  -6425.18  1565.52  0  0  1565.52  0  1565.52
2.6481e+13  0  882.7  -6421.06  0  0  -6421.06  0  -6421.06  1563.98  0  0  1563.98  0  1563.98
2.649e+13  0  883  -6416.94  0  0  -6416.94  0  -6416.94  1562.45  0  0  1562.45  0  1562.45
2.6499e+13  0  883.3  -6412.82  0  0  -6412.82  0  -6412.82  1560.92  0  0  1560.92  0  1560.92
2.6508e+13  0  883.6  -6408.71  0  0  -6408.71  0  -6408.71  1559.39  0  0  1559.39  0  1559.39
2.6517e+13  0  883.9  -6404.61  0  0  -6404.61  0  -6404.61  1557.86  0  0  1557.86  0  1557.86
2.6526e+13  0  884.2  -6400.51  0  0  -6400.51  0  -6400.51  1556.33  0  0  1556.33  0  1556.33
2.6535e+13  0  884.5  -6396.41  0  0  -6396.41  0  -6396.41  1554.81  0  0  1554.81  0  1554.81
2.6544e+13  0  884.8  -6392.31  0  0  -6392.31  0  -6392.31  1553.29  0  0  1553.29  0  1553.29
2.6553e+13  0  885.1  -6388.22  0  0  -6388.22  0  -6388.22  1551.77  0  0  1551.77  0  1551.77
2.6562e+13  0  885.4  -6384.13  0  0  -6384.13  0  -6384.13  1550.25  0  0  1550.25  0  1550.25
2.6571e+13  0  885.7  -6380.05  0  0  -6380.05  0  -6380.05  1548.73  0  0  1548.73  0  1548.73
2.658e+13  0  886  -6375.97  0  0  -6375.97  0  -6375.97  1547.22  0  0  1547.22  0  1547.22
2.6589e+13  0  886.3  -6371.89  0  0  -6371.89  0  -6371.89  1545.7  0  0  1545.7  0  1545.7
2.6598e+13  0  886.6  -6367.82  0  0  -6367.82  0  -6367.82  1544.19  0  0  1544.19  0  1544.19
2.6607e+13  0  886.9  -6363.75  0  0  -6363.75  0  -6363.75  1542.68  0  0  1542.68  0  1542.68
2.6616e+13  0  887.2  -6359.69  0  0  -6359.69  0  -6359.69  1541.18  0  0  1541.18  0  1541.18
2.6625e+13  0  887.5  -6355.63  0  0  -6355.63  0  -6355.63  1539.67  0  0  1539.67  0  1539.67
2.6634e+13  0  887.8  -6351.57  0  0  -6351.57  0  -6351.57  1538.17  0  0  1538.17  0  1538.17
2.6643e+13  0  888.1  -6347.52  0  0  -6347.52  0  -6347.52  1536.67  0  0  1536.67  0  1536.67
2.6652e+13  0  888.4  -6343.47  0  0  -6343.47  0  -6343.47  1535.17  0  0  1535.17  0  1535.17
2.6661e+13  0  888.7  -6339.43  0  0  -6339.43  0  -6339.43  1533.67  0  0  1533.67  0  1533.67
2.667e+13  0  889  -6335.38  0  0  -6335.38  0  -6335.38  1532.18  0  0  1532.18  0  1532.18
2.6679e+13  0  889.3  -6331.35  0  0  -6331.35  0  -6331.35  1530.69  0  0  1530.69  0  1530.69
2.6688e+13  0  889.6  -6327.31  0  0  -6327.31  0  -6327.31  1529.2  0  0  1529.2  0  1529.2
2.6697e+13  0  889.9  -6323.28  0  0  -6323.28  0  -6323.28  1527.71  0  0  1527.71  0  1527.71
2.6706e+13  0  890.2  -6319.26  0  0  -6319.26  0  -6319.26  1526.22  0  0  1526.22  0  1526.22
2.6715e+13  0  890.5  -6315.23  0  0  -6315.23  0  -6315.23  1524.73  0  0  1524.73  0  1524.73
2.6724e+13  0  890.8  -6311.21  0  0  -6311.21  0  -6311.21  1523.25  0  0  1523.25  0  1523.25
2.6733e+13  0  891.1  -6307.2  0  0  -6307.2  0  -6307.2  1521.77  0  0  1521.77  0  1521.77
2.6742e+13  0  891.4  -6303.19  0  0  -6303.19  0  -6303.19  1520.29  0  0  1520.29  0  1520.29
2.6751e+13  0  891.7  -6299.18  0  0  -6299.18  0  -6299.18  1518.81  0  0  1518.81  0  1518.81
2.676e+13  0  892  -6295.18  0  0  -6295.18  0  -6295.18  1517.34  0  0  1517.34  0  1517.34
2.6769e+13  0  892.3  -6291.18  0  0  -6291.18  0  -6291.18  1515.86  0  0  1515.86  0  1515.86
2.6778e+13  0  892.6  -6287.18  0  0  -6287.18  0  -6287.18  1514.39  0  0  1514.39  0  1514.39
2.6787e+13  0  892.9  -6283.19  0  0  -6283.19  0  -6283.19  1512.92  0  0  1512.92  0  1512.92
2.6796e+13  0  893.2  -6279.2  0  0  -6279.2  0  -6279.2  1511.45  0  0  1511.45  0  1511.45
2.6805e+13  0  893.5  -6275.21  0  0  -6275.21  0  -6275.21  1509.98  0  0  1509.98  0  1509.98
2.6814e+13  0  893.8  -6271.23  0  0  -6271.23  0  -6271.23  1508.52  0  0  1508.52  0  1508.52
2.6823e+13  0  894.1  -6267.25  0  0  -6267.25  0  -6267.25  1507.06  0  0  1507.06  0  1507.06
2.6832e+13  0  894.4  -6263.28  0  0  -6263.28  0  -6263.28  1505.6  0  0  1505.6  0  1505.6
2.6841e+13  0  894.7  -6259.31  0  0  -6259.31  0  -6259.31  1504.14  0  0  1504.14  0  1504.14
2.685e+13  0  895  -6255.34  0  0  -6255.34  0  -6255.34  1502.68  0  0  1502.68  0  1502.68
2.6859e+13  0  895.3  -6251.38  0  0  -6251.38  0  -6251.38  1501.23  0  0  1501.23  0  1501.23
2.6868e+13  0  895.6  -6247.42  0  0  -6247.42  0  -6247.42  1499.77  0  0  1499.77  0  1499.77
2.6877e+13  0  895.9  -6243.47  0  0  -6243.47  0  -6243.47  1498.32  0  0  1498.32  0  1498.32
2.6886e+13  0  896.2  -6239.51  0  0  -6239.51  0  -6239.51  1496.87  0  0  1496.87  0  1496.87
2.6895e+13  0  896.5  -6235.57  0  0  -6235.57  0  -6235.57  1495.42  0  0  1495.42  0  1495.42
2.6904e+13  0  896.8  -6231.62  0  0  -6231.62  0  -6231.62  1493.98  0  0  1493.98  0  1493.98
2.6913e+13  0  897.1  -6227.68  0  0  -6227.68  0  -6227.68  1492.53  0  0  1492.53  0  1492.53
2.6922e+13  0  897.4  -6223.74  0  0  -6223.74  0  -6223.74  1491.09  0  0  1491.09  0  1491.09
2.6931e+13  0  897.7  -6219.81  0  0  -6219.81  0  -6219.81  1489.65  0  0  1489.65  0  1489.65
2.694e+13  0  898  -6215.88  0  0  -6215.88  0  -6215.88  1488.21  0  0  1488.21  0  1488.21
2.6949e+13  0  898.3  -6211.95  0  0  -6211.95  0  -6211.95  1486.78  0  0  1486.78  0  1486.78
2.6958e+13  0  898.6  -6208.03  0  0  -6208.03  0  -6208.03  1485.34  0  0  1485.34  0  1485.34
2.6967e+13  0  898.9  -6204.11  0  0  -6204.11  0  -6204.11  1483.91  0  0  1483.91  0  1483.91
2.6976e+13  0  899.2  -6200.2  0  0  -6200.2  0  -6200.2  1482.48  0  0  1482.48  0  1482.48
2.6985e+13  0  899.5  -6196.29  0  0  -6196.29  0  -6196.29  1481.05  0  0  1481.05  0  1481.05
2.6994e+13  0  899.8  -6192.38  0  0  -6192.38  0  -6192.38  1479.62  0  0  1479.62  0  1479.62
2.7003e+13  0  900.1  -6188.47  0  0  -6188.47  0  -6188.47  1478.19  0  0  1478.19  0  1478.19
2.7012e+13  0  900.4  -6184.57  0  0  -6184.57  0  -6184.57  1476.77  0  0  1476.77  0  1476.77
2.7021e+13  0  900.7  -6180.68  0  0  -6180.68  0  -6180.68  1475.35  0  0  1475.35  0  1475.35
2.703e+13  0  901  -6176.78  0  0  -6176.78  0  -6176.78  1473.93  0  0  1473.93  0  1473.93
2.7039e+13  0  901.3  -6172.89  0  0  -6172.89  0  -6172.89  1472.51  0  0  1472.51  0  1472.51
2.7048e+13  0  901.6  -6169.01  0  0  -6169.01  0  -6169.01  1471.09  0  0  1471.09  0  1471.09
2.7057e+13  0  901.9  -6165.12  0  0  -6165.12  0  -6165.12  1469.68  0  0  1469.68  0  1469.68
2.7066e+13  0  902.2  -6161.24  0  0  -6161.24  0  -6161.24  1468.26  0  0  1468.26  0  1468.26
2.7075e+13  0  902.5  -6157.37  0  0  -6157.37  0  -6157.37  1466.85  0  0  1466.85  0  1466.85
2.7084e+13  0  902.8  -6153.5  0  0  -6153.5  0  -6153.5  1465.44  0  0  1465.44  0  1465.44
2.7093e+13  0  903.1  -6149.63  0  0  -6149.63  0  -6149.63  1464.04  0  0  1464.04  0  1464.04
2.7102e+13  0  903.4  -6145.76  0  0  -6145.76  0  -6145.76  1462.63  0  0  1462.63  0  1462.63
2.7111e+13  0  903.7  -6141.9  0  0  -6141.9  0  -6141.9  1461.23  0  0  1461.23  0  1461.23
2.712e+13  0  904  -6138.05  0  0  -6138.05  0  -6138.05  1459.82  0  0  1459.82  0  1459.82
2.7129e+13  0  904.3  -6134.19  0  0  -6134.19  0  -6134.19  1458.42  0  0  1458.42  0  1458.42
2.7138e+13  0  904.6  -6130.34  0  0  -6130.34  0  -6130.34  1457.02  0  0  1457.02  0  1457.02
2.7147e+13  0  904.9  -6126.49  0  0  -6126.49  0  -6126.49  1455.63  0  0  1455.63  0  1455.63
2.7156e+13  0  905.2  -6122.65  0  0  -6122.65  0  -6122.65  1454.23  0  0  1454.23  0  1454.23
2.7165e+13  0  905.5  -6118.81  0  0  -6118.81  0  -6118.81  1452.84  0  0  1452.84  0  1452.84
2.7174e+13  0  905.8  -6114.97  0  0  -6114.97  0  -6114.97  1451.45  0  0  1451.45  0  1451.45
2.7183e+13  0  906.1  -6111.14  0  0  -6111.14  0  -6111.14  1450.06  0  0  1450.06  0  1450.06
2.7192e+13  0  906.4  -6107.31  0  0  -6107.31  0  -6107.31  1448.67  0  0  1448.67  0  1448.67
2.7201e+13  0  906.7  -6103.49  0  0  -6103.49  0  -6103.49  1447.28  0  0  1447.28  0  1447.28
2.721e+13  0  907  -6099.66  0  0  -6099.66  0  -6099.66  1445.9  0  0  1445.9  0  1445.9
2.7219e+13  0  907.3  -6095.85  0  0  -6095.85  0  -6095.85  1444.51  0  0  1444.51  0  1444.51
2.7228e+13  0  907.6  -6092.03  0  0  -6092.03  0  -6092.03  1443.13  0  0  1443.13  0  1443.13
2.7237e+13  0  907.9  -6088.22  0  0  -6088.22  0  -6088.22  1441.75  0  0  1441.75  0  1441.75
2.7246e+13  0  908.2  -6084.41  0  0  -6084.41  0  -6084.41  1440.37  0  0  1440.37  0  1440.37
2.7255e+13  0  908.5  -6080.61  0  0  -6080.61  0  -6080.61  1439  0  0  1439  0  1439
2.7264e+13  0  908.8  -6076.81  0  0  -6076.81  0  -6076.81  1437.62  0  0  1437.62  0  1437.62
2.7273e+13  0  909.1  -6073.01  0  0  -6073.01  0  -6073.01  1436.25  0  0  1436.25  0  1436.25
2.7282e+13  0  909.4  -6069.21  0  0  -6069.21  0  -6069.21  1434.88  0  0  1434.88  0  1434.88
2.7291e+13  0  909.7  -6065.42  0  0  -6065.42  0  -6065.42  1433.51  0  0  1433.51  0  1433.51
2.73e+13  0  910  -6061.64  0  0  -6061.64  0  -6061.64  1432.14  0  0  1432.14  0  1432.14
2.7309e+13  0  910.3  -6057.85  0  0  -6057.85  0  -6057.85  1430.78  0  0  1430.78  0  1430.78
2.7318e+13  0  910.6  -6054.07  0  0  -6054.07  0  -6054.07  1429.42  0  0  1429.42  0  1429.42
2.7327e+13  0  910.9  -6050.3  0  0  -6050.3  0  -6050.3  1428.05  0  0  1428.05  0  1428.05
2.7336e+13  0  911.2  -6046.52  0  0  -6046.52  0  -6046.52  1426.69  0  0  1426.69  0  1426.69
2.7345e+13  0  911.5  -6042.75  0  0  -6042.75  0  -6042.75  1425.33  0  0  1425.33  0  1425.33
2.7354e+13  0  911.8  -6038.99  0  0  -6038.99  0  -6038.99  1423.98  0  0  1423.98  0  1423.98
2.7363e+13  0  912.1  -6035.22  0  0  -6035.22  0  -6035.22  1422.62  0  0  1422.62  0  1422.62
2.7372e+13  0  912.4  -6031.46  0  0  -6031.46  0  -6031.46  1421.27  0  0  1421.27  0  1421.27
2.7381e+13  0  912.7  -6027.71  0  0  -6027.71  0  -6027.71  1419.92  0  0  1419.92  0  1419.92
2.739e+13  0  913  -6023.96  0  0  -6023.96  0  -6023.96  1418.57  0  0  1418.57  0  1418.57
2.7399e+13  0  913.3  -6020.21  0  0  -6020.21  0  -6020.21  1417.22  0  0  1417.22  0  1417.22
2.7408e+13  0  913.6  -6016.46  0  0  -6016.46  0  -6016.46  1415.87  0  0  1415.87  0  1415.87
2.7417e+13  0  913.9  -6012.72  0  0  -6012.72  0  -6012.72  1414.53  0  0  1414.53  0  1414.53
2.7426e+13  0  914.2  -6008.98  0  0  -6008.98  0  -6008.98  1413.18  0  0  1413.18  0  1413.18
2.7435e+13  0  914.5  -6005.24  0  0  -6005.24  0  -6005.24  1411.84  0  0  1411.84  0  1411.84
2.7444e+13  0  914.8  -6001.51  0  0  -6001.51  0  -6001.51  1410.5  0  0  1410.5  0  1410.5
2.7453e+13  0  915.1  -5997.78  0  0  -5997.78  0  -5997.78  1409.16  0  0  1409.16  0  1409.16
2.7462e+13  0  915.4  -5994.06  0  0  -5994.06  0  -5994.06  1407.82  0  0  1407.82  0  1407.82
2.7471e+13  0  915.7  -5990.34  0  0  -5990.34  0  -5990.34  1406.49  0  0  1406.49  0  1406.49
2.748e+13  0  916  -5986.62  0  0  -5986.62  0  -5986.62  1405.16  0  0  1405.16  0  1405.16
2.7489e+13  0  916.3  -5982.9  0  0  -5982.9  0  -5982.9  1403.82  0  0  1403.82  0  1403.82
2.7498e+13  0  916.6  -5979.19  0  0  -5979.19  0  -5979.19  1402.49  0  0  1402.49  0  1402.49
2.7507e+13  0  916.9  -5975.48  0  0  -5975.48  0  -5975.48  1401.17  0  0  1401.17  0  1401.17
2.7516e+13  0  917.2  -5971.78  0  0  -5971.78  0  -5971.78  1399.84  0  0  1399.84  0  1399.84
2.7525e+13  0  917.5  -5968.08  0  0  -5968.08  0  -5968.08  1398.51  0  0  1398.51  0  1398.51
2.7534e+13  0  917.8  -5964.38  0  0  -5964.38  0  -5964.38  1397.19  0  0  1397.19  0  1397.19
2.7543e+13  0  918.1  -5960.69  0  0  -5960.69  0  -5960.69  1395.87  0  0  1395.87  0  1395.87
2.7552e+13  0  918.4  -5956.99  0  0  -5956.99  0  -5956.99  1394.55  0  0  1394.55  0  1394.55
2.7561e+13  0  918.7  -5953.31  0  0  -5953.31  0  -5953.31  1393.23  0  0  1393.23  0  1393.23
2.757e+13  0  919  -5949.62  0  0  -5949.62  0  -5949.62  1391.91  0  0  1391.91  0  1391.91
2.7579e+13  0  919.3  -5945.94  0  0  -5945.94  0  -5945.94  1390.6  0  0  1390.6  0  1390.6
2.7588e+13  0  919.6  -5942.26  0  0  -5942.26  0  -5942.26  1389.29  0  0  1389.29  0  1389.29
2.7597e+13  0  919.9  -5938.59  0  0  -5938.59  0  -5938.59  1387.97  0  0  1387.97  0  1387.97
2.7606e+13  0  920.2  -5934.92  0  0  -5934.92  0  -5934.92  1386.66  0  0  1386.66  0  1386.66
2.7615e+13  0  920.5  -5931.25  0  0  -5931.25  0  -5931.25  1385.35  0  0  1385.35  0  1385.35
2.7624e+13  0  920.8  -5927.59  0  0  -5927.59  0  -5927.59  1384.05  0  0  1384.05  0  1384.05
2.7633e+13  0  921.1  -5923.92  0  0  -5923.92  0  -5923.92  1382.74  0  0  1382.74  0  1382.74
2.7642e+13  0  921.4  -5920.27  0  0  -5920.27  0  -5920.27  1381.44  0  0  1381.44  0  1381.44
2.7651e+13  0  921.7  -5916.61  0  0  -5916.61  0  -5916.61  1380.14  0  0  1380.14  0  1380.14
2.766e+13  0  922  -5912.96  0  0  -5912.96  0  -5912.96  1378.84  0  0  1378.84  0  1378.84
2.7669e+13  0  922.3  -5909.31  0  0  -5909.31  0  -5909.31  1377.54  0  0  1377.54  0  1377.54
2.7678e+13  0  922.6  -5905.67  0  0  -5905.67  0  -5905.67  1376.24  0  0  1376.24  0  1376.24
2.7687e+13  0  922.9  -5902.03  0  0  -5902.03  0  -5902.03  1374.94  0  0  1374.94  0  1374.94
2.7696e+13  0  923.2  -5898.39  0  0  -5898.39  0  -5898.39  1373.65  0  0  1373.65  0  1373.65
2.7705e+13  0  923.5  -5894.75  0  0  -5894.75  0  -5894.75  1372.36  0  0  1372.36  0  1372.36
2.7714e+13  0  923.8  -5891.12  0  0  -5891.12  0  -5891.12  1371.07  0  0  1371.07  0  1371.07
2.7723e+13  0  924.1  -5887.5  0  0  -5887.5  0  -5887.5  1369.78  0  0  1369.78  0  1369.78
2.7732e+13  0  924.4  -5883.87  0  0  -5883.87  0  -5883.87  1368.49  0  0  1368.49  0  1368.49
2.7741e+13  0  924.7  -5880.25  0  0  -5880.25  0  -5880.25  1367.2  0  0  1367.2  0  1367.2
2.775e+13  0  925  -5876.63  0  0  -5876.63  0  -5876.63  1365.92  0  0  1365.92  0  1365.92
2.7759e+13  0  925.3  -5873.02  0  0  -5873.02  0  -5873.02  1364.64  0  0  1364.64  0  1364.64
2.7768e+13  0  925.6  -5869.4  0  0  -5869.4  0  -5869.4  1363.36  0  0  1363.36  0  1363.36
2.7777e+13  0  925.9  -5865.8  0  0  -5865.8  0  -5865.8  1362.08  0  0  1362.08  0  1362.08
2.7786e+13  0  926.2  -5862.19  0  0  -5862.19  0  -5862.19  1360.8  0  0  1360.8  0  1360.8
2.7795e+13  0  926.5  -5858.59  0  0  -5858.59  0  -5858.59  1359.52  0  0  1359.52  0  1359.52
2.7804e+13  0  926.8  -5854.99  0  0  -5854.99  0  -5854.99  1358.25  0  0  1358.25  0  1358.25
2.7813e+13  0  927.1  -5851.4  0  0  -5851.4  0  -5851.4  1356.97  0  0  1356.97  0  1356.97
2.7822e+13  0  927.4  -5847.8  0  0  -5847.8  0  -5847.8  1355.7  0  0  1355.7  0  1355.7
2.7831e+13  0  927.7  -5844.22  0  0  -5844.22  0  -5844.22  1354.43  0  0  1354.43  0  1354.43
2.784e+13  0  928  -5840.63  0  0  -5840.63  0  -5840.63  1353.16  0  0  1353.16  0  1353.16
2.7849e+13  0  928.3  -5837.05  0  0  -5837.05  0  -5837.05  1351.9  0  0  1351.9  0  1351.9
2.7858e+13  0  928.6  -5833.47  0  0  -5833.47  0  -5833.47  1350.63  0  0  1350.63  0  1350.63
2.7867e+13  0  928.9  -5829.89  0  0  -5829.89  0  -5829.89  1349.37  0  0  1349.37  0  1349.37
2.7876e+13  0  929.2  -5826.32  0  0  -5826.32  0  -5826.32  1348.1  0  0  1348.1  0  1348.1
2.7885e+13  0  929.5  -5822.75  0  0  -5822.75  0  -5822.75  1346.84  0  0  1346.84  0  1346.84
2.7894e+13  0  929.8  -5819.18  0  0  -5819.18  0  -5819.18  1345.58  0  0  1345.58  0  1345.58
2.7903e+13  0  930.1  -5815.62  0  0  -5815.62  0  -5815.62  1344.33  0  0  1344.33  0  1344.33
2.7912e+13  0  930.4  -5812.06  0  0  -5812.06  0  -5812.06  1343.07  0  0  1343.07  0  1343.07
2.7921e+13  0  930.7  -5808.51  0  0  -5808.51  0  -5808.51  1341.82  0  0  1341.82  0  1341.82
2.793e+13  0  931  -5804.95  0  0  -5804.95  0  -5804.95  1340.56  0  0  1340.56  0  1340.56
2.7939e+13  0  931.3  -5801.4  0  0  -5801.4  0  -5801.4  1339.31  0  0  1339.31  0  1339.31
2.7948e+13  0  931.6  -5797.86  0  0  -5797.86  0  -5797.86  1338.06  0  0  1338.06  0  1338.06
2.7957e+13  0  931.9  -5794.31  0  0  -5794.31  0  -5794.31  1336.81  0  0  1336.81  0  1336.81
2.7966e+13  0  932.2  -5790.77  0  0  -5790.77  0  -5790.77  1335.57  0  0  1335.57  0  1335.57
2.7975e+13  0  932.5  -5787.23  0  0  -5787.23  0  -5787.23  1334.32  0  0  1334.32  0  1334.32
2.7984e+13  0  932.8  -5783.7  0  0  -5783.7  0  -5783.7  1333.08  0  0  1333.08  0  1333.08
2.7993e+13  0  933.1  -5780.17  0  0  -5780.17  0  -5780.17  1331.84  0  0  1331.84  0  1331.84
2.8002e+13  0  933.4  -5776.64  0  0  -5776.64  0  -5776.64  1330.6  0  0  1330.6  0  1330.6
2.8011e+13  0  933.7  -5773.12  0  0  -5773.12  0  -5773.12  1329.36  0  0  1329.36  0  1329.36
2.802e+13  0  934  -5769.59  0  0  -5769.59  0  -5769.59  1328.12  0  0  1328.12  0  1328.12
2.8029e+13  0  934.3  -5766.08  0  0  -5766.08  0  -5766.08  1326.88  0  0  1326.88  0  1326.88
2.8038e+13  0  934.6  -5762.56  0  0  -5762.56  0  -5762.56  1325.65  0  0  1325.65  0  1325.65
2.8047e+13  0  934.9  -5759.05  0  0  -5759.05  0  -5759.05  1324.42  0  0  1324.42  0  1324.42
2.8056e+13  0  935.2  -5755.54  0  0  -5755.54  0  -5755.54  1323.18  0  0  1323.18  0  1323.18
2.8065e+13  0  935.5  -5752.03  0  0  -5752.03  0  -5752.03  1321.95  0  0  1321.95  0  1321.95
2.8074e+13  0  935.8  -5748.53  0  0  -5748.53  0  -5748.53  1320.72  0  0  1320.72  0  1320.72
2.8083e+13  0  936.1  -5745.03  0  0  -5745.03  0  -5745.03  1319.5  0  0  1319.5  0  1319.5
2.8092e+13  0  936.4  -5741.54  0  0  -5741.54  0  -5741.54  1318.27  0  0  1318.27  0  1318.27
2.8101e+13  0  936.7  -5738.04  0  0  -5738.04  0  -5738.04  1317.05  0  0  1317.05  0  1317.05
2.811e+13  0  937  -5734.55  0  0  -5734.55  0  -5734.55  1315.83  0  0  1315.83  0  1315.83
2.8119e+13  0  937.3  -5731.07  0  0  -5731.07  0  -5731.07  1314.61  0  0  1314.61  0  1314.61
2.8128e+13  0  937.6  -5727.58  0  0  -5727.58  0  -5727.58  1313.39  0  0  1313.39  0  1313.39
2.8137e+13  0  937.9  -5724.1  0  0  -5724.1  0  -5724.1  1312.17  0  0  1312.17  0  1312.17
2.8146e+13  0  938.2  -5720.62  0  0  -5720.62  0  -5720.62  1310.95  0  0  1310.95  0  1310.95
2.8155e+13  0  938.5  -5717.15  0  0  -5717.15  0  -5717.15  1309.74  0  0  1309.74  0  1309.74
2.8164e+13  0  938.8  -5713.68  0  0  -5713.68  0  -5713.68  1308.52  0  0  1308.52  0  1308.52
2.8173e+13  0  939.1  -5710.21  0  0  -5710.21  0  -5710.21  1307.31  0  0  1307.31  0  1307.31
2.8182e+13  0  939.4  -5706.75  0  0  -5706.75  0  -5706.75  1306.1  0  0  1306.1  0  1306.1
2.8191e+13  0  939.7  -5703.28  0  0  -5703.28  0  -5703.28  1304.89  0  0  1304.89  0  1304.89
2.82e+13  0  940  -5699.83  0  0  -5699.83  0  -5699.83  1303.68  0  0  1303.68  0  1303.68
2.8209e+13  0  940.3  -5696.37  0  0  -5696.37  0  -5696.37  1302.48  0  0  1302.48  0  1302.48
2.8218e+13  0  940.6  -5692.92  0  0  -5692.92  0  -5692.92  1301.27  0  0  1301.27  0  1301.27
2.8227e+13  0  940.9  -5689.47  0  0  -5689.47  0  -5689.47  1300.07  0  0  1300.07  0  1300.07
2.8236e+13  0  941.2  -5686.02  0  0  -5686.02  0  -5686.02  1298.87  0  0  1298.87  0  1298.87
2.8245e+13  0  941.5  -5682.58  0  0  -5682.58  0  -5682.58  1297.67  0  0  1297.67  0  1297.67
2.8254e+13  0  941.8  -5679.14  0  0  -5679.14  0  -5679.14  1296.47  0  0  1296.47  0  1296.47
2.8263e+13  0  942.1  -5675.7  0  0  -5675.7  0  -5675.7  1295.27  0  0  1295.27  0  1295.27
2.8272e+13  0  942.4  -5672.27  0  0  -5672.27  0  -5672.27  1294.08  0  0  1294.08  0  1294.08
2.8281e+13  0  942.7  -5668.83  0  0  -5668.83  0  -5668.83  1292.88  0  0  1292.88  0  1292.88
2.829e+13  0  943  -5665.41  0  0  -5665.41  0  -5665.41  1291.69  0  0  1291.69  0  1291.69
2.8299e+13  0  943.3  -5661.98  0  0  -5661.98  0  -5661.98  1290.5  0  0  1290.5  0  1290.5
2.8308e+13  0  943.6  -5658.56  0  0  -5658.56  0  -5658.56  1289.31  0  0  1289.31  0  1289.31
2.8317e+13  0  943.9  -5655.14  0  0  -5655.14  0  -5655.14  1288.12  0  0  1288.12  0  1288.12
2.8326e+13  0  944.2  -5651.72  0  0  -5651.72  0  -5651.72  1286.93  0  0  1286.93  0  1286.93
2.8335e+13  0  944.5  -5648.31  0  0  -5648.31  0  -5648.31  1285.75  0  0  1285.75  0  1285.75
2.8344e+13  0  944.8  -5644.9  0  0  -5644.9  0  -5644.9  1284.56  0  0  1284.56  0  1284.56
2.8353e+13  0  945.1  -5641.49  0  0  -5641.49  0  -5641.49  1283.38  0  0  1283.38  0  1283.38
2.8362e+13  0  945.4  -5638.09  0  0  -5638.09  0  -5638.09  1282.2  0  0  1282.2  0  1282.2
2.8371e+13  0  945.7  -5634.69  0  0  -5634.69  0  -5634.69  1281.02  0  0  1281.02  0  1281.02
2.838e+13  0  946  -5631.29  0  0  -5631.29  0  -5631.29  1279.84  0  0  1279.84  0  1279.84
2.8389e+13  0  946.3  -5627.9  0  0  -5627.9  0  -5627.9  1278.66  0  0  1278.66  0  1278.66
2.8398e+13  0  946.6  -5624.51  0  0  -5624.51  0  -5624.51  1277.49  0  0  1277.49  0  1277.49
2.8407e+13  0  946.9  -5621.12  0  0  -5621.12  0  -5621.12  1276.31  0  0  1276.31  0  1276.31
2.8416e+13  0  947.2  -5617.73  0  0  -5617.73  0  -5617.73  1275.14  0  0  1275.14  0  1275.14
2.8425e+13  0  947.5  -5614.35  0  0  -5614.35  0  -5614.35  1273.97  0  0  1273.97  0  1273.97
2.8434e+13  0  947.8  -5610.97  0  0  -5610.97  0  -5610.97  1272.8  0  0  1272.8  0  1272.8
2.8443e+13  0  948.1  -5607.59  0  0  -5607.59  0  -5607.59  1271.63  0  0  1271.63  0  1271.63
2.8452e+13  0  948.4  -5604.22  0  0  -5604.22  0  -5604.22  1270.46  0  0  1270.46  0  1270.46
2.8461e+13  0  948.7  -5600.85  0  0  -5600.85  0  -5600.85  1269.3  0  0  1269.3  0  1269.3
2.847e+13  0  949  -5597.48  0  0  -5597.48  0  -5597.48  1268.13  0  0  1268.13  0  1268.13
2.8479e+13  0  949.3  -5594.12  0  0  -5594.12  0  -5594.12  1266.97  0  0  1266.97  0  1266.97
2.8488e+13  0  949.6  -5590.75  0  0  -5590.75  0  -5590.75  1265.81  0  0  1265.81  0  1265.81
2.8497e+13  0  949.9  -5587.4  0  0  -5587.4  0  -5587.4  1264.65  0  0  1264.65  0  1264.65
2.8506e+13  0  950.2  -5584.04  0  0  -5584.04  0  -5584.04  1263.49  0  0  1263.49  0  1263.49
2.8515e+13  0  950.5  -5580.69  0  0  -5580.69  0  -5580.69  1262.33  0  0  1262.33  0  1262.33
2.8524e+13  0  950.8  -5577.34  0  0  -5577.34  0  -5577.34  1261.18  0  0  1261.18  0  1261.18
2.8533e+13  0  951.1  -5573.99  0  0  -5573.99  0  -5573.99  1260.02  0  0  1260.02  0  1260.02
2.8542e+13  0  951.4  -5570.65  0  0  -5570.65  0  -5570.65  1258.87  0  0  1258.87  0  1258.87
2.8551e+13  0  951.7  -5567.31  0  0  -5567.31  0  -5567.31  1257.72  0  0  1257.72  0  1257.72
2.856e+13  0  952  -5563.97  0  0  -5563.97  0  -5563.97  1256.57  0  0  1256.57  0  1256.57
2.8569e+13  0  952.3  -5560.63  0  0  -5560.63  0  -5560.63  1255.42  0  0  1255.42  0  1255.42
2.8578e+13  0  952.6  -5557.3  0  0  -5557.3  0  -5557.3  1254.27  0  0  1254.27  0  1254.27
2.8587e+13  0  952.9  -5553.97  0  0  -5553.97  0  -5553.97  1253.13  0  0  1253.13  0  1253.13
2.8596e+13  0  953.2  -5550.64  0  0  -5550.64  0  -5550.64  1251.98  0  0  1251.98  0  1251.98
2.8605e+13  0  953.5  -5547.32  0  0  -5547.32  0  -5547.32  1250.84  0  0  1250.84  0  1250.84
2.8614e+13  0  953.8  -5544  0  0  -5544  0  -5544  1249.7  0  0  1249.7  0  1249.7
2.8623e+13  0  954.1  -5540.68  0  0  -5540.68  0  -5540.68  1248.56  0  0  1248.56  0  1248.56
2.8632e+13  0  954.4  -5537.37  0  0  -5537.37  0  -5537.37  1247.42  0  0  1247.42  0  1247.42
2.8641e+13  0  954.7  -5534.06  0  0  -5534.06  0  -5534.06  1246.28  0  0  1246.28  0  1246.28
2.865e+13  0  955  -5530.75  0  0  -5530.75  0  -5530.75  1245.14  0  0  1245.14  0  1245.14
2.8659e+13  0  955.3  -5527.44  0  0  -5527.44  0  -5527.44  1244.01  0  0  1244.01  0  1244.01
2.8668e+13  0  955.6  -5524.14  0  0  -5524.14  0  -5524.14  1242.87  0  0  1242.87  0  1242.87
2.8677e+13  0  955.9  -5520.84  0  0  -5520.84  0  -5520.84  1241.74  0  0  1241.74  0  1241.74
2.8686e+13  0  956.2  -5517.54  0  0  -5517.54  0  -5517.54  1240.61  0  0  1240.61  0  1240.61
2.8695e+13  0  956.5  -5514.25  0  0  -5514.25  0  -5514.25  1239.48  0  0  1239.48  0  1239.48
2.8704e+13  0  956.8  -5510.96  0  0  -5510.96  0  -5510.96  1238.35  0  0  1238.35  0  1238.35
2.8713e+13  0  957.1  -5507.67  0  0  -5507.67  0  -5507.67  1237.23  0  0  1237.23  0  1237.23
2.8722e+13  0  957.4  -5504.38  0  0  -5504.38  0  -5504.38  1236.1  0  0  1236.1  0  1236.1
2.8731e+13  0  957.7  -5501.1  0  0  -5501.1  0  -5501.1  1234.98  0  0  1234.98  0  1234.98
2.874e+13  0  958  -5497.82  0  0  -5497.82  0  -5497.82  1233.85  0  0  1233.85  0  1233.85
2.8749e+13  0  958.3  -5494.55  0  0  -5494.55  0  -5494.55  1232.73  0  0  1232.73  0  1232.73
2.8758e+13  0  958.6  -5491.27  0  0  -5491.27  0  -5491.27  1231.61  0  0  1231.61  0  1231.61
2.8767e+13  0  958.9  -5488  0  0  -5488  0  -5488  1230.49  0  0  1230.49  0  1230.49
2.8776e+13  0  959.2  -5484.73  0  0  -5484.73  0  -5484.73  1229.38  0  0  1229.38  0  1229.38
2.8785e+13  0  959.5  -5481.47  0  0  -5481.47  0  -5481.47  1228.26  0  0  1228.26  0  1228.26
2.8794e+13  0  959.8  -5478.2  0  0  -5478.2  0  -5478.2  1227.15  0  0  1227.15  0  1227.15
2.8803e+13  0  960.1  -5474.95  0  0  -5474.95  0  -5474.95  1226.03  0  0  1226.03  0  1226.03
2.8812e+13  0  960.4  -5471.69  0  0  -5471.69  0  -5471.69  1224.92  0  0  1224.92  0  1224.92
2.8821e+13  0  960.7  -5468.43  0  0  -5468.43  0  -5468.43  1223.81  0  0  1223.81  0  1223.81
2.883e+13  0  961  -5465.18  0  0  -5465.18  0  -5465.18  1222.7  0  0  1222.7  0  1222.7
2.8839e+13  0  961.3  -5461.94  0  0  -5461.94  0  -5461.94  1221.59  0  0  1221.59  0  1221.59
2.8848e+13  0  961.6  -5458.69  0  0  -5458.69  0  -5458.69  1220.49  0  0  1220.49  0  1220.49
2.8857e+13  0  961.9  -5455.45  0  0  -5455.45  0  -5455.45  1219.38  0  0  1219.38  0  1219.38
2.8866e+13  0  962.2  -5452.21  0  0  -5452.21  0  -5452.21  1218.28  0  0  1218.28  0  1218.28
2.8875e+13  0  962.5  -5448.97  0  0  -5448.97  0  -5448.97  1217.17  0  0  1217.17  0  1217.17
2.8884e+13  0  962.8  -5445.74  0  0  -5445.74  0  -5445.74  1216.07  0  0  1216.07  0  1216.07
2.8893e+13  0  963.1  -5442.51  0  0  -5442.51  0  -5442.51  1214.97  0  0  1214.97  0  1214.97
2.8902e+13  0  963.4  -5439.28  0  0  -5439.28  0  -5439.28  1213.87  0  0  1213.87  0  1213.87
2.8911e+13  0  963.7  -5436.05  0  0  -5436.05  0  -5436.05  1212.78  0  0  1212.78  0  1212.78
2.892e+13  0  964  -5432.83  0  0  -5432.83  0  -5432.83  1211.68  0  0  1211.68  0  1211.68
2.8929e+13  0  964.3  -5429.61  0  0  -5429.61  0  -5429.61  1210.58  0  0  1210.58  0  1210.58
2.8938e+13  0  964.6  -5426.39  0  0  -5426.39  0  -5426.39  1209.49  0  0  1209.49  0  1209.49
2.8947e+13  0  964.9  -5423.18  0  0  -5423.18  0  -5423.18  1208.4  0  0  1208.4  0  1208.4
2.8956e+13  0  965.2  -5419.97  0  0  -5419.97  0  -5419.97  1207.31  0  0  1207.31  0  1207.31
2.8965e+13  0  965.5  -5416.76  0  0  -5416.76  0  -5416.76  1206.22  0  0  1206.22  0  1206.22
2.8974e+13  0  965.8  -5413.55  0  0  -5413.55  0  -5413.55  1205.13  0  0  1205.13  0  1205.13
2.8983e+13  0  966.1  -5410.35  0  0  -5410.35  0  -5410.35  1204.04  0  0  1204.04  0  1204.04
2.8992e+13  0  966.4  -5407.15  0  0  -5407.15  0  -5407.15  1202.96  0  0  1202.96  0  1202.96
2.9001e+13  0  966.7  -5403.95  0  0  -5403.95  0  -5403.95  1201.87  0  0  1201.87  0  1201.87
2.901e+13  0  967  -5400.76  0  0  -5400.76  0  -5400.76  1200.79  0  0  1200.79  0  1200.79
2.9019e+13  0  967.3  -5397.57  0  0  -5397.57  0  -5397.57  1199.71  0  0  1199.71  0  1199.71
2.9028e+13  0  967.6  -5394.38  0  0  -5394.38  0  -5394.38  1198.63  0  0  1198.63  0  1198.63
2.9037e+13  0  967.9  -5391.19  0  0  -5391.19  0  -5391.19  1197.55  0  0  1197.55  0  1197.55
2.9046e+13  0  968.2  -5388.01  0  0  -5388.01  0  -5388.01  1196.47  0  0  1196.47  0  1196.47
2.9055e+13  0  968.5  -5384.83  0  0  -5384.83  0  -5384.83  1195.39  0  0  1195.39  0  1195.39
2.9064e+13  0  968.8  -5381.65  0  0  -5381.65  0  -5381.65  1194.32  0  0  1194.32  0  1194.32
2.9073e+13  0  969.1  -5378.47  0  0  -5378.47  0  -5378.47  1193.24  0  0  1193.24  0  1193.24
2.9082e+13  0  969.4  -5375.3  0  0  -5375.3  0  -5375.3  1192.17  0  0  1192.17  0  1192.17
2.9091e+13  0  969.7  -5372.13  0  0  -5372.13  0  -5372.13  1191.1  0  0  1191.1  0  1191.1
2.91e+13  0  970  -5368.97  0  0  -5368.97  0  -5368.97  1190.03  0  0  1190.03  0  1190.03
2.9109e+13  0  970.3  -5365.8  0  0  -5365.8  0  -5365.8  1188.96  0  0  1188.96  0  1188.96
2.9118e+13  0  970.6  -5362.64  0  0  -5362.64  0  -5362.64  1187.89  0  0  1187.89  0  1187.89
2.9127e+13  0  970.9  -5359.48  0  0  -5359.48  0  -5359.48  1186.83  0  0  1186.83  0  1186.83
2.9136e+13  0  971.2  -5356.33  0  0  -5356.33  0  -5356.33  1185.76  0  0  1185.76  0  1185.76
2.9145e+13  0  971.5  -5353.17  0  0  -5353.17  0  -5353.17  1184.7  0  0  1184.7  0  1184.7
2.9154e+13  0  971.8  -5350.02  0  0  -5350.02  0  -5350.02  1183.63  0  0  1183.63  0  1183.63
2.9163e+13  0  972.1  -5346.87  0  0  -5346.87  0  -5346.87  1182.57  0  0  1182.57  0  1182.57
2.9172e+13  0  972.4  -5343.73  0  0  -5343.73  0  -5343.73  1181.51  0  0  1181.51  0  1181.51
2.9181e+13  0  972.7  -5340.59  0  0  -5340.59  0  -5340.59  1180.45  0  0  1180.45  0  1180.45
2.919e+13  0  973  -5337.45  0  0  -5337.45  0  -5337.45  1179.39  0  0  1179.39  0  1179.39
2.9199e+13  0  973.3  -5334.31  0  0  -5334.31  0  -5334.31  1178.34  0  0  1178.34  0  1178.34
2.9208e+13  0  973.6  -5331.18  0  0  -5331.18  0  -5331.18  1177.28  0  0  1177.28  0  1177.28
2.9217e+13  0  973.9  -5328.05  0  0  -5328.05  0  -5328.05  1176.23  0  0  1176.23  0  1176.23
2.9226e+13  0  974.2  -5324.92  0  0  -5324.92  0  -5324.92  1175.18  0  0  1175.18  0  1175.18
2.9235e+13  0  974.5  -5321.79  0  0  -5321.79  0  -5321.79  1174.13  0  0  1174.13  0  1174.13
2.9244e+13  0  974.8  -5318.67  0  0  -5318.67  0  -5318.67  1173.08  0  0  1173.08  0  1173.08
2.9253e+13  0  975.1  -5315.55  0  0  -5315.55  0  -5315.55  1172.03  0  0  1172.03  0  1172.03
2.9262e+13  0  975.4  -5312.43  0  0  -5312.43  0  -5312.43  1170.98  0  0  1170.98  0  1170.98
2.9271e+13  0  975.7  -5309.31  0  0  -5309.31  0  -5309.31  1169.93  0  0  1169.93  0  1169.93
2.928e+13  0  976  -5306.2  0  0  -5306.2  0  -5306.2  1168.89  0  0  1168.89  0  1168.89
2.9289e+13  0  976.3  -5303.09  0  0  -5303.09  0  -5303.09  1167.84  0  0  1167.84  0  1167.84
2.9298e+13  0  976.6  -5299.99  0  0  -5299.99  0  -5299.99  1166.8  0  0  1166.8  0  1166.8
2.9307e+13  0  976.9  -5296.88  0  0  -5296.88  0  -5296.88  1165.76  0  0  1165.76  0  1165.76
2.9316e+13  0  977.2  -5293.78  0  0  -5293.78  0  -5293.78  1164.72  0  0  1164.72  0  1164.72
2.9325e+13  0  977.5  -5290.68  0  0  -5290.68  0  -5290.68  1163.68  0  0  1163.68  0  1163.68
2.9334e+13  0  977.8  -5287.58  0  0  -5287.58  0  -5287.58  1162.64  0  0  1162.64  0  1162.64
2.9343e+13  0  978.1  -5284.49  0  0  -5284.49  0  -5284.49  1161.6  0  0  1161.6  0  1161.6
2.9352e+13  0  978.4  -5281.4  0  0  -5281.4  0  -5281.4  1160.57  0  0  1160.57  0  1160.57
2.9361e+13  0  978.7  -5278.31  0  0  -5278.31  0  -5278.31  1159.54  0  0  1159.54  0  1159.54
2.937e+13  0  979  -5275.23  0  0  -5275.23  0  -5275.23  1158.5  0  0  1158.5  0  1158.5
2.9379e+13  0  979.3  -5272.14  0  0  -5272.14  0  -5272.14  1157.47  0  0  1157.47  0  1157.47
2.9388e+13  0  979.6  -5269.06  0  0  -5269.06  0  -5269.06  1156.44  0  0  1156.44  0  1156.44
2.9397e+13  0  979.9  -5265.98  0  0  -5265.98  0  -5265.98  1155.41  0  0  1155.41  0  1155.41
2.9406e+13  0  980.2  -5262.91  0  0  -5262.91  0  -5262.91  1154.38  0  0  1154.38  0  1154.38
2.9415e+13  0  980.5  -5259.84  0  0  -5259.84  0  -5259.84  1153.36  0  0  1153.36  0  1153.36
2.9424e+13  0  980.8  -5256.77  0  0  -5256.77  0  -5256.77  1152.33  0  0  1152.33  0  1152.33
2.9433e+13  0  981.1  -5253.7  0  0  -5253.7  0  -5253.7  1151.31  0  0  1151.31  0  1151.31
2.9442e+13  0  981.4  -5250.64  0  0  -5250.64  0  -5250.64  1150.28  0  0  1150.28  0  1150.28
2.9451e+13  0  981.7  -5247.57  0  0  -5247.57  0  -5247.57  1149.26  0  0  1149.26  0  1149.26
2.946e+13  0  982  -5244.52  0  0  -5244.52  0  -5244.52  1148.24  0  0  1148.24  0  1148.24
2.9469e+13  0  982.3  -5241.46  0  0  -5241.46  0  -5241.46  1147.22  0  0  1147.22  0  1147.22
2.9478e+13  0  982.6  -5238.41  0  0  -5238.41  0  -5238.41  1146.2  0  0  1146.2  0  1146.2
2.9487e+13  0  982.9  -5235.35  0  0  -5235.35  0  -5235.35  1145.18  0  0  1145.18  0  1145.18
2.9496e+13  0  983.2  -5232.31  0  0  -5232.31  0  -5232.31  1144.17  0  0  1144.17  0  1144.17
2.9505e+13  0  983.5  -5229.26  0  0  -5229.26  0  -5229.26  1143.15  0  0  1143.15  0  1143.15
2.9514e+13  0  983.8  -5226.22  0  0  -5226.22  0  -5226.22  1142.14  0  0  1142.14  0  1142.14
2.9523e+13  0  984.1  -5223.18  0  0  -5223.18  0  -5223.18  1141.13  0  0  1141.13  0  1141.13
2.9532e+13  0  984.4  -5220.14  0  0  -5220.14  0  -5220.14  1140.12  0  0  1140.12  0  1140.12
2.9541e+13  0  984.7  -5217.1  0  0  -5217.1  0  -5217.1  1139.11  0  0  1139.11  0  1139.11
2.955e+13  0  985  -5214.07  0  0  -5214.07  0  -5214.07  1138.1  0  0  1138.1  0  1138.1
2.9559e+13  0  985.3  -5211.04  0  0  -5211.04  0  -5211.04  1137.09  0  0  1137.09  0  1137.09
2.9568e+13  0  985.6  -5208.01  0  0  -5208.01  0  -5208.01  1136.08  0  0  1136.08  0  1136.08
2.9577e+13  0  985.9  -5204.99  0  0  -5204.99  0  -5204.99  1135.08  0  0  1135.08  0  1135.08
2.9586e+13  0  986.2  -5201.96  0  0  -5201.96  0  -5201.96  1134.07  0  0  1134.07  0  1134.07
2.9595e+13  0  986.5  -5198.94  0  0  -5198.94  0  -5198.94  1133.07  0  0  1133.07  0  1133.07
2.9604e+13  0  986.8  -5195.93  0  0  -5195.93  0  -5195.93  1132.07  0  0  1132.07  0  1132.07
2.9613e+13  0  987.1  -5192.91  0  0  -5192.91  0  -5192.91  1131.07  0  0  1131.07  0  1131.07
2.9622e+13  0  987.4  -5189.9  0  0  -5189.9  0  -5189.9  1130.07  0  0  1130.07  0  1130.07
2.9631e+13  0  987.7  -5186.89  0  0  -5186.89  0  -5186.89  1129.07  0  0  1129.07  0  1129.07
2.964e+13  0  988  -5183.88  0  0  -5183.88  0  -5183.88  1128.07  0  0  1128.07  0  1128.07
2.9649e+13  0  988.3  -5180.88  0  0  -5180.88  0  -5180.88  1127.08  0  0  1127.08  0  1127.08
2.9658e+13  0  988.6  -5177.88  0  0  -5177.88  0  -5177.88  1126.08  0  0  1126.08  0  1126.08
2.9667e+13  0  988.9  -5174.88  0  0  -5174.88  0  -5174.88  1125.09  0  0  1125.09  0  1125.09
2.9676e+13  0  989.2  -5171.88  0  0  -5171.88  0  -5171.88  1124.09  0  0  1124.09  0  1124.09
2.9685e+13  0  989.5  -5168.89  0  0  -5168.89  0  -5168.89  1123.1  0  0  1123.1  0  1123.1
2.9694e+13  0  989.8  -5165.89  0  0  -5165.89  0  -5165.89  1122.11  0  0  1122.11  0  1122.11
2.9703e+13  0  990.1  -5162.9  0  0  -5162.9  0  -5162.9  1121.12  0  0  1121.12  0  1121.12
2.9712e+13  0  990.4  -5159.92  0  0  -5159.92  0  -5159.92  1120.14  0  0  1120.14  0  1120.14
2.9721e+13  0  990.7  -5156.93  0  0  -5156.93  0  -5156.93  1119.15  0  0  1119.15  0  1119.15
2.973e+13  0  991  -5153.95  0  0  -5153.95  0  -5153.95  1118.16  0  0  1118.16  0  1118.16
2.9739e+13  0  991.3  -5150.97  0  0  -5150.97  0  -5150.97  1117.18  0  0  1117.18  0  1117.18
2.9748e+13  0  991.6  -5148  0  0  -5148  0  -5148  1116.2  0  0  1116.2  0  1116.2
2.9757e+13  0  991.9  -5145.02  0  0  -5145.02  0  -5145.02  1115.21  0  0  1115.21  0  1115.21
2.9766e+13  0  992.2  -5142.05  0  0  -5142.05  0  -5142.05  1114.23  0  0  1114.23  0  1114.23
2.9775e+13  0  992.5  -5139.08  0  0  -5139.08  0  -5139.08  1113.25  0  0  1113.25  0  1113.25
2.9784e+13  0  992.8  -5136.12  0  0  -5136.12  0  -5136.12  1112.27  0  0  1112.27  0  1112.27
2.9793e+13  0  993.1  -5133.15  0  0  -5133.15  0  -5133.15  1111.3  0  0  1111.3  0  1111.3
2.9802e+13  0  993.4  -5130.19  0  0  -5130.19  0  -5130.19  1110.32  0  0  1110.32  0  1110.32
2.9811e+13  0  993.7  -5127.23  0  0  -5127.23  0  -5127.23  1109.34  0  0  1109.34  0  1109.34
2.982e+13  0  994  -5124.28  0  0  -5124.28  0  -5124.28  1108.37  0  0  1108.37  0  1108.37
2.9829e+13  0  994.3  -5121.32  0  0  -5121.32  0  -5121.32  1107.4  0  0  1107.4  0  1107.4
2.9838e+13  0  994.6  -5118.37  0  0  -5118.37  0  -5118.37  1106.42  0  0  1106.42  0  1106.42
2.9847e+13  0  994.9  -5115.42  0  0  -5115.42  0  -5115.42  1105.45  0  0  1105.45  0  1105.45
2.9856e+13  0  995.2  -5112.48  0  0  -5112.48  0  -5112.48  1104.48  0  0  1104.48  0  1104.48
2.9865e+13  0  995.5  -5109.53  0  0  -5109.53  0  -5109.53  1103.52  0  0  1103.52  0  1103.52
2.9874e+13  0  995.8  -5106.59  0  0  -5106.59  0  -5106.59  1102.55  0  0  1102.55  0  1102.55
2.9883e+13  0  996.1  -5103.65  0  0  -5103.65  0  -5103.65  1101.58  0  0  1101.58  0  1101.58
2.9892e+13  0  996.4  -5100.72  0  0  -5100.72  0  -5100.72  1100.62  0  0  1100.62  0  1100.62
2.9901e+13  0  996.7  -5097.78  0  0  -5097.78  0  -5097.78  1099.65  0  0  1099.65  0  1099.65
2.991e+13  0  997  -5094.85  0  0  -5094.85  0  -5094.85  1098.69  0  0  1098.69  0  1098.69
2.9919e+13  0  997.3  -5091.93  0  0  -5091.93  0  -5091.93  1097.73  0  0  1097.73  0  1097.73
2.9928e+13  0  997.6  -5089  0  0  -5089  0  -5089  1096.77  0  0  1096.77  0  1096.77
2.9937e+13  0  997.9  -5086.08  0  0  -5086.08  0  -5086.08  1095.81  0  0  1095.81  0  1095.81
2.9946e+13  0  998.2  -5083.15  0  0  -5083.15  0  -5083.15  1094.85  0  0  1094.85  0  1094.85
2.9955e+13  0  998.5  -5080.24  0  0  -5080.24  0  -5080.24  1093.89  0  0  1093.89  0  1093.89
2.9964e+13  0  998.8  -5077.32  0  0  -5077.32  0  -5077.32  1092.94  0  0  1092.94  0  1092.94
2.9973e+13  0  999.1  -5074.41  0  0  -5074.41  0  -5074.41  1091.98  0  0  1091.98  0  1091.98
2.9982e+13  0  999.4  -5071.49  0  0  -5071.49  0  -5071.49  1091.03  0  0  1091.03  0  1091.03
2.9991e+13  0  999.7  -5068.59  0  0  -5068.59  0  -5068.59  1090.07  0  0  1090.07  0  1090.07
3e+13  0  1000  -5065.68  0  0  -5065.68  0  -5065.68  1089.12  0  0  1089.12  0  1089.12
3.0009e+13  0  1000.3  -5062.78  0  0  -5062.78  0  -5062.78  1088.17  0  0  1088.17  0  1088.17
3.0018e+13  0  1000.6  -5059.87  0  0  -5059.87  0  -5059.87  1087.22  0  0  1087.22  0  1087.22
3.0027e+13  0  1000.9  -5056.97  0  0  -5056.97  0  -5056.97  1086.27  0  0  1086.27  0  1086.27
3.0036e+13  0  1001.2  -5054.08  0  0  -5054.08  0  -5054.08  1085.32  0  0  1085.32  0  1085.32
3.0045e+13  0  1001.5  -5051.18  0  0  -5051.18  0  -5051.18  1084.38  0  0  1084.38  0  1084.38
3.0054e+13  0  1001.8  -5048.29  0  0  -5048.29  0  -5048.29  1083.43  0  0  1083.43  0  1083.43
3.0063e+13  0  1002.1  -5045.4  0  0  -5045.4  0  -5045.4  1082.49  0  0  1082.49  0  1082.49
3.0072e+13  0  1002.4  -5042.52  0  0  -5042.52  0  -5042.52  1081.55  0  0  1081.55  0  1081.55
3.0081e+13  0  1002.7  -5039.63  0  0  -5039.63  0  -5039.63  1080.6  0  0  1080.6  0  1080.6
3.009e+13  0  1003  -5036.75  0  0  -5036.75  0  -5036.75  1079.66  0  0  1079.66  0  1079.66
3.0099e+13  0  1003.3  -5033.87  0  0  -5033.87  0  -5033.87  1078.72  0  0  1078.72  0  1078.72
3.0108e+13  0  1003.6  -5030.99  0  0  -5030.99  0  -5030.99  1077.78  0  0  1077.78  0  1077.78
3.0117e+13  0  1003.9  -5028.12  0  0  -5028.12  0  -5028.12  1076.85  0  0  1076.85  0  1076.85
3.0126e+13  0  1004.2  -5025.25  0  0  -5025.25  0  -5025.25  1075.91  0  0  1075.91  0  1075.91
3.0135e+13  0  1004.5  -5022.38  0  0  -5022.38  0  -5022.38  1074.97  0  0  1074.97  0  1074.97
3.0144e+13  0  1004.8  -5019.51  0  0  -5019.51  0  -5019.51  1074.04  0  0  1074.04  0  1074.04
3.0153e+13  0  1005.1  -5016.65  0  0  -5016.65  0  -5016.65  1073.11  0  0  1073.11  0  1073.11
3.0162e+13  0  1005.4  -5013.78  0  0  -5013.78  0  -5013.78  1072.17  0  0  1072.17  0  1072.17
3.0171e+13  0  1005.7  -5010.92  0  0  -5010.92  0  -5010.92  1071.24  0  0  1071.24  0  1071.24
3.018e+13  0  1006  -5008.07  0  0  -5008.07  0  -5008.07  1070.31  0  0  1070.31  0  1070.31
3.0189e+13  0  1006.3  -5005.21  0  0  -5005.21  0  -5005.21  1069.38  0  0  1069.38  0  1069.38
3.0198e+13  0  1006.6  -5002.36  0  0  -5002.36  0  -5002.36  1068.45  0  0  1068.45  0  1068.45
3.0207e+13  0  1006.9  -4999.51  0  0  -4999.51  0  -4999.51  1067.53  0  0  1067.53  0  1067.53
3.0216e+13  0  1007.2  -4996.66  0  0  -4996.66  0  -4996.66  1066.6  0  0  1066.6  0  1066.6
3.0225e+13  0  1007.5  -4993.81  0  0  -4993.81  0  -4993.81  1065.68  0  0  1065.68  0  1065.68
3.0234e+13  0  1007.8  -4990.97  0  0  -4990.97  0  -4990.97  1064.75  0  0  1064.75  0  1064.75
3.0243e+13  0  1008.1  -4988.13  0  0  -4988.13  0  -4988.13  1063.83  0  0  1063.83  0  1063.83
3.0252e+13  0  1008.4  -4985.29  0  0  -4985.29  0  -4985.29  1062.91  0  0  1062.91  0  1062.91
3.0261e+13  0  1008.7  -4982.45  0  0  -4982.45  0  -4982.45  1061.99  0  0  1061.99  0  1061.99
3.027e+13  0  1009  -4979.62  0  0  -4979.62  0  -4979.62  1061.07  0  0  1061.07  0  1061.07
3.0279e+13  0  1009.3  -4976.79  0  0  -4976.79  0  -4976.79  1060.15  0  0  1060.15  0  1060.15
3.0288e+13  0  1009.6  -4973.96  0  0  -4973.96  0  -4973.96  1059.23  0  0  1059.23  0  1059.23
3.0297e+13  0  1009.9  -4971.13  0  0  -4971.13  0  -4971.13  1058.32  0  0  1058.32  0  1058.32
3.0306e+13  0  1010.2  -4968.31  0  0  -4968.31  0  -4968.31  1057.4  0  0  1057.4  0  1057.4
3.0315e+13  0  1010.5  -4965.49  0  0  -4965.49  0  -4965.49  1056.49  0  0  1056.49  0  1056.49
3.0324e+13  0  1010.8  -4962.67  0  0  -4962.67  0  -4962.67  1055.57  0  0  1055.57  0  1055.57
3.0333e+13  0  1011.1  -4959.85  0  0  -4959.85  0  -4959.85  1054.66  0  0  1054.66  0  1054.66
3.0342e+13  0  1011.4  -4957.04  0  0  -4957.04  0  -4957.04  1053.75  0  0  1053.75  0  1053.75
3.0351e+13  0  1011.7  -4954.22  0  0  -4954.22  0  -4954.22  1052.84  0  0  1052.84  0  1052.84
3.036e+13  0  1012  -4951.41  0  0  -4951.41  0  -4951.41  1051.93  0  0  1051.93  0  1051.93
3.0369e+13  0  1012.3  -4948.61  0  0  -4948.61  0  -4948.61  1051.02  0  0  1051.02  0  1051.02
3.0378e+13  0  1012.6  -4945.8  0  0  -4945.8  0  -4945.8  1050.12  0  0  1050.12  0  1050.12
3.0387e+13  0  1012.9  -4943  0  0  -4943  0  -4943  1049.21  0  0  1049.21  0  1049.21
3.0396e+13  0  1013.2  -4940.2  0  0  -4940.2  0  -4940.2  1048.3  0  0  1048.3  0  1048.3
3.0405e+13  0  1013.5  -4937.4  0  0  -4937.4  0  -4937.4  1047.4  0  0  1047.4  0  1047.4
3.0414e+13  0  1013.8  -4934.6  0  0  -4934.6  0  -4934.6  1046.5  0  0  1046.5  0  1046.5
3.0423e+13  0  1014.1  -4931.81  0  0  -4931.81  0  -4931.81  1045.6  0  0  1045.6  0  1045.6
3.0432e+13  0  1014.4  -4929.02  0  0  -4929.02  0  -4929.02  1044.7  0  0  1044.7  0  1044.7
3.0441e+13  0  1014.7  -4926.23  0  0  -4926.23  0  -4926.23  1043.8  0  0  1043.8  0  1043.8
3.045e+13  0  1015  -4923.44  0  0  -4923.44  0  -4923.44  1042.9  0  0  1042.9  0  1042.9
3.0459e+13  0  1015.3  -4920.66  0  0  -4920.66  0  -4920.66  1042  0  0  1042  0  1042
3.0468e+13  0  1015.6  -4917.88  0  0  -4917.88  0  -4917.88  1041.1  0  0  1041.1  0  1041.1
3.0477e+13  0  1015.9  -4915.1  0  0  -4915.1  0  -4915.1  1040.21  0  0  1040.21  0  1040.21
3.0486e+13  0  1016.2  -4912.32  0  0  -4912.32  0  -4912.32  1039.31  0  0  1039.31  0  1039.31
3.0495e+13  0  1016.5  -4909.54  0  0  -4909.54  0  -4909.54  1038.42  0  0  1038.42  0  1038.42
3.0504e+13  0  1016.8  -4906.77  0  0  -4906.77  0  -4906.77  1037.53  0  0  1037.53  0  1037.53
3.0513e+13  0  1017.1  -4904  0  0  -4904  0  -4904  1036.63  0  0  1036.63  0  1036.63
3.0522e+13  0  1017.4  -4901.23  0  0  -4901.23  0  -4901.23  1035.74  0  0  1035.74  0  1035.74
3.0531e+13  0  1017.7  -4898.47  0  0  -4898.47  0  -4898.47  1034.85  0  0  1034.85  0  1034.85
3.054e+13  0  1018  -4895.7  0  0  -4895.7  0  -4895.7  1033.97  0  0  1033.97  0  1033.97
3.0549e+13  0  1018.3  -4892.94  0  0  -4892.94  0  -4892.94  1033.08  0  0  1033.08  0  1033.08
3.0558e+13  0  1018.6  -4890.18  0  0  -4890.18  0  -4890.18  1032.19  0  0  1032.19  0  1032.19
3.0567e+13  0  1018.9  -4887.43  0  0  -4887.43  0  -4887.43  1031.31  0  0  1031.31  0  1031.31
3.0576e+13  0  1019.2  -4884.67  0  0  -4884.67  0  -4884.67  1030.42  0  0  1030.42  0  1030.42
3.0585e+13  0  1019.5  -4881.92  0  0  -4881.92  0  -4881.92  1029.54  0  0  1029.54  0  1029.54
3.0594e+13  0  1019.8  -4879.17  0  0  -4879.17  0  -4879.17  1028.65  0  0  1028.65  0  1028.65
3.0603e+13  0  1020.1  -4876.42  0  0  -4876.42  0  -4876.42  1027.77  0  0  1027.77  0  1027.77
3.0612e+13  0  1020.4  -4873.68  0  0  -4873.68  0  -4873.68  1026.89  0  0  1026.89  0  1026.89
3.0621e+13  0  1020.7  -4870.94  0  0  -4870.94  0  -4870.94  1026.01  0  0  1026.01  0  1026.01
3.063e+13  0  1021  -4868.2  0  0  -4868.2  0  -4868.2  1025.13  0  0  1025.13  0  1025.13
3.0639e+13  0  1021.3  -4865.46  0  0  -4865.46  0  -4865.46  1024.26  0  0  1024.26  0  1024.26
3.0648e+13  0  1021.6  -4862.72  0  0  -4862.72  0  -4862.72  1023.38  0  0  1023.38  0  1023.38
3.0657e+13  0  1021.9  -4859.99  0  0  -4859.99  0  -4859.99  1022.5  0  0  1022.5  0  1022.5
3.0666e+13  0  1022.2  -4857.26  0  0  -4857.26  0  -4857.26  1021.63  0  0  1021.63  0  1021.63
3.0675e+13  0  1022.5  -4854.53  0  0  -4854.53  0  -4854.53  1020.76  0  0  1020.76  0  1020.76
3.0684e+13  0  1022.8  -4851.8  0  0  -4851.8  0  -4851.8  1019.88  0  0  1019.88  0  1019.88
3.0693e+13  0  1023.1  -4849.08  0  0  -4849.08  0  -4849.08  1019.01  0  0  1019.01  0  1019.01
3.0702e+13  0  1023.4  -4846.35  0  0  -4846.35  0  -4846.35  1018.14  0  0  1018.14  0  1018.14
3.0711e+13  0  1023.7  -4843.63  0  0  -4843.63  0  -4843.63  1017.27  0  0  1017.27  0  1017.27
3.072e+13  0  1024  -4840.92  0  0  -4840.92  0  -4840.92  1016.4  0  0  1016.4  0  1016.4
3.0729e+13  0  1024.3  -4838.2  0  0  -4838.2  0  -4838.2  1015.54  0  0  1015.54  0  1015.54
3.0738e+13  0  1024.6  -4835.49  0  0  -4835.49  0  -4835.49  1014.67  0  0  1014.67  0  1014.67
3.0747e+13  0  1024.9  -4832.78  0  0  -4832.78  0  -4832.78  1013.8  0  0  1013.8  0  1013.8
3.0756e+13  0  1025.2  -4830.07  0  0  -4830.07  0  -4830.07  1012.94  0  0  1012.94  0  1012.94
3.0765e+13  0  1025.5  -4827.36  0  0  -4827.36  0  -4827.36  1012.07  0  0  1012.07  0  1012.07
3.0774e+13  0  1025.8  -4824.66  0  0  -4824.66  0  -4824.66  1011.21  0  0  1011.21  0  1011.21
3.0783e+13  0  1026.1  -4821.95  0  0  -4821.95  0  -4821.95  1010.35  0  0  1010.35  0  1010.35
3.0792e+13  0  1026.4  -4819.25  0  0  -4819.25  0  -4819.25  1009.49  0  0  1009.49  0  1009.49
3.0801e+13  0  1026.7  -4816.56  0  0  -4816.56  0  -4816.56  1008.63  0  0  1008.63  0  1008.63
3.081e+13  0  1027  -4813.86  0  0  -4813.86  0  -4813.86  1007.77  0  0  1007.77  0  1007.77
3.0819e+13  0  1027.3  -4811.17  0  0  -4811.17  0  -4811.17  1006.91  0  0  1006.91  0  1006.91
3.0828e+13  0  1027.6  -4808.48  0  0  -4808.48  0  -4808.48  1006.06  0  0  1006.06  0  1006.06
3.0837e+13  0  1027.9  -4805.79  0  0  -4805.79  0  -4805.79  1005.2  0  0  1005.2  0  1005.2
3.0846e+13  0  1028.2  -4803.1  0  0  -4803.1  0  -4803.1  1004.34  0  0  1004.34  0  1004.34
3.0855e+13  0  1028.5  -4800.42  0  0  -4800.42  0  -4800.42  1003.49  0  0  1003.49  0  1003.49
3.0864e+13  0  1028.8  -4797.74  0  0  -4797.74  0  -4797.74  1002.64  0  0  1002.64  0  1002.64
3.0873e+13  0  1029.1  -4795.06  0  0  -4795.06  0  -4795.06  1001.79  0  0  1001.79  0  1001.79
3.0882e+13  0  1029.4  -4792.38  0  0  -4792.38  0  -4792.38  1000.93  0  0  1000.93  0  1000.93
3.0891e+13  0  1029.7  -4789.7  0  0  -4789.7  0  -4789.7  1000.08  0  0  1000.08  0  1000.08
3.09e+13  0  1030  -4787.03  0  0  -4787.03  0  -4787.03  999.234  0  0  999.234  0  999.234
3.0909e+13  0  1030.3  -4784.36  0  0  -4784.36  0  -4784.36  998.386  0  0  998.386  0  998.386
3.0918e+13  0  1030.6  -4781.69  0  0  -4781.69  0  -4781.69  997.539  0  0  997.539  0  997.539
3.0927e+13  0  1030.9  -4779.02  0  0  -4779.02  0  -4779.02  996.692  0  0  996.692  0  996.692
3.0936e+13  0  1031.2  -4776.36  0  0  -4776.36  0  -4776.36  995.847  0  0  995.847  0  995.847
3.0945e+13  0  1031.5  -4773.7  0  0  -4773.7  0  -4773.7  995.002  0  0  995.002  0  995.002
3.0954e+13  0  1031.8  -4771.04  0  0  -4771.04  0  -4771.04  994.159  0  0  994.159  0  994.159
3.0963e+13  0  1032.1  -4768.38  0  0  -4768.38  0  -4768.38  993.316  0  0  993.316  0  993.316
3.0972e+13  0  1032.4  -4765.72  0  0  -4765.72  0  -4765.72  992.474  0  0  992.474  0  992.474
3.0981e+13  0  1032.7  -4763.07  0  0  -4763.07  0  -4763.07  991.633  0  0  991.633  0  991.633
3.099e+13  0  1033  -4760.42  0  0  -4760.42  0  -4760.42  990.794  0  0  990.794  0  990.794
3.0999e+13  0  1033.3  -4757.77  0  0  -4757.77  0  -4757.77  989.955  0  0  989.955  0  989.955
3.1008e+13  0  1033.6  -4755.12  0  0  -4755.12  0  -4755.12  989.117  0  0  989.117  0  989.117
3.1017e+13  0  1033.9  -4752.48  0  0  -4752.48  0  -4752.48  988.28  0  0  988.28  0  988.28
3.1026e+13  0  1034.2  -4749.83  0  0  -4749.83  0  -4749.83  987.444  0  0  987.444  0  987.444
3.1035e+13  0  1034.5  -4747.19  0  0  -4747.19  0  -4747.19  986.609  0  0  986.609  0  986.609
3.1044e+13  0  1034.8  -4744.56  0  0  -4744.56  0  -4744.56  985.775  0  0  985.775  0  985.775
3.1053e+13  0  1035.1  -4741.92  0  0  -4741.92  0  -4741.92  984.941  0  0  984.941  0  984.941
3.1062e+13  0  1035.4  -4739.29  0  0  -4739.29  0  -4739.29  984.109  0  0  984.109  0  984.109
3.1071e+13  0  1035.7  -4736.65  0  0  -4736.65  0  -4736.65  983.278  0  0  983.278  0  983.278
3.108e+13  0  1036  -4734.02  0  0  -4734.02  0  -4734.02  982.447  0  0  982.447  0  982.447
3.1089e+13  0  1036.3  -4731.4  0  0  -4731.4  0  -4731.4  981.618  0  0  981.618  0  981.618
3.1098e+13  0  1036.6  -4728.77  0  0  -4728.77  0  -4728.77  980.789  0  0  980.789  0  980.789
3.1107e+13  0  1036.9  -4726.15  0  0  -4726.15  0  -4726.15  979.961  0  0  979.961  0  979.961
3.1116e+13  0  1037.2  -4723.53  0  0  -4723.53  0  -4723.53  979.135  0  0  979.135  0  979.135
3.1125e+13  0  1037.5  -4720.91  0  0  -4720.91  0  -4720.91  978.309  0  0  978.309  0  978.309
3.1134e+13  0  1037.8  -4718.29  0  0  -4718.29  0  -4718.29  977.484  0  0  977.484  0  977.484
3.1143e+13  0  1038.1  -4715.68  0  0  -4715.68  0  -4715.68  976.66  0  0  976.66  0  976.66
3.1152e+13  0  1038.4  -4713.07  0  0  -4713.07  0  -4713.07  975.837  0  0  975.837  0  975.837
3.1161e+13  0  1038.7  -4710.46  0  0  -4710.46  0  -4710.46  975.015  0  0  975.015  0  975.015
3.117e+13  0  1039  -4707.85  0  0  -4707.85  0  -4707.85  974.194  0  0  974.194  0  974.194
3.1179e+13  0  1039.3  -4705.24  0  0  -4705.24  0  -4705.24  973.373  0  0  973.373  0  973.373
3.1188e+13  0  1039.6  -4702.64  0  0  -4702.64  0  -4702.64  972.554  0  0  972.554  0  972.554
3.1197e+13  0  1039.9  -4700.04  0  0  -4700.04  0  -4700.04  971.735  0  0  971.735  0  971.735
3.1206e+13  0  1040.2  -4697.44  0  0  -4697.44  0  -4697.44  970.918  0  0  970.918  0  970.918
3.1215e+13  0  1040.5  -4694.84  0  0  -4694.84  0  -4694.84  970.101  0  0  970.101  0  970.101
3.1224e+13  0  1040.8  -4692.24  0  0  -4692.24  0  -4692.24  969.285  0  0  969.285  0  969.285
3.1233e+13  0  1041.1  -4689.65  0  0  -4689.65  0  -4689.65  968.471  0  0  968.471  0  968.471
3.1242e+13  0  1041.4  -4687.06  0  0  -4687.06  0  -4687.06  967.657  0  0  967.657  0  967.657
3.1251e+13  0  1041.7  -4684.47  0  0  -4684.47  0  -4684.47  966.844  0  0  966.844  0  966.844
3.126e+13  0  1042  -4681.88  0  0  -4681.88  0  -4681.88  966.032  0  0  966.032  0  966.032
3.1269e+13  0  1042.3  -4679.3  0  0  -4679.3  0  -4679.3  965.22  0  0  965.22  0  965.22
3.1278e+13  0  1042.6  -4676.72  0  0  -4676.72  0  -4676.72  964.41  0  0  964.41  0  964.41
3.1287e+13  0  1042.9  -4674.14  0  0  -4674.14  0  -4674.14  963.601  0  0  963.601  0  963.601
3.1296e+13  0  1043.2  -4671.56  0  0  -4671.56  0  -4671.56  962.792  0  0  962.792  0  962.792
3.1305e+13  0  1043.5  -4668.98  0  0  -4668.98  0  -4668.98  961.984  0  0  961.984  0  961.984
3.1314e+13  0  1043.8  -4666.41  0  0  -4666.41  0  -4666.41  961.178  0  0  961.178  0  961.178
3.1323e+13  0  1044.1  -4663.83  0  0  -4663.83  0  -4663.83  960.372  0  0  960.372  0  960.372
3.1332e+13  0  1044.4  -4661.26  0  0  -4661.26  0  -4661.26  959.567  0  0  959.567  0  959.567
3.1341e+13  0  1044.7  -4658.7  0  0  -4658.7  0  -4658.7  958.763  0  0  958.763  0  958.763
3.135e+13  0  1045  -4656.13  0  0  -4656.13  0  -4656.13  957.96  0  0  957.96  0  957.96
3.1359e+13  0  1045.3  -4653.57  0  0  -4653.57  0  -4653.57  957.158  0  0  957.158  0  957.158
3.1368e+13  0  1045.6  -4651  0  0  -4651  0  -4651  956.356  0  0  956.356  0  956.356
3.1377e+13  0  1045.9  -4648.44  0  0  -4648.44  0  -4648.44  955.556  0  0  955.556  0  955.556
3.1386e+13  0  1046.2  -4645.89  0  0  -4645.89  0  -4645.89  954.756  0  0  954.756  0  954.756
3.1395e+13  0  1046.5  -4643.33  0  0  -4643.33  0  -4643.33  953.957  0  0  953.957  0  953.957
3.1404e+13  0  1046.8  -4640.78  0  0  -4640.78  0  -4640.78  953.16  0  0  953.16  0  953.16
3.1413e+13  0  1047.1  -4638.23  0  0  -4638.23  0  -4638.23  952.363  0  0  952.363  0  952.363
3.1422e+13  0  1047.4  -4635.68  0  0  -4635.68  0  -4635.68  951.567  0  0  951.567  0  951.567
3.1431e+13  0  1047.7  -4633.13  0  0  -4633.13  0  -4633.13  950.771  0  0  950.771  0  950.771
3.144e+13  0  1048  -4630.59  0  0  -4630.59  0  -4630.59  949.977  0  0  949.977  0  949.977
3.1449e+13  0  1048.3  -4628.04  0  0  -4628.04  0  -4628.04  949.184  0  0  949.184  0  949.184
3.1458e+13  0  1048.6  -4625.5  0  0  -4625.5  0  -4625.5  948.391  0  0  948.391  0  948.391
3.1467e+13  0  1048.9  -4622.96  0  0  -4622.96  0  -4622.96  947.599  0  0  947.599  0  947.599
3.1476e+13  0  1049.2  -4620.43  0  0  -4620.43  0  -4620.43  946.809  0  0  946.809  0  946.809
3.1485e+13  0  1049.5  -4617.89  0  0  -4617.89  0  -4617.89  946.019  0  0  946.019  0  946.019
3.1494e+13  0  1049.8  -4615.36  0  0  -4615.36  0  -4615.36  945.23  0  0  945.23  0  945.23
3.1503e+13  0  1050.1  -4612.83  0  0  -4612.83  0  -4612.83  944.442  0  0  944.442  0  944.442
3.1512e+13  0  1050.4  -4610.3  0  0  -4610.3  0  -4610.3  943.654  0  0  943.654  0  943.654
3.1521e+13  0  1050.7  -4607.77  0  0  -4607.77  0  -4607.77  942.868  0  0  942.868  0  942.868
3.153e+13  0  1051  -4605.25  0  0  -4605.25  0  -4605.25  942.082  0  0  942.082  0  942.082
3.1539e+13  0  1051.3  -4602.73  0  0  -4602.73  0  -4602.73  941.298  0  0  941.298  0  941.298
3.1548e+13  0  1051.6  -4600.21  0  0  -4600.21  0  -4600.21  940.514  0  0  940.514  0  940.514
3.1557e+13  0  1051.9  -4597.69  0  0  -4597.69  0  -4597.69  939.731  0  0  939.731  0  939.731
3.1566e+13  0  1052.2  -4595.17  0  0  -4595.17  0  -4595.17  938.949  0  0  938.949  0  938.949
3.1575e+13  0  1052.5  -4592.66  0  0  -4592.66  0  -4592.66  938.167  0  0  938.167  0  938.167
3.1584e+13  0  1052.8  -4590.14  0  0  -4590.14  0  -4590.14  937.387  0  0  937.387  0  937.387
3.1593e+13  0  1053.1  -4587.63  0  0  -4587.63  0  -4587.63  936.608  0  0  936.608  0  936.608
3.1602e+13  0  1053.4  -4585.13  0  0  -4585.13  0  -4585.13  935.829  0  0  935.829  0  935.829
3.1611e+13  0  1053.7  -4582.62  0  0  -4582.62  0  -4582.62  935.051  0  0  935.051  0  935.051
3.162e+13  0  1054  -4580.12  0  0  -4580.12  0  -4580.12  934.274  0  0  934.274  0  934.274
3.1629e+13  0  1054.3  -4577.61  0  0  -4577.61  0  -4577.61  933.498  0  0  933.498  0  933.498
3.1638e+13  0  1054.6  -4575.11  0  0  -4575.11  0  -4575.11  932.723  0  0  932.723  0  932.723
3.1647e+13  0  1054.9  -4572.62  0  0  -4572.62  0  -4572.62  931.948  0  0  931.948  0  931.948
3.1656e+13  0  1055.2  -4570.12  0  0  -4570.12  0  -4570.12  931.175  0  0  931.175  0  931.175
3.1665e+13  0  1055.5  -4567.63  0  0  -4567.63  0  -4567.63  930.402  0  0  930.402  0  930.402
3.1674e+13  0  1055.8  -4565.13  0  0  -4565.13  0  -4565.13  929.63  0  0  929.63  0  929.63
3.1683e+13  0  1056.1  -4562.64  0  0  -4562.64  0  -4562.64  928.859  0  0  928.859  0  928.859
3.1692e+13  0  1056.4  -4560.16  0  0  -4560.16  0  -4560.16  928.089  0  0  928.089  0  928.089
3.1701e+13  0  1056.7  -4557.67  0  0  -4557.67  0  -4557.67  927.32  0  0  927.32  0  927.32
3.171e+13  0  1057  -4555.19  0  0  -4555.19  0  -4555.19  926.551  0  0  926.551  0  926.551
3.1719e+13  0  1057.3  -4552.7  0  0  -4552.7  0  -4552.7  925.784  0  0  925.784  0  925.784
3.1728e+13  0  1057.6  -4550.22  0  0  -4550.22  0  -4550.22  925.017  0  0  925.017  0  925.017
3.1737e+13  0  1057.9  -4547.75  0  0  -4547.75  0  -4547.75  924.251  0  0  924.251  0  924.251
3.1746e+13  0  1058.2  -4545.27  0  0  -4545.27  0  -4545.27  923.486  0  0  923.486  0  923.486
3.1755e+13  0  1058.5  -4542.8  0  0  -4542.8  0  -4542.8  922.722  0  0  922.722  0  922.722
3.1764e+13  0  1058.8  -4540.32  0  0  -4540.32  0  -4540.32  921.958  0  0  921.958  0  921.958
3.1773e+13  0  1059.1  -4537.85  0  0  -4537.85  0  -4537.85  921.196  0  0  921.196  0  921.196
3.1782e+13  0  1059.4  -4535.39  0  0  -4535.39  0  -4535.39  920.434  0  0  920.434  0  920.434
3.1791e+13  0  1059.7  -4532.92  0  0  -4532.92  0  -4532.92  919.673  0  0  919.673  0  919.673
3.18e+13  0  1060  -4530.46  0  0  -4530.46  0  -4530.46  918.913  0  0  918.913  0  918.913
3.1809e+13  0  1060.3  -4527.99  0  0  -4527.99  0  -4527.99  918.154  0  0  918.154  0  918.154
3.1818e+13  0  1060.6  -4525.53  0  0  -4525.53  0  -4525.53  917.395  0  0  917.395  0  917.395
3.1827e+13  0  1060.9  -4523.08  0  0  -4523.08  0  -4523.08  916.638  0  0  916.638  0  916.638
3.1836e+13  0  1061.2  -4520.62  0  0  -4520.62  0  -4520.62  915.881  0  0  915.881  0  915.881
3.1845e+13  0  1061.5  -4518.16  0  0  -4518.16  0  -4518.16  915.125  0  0  915.125  0  915.125
3.1854e+13  0  1061.8  -4515.71  0  0  -4515.71  0  -4515.71  914.37  0  0  914.37  0  914.37
3.1863e+13  0  1062.1  -4513.26  0  0  -4513.26  0  -4513.26  913.616  0  0  913.616  0  913.616
3.1872e+13  0  1062.4  -4510.81  0  0  -4510.81  0  -4510.81  912.862  0  0  912.862  0  912.862
3.1881e+13  0  1062.7  -4508.37  0  0  -4508.37  0  -4508.37  912.11  0  0  912.11  0  912.11
3.189e+13  0  1063  -4505.92  0  0  -4505.92  0  -4505.92  911.358  0  0  911.358  0  911.358
3.1899e+13  0  1063.3  -4503.48  0  0  -4503.48  0  -4503.48  910.607  0  0  910.607  0  910.607
3.1908e+13  0  1063.6  -4501.04  0  0  -4501.04  0  -4501.04  909.857  0  0  909.857  0  909.857
3.1917e+13  0  1063.9  -4498.6  0  0  -4498.6  0  -4498.6  909.107  0  0  909.107  0  909.107
3.1926e+13  0  1064.2  -4496.17  0  0  -4496.17  0  -4496.17  908.359  0  0  908.359  0  908.359
3.1935e+13  0  1064.5  -4493.73  0  0  -4493.73  0  -4493.73  907.611  0  0  907.611  0  907.611
3.1944e+13  0  1064.8  -4491.3  0  0  -4491.3  0  -4491.3  906.864  0  0  906.864  0  906.864
3.1953e+13  0  1065.1  -4488.87  0  0  -4488.87  0  -4488.87  906.118  0  0  906.118  0  906.118
3.1962e+13  0  1065.4  -4486.44  0  0  -4486.44  0  -4486.44  905.373  0  0  905.373  0  905.373
3.1971e+13  0  1065.7  -4484.01  0  0  -4484.01  0  -4484.01  904.629  0  0  904.629  0  904.629
3.198e+13  0  1066  -4481.59  0  0  -4481.59  0  -4481.59  903.885  0  0  903.885  0  903.885
3.1989e+13  0  1066.3  -4479.16  0  0  -4479.16  0  -4479.16  903.142  0  0  903.142  0  903.142
3.1998e+13  0  1066.6  -4476.74  0  0  -4476.74  0  -4476.74  902.4  0  0  902.4  0  902.4
3.2007e+13  0  1066.9  -4474.32  0  0  -4474.32  0  -4474.32  901.659  0  0  901.659  0  901.659
3.2016e+13  0  1067.2  -4471.91  0  0  -4471.91  0  -4471.91  900.918  0  0  900.918  0  900.918
3.2025e+13  0  1067.5  -4469.49  0  0  -4469.49  0  -4469.49  900.179  0  0  900.179  0  900.179
3.2034e+13  0  1067.8  -4467.08  0  0  -4467.08  0  -4467.08  899.44  0  0  899.44  0  899.44
3.2043e+13  0  1068.1  -4464.67  0  0  -4464.67  0  -4464.67  898.702  0  0  898.702  0  898.702
3.2052e+13  0  1068.4  -4462.26  0  0  -4462.26  0  -4462.26  897.965  0  0  897.965  0  897.965
3.2061e+13  0  1068.7  -4459.85  0  0  -4459.85  0  -4459.85  897.228  0  0  897.228  0  897.228
3.207e+13  0  1069  -4457.45  0  0  -4457.45  0  -4457.45  896.493  0  0  896.493  0  896.493
3.2079e+13  0  1069.3  -4455.04  0  0  -4455.04  0  -4455.04  895.758  0  0  895.758  0  895.758
3.2088e+13  0  1069.6  -4452.64  0  0  -4452.64  0  -4452.64  895.024  0  0  895.024  0  895.024
3.2097e+13  0  1069.9  -4450.24  0  0  -4450.24  0  -4450.24  894.291  0  0  894.291  0  894.291
3.2106e+13  0  1070.2  -4447.84  0  0  -4447.84  0  -4447.84  893.558  0  0  893.558  0  893.558
3.2115e+13  0  1070.5  -4445.45  0  0  -4445.45  0  -4445.45  892.827  0  0  892.827  0  892.827
3.2124e+13  0  1070.8  -4443.05  0  0  -4443.05  0  -4443.05  892.096  0  0  892.096  0  892.096
3.2133e+13  0  1071.1  -4440.66  0  0  -4440.66  0  -4440.66  891.366  0  0  891.366  0  891.366
3.2142e+13  0  1071.4  -4438.27  0  0  -4438.27  0  -4438.27  890.637  0  0  890.637  0  890.637
3.2151e+13  0  1071.7  -4435.88  0  0  -4435.88  0  -4435.88  889.908  0  0  889.908  0  889.908
3.216e+13  0  1072  -4433.5  0  0  -4433.5  0  -4433.5  889.18  0  0  889.18  0  889.18
3.2169e+13  0  1072.3  -4431.11  0  0  -4431.11  0  -4431.11  888.454  0  0  888.454  0  888.454
3.2178e+13  0  1072.6  -4428.73  0  0  -4428.73  0  -4428.73  887.727  0  0  887.727  0  887.727
3.2187e+13  0  1072.9  -4426.35  0  0  -4426.35  0  -4426.35  887.002  0  0  887.002  0  887.002
3.2196e+13  0  1073.2  -4423.97  0  0  -4423.97  0  -4423.97  886.278  0  0  886.278  0  886.278
3.2205e+13  0  1073.5  -4421.59  0  0  -4421.59  0  -4421.59  885.554  0  0  885.554  0  885.554
3.2214e+13  0  1073.8  -4419.22  0  0  -4419.22  0  -4419.22  884.831  0  0  884.831  0  884.831
3.2223e+13  0  1074.1  -4416.84  0  0  -4416.84  0  -4416.84  884.109  0  0  884.109  0  884.109
3.2232e+13  0  1074.4  -4414.47  0  0  -4414.47  0  -4414.47  883.387  0  0  883.387  0  883.387
3.2241e+13  0  1074.7  -4412.1  0  0  -4412.1  0  -4412.1  882.667  0  0  882.667  0  882.667
3.225e+13  0  1075  -4409.73  0  0  -4409.73  0  -4409.73  881.947  0  0  881.947  0  881.947
3.2259e+13  0  1075.3  -4407.37  0  0  -4407.37  0  -4407.37  881.228  0  0  881.228  0  881.228
3.2268e+13  0  1075.6  -4405.01  0  0  -4405.01  0  -4405.01  880.51  0  0  880.51  0  880.51
3.2277e+13  0  1075.9  -4402.64  0  0  -4402.64  0  -4402.64  879.792  0  0  879.792  0  879.792
3.2286e+13  0  1076.2  -4400.28  0  0  -4400.28  0  -4400.28  879.075  0  0  879.075  0  879.075
3.2295e+13  0  1076.5  -4397.93  0  0  -4397.93  0  -4397.93  878.359  0  0  878.359  0  878.359
3.2304e+13  0  1076.8  -4395.57  0  0  -4395.57  0  -4395.57  877.644  0  0  877.644  0  877.644
3.2313e+13  0  1077.1  -4393.21  0  0  -4393.21  0  -4393.21  876.93  0  0  876.93  0  876.93
3.2322e+13  0  1077.4  -4390.86  0  0  -4390.86  0  -4390.86  876.216  0  0  876.216  0  876.216
3.2331e+13  0  1077.7  -4388.51  0  0  -4388.51  0  -4388.51  875.503  0  0  875.503  0  875.503
3.234e+13  0  1078  -4386.16  0  0  -4386.16  0  -4386.16  874.791  0  0  874.791  0  874.791
3.2349e+13  0  1078.3  -4383.82  0  0  -4383.82  0  -4383.82  874.08  0  0  874.08  0  874.08
3.2358e+13  0  1078.6  -4381.47  0  0  -4381.47  0  -4381.47  873.369  0  0  873.369  0  873.369
3.2367e+13  0  1078.9  -4379.13  0  0  -4379.13  0  -4379.13  872.66  0  0  872.66  0  872.66
3.2376e+13  0  1079.2  -4376.79  0  0  -4376.79  0  -4376.79  871.951  0  0  871.951  0  871.951
3.2385e+13  0  1079.5  -4374.45  0  0  -4374.45  0  -4374.45  871.242  0  0  871.242  0  871.242
3.2394e+13  0  1079.8  -4372.11  0  0  -4372.11  0  -4372.11  870.535  0  0  870.535  0  870.535
3.2403e+13  0  1080.1  -4369.77  0  0  -4369.77  0  -4369.77  869.828  0  0  869.828  0  869.828
3.2412e+13  0  1080.4  -4367.44  0  0  -4367.44  0  -4367.44  869.122  0  0  869.122  0  869.122
3.2421e+13  0  1080.7  -4365.11  0  0  -4365.11  0  -4365.11  868.417  0  0  868.417  0  868.417
3.243e+13  0  1081  -4362.78  0  0  -4362.78  0  -4362.78  867.712  0  0  867.712  0  867.712
3.2439e+13  0  1081.3  -4360.45  0  0  -4360.45  0  -4360.45  867.009  0  0  867.009  0  867.009
3.2448e+13  0  1081.6  -4358.12  0  0  -4358.12  0  -4358.12  866.306  0  0  866.306  0  866.306
3.2457e+13  0  1081.9  -4355.8  0  0  -4355.8  0  -4355.8  865.603  0  0  865.603  0  865.603
3.2466e+13  0  1082.2  -4353.47  0  0  -4353.47  0  -4353.47  864.902  0  0  864.902  0  864.902
3.2475e+13  0  1082.5  -4351.15  0  0  -4351.15  0  -4351.15  864.201  0  0  864.201  0  864.201
3.2484e+13  0  1082.8  -4348.83  0  0  -4348.83  0  -4348.83  863.501  0  0  863.501  0  863.501
3.2493e+13  0  1083.1  -4346.52  0  0  -4346.52  0  -4346.52  862.802  0  0  862.802  0  862.802
3.2502e+13  0  1083.4  -4344.2  0  0  -4344.2  0  -4344.2  862.104  0  0  862.104  0  862.104
3.2511e+13  0  1083.7  -4341.89  0  0  -4341.89  0  -4341.89  861.406  0  0  861.406  0  861.406
3.252e+13  0  1084  -4339.57  0  0  -4339.57  0  -4339.57  860.709  0  0  860.709  0  860.709
3.2529e+13  0  1084.3  -4337.26  0  0  -4337.26  0  -4337.26  860.013  0  0  860.013  0  860.013
3.2538e+13  0  1084.6  -4334.96  0  0  -4334.96  0  -4334.96  859.317  0  0  859.317  0  859.317
3.2547e+13  0  1084.9  -4332.65  0  0  -4332.65  0  -4332.65  858.623  0  0  858.623  0  858.623
3.2556e+13  0  1085.2  -4330.34  0  0  -4330.34  0  -4330.34  857.929  0  0  857.929  0  857.929
3.2565e+13  0  1085.5  -4328.04  0  0  -4328.04  0  -4328.04  857.235  0  0  857.235  0  857.235
3.2574e+13  0  1085.8  -4325.74  0  0  -4325.74  0  -4325.74  856.543  0  0  856.543  0  856.543
3.2583e+13  0  1086.1  -4323.44  0  0  -4323.44  0  -4323.44  855.851  0  0  855.851  0  855.851
3.2592e+13  0  1086.4  -4321.14  0  0  -4321.14  0  -4321.14  855.16  0  0  855.16  0  855.16
3.2601e+13  0  1086.7  -4318.85  0  0  -4318.85  0  -4318.85  854.47  0  0  854.47  0  854.47
3.261e+13  0  1087  -4316.55  0  0  -4316.55  0  -4316.55  853.78  0  0  853.78  0  853.78
3.2619e+13  0  1087.3  -4314.26  0  0  -4314.26  0  -4314.26  853.092  0  0  853.092  0  853.092
3.2628e+13  0  1087.6  -4311.97  0  0  -4311.97  0  -4311.97  852.404  0  0  852.404  0  852.404
3.2637e+13  0  1087.9  -4309.68  0  0  -4309.68  0  -4309.68  851.716  0  0  851.716  0  851.716
3.2646e+13  0  1088.2  -4307.4  0  0  -4307.4  0  -4307.4  851.03  0  0  851.03  0  851.03
3.2655e+13  0  1088.5  -4305.11  0  0  -4305.11  0  -4305.11  850.344  0  0  850.344  0  850.344
3.2664e+13  0  1088.8  -4302.83  0  0  -4302.83  0  -4302.83  849.659  0  0  849.659  0  849.659
3.2673e+13  0  1089.1  -4300.55  0  0  -4300.55  0  -4300.55  848.974  0  0  848.974  0  848.974
3.2682e+13  0  1089.4  -4298.27  0  0  -4298.27  0  -4298.27  848.291  0  0  848.291  0  848.291
3.2691e+13  0  1089.7  -4295.99  0  0  -4295.99  0  -4295.99  847.608  0  0  847.608  0  847.608
3.27e+13  0  1090  -4293.72  0  0  -4293.72  0  -4293.72  846.925  0  0  846.925  0  846.925
3.2709e+13  0  1090.3  -4291.44  0  0  -4291.44  0  -4291.44  846.244  0  0  846.244  0  846.244
3.2718e+13  0  1090.6  -4289.17  0  0  -4289.17  0  -4289.17  845.563  0  0  845.563  0  845.563
3.2727e+13  0  1090.9  -4286.9  0  0  -4286.9  0  -4286.9  844.883  0  0  844.883  0  844.883
3.2736e+13  0  1091.2  -4284.63  0  0  -4284.63  0  -4284.63  844.204  0  0  844.204  0  844.204
3.2745e+13  0  1091.5  -4282.36  0  0  -4282.36  0  -4282.36  843.525  0  0  843.525  0  843.525
3.2754e+13  0  1091.8  -4280.1  0  0  -4280.1  0  -4280.1  842.848  0  0  842.848  0  842.848
3.2763e+13  0  1092.1  -4277.83  0  0  -4277.83  0  -4277.83  842.17  0  0  842.17  0  842.17
3.2772e+13  0  1092.4  -4275.57  0  0  -4275.57  0  -4275.57  841.494  0  0  841.494  0  841.494
3.2781e+13  0  1092.7  -4273.31  0  0  -4273.31  0  -4273.31  840.818  0  0  840.818  0  840.818
3.279e+13  0  1093  -4271.05  0  0  -4271.05  0  -4271.05  840.143  0  0  840.143  0  840.143
3.2799e+13  0  1093.3  -4268.8  0  0  -4268.8  0  -4268.8  839.469  0  0  839.469  0  839.469
3.2808e+13  0  1093.6  -4266.54  0  0  -4266.54  0  -4266.54  838.796  0  0  838.796  0  838.796
3.2817e+13  0  1093.9  -4264.29  0  0  -4264.29  0  -4264.29  838.123  0  0  838.123  0  838.123
3.2826e+13  0  1094.2  -4262.04  0  0  -4262.04  0  -4262.04  837.451  0  0  837.451  0  837.451
3.2835e+13  0  1094.5  -4259.79  0  0  -4259.79  0  -4259.79  836.779  0  0  836.779  0  836.779
3.2844e+13  0  1094.8  -4257.54  0  0  -4257.54  0  -4257.54  836.109  0  0  836.109  0  836.109
3.2853e+13  0  1095.1  -4255.3  0  0  -4255.3  0  -4255.3  835.439  0  0  835.439  0  835.439
3.2862e+13  0  1095.4  -4253.05  0  0  -4253.05  0  -4253.05  834.769  0  0  834.769  0  834.769
3.2871e+13  0  1095.7  -4250.81  0  0  -4250.81  0  -4250.81  834.101  0  0  834.101  0  834.101
3.288e+13  0  1096  -4248.57  0  0  -4248.57  0  -4248.57  833.433  0  0  833.433  0  833.433
3.2889e+13  0  1096.3  -4246.33  0  0  -4246.33  0  -4246.33  832.766  0  0  832.766  0  832.766
3.2898e+13  0  1096.6  -4244.09  0  0  -4244.09  0  -4244.09  832.099  0  0  832.099  0  832.099
3.2907e+13  0  1096.9  -4241.86  0  0  -4241.86  0  -4241.86  831.434  0  0  831.434  0  831.434
3.2916e+13  0  1097.2  -4239.62  0  0  -4239.62  0  -4239.62  830.769  0  0  830.769  0  830.769
3.2925e+13  0  1097.5  -4237.39  0  0  -4237.39  0  -4237.39  830.104  0  0  830.104  0  830.104
3.2934e+13  0  1097.8  -4235.16  0  0  -4235.16  0  -4235.16  829.441  0  0  829.441  0  829.441
3.2943e+13  0  1098.1  -4232.93  0  0  -4232.93  0  -4232.93  828.778  0  0  828.778  0  828.778
3.2952e+13  0  1098.4  -4230.71  0  0  -4230.71  0  -4230.71  828.116  0  0  828.116  0  828.116
3.2961e+13  0  1098.7  -4228.48  0  0  -4228.48  0  -4228.48  827.454  0  0  827.454  0  827.454
3.297e+13  0  1099  -4226.26  0  0  -4226.26  0  -4226.26  826.793  0  0  826.793  0  826.793
3.2979e+13  0  1099.3  -4224.04  0  0  -4224.04  0  -4224.04  826.133  0  0  826.133  0  826.133
3.2988e+13  0  1099.6  -4221.82  0  0  -4221.82  0  -4221.82  825.474  0  0  825.474  0  825.474
3.2997e+13  0  1099.9  -4219.6  0  0  -4219.6  0  -4219.6  824.815  0  0  824.815  0  824.815
3.3006e+13  0  1100.2  -4217.38  0  0  -4217.38  0  -4217.38  824.157  0  0  824.157  0  824.157
3.3015e+13  0  1100.5  -4215.17  0  0  -4215.17  0  -4215.17  823.5  0  0  823.5  0  823.5
3.3024e+13  0  1100.8  -4212.96  0  0  -4212.96  0  -4212.96  822.843  0  0  822.843  0  822.843
3.3033e+13  0  1101.1  -4210.75  0  0  -4210.75  0  -4210.75  822.187  0  0  822.187  0  822.187
3.3042e+13  0  1101.4  -4208.54  0  0  -4208.54  0  -4208.54  821.532  0  0  821.532  0  821.532
3.3051e+13  0  1101.7  -4206.33  0  0  -4206.33  0  -4206.33  820.878  0  0  820.878  0  820.878
3.306e+13  0  1102  -4204.12  0  0  -4204.12  0  -4204.12  820.224  0  0  820.224  0  820.224
3.3069e+13  0  1102.3  -4201.92  0  0  -4201.92  0  -4201.92  819.571  0  0  819.571  0  819.571
3.3078e+13  0  1102.6  -4199.72  0  0  -4199.72  0  -4199.72  818.918  0  0  818.918  0  818.918
3.3087e+13  0  1102.9  -4197.52  0  0  -4197.52  0  -4197.52  818.266  0  0  818.266  0  818.266
3.3096e+13  0  1103.2  -4195.32  0  0  -4195.32  0  -4195.32  817.615  0  0  817.615  0  817.615
3.3105e+13  0  1103.5  -4193.12  0  0  -4193.12  0  -4193.12  816.965  0  0  816.965  0  816.965
3.3114e+13  0  1103.8  -4190.92  0  0  -4190.92  0  -4190.92  816.315  0  0  816.315  0  816.315
3.3123e+13  0  1104.1  -4188.73  0  0  -4188.73  0  -4188.73  815.666  0  0  815.666  0  815.666
3.3132e+13  0  1104.4  -4186.54  0  0  -4186.54  0  -4186.54  815.018  0  0  815.018  0  815.018
3.3141e+13  0  1104.7  -4184.35  0  0  -4184.35  0  -4184.35  814.37  0  0  814.37  0  814.37
3.315e+13  0  1105  -4182.16  0  0  -4182.16  0  -4182.16  813.723  0  0  813.723  0  813.723
3.3159e+13  0  1105.3  -4179.97  0  0  -4179.97  0  -4179.97  813.077  0  0  813.077  0  813.077
3.3168e+13  0  1105.6  -4177.79  0  0  -4177.79  0  -4177.79  812.431  0  0  812.431  0  812.431
3.3177e+13  0  1105.9  -4175.6  0  0  -4175.6  0  -4175.6  811.786  0  0  811.786  0  811.786
3.3186e+13  0  1106.2  -4173.42  0  0  -4173.42  0  -4173.42  811.142  0  0  811.142  0  811.142
3.3195e+13  0  1106.5  -4171.24  0  0  -4171.24  0  -4171.24  810.498  0  0  810.498  0  810.498
3.3204e+13  0  1106.8  -4169.06  0  0  -4169.06  0  -4169.06  809.855  0  0  809.855  0  809.855
3.3213e+13  0  1107.1  -4166.88  0  0  -4166.88  0  -4166.88  809.213  0  0  809.213  0  809.213
3.3222e+13  0  1107.4  -4164.71  0  0  -4164.71  0  -4164.71  808.572  0  0  808.572  0  808.572
3.3231e+13  0  1107.7  -4162.53  0  0  -4162.53  0  -4162.53  807.931  0  0  807.931  0  807.931
3.324e+13  0  1108  -4160.36  0  0  -4160.36  0  -4160.36  807.291  0  0  807.291  0  807.291
3.3249e+13  0  1108.3  -4158.19  0  0  -4158.19  0  -4158.19  806.651  0  0  806.651  0  806.651
3.3258e+13  0  1108.6  -4156.02  0  0  -4156.02  0  -4156.02  806.012  0  0  806.012  0  806.012
3.3267e+13  0  1108.9  -4153.86  0  0  -4153.86  0  -4153.86  805.374  0  0  805.374  0  805.374
3.3276e+13  0  1109.2  -4151.69  0  0  -4151.69  0  -4151.69  804.736  0  0  804.736  0  804.736
3.3285e+13  0  1109.5  -4149.53  0  0  -4149.53  0  -4149.53  804.1  0  0  804.1  0  804.1
3.3294e+13  0  1109.8  -4147.37  0  0  -4147.37  0  -4147.37  803.463  0  0  803.463  0  803.463
3.3303e+13  0  1110.1  -4145.21  0  0  -4145.21  0  -4145.21  802.828  0  0  802.828  0  802.828
3.3312e+13  0  1110.4  -4143.05  0  0  -4143.05  0  -4143.05  802.193  0  0  802.193  0  802.193
3.3321e+13  0  1110.7  -4140.89  0  0  -4140.89  0  -4140.89  801.559  0  0  801.559  0  801.559
3.333e+13  0  1111  -4138.73  0  0  -4138.73  0  -4138.73  800.925  0  0  800.925  0  800.925
3.3339e+13  0  1111.3  -4136.58  0  0  -4136.58  0  -4136.58  800.292  0  0  800.292  0  800.292
3.3348e+13  0  1111.6  -4134.43  0  0  -4134.43  0  -4134.43  799.66  0  0  799.66  0  799.66
3.3357e+13  0  1111.9  -4132.28  0  0  -4132.28  0  -4132.28  799.029  0  0  799.029  0  799.029
3.3366e+13  0  1112.2  -4130.13  0  0  -4130.13  0  -4130.13  798.398  0  0  798.398  0  798.398
3.3375e+13  0  1112.5  -4127.98  0  0  -4127.98  0  -4127.98  797.768  0  0  797.768  0  797.768
3.3384e+13  0  1112.8  -4125.84  0  0  -4125.84  0  -4125.84  797.138  0  0  797.138  0  797.138
3.3393e+13  0  1113.1  -4123.69  0  0  -4123.69  0  -4123.69  796.509  0  0  796.509  0  796.509
3.3402e+13  0  1113.4  -4121.55  0  0  -4121.55  0  -4121.55  795.881  0  0  795.881  0  795.881
3.3411e+13  0  1113.7  -4119.41  0  0  -4119.41  0  -4119.41  795.253  0  0  795.253  0  795.253
3.342e+13  0  1114  -4117.27  0  0  -4117.27  0  -4117.27  794.626  0  0  794.626  0  794.626
3.3429e+13  0  1114.3  -4115.14  0  0  -4115.14  0  -4115.14  794  0  0  794  0  794
3.3438e+13  0  1114.6  -4113  0  0  -4113  0  -4113  793.374  0  0  793.374  0  793.374
3.3447e+13  0  1114.9  -4110.87  0  0  -4110.87  0  -4110.87  792.749  0  0  792.749  0  792.749
3.3456e+13  0  1115.2  -4108.73  0  0  -4108.73  0  -4108.73  792.125  0  0  792.125  0  792.125
3.3465e+13  0  1115.5  -4106.6  0  0  -4106.6  0  -4106.6  791.501  0  0  791.501  0  791.501
3.3474e+13  0  1115.8  -4104.47  0  0  -4104.47  0  -4104.47  790.878  0  0  790.878  0  790.878
3.3483e+13  0  1116.1  -4102.35  0  0  -4102.35  0  -4102.35  790.256  0  0  790.256  0  790.256
3.3492e+13  0  1116.4  -4100.22  0  0  -4100.22  0  -4100.22  789.634  0  0  789.634  0  789.634
3.3501e+13  0  1116.7  -4098.1  0  0  -4098.1  0  -4098.1  789.013  0  0  789.013  0  789.013
3.351e+13  0  1117  -4095.98  0  0  -4095.98  0  -4095.98  788.393  0  0  788.393  0  788.393
3.3519e+13  0  1117.3  -4093.85  0  0  -4093.85  0  -4093.85  787.773  0  0  787.773  0  787.773
3.3528e+13  0  1117.6  -4091.74  0  0  -4091.74  0  -4091.74  787.154  0  0  787.154  0  787.154
3.3537e+13  0  1117.9  -4089.62  0  0  -4089.62  0  -4089.62  786.535  0  0  786.535  0  786.535
3.3546e+13  0  1118.2  -4087.5  0  0  -4087.5  0  -4087.5  785.918  0  0  785.918  0  785.918
3.3555e+13  0  1118.5  -4085.39  0  0  -4085.39  0  -4085.39  785.3  0  0  785.3  0  785.3
3.3564e+13  0  1118.8  -4083.28  0  0  -4083.28  0  -4083.28  784.684  0  0  784.684  0  784.684
3.3573e+13  0  1119.1  -4081.16  0  0  -4081.16  0  -4081.16  784.068  0  0  784.068  0  784.068
3.3582e+13  0  1119.4  -4079.05  0  0  -4079.05  0  -4079.05  783.453  0  0  783.453  0  783.453
3.3591e+13  0  1119.7  -4076.95  0  0  -4076.95  0  -4076.95  782.838  0  0  782.838  0  782.838
3.36e+13  0  1120  -4074.84  0  0  -4074.84  0  -4074.84  782.224  0  0  782.224  0  782.224
3.3609e+13  0  1120.3  -4072.74  0  0  -4072.74  0  -4072.74  781.611  0  0  781.611  0  781.611
3.3618e+13  0  1120.6  -4070.63  0  0  -4070.63  0  -4070.63  780.998  0  0  780.998  0  780.998
3.3627e+13  0  1120.9  -4068.53  0  0  -4068.53  0  -4068.53  780.386  0  0  780.386  0  780.386
3.3636e+13  0  1121.2  -4066.43  0  0  -4066.43  0  -4066.43  779.774  0  0  779.774  0  779.774
3.3645e+13  0  1121.5  -4064.33  0  0  -4064.33  0  -4064.33  779.163  0  0  779.163  0  779.163
3.3654e+13  0  1121.8  -4062.24  0  0  -4062.24  0  -4062.24  778.553  0  0  778.553  0  778.553
3.3663e+13  0  1122.1  -4060.14  0  0  -4060.14  0  -4060.14  777.944  0  0  777.944  0  777.944
3.3672e+13  0  1122.4  -4058.05  0  0  -4058.05  0  -4058.05  777.335  0  0  777.335  0  777.335
3.3681e+13  0  1122.7  -4055.96  0  0  -4055.96  0  -4055.96  776.727  0  0  776.727  0  776.727
3.369e+13  0  1123  -4053.87  0  0  -4053.87  0  -4053.87  776.119  0  0  776.119  0  776.119
3.3699e+13  0  1123.3  -4051.78  0  0  -4051.78  0  -4051.78  775.512  0  0  775.512  0  775.512
3.3708e+13  0  1123.6  -4049.69  0  0  -4049.69  0  -4049.69  774.905  0  0  774.905  0  774.905
3.3717e+13  0  1123.9  -4047.61  0  0  -4047.61  0  -4047.61  774.3  0  0  774.3  0  774.3
3.3726e+13  0  1124.2  -4045.52  0  0  -4045.52  0  -4045.52  773.695  0  0  773.695  0  773.695
3.3735e+13  0  1124.5  -4043.44  0  0  -4043.44  0  -4043.44  773.09  0  0  773.09  0  773.09
3.3744e+13  0  1124.8  -4041.36  0  0  -4041.36  0  -4041.36  772.486  0  0  772.486  0  772.486
3.3753e+13  0  1125.1  -4039.28  0  0  -4039.28  0  -4039.28  771.883  0  0  771.883  0  771.883
3.3762e+13  0  1125.4  -4037.2  0  0  -4037.2  0  -4037.2  771.28  0  0  771.28  0  771.28
3.3771e+13  0  1125.7  -4035.13  0  0  -4035.13  0  -4035.13  770.678  0  0  770.678  0  770.678
3.378e+13  0  1126  -4033.05  0  0  -4033.05  0  -4033.05  770.077  0  0  770.077  0  770.077
3.3789e+13  0  1126.3  -4030.98  0  0  -4030.98  0  -4030.98  769.476  0  0  769.476  0  769.476
3.3798e+13  0  1126.6  -4028.91  0  0  -4028.91  0  -4028.91  768.876  0  0  768.876  0  768.876
3.3807e+13  0  1126.9  -4026.84  0  0  -4026.84  0  -4026.84  768.276  0  0  768.276  0  768.276
3.3816e+13  0  1127.2  -4024.77  0  0  -4024.77  0  -4024.77  767.678  0  0  767.678  0  767.678
3.3825e+13  0  1127.5  -4022.71  0  0  -4022.71  0  -4022.71  767.079  0  0  767.079  0  767.079
3.3834e+13  0  1127.8  -4020.64  0  0  -4020.64  0  -4020.64  766.482  0  0  766.482  0  766.482
3.3843e+13  0  1128.1  -4018.58  0  0  -4018.58  0  -4018.58  765.885  0  0  765.885  0  765.885
3.3852e+13  0  1128.4  -4016.52  0  0  -4016.52  0  -4016.52  765.288  0  0  765.288  0  765.288
3.3861e+13  0  1128.7  -4014.46  0  0  -4014.46  0  -4014.46  764.692  0  0  764.692  0  764.692
3.387e+13  0  1129  -4012.4  0  0  -4012.4  0  -4012.4  764.097  0  0  764.097  0  764.097
3.3879e+13  0  1129.3  -4010.34  0  0  -4010.34  0  -4010.34  763.502  0  0  763.502  0  763.502
3.3888e+13  0  1129.6  -4008.29  0  0  -4008.29  0  -4008.29  762.908  0  0  762.908  0  762.908
3.3897e+13  0  1129.9  -4006.23  0  0  -4006.23  0  -4006.23  762.315  0  0  762.315  0  762.315
3.3906e+13  0  1130.2  -4004.18  0  0  -4004.18  0  -4004.18  761.722  0  0  761.722  0  761.722
3.3915e+13  0  1130.5  -4002.13  0  0  -4002.13  0  -4002.13  761.13  0  0  761.13  0  761.13
3.3924e+13  0  1130.8  -4000.08  0  0  -4000.08  0  -4000.08  760.539  0  0  760.539  0  760.539
3.3933e+13  0  1131.1  -3998.03  0  0  -3998.03  0  -3998.03  759.948  0  0  759.948  0  759.948
3.3942e+13  0  1131.4  -3995.99  0  0  -3995.99  0  -3995.99  759.357  0  0  759.357  0  759.357
3.3951e+13  0  1131.7  -3993.94  0  0  -3993.94  0  -3993.94  758.768  0  0  758.768  0  758.768
3.396e+13  0  1132  -3991.9  0  0  -3991.9  0  -3991.9  758.179  0  0  758.179  0  758.179
3.3969e+13  0  1132.3  -3989.86  0  0  -3989.86  0  -3989.86  757.59  0  0  757.59  0  757.59
3.3978e+13  0  1132.6  -3987.82  0  0  -3987.82  0  -3987.82  757.002  0  0  757.002  0  757.002
3.3987e+13  0  1132.9  -3985.78  0  0  -3985.78  0  -3985.78  756.415  0  0  756.415  0  756.415
3.3996e+13  0  1133.2  -3983.74  0  0  -3983.74  0  -3983.74  755.828  0  0  755.828  0  755.828
3.4005e+13  0  1133.5  -3981.71  0  0  -3981.71  0  -3981.71  755.242  0  0  755.242  0  755.242
3.4014e+13  0  1133.8  -3979.67  0  0  -3979.67  0  -3979.67  754.657  0  0  754.657  0  754.657
3.4023e+13  0  1134.1  -3977.64  0  0  -3977.64  0  -3977.64  754.072  0  0  754.072  0  754.072
3.4032e+13  0  1134.4  -3975.61  0  0  -3975.61  0  -3975.61  753.488  0  0  753.488  0  753.488
3.4041e+13  0  1134.7  -3973.58  0  0  -3973.58  0  -3973.58  752.904  0  0  752.904  0  752.904
3.405e+13  0  1135  -3971.55  0  0  -3971.55  0  -3971.55  752.321  0  0  752.321  0  752.321
3.4059e+13  0  1135.3  -3969.53  0  0  -3969.53  0  -3969.53  751.738  0  0  751.738  0  751.738
3.4068e+13  0  1135.6  -3967.5  0  0  -3967.5  0  -3967.5  751.156  0  0  751.156  0  751.156
3.4077e+13  0  1135.9  -3965.48  0  0  -3965.48  0  -3965.48  750.575  0  0  750.575  0  750.575
3.4086e+13  0  1136.2  -3963.46  0  0  -3963.46  0  -3963.46  749.994  0  0  749.994  0  749.994
3.4095e+13  0  1136.5  -3961.44  0  0  -3961.44  0  -3961.44  749.414  0  0  749.414  0  749.414
3.4104e+13  0  1136.8  -3959.42  0  0  -3959.42  0  -3959.42  748.835  0  0  748.835  0  748.835
3.4113e+13  0  1137.1  -3957.4  0  0  -3957.4  0  -3957.4  748.256  0  0  748.256  0  748.256
3.4122e+13  0  1137.4  -3955.39  0  0  -3955.39  0  -3955.39  747.678  0  0  747.678  0  747.678
3.4131e+13  0  1137.7  -3953.37  0  0  -3953.37  0  -3953.37  747.1  0  0  747.1  0  747.1
3.414e+13  0  1138  -3951.36  0  0  -3951.36  0  -3951.36  746.523  0  0  746.523  0  746.523
3.4149e+13  0  1138.3  -3949.35  0  0  -3949.35  0  -3949.35  745.946  0  0  745.946  0  745.946
3.4158e+13  0  1138.6  -3947.34  0  0  -3947.34  0  -3947.34  745.37  0  0  745.37  0  745.37
3.4167e+13  0  1138.9  -3945.33  0  0  -3945.33  0  -3945.33  744.795  0  0  744.795  0  744.795
3.4176e+13  0  1139.2  -3943.33  0  0  -3943.33  0  -3943.33  744.22  0  0  744.22  0  744.22
3.4185e+13  0  1139.5  -3941.32  0  0  -3941.32  0  -3941.32  743.646  0  0  743.646  0  743.646
3.4194e+13  0  1139.8  -3939.32  0  0  -3939.32  0  -3939.32  743.072  0  0  743.072  0  743.072
3.4203e+13  0  1140.1  -3937.32  0  0  -3937.32  0  -3937.32  742.499  0  0  742.499  0  742.499
3.4212e+13  0  1140.4  -3935.32  0  0  -3935.32  0  -3935.32  741.927  0  0  741.927  0  741.927
3.4221e+13  0  1140.7  -3933.32  0  0  -3933.32  0  -3933.32  741.355  0  0  741.355  0  741.355
3.423e+13  0  1141  -3931.32  0  0  -3931.32  0  -3931.32  740.784  0  0  740.784  0  740.784
3.4239e+13  0  1141.3  -3929.33  0  0  -3929.33  0  -3929.33  740.213  0  0  740.213  0  740.213
3.4248e+13  0  1141.6  -3927.33  0  0  -3927.33  0  -3927.33  739.643  0  0  739.643  0  739.643
3.4257e+13  0  1141.9  -3925.34  0  0  -3925.34  0  -3925.34  739.074  0  0  739.074  0  739.074
3.4266e+13  0  1142.2  -3923.35  0  0  -3923.35  0  -3923.35  738.505  0  0  738.505  0  738.505
3.4275e+13  0  1142.5  -3921.36  0  0  -3921.36  0  -3921.36  737.936  0  0  737.936  0  737.936
3.4284e+13  0  1142.8  -3919.37  0  0  -3919.37  0  -3919.37  737.369  0  0  737.369  0  737.369
3.4293e+13  0  1143.1  -3917.38  0  0  -3917.38  0  -3917.38  736.801  0  0  736.801  0  736.801
3.4302e+13  0  1143.4  -3915.4  0  0  -3915.4  0  -3915.4  736.235  0  0  736.235  0  736.235
3.4311e+13  0  1143.7  -3913.42  0  0  -3913.42  0  -3913.42  735.669  0  0  735.669  0  735.669
3.432e+13  0  1144  -3911.43  0  0  -3911.43  0  -3911.43  735.103  0  0  735.103  0  735.103
3.4329e+13  0  1144.3  -3909.45  0  0  -3909.45  0  -3909.45  734.538  0  0  734.538  0  734.538
3.4338e+13  0  1144.6  -3907.47  0  0  -3907.47  0  -3907.47  733.974  0  0  733.974  0  733.974
3.4347e+13  0  1144.9  -3905.5  0  0  -3905.5  0  -3905.5  733.41  0  0  733.41  0  733.41
3.4356e+13  0  1145.2  -3903.52  0  0  -3903.52  0  -3903.52  732.847  0  0  732.847  0  732.847
3.4365e+13  0  1145.5  -3901.54  0  0  -3901.54  0  -3901.54  732.285  0  0  732.285  0  732.285
3.4374e+13  0  1145.8  -3899.57  0  0  -3899.57  0  -3899.57  731.723  0  0  731.723  0  731.723
3.4383e+13  0  1146.1  -3897.6  0  0  -3897.6  0  -3897.6  731.161  0  0  731.161  0  731.161
3.4392e+13  0  1146.4  -3895.63  0  0  -3895.63  0  -3895.63  730.6  0  0  730.6  0  730.6
3.4401e+13  0  1146.7  -3893.66  0  0  -3893.66  0  -3893.66  730.04  0  0  730.04  0  730.04
3.441e+13  0  1147  -3891.69  0  0  -3891.69  0  -3891.69  729.48  0  0  729.48  0  729.48
3.4419e+13  0  1147.3  -3889.73  0  0  -3889.73  0  -3889.73  728.921  0  0  728.921  0  728.921
3.4428e+13  0  1147.6  -3887.76  0  0  -3887.76  0  -3887.76  728.363  0  0  728.363  0  728.363
3.4437e+13  0  1147.9  -3885.8  0  0  -3885.8  0  -3885.8  727.805  0  0  727.805  0  727.805
3.4446e+13  0  1148.2  -3883.84  0  0  -3883.84  0  -3883.84  727.247  0  0  727.247  0  727.247
3.4455e+13  0  1148.5  -3881.88  0  0  -3881.88  0  -3881.88  726.69  0  0  726.69  0  726.69
3.4464e+13  0  1148.8  -3879.92  0  0  -3879.92  0  -3879.92  726.134  0  0  726.134  0  726.134
3.4473e+13  0  1149.1  -3877.96  0  0  -3877.96  0  -3877.96  725.578  0  0  725.578  0  725.578
3.4482e+13  0  1149.4  -3876.01  0  0  -3876.01  0  -3876.01  725.023  0  0  725.023  0  725.023
3.4491e+13  0  1149.7  -3874.05  0  0  -3874.05  0  -3874.05  724.468  0  0  724.468  0  724.468
3.45e+13  0  1150  -3872.1  0  0  -3872.1  0  -3872.1  723.914  0  0  723.914  0  723.914
3.4509e+13  0  1150.3  -3870.15  0  0  -3870.15  0  -3870.15  723.361  0  0  723.361  0  723.361
3.4518e+13  0  1150.6  -3868.2  0  0  -3868.2  0  -3868.2  722.808  0  0  722.808  0  722.808
3.4527e+13  0  1150.9  -3866.25  0  0  -3866.25  0  -3866.25  722.256  0  0  722.256  0  722.256
3.4536e+13  0  1151.2  -3864.3  0  0  -3864.3  0  -3864.3  721.704  0  0  721.704  0  721.704
3.4545e+13  0  1151.5  -3862.36  0  0  -3862.36  0  -3862.36  721.152  0  0  721.152  0  721.152
3.4554e+13  0  1151.8  -3860.41  0  0  -3860.41  0  -3860.41  720.602  0  0  720.602  0  720.602
3.4563e+13  0  1152.1  -3858.47  0  0  -3858.47  0  -3858.47  720.052  0  0  720.052  0  720.052
3.4572e+13  0  1152.4  -3856.53  0  0  -3856.53  0  -3856.53  719.502  0  0  719.502  0  719.502
3.4581e+13  0  1152.7  -3854.59  0  0  -3854.59  0  -3854.59  718.953  0  0  718.953  0  718.953
3.459e+13  0  1153  -3852.65  0  0  -3852.65  0  -3852.65  718.404  0  0  718.404  0  718.404
3.4599e+13  0  1153.3  -3850.72  0  0  -3850.72  0  -3850.72  717.857  0  0  717.857  0  717.857
3.4608e+13  0  1153.6  -3848.78  0  0  -3848.78  0  -3848.78  717.309  0  0  717.309  0  717.309
3.4617e+13  0  1153.9  -3846.85  0  0  -3846.85  0  -3846.85  716.762  0  0  716.762  0  716.762
3.4626e+13  0  1154.2  -3844.91  0  0  -3844.91  0  -3844.91  716.216  0  0  716.216  0  716.216
3.4635e+13  0  1154.5  -3842.98  0  0  -3842.98  0  -3842.98  715.67  0  0  715.67  0  715.67
3.4644e+13  0  1154.8  -3841.05  0  0  -3841.05  0  -3841.05  715.125  0  0  715.125  0  715.125
3.4653e+13  0  1155.1  -3839.13  0  0  -3839.13  0  -3839.13  714.581  0  0  714.581  0  714.581
3.4662e+13  0  1155.4  -3837.2  0  0  -3837.2  0  -3837.2  714.036  0  0  714.036  0  714.036
3.4671e+13  0  1155.7  -3835.27  0  0  -3835.27  0  -3835.27  713.493  0  0  713.493  0  713.493
3.468e+13  0  1156  -3833.35  0  0  -3833.35  0  -3833.35  712.95  0  0  712.95  0  712.95
3.4689e+13  0  1156.3  -3831.43  0  0  -3831.43  0  -3831.43  712.408  0  0  712.408  0  712.408
3.4698e+13  0  1156.6  -3829.51  0  0  -3829.51  0  -3829.51  711.866  0  0  711.866  0  711.866
3.4707e+13  0  1156.9  -3827.59  0  0  -3827.59  0  -3827.59  711.324  0  0  711.324  0  711.324
3.4716e+13  0  1157.2  -3825.67  0  0  -3825.67  0  -3825.67  710.784  0  0  710.784  0  710.784
3.4725e+13  0  1157.5  -3823.75  0  0  -3823.75  0  -3823.75  710.243  0  0  710.243  0  710.243
3.4734e+13  0  1157.8  -3821.84  0  0  -3821.84  0  -3821.84  709.704  0  0  709.704  0  709.704
3.4743e+13  0  1158.1  -3819.92  0  0  -3819.92  0  -3819.92  709.165  0  0  709.165  0  709.165
3.4752e+13  0  1158.4  -3818.01  0  0  -3818.01  0  -3818.01  708.626  0  0  708.626  0  708.626
3.4761e+13  0  1158.7  -3816.1  0  0  -3816.1  0  -3816.1  708.088  0  0  708.088  0  708.088
3.477e+13  0  1159  -3814.19  0  0  -3814.19  0  -3814.19  707.55  0  0  707.55  0  707.55
3.4779e+13  0  1159.3  -3812.28  0  0  -3812.28  0  -3812.28  707.013  0  0  707.013  0  707.013
3.4788e+13  0  1159.6  -3810.38  0  0  -3810.38  0  -3810.38  706.477  0  0  706.477  0  706.477
3.4797e+13  0  1159.9  -3808.47  0  0  -3808.47  0  -3808.47  705.941  0  0  705.941  0  705.941
3.4806e+13  0  1160.2  -3806.57  0  0  -3806.57  0  -3806.57  705.406  0  0  705.406  0  705.406
3.4815e+13  0  1160.5  -3804.66  0  0  -3804.66  0  -3804.66  704.871  0  0  704.871  0  704.871
3.4824e+13  0  1160.8  -3802.76  0  0  -3802.76  0  -3802.76  704.337  0  0  704.337  0  704.337
3.4833e+13  0  1161.1  -3800.86  0  0  -3800.86  0  -3800.86  703.803  0  0  703.803  0  703.803
3.4842e+13  0  1161.4  -3798.96  0  0  -3798.96  0  -3798.96  703.27  0  0  703.27  0  703.27
3.4851e+13  0  1161.7  -3797.07  0  0  -3797.07  0  -3797.07  702.737  0  0  702.737  0  702.737
3.486e+13  0  1162  -3795.17  0  0  -3795.17  0  -3795.17  702.205  0  0  702.205  0  702.205
3.4869e+13  0  1162.3  -3793.28  0  0  -3793.28  0  -3793.28  701.673  0  0  701.673  0  701.673
3.4878e+13  0  1162.6  -3791.39  0  0  -3791.39  0  -3791.39  701.142  0  0  701.142  0  701.142
3.4887e+13  0  1162.9  -3789.49  0  0  -3789.49  0  -3789.49  700.612  0  0  700.612  0  700.612
3.4896e+13  0  1163.2  -3787.6  0  0  -3787.6  0  -3787.6  700.082  0  0  700.082  0  700.082
3.4905e+13  0  1163.5  -3785.72  0  0  -3785.72  0  -3785.72  699.552  0  0  699.552  0  699.552
3.4914e+13  0  1163.8  -3783.83  0  0  -3783.83  0  -3783.83  699.023  0  0  699.023  0  699.023
3.4923e+13  0  1164.1  -3781.94  0  0  -3781.94  0  -3781.94  698.495  0  0  698.495  0  698.495
3.4932e+13  0  1164.4  -3780.06  0  0  -3780.06  0  -3780.06  697.967  0  0  697.967  0  697.967
3.4941e+13  0  1164.7  -3778.18  0  0  -3778.18  0  -3778.18  697.439  0  0  697.439  0  697.439
3.495e+13  0  1165  -3776.29  0  0  -3776.29  0  -3776.29  696.913  0  0  696.913  0  696.913
3.4959e+13  0  1165.3  -3774.41  0  0  -3774.41  0  -3774.41  696.386  0  0  696.386  0  696.386
3.4968e+13  0  1165.6  -3772.54  0  0  -3772.54  0  -3772.54  695.861  0  0  695.861  0  695.861
3.4977e+13  0  1165.9  -3770.66  0  0  -3770.66  0  -3770.66  695.335  0  0  695.335  0  695.335
3.4986e+13  0  1166.2  -3768.78  0  0  -3768.78  0  -3768.78  694.811  0  0  694.811  0  694.811
3.4995e+13  0  1166.5  -3766.91  0  0  -3766.91  0  -3766.91  694.286  0  0  694.286  0  694.286
3.5004e+13  0  1166.8  -3765.03  0  0  -3765.03  0  -3765.03  693.763  0  0  693.763  0  693.763
3.5013e+13  0  1167.1  -3763.16  0  0  -3763.16  0  -3763.16  693.24  0  0  693.24  0  693.24
3.5022e+13  0  1167.4  -3761.29  0  0  -3761.29  0  -3761.29  692.717  0  0  692.717  0  692.717
3.5031e+13  0  1167.7  -3759.42  0  0  -3759.42  0  -3759.42  692.195  0  0  692.195  0  692.195
3.504e+13  0  1168  -3757.56  0  0  -3757.56  0  -3757.56  691.673  0  0  691.673  0  691.673
3.5049e+13  0  1168.3  -3755.69  0  0  -3755.69  0  -3755.69  691.152  0  0  691.152  0  691.152
3.5058e+13  0  1168.6  -3753.82  0  0  -3753.82  0  -3753.82  690.632  0  0  690.632  0  690.632
3.5067e+13  0  1168.9  -3751.96  0  0  -3751.96  0  -3751.96  690.112  0  0  690.112  0  690.112
3.5076e+13  0  1169.2  -3750.1  0  0  -3750.1  0  -3750.1  689.592  0  0  689.592  0  689.592
3.5085e+13  0  1169.5  -3748.24  0  0  -3748.24  0  -3748.24  689.073  0  0  689.073  0  689.073
3.5094e+13  0  1169.8  -3746.38  0  0  -3746.38  0  -3746.38  688.555  0  0  688.555  0  688.555
3.5103e+13  0  1170.1  -3744.52  0  0  -3744.52  0  -3744.52  688.037  0  0  688.037  0  688.037
3.5112e+13  0  1170.4  -3742.66  0  0  -3742.66  0  -3742.66  687.519  0  0  687.519  0  687.519
3.5121e+13  0  1170.7  -3740.81  0  0  -3740.81  0  -3740.81  687.002  0  0  687.002  0  687.002
3.513e+13  0  1171  -3738.95  0  0  -3738.95  0  -3738.95  686.486  0  0  686.486  0  686.486
3.5139e+13  0  1171.3  -3737.1  0  0  -3737.1  0  -3737.1  685.97  0  0  685.97  0  685.97
3.5148e+13  0  1171.6  -3735.25  0  0  -3735.25  0  -3735.25  685.455  0  0  685.455  0  685.455
3.5157e+13  0  1171.9  -3733.4  0  0  -3733.4  0  -3733.4  684.94  0  0  684.94  0  684.94
3.5166e+13  0  1172.2  -3731.55  0  0  -3731.55  0  -3731.55  684.426  0  0  684.426  0  684.426
3.5175e+13  0  1172.5  -3729.7  0  0  -3729.7  0  -3729.7  683.912  0  0  683.912  0  683.912
3.5184e+13  0  1172.8  -3727.86  0  0  -3727.86  0  -3727.86  683.398  0  0  683.398  0  683.398
3.5193e+13  0  1173.1  -3726.01  0  0  -3726.01  0  -3726.01  682.886  0  0  682.886  0  682.886
3.5202e+13  0  1173.4  -3724.17  0  0  -3724.17  0  -3724.17  682.373  0  0  682.373  0  682.373
3.5211e+13  0  1173.7  -3722.33  0  0  -3722.33  0  -3722.33  681.861  0  0  681.861  0  681.861
3.522e+13  0  1174  -3720.49  0  0  -3720.49  0  -3720.49  681.35  0  0  681.35  0  681.35
3.5229e+13  0  1174.3  -3718.65  0  0  -3718.65  0  -3718.65  680.839  0  0  680.839  0  680.839
3.5238e+13  0  1174.6  -3716.81  0  0  -3716.81  0  -3716.81  680.329  0  0  680.329  0  680.329
3.5247e+13  0  1174.9  -3714.98  0  0  -3714.98  0  -3714.98  679.819  0  0  679.819  0  679.819
3.5256e+13  0  1175.2  -3713.14  0  0  -3713.14  0  -3713.14  679.31  0  0  679.31  0  679.31
3.5265e+13  0  1175.5  -3711.31  0  0  -3711.31  0  -3711.31  678.801  0  0  678.801  0  678.801
3.5274e+13  0  1175.8  -3709.47  0  0  -3709.47  0  -3709.47  678.293  0  0  678.293  0  678.293
3.5283e+13  0  1176.1  -3707.64  0  0  -3707.64  0  -3707.64  677.785  0  0  677.785  0  677.785
3.5292e+13  0  1176.4  -3705.81  0  0  -3705.81  0  -3705.81  677.278  0  0  677.278  0  677.278
3.5301e+13  0  1176.7  -3703.99  0  0  -3703.99  0  -3703.99  676.771  0  0  676.771  0  676.771
3.531e+13  0  1177  -3702.16  0  0  -3702.16  0  -3702.16  676.265  0  0  676.265  0  676.265
3.5319e+13  0  1177.3  -3700.33  0  0  -3700.33  0  -3700.33  675.759  0  0  675.759  0  675.759
3.5328e+13  0  1177.6  -3698.51  0  0  -3698.51  0  -3698.51  675.254  0  0  675.254  0  675.254
3.5337e+13  0  1177.9  -3696.69  0  0  -3696.69  0  -3696.69  674.749  0  0  674.749  0  674.749
3.5346e+13  0  1178.2  -3694.86  0  0  -3694.86  0  -3694.86  674.245  0  0  674.245  0  674.245
3.5355e+13  0  1178.5  -3693.04  0  0  -3693.04  0  -3693.04  673.742  0  0  673.742  0  673.742
3.5364e+13  0  1178.8  -3691.22  0  0  -3691.22  0  -3691.22  673.238  0  0  673.238  0  673.238
3.5373e+13  0  1179.1  -3689.41  0  0  -3689.41  0  -3689.41  672.736  0  0  672.736  0  672.736
3.5382e+13  0  1179.4  -3687.59  0  0  -3687.59  0  -3687.59  672.233  0  0  672.233  0  672.233
3.5391e+13  0  1179.7  -3685.78  0  0  -3685.78  0  -3685.78  671.732  0  0  671.732  0  671.732
3.54e+13  0  1180  -3683.96  0  0  -3683.96  0  -3683.96  671.23  0  0  671.23  0  671.23
3.5409e+13  0  1180.3  -3682.15  0  0  -3682.15  0  -3682.15  670.73  0  0  670.73  0  670.73
3.5418e+13  0  1180.6  -3680.34  0  0  -3680.34  0  -3680.34  670.229  0  0  670.229  0  670.229
3.5427e+13  0  1180.9  -3678.53  0  0  -3678.53  0  -3678.53  669.73  0  0  669.73  0  669.73
3.5436e+13  0  1181.2  -3676.72  0  0  -3676.72  0  -3676.72  669.23  0  0  669.23  0  669.23
3.5445e+13  0  1181.5  -3674.91  0  0  -3674.91  0  -3674.91  668.732  0  0  668.732  0  668.732
3.5454e+13  0  1181.8  -3673.11  0  0  -3673.11  0  -3673.11  668.233  0  0  668.233  0  668.233
3.5463e+13  0  1182.1  -3671.3  0  0  -3671.3  0  -3671.3  667.736  0  0  667.736  0  667.736
3.5472e+13  0  1182.4  -3669.5  0  0  -3669.5  0  -3669.5  667.238  0  0  667.238  0  667.238
3.5481e+13  0  1182.7  -3667.7  0  0  -3667.7  0  -3667.7  666.741  0  0  666.741  0  666.741
3.549e+13  0  1183  -3665.9  0  0  -3665.9  0  -3665.9  666.245  0  0  666.245  0  666.245
3.5499e+13  0  1183.3  -3664.1  0  0  -3664.1  0  -3664.1  665.749  0  0  665.749  0  665.749
3.5508e+13  0  1183.6  -3662.3  0  0  -3662.3  0  -3662.3  665.254  0  0  665.254  0  665.254
3.5517e+13  0  1183.9  -3660.5  0  0  -3660.5  0  -3660.5  664.759  0  0  664.759  0  664.759
3.5526e+13  0  1184.2  -3658.71  0  0  -3658.71  0  -3658.71  664.265  0  0  664.265  0  664.265
3.5535e+13  0  1184.5  -3656.92  0  0  -3656.92  0  -3656.92  663.771  0  0  663.771  0  663.771
3.5544e+13  0  1184.8  -3655.12  0  0  -3655.12  0  -3655.12  663.278  0  0  663.278  0  663.278
3.5553e+13  0  1185.1  -3653.33  0  0  -3653.33  0  -3653.33  662.785  0  0  662.785  0  662.785
3.5562e+13  0  1185.4  -3651.54  0  0  -3651.54  0  -3651.54  662.292  0  0  662.292  0  662.292
3.5571e+13  0  1185.7  -3649.75  0  0  -3649.75  0  -3649.75  661.8  0  0  661.8  0  661.8
3.558e+13  0  1186  -3647.96  0  0  -3647.96  0  -3647.96  661.309  0  0  661.309  0  661.309
3.5589e+13  0  1186.3  -3646.18  0  0  -3646.18  0  -3646.18  660.818  0  0  660.818  0  660.818
3.5598e+13  0  1186.6  -3644.39  0  0  -3644.39  0  -3644.39  660.328  0  0  660.328  0  660.328
3.5607e+13  0  1186.9  -3642.61  0  0  -3642.61  0  -3642.61  659.838  0  0  659.838  0  659.838
3.5616e+13  0  1187.2  -3640.83  0  0  -3640.83  0  -3640.83  659.348  0  0  659.348  0  659.348
3.5625e+13  0  1187.5  -3639.05  0  0  -3639.05  0  -3639.05  658.859  0  0  658.859  0  658.859
3.5634e+13  0  1187.8  -3637.27  0  0  -3637.27  0  -3637.27  658.371  0  0  658.371  0  658.371
3.5643e+13  0  1188.1  -3635.49  0  0  -3635.49  0  -3635.49  657.882  0  0  657.882  0  657.882
3.5652e+13  0  1188.4  -3633.71  0  0  -3633.71  0  -3633.71  657.395  0  0  657.395  0  657.395
3.5661e+13  0  1188.7  -3631.94  0  0  -3631.94  0  -3631.94  656.908  0  0  656.908  0  656.908
3.567e+13  0  1189  -3630.16  0  0  -3630.16  0  -3630.16  656.421  0  0  656.421  0  656.421
3.5679e+13  0  1189.3  -3628.39  0  0  -3628.39  0  -3628.39  655.935  0  0  655.935  0  655.935
3.5688e+13  0  1189.6  -3626.62  0  0  -3626.62  0  -3626.62  655.449  0  0  655.449  0  655.449
3.5697e+13  0  1189.9  -3624.85  0  0  -3624.85  0  -3624.85  654.964  0  0  654.964  0  654.964
3.5706e+13  0  1190.2  -3623.08  0  0  -3623.08  0  -3623.08  654.479  0  0  654.479  0  654.479
3.5715e+13  0  1190.5  -3621.31  0  0  -3621.31  0  -3621.31  653.995  0  0  653.995  0  653.995
3.5724e+13  0  1190.8  -3619.54  0  0  -3619.54  0  -3619.54  653.511  0  0  653.511  0  653.511
3.5733e+13  0  1191.1  -3617.78  0  0  -3617.78  0  -3617.78  653.028  0  0  653.028  0  653.028
3.5742e+13  0  1191.4  -3616.01  0  0  -3616.01  0  -3616.01  652.545  0  0  652.545  0  652.545
3.5751e+13  0  1191.7  -3614.25  0  0  -3614.25  0  -3614.25  652.063  0  0  652.063  0  652.063
3.576e+13  0  1192  -3612.49  0  0  -3612.49  0  -3612.49  651.581  0  0  651.581  0  651.581
3.5769e+13  0  1192.3  -3610.73  0  0  -3610.73  0  -3610.73  651.1  0  0  651.1  0  651.1
3.5778e+13  0  1192.6  -3608.97  0  0  -3608.97  0  -3608.97  650.619  0  0  650.619  0  650.619
3.5787e+13  0  1192.9  -3607.21  0  0  -3607.21  0  -3607.21  650.138  0  0  650.138  0  650.138
3.5796e+13  0  1193.2  -3605.45  0  0  -3605.45  0  -3605.45  649.658  0  0  649.658  0  649.658
3.5805e+13  0  1193.5  -3603.7  0  0  -3603.7  0  -3603.7  649.179  0  0  649.179  0  649.179
3.5814e+13  0  1193.8  -3601.94  0  0  -3601.94  0  -3601.94  648.7  0  0  648.7  0  648.7
3.5823e+13  0  1194.1  -3600.19  0  0  -3600.19  0  -3600.19  648.221  0  0  648.221  0  648.221
3.5832e+13  0  1194.4  -3598.44  0  0  -3598.44  0  -3598.44  647.743  0  0  647.743  0  647.743
3.5841e+13  0  1194.7  -3596.69  0  0  -3596.69  0  -3596.69  647.266  0  0  647.266  0  647.266
3.585e+13  0  1195  -3594.94  0  0  -3594.94  0  -3594.94  646.788  0  0  646.788  0  646.788
3.5859e+13  0  1195.3  -3593.19  0  0  -3593.19  0  -3593.19  646.312  0  0  646.312  0  646.312
3.5868e+13  0  1195.6  -3591.45  0  0  -3591.45  0  -3591.45  645.835  0  0  645.835  0  645.835
3.5877e+13  0  1195.9  -3589.7  0  0  -3589.7  0  -3589.7  645.36  0  0  645.36  0  645.36
3.5886e+13  0  1196.2  -3587.96  0  0  -3587.96  0  -3587.96  644.884  0  0  644.884  0  644.884
3.5895e+13  0  1196.5  -3586.21  0  0  -3586.21  0  -3586.21  644.409  0  0  644.409  0  644.409
3.5904e+13  0  1196.8  -3584.47  0  0  -3584.47  0  -3584.47  643.935  0  0  643.935  0  643.935
3.5913e+13  0  1197.1  -3582.73  0  0  -3582.73  0  -3582.73  643.461  0  0  643.461  0  643.461
3.5922e+13  0  1197.4  -3580.99  0  0  -3580.99  0  -3580.99  642.988  0  0  642.988  0  642.988
3.5931e+13  0  1197.7  -3579.26  0  0  -3579.26  0  -3579.26  642.515  0  0  642.515  0  642.515
3.594e+13  0  1198  -3577.52  0  0  -3577.52  0  -3577.52  642.042  0  0  642.042  0  642.042
3.5949e+13  0  1198.3  -3575.78  0  0  -3575.78  0  -3575.78  641.57  0  0  641.57  0  641.57
3.5958e+13  0  1198.6  -3574.05  0  0  -3574.05  0  -3574.05  641.098  0  0  641.098  0  641.098
3.5967e+13  0  1198.9  -3572.32  0  0  -3572.32  0  -3572.32  640.627  0  0  640.627  0  640.627
3.5976e+13  0  1199.2  -3570.59  0  0  -3570.59  0  -3570.59  640.157  0  0  640.157  0  640.157
3.5985e+13  0  1199.5  -3568.86  0  0  -3568.86  0  -3568.86  639.686  0  0  639.686  0  639.686
3.5994e+13  0  1199.8  -3567.13  0  0  -3567.13  0  -3567.13  639.217  0  0  639.217  0  639.217
3.6003e+13  0  1200.1  -3565.4  0  0  -3565.4  0  -3565.4  638.747  0  0  638.747  0  638.747
3.6012e+13  0  1200.4  -3563.67  0  0  -3563.67  0  -3563.67  638.278  0  0  638.278  0  638.278
3.6021e+13  0  1200.7  -3561.95  0  0  -3561.95  0  -3561.95  637.81  0  0  637.81  0  637.81
3.603e+13  0  1201  -3560.22  0  0  -3560.22  0  -3560.22  637.342  0  0  637.342  0  637.342
3.6039e+13  0  1201.3  -3558.5  0  0  -3558.5  0  -3558.5  636.875  0  0  636.875  0  636.875
3.6048e+13  0  1201.6  -3556.78  0  0  -3556.78  0  -3556.78  636.408  0  0  636.408  0  636.408
3.6057e+13  0  1201.9  -3555.06  0  0  -3555.06  0  -3555.06  635.941  0  0  635.941  0  635.941
3.6066e+13  0  1202.2  -3553.34  0  0  -3553.34  0  -3553.34  635.475  0  0  635.475  0  635.475
3.6075e+13  0  1202.5  -3551.62  0  0  -3551.62  0  -3551.62  635.009  0  0  635.009  0  635.009
3.6084e+13  0  1202.8  -3549.9  0  0  -3549.9  0  -3549.9  634.544  0  0  634.544  0  634.544
3.6093e+13  0  1203.1  -3548.19  0  0  -3548.19  0  -3548.19  634.079  0  0  634.079  0  634.079
3.6102e+13  0  1203.4  -3546.47  0  0  -3546.47  0  -3546.47  633.615  0  0  633.615  0  633.615
3.6111e+13  0  1203.7  -3544.76  0  0  -3544.76  0  -3544.76  633.151  0  0  633.151  0  633.151
3.612e+13  0  1204  -3543.05  0  0  -3543.05  0  -3543.05  632.688  0  0  632.688  0  632.688
3.6129e+13  0  1204.3  -3541.34  0  0  -3541.34  0  -3541.34  632.225  0  0  632.225  0  632.225
3.6138e+13  0  1204.6  -3539.63  0  0  -3539.63  0  -3539.63  631.762  0  0  631.762  0  631.762
3.6147e+13  0  1204.9  -3537.92  0  0  -3537.92  0  -3537.92  631.3  0  0  631.3  0  631.3
3.6156e+13  0  1205.2  -3536.22  0  0  -3536.22  0  -3536.22  630.838  0  0  630.838  0  630.838
3.6165e+13  0  1205.5  -3534.51  0  0  -3534.51  0  -3534.51  630.377  0  0  630.377  0  630.377
3.6174e+13  0  1205.8  -3532.81  0  0  -3532.81  0  -3532.81  629.916  0  0  629.916  0  629.916
3.6183e+13  0  1206.1  -3531.1  0  0  -3531.1  0  -3531.1  629.456  0  0  629.456  0  629.456
3.6192e+13  0  1206.4  -3529.4  0  0  -3529.4  0  -3529.4  628.996  0  0  628.996  0  628.996
3.6201e+13  0  1206.7  -3527.7  0  0  -3527.7  0  -3527.7  628.537  0  0  628.537  0  628.537
3.621e+13  0  1207  -3526  0  0  -3526  0  -3526  628.078  0  0  628.078  0  628.078
3.6219e+13  0  1207.3  -3524.3  0  0  -3524.3  0  -3524.3  627.62  0  0  627.62  0  627.62
3.6228e+13  0  1207.6  -3522.61  0  0  -3522.61  0  -3522.61  627.161  0  0  627.161  0  627.161
3.6237e+13  0  1207.9  -3520.91  0  0  -3520.91  0  -3520.91  626.704  0  0  626.704  0  626.704
3.6246e+13  0  1208.2  -3519.21  0  0  -3519.21  0  -3519.21  626.247  0  0  626.247  0  626.247
3.6255e+13  0  1208.5  -3517.52  0  0  -3517.52  0  -3517.52  625.79  0  0  625.79  0  625.79
3.6264e+13  0  1208.8  -3515.83  0  0  -3515.83  0  -3515.83  625.334  0  0  625.334  0  625.334
3.6273e+13  0  1209.1  -3514.14  0  0  -3514.14  0  -3514.14  624.878  0  0  624.878  0  624.878
3.6282e+13  0  1209.4  -3512.45  0  0  -3512.45  0  -3512.45  624.422  0  0  624.422  0  624.422
3.6291e+13  0  1209.7  -3510.76  0  0  -3510.76  0  -3510.76  623.967  0  0  623.967  0  623.967
3.63e+13  0  1210  -3509.07  0  0  -3509.07  0  -3509.07  623.513  0  0  623.513  0  623.513
3.6309e+13  0  1210.3  -3507.39  0  0  -3507.39  0  -3507.39  623.059  0  0  623.059  0  623.059
3.6318e+13  0  1210.6  -3505.7  0  0  -3505.7  0  -3505.7  622.605  0  0  622.605  0  622.605
3.6327e+13  0  1210.9  -3504.02  0  0  -3504.02  0  -3504.02  622.152  0  0  622.152  0  622.152
3.6336e+13  0  1211.2  -3502.34  0  0  -3502.34  0  -3502.34  621.699  0  0  621.699  0  621.699
3.6345e+13  0  1211.5  -3500.65  0  0  -3500.65  0  -3500.65  621.247  0  0  621.247  0  621.247
3.6354e+13  0  1211.8  -3498.97  0  0  -3498.97  0  -3498.97  620.795  0  0  620.795  0  620.795
3.6363e+13  0  1212.1  -3497.29  0  0  -3497.29  0  -3497.29  620.343  0  0  620.343  0  620.343
3.6372e+13  0  1212.4  -3495.62  0  0  -3495.62  0  -3495.62  619.892  0  0  619.892  0  619.892
3.6381e+13  0  1212.7  -3493.94  0  0  -3493.94  0  -3493.94  619.442  0  0  619.442  0  619.442
3.639e+13  0  1213  -3492.26  0  0  -3492.26  0  -3492.26  618.992  0  0  618.992  0  618.992
3.6399e+13  0  1213.3  -3490.59  0  0  -3490.59  0  -3490.59  618.542  0  0  618.542  0  618.542
3.6408e+13  0  1213.6  -3488.92  0  0  -3488.92  0  -3488.92  618.093  0  0  618.093  0  618.093
3.6417e+13  0  1213.9  -3487.25  0  0  -3487.25  0  -3487.25  617.644  0  0  617.644  0  617.644
3.6426e+13  0  1214.2  -3485.58  0  0  -3485.58  0  -3485.58  617.195  0  0  617.195  0  617.195
3.6435e+13  0  1214.5  -3483.91  0  0  -3483.91  0  -3483.91  616.747  0  0  616.747  0  616.747
3.6444e+13  0  1214.8  -3482.24  0  0  -3482.24  0  -3482.24  616.3  0  0  616.3  0  616.3
3.6453e+13  0  1215.1  -3480.57  0  0  -3480.57  0  -3480.57  615.853  0  0  615.853  0  615.853
3.6462e+13  0  1215.4  -3478.9  0  0  -3478.9  0  -3478.9  615.406  0  0  615.406  0  615.406
3.6471e+13  0  1215.7  -3477.24  0  0  -3477.24  0  -3477.24  614.96  0  0  614.96  0  614.96
3.648e+13  0  1216  -3475.58  0  0  -3475.58  0  -3475.58  614.514  0  0  614.514  0  614.514
3.6489e+13  0  1216.3  -3473.91  0  0  -3473.91  0  -3473.91  614.068  0  0  614.068  0  614.068
3.6498e+13  0  1216.6  -3472.25  0  0  -3472.25  0  -3472.25  613.623  0  0  613.623  0  613.623
3.6507e+13  0  1216.9  -3470.59  0  0  -3470.59  0  -3470.59  613.179  0  0  613.179  0  613.179
3.6516e+13  0  1217.2  -3468.93  0  0  -3468.93  0  -3468.93  612.735  0  0  612.735  0  612.735
3.6525e+13  0  1217.5  -3467.28  0  0  -3467.28  0  -3467.28  612.291  0  0  612.291  0  612.291
3.6534e+13  0  1217.8  -3465.62  0  0  -3465.62  0  -3465.62  611.848  0  0  611.848  0  611.848
3.6543e+13  0  1218.1  -3463.96  0  0  -3463.96  0  -3463.96  611.405  0  0  611.405  0  611.405
3.6552e+13  0  1218.4  -3462.31  0  0  -3462.31  0  -3462.31  610.963  0  0  610.963  0  610.963
3.6561e+13  0  1218.7  -3460.66  0  0  -3460.66  0  -3460.66  610.521  0  0  610.521  0  610.521
3.657e+13  0  1219  -3459.01  0  0  -3459.01  0  -3459.01  610.079  0  0  610.079  0  610.079
3.6579e+13  0  1219.3  -3457.36  0  0  -3457.36  0  -3457.36  609.638  0  0  609.638  0  609.638
3.6588e+13  0  1219.6  -3455.71  0  0  -3455.71  0  -3455.71  609.197  0  0  609.197  0  609.197
3.6597e+13  0  1219.9  -3454.06  0  0  -3454.06  0  -3454.06  608.757  0  0  608.757  0  608.757
3.6606e+13  0  1220.2  -3452.41  0  0  -3452.41  0  -3452.41  608.317  0  0  608.317  0  608.317
3.6615e+13  0  1220.5  -3450.76  0  0  -3450.76  0  -3450.76  607.877  0  0  607.877  0  607.877
3.6624e+13  0  1220.8  -3449.12  0  0  -3449.12  0  -3449.12  607.438  0  0  607.438  0  607.438
3.6633e+13  0  1221.1  -3447.48  0  0  -3447.48  0  -3447.48  607  0  0  607  0  607
3.6642e+13  0  1221.4  -3445.83  0  0  -3445.83  0  -3445.83  606.561  0  0  606.561  0  606.561
3.6651e+13  0  1221.7  -3444.19  0  0  -3444.19  0  -3444.19  606.124  0  0  606.124  0  606.124
3.666e+13  0  1222  -3442.55  0  0  -3442.55  0  -3442.55  605.686  0  0  605.686  0  605.686
3.6669e+13  0  1222.3  -3440.91  0  0  -3440.91  0  -3440.91  605.249  0  0  605.249  0  605.249
3.6678e+13  0  1222.6  -3439.28  0  0  -3439.28  0  -3439.28  604.813  0  0  604.813  0  604.813
3.6687e+13  0  1222.9  -3437.64  0  0  -3437.64  0  -3437.64  604.377  0  0  604.377  0  604.377
3.6696e+13  0  1223.2  -3436  0  0  -3436  0  -3436  603.941  0  0  603.941  0  603.941
3.6705e+13  0  1223.5  -3434.37  0  0  -3434.37  0  -3434.37  603.506  0  0  603.506  0  603.506
3.6714e+13  0  1223.8  -3432.74  0  0  -3432.74  0  -3432.74  603.071  0  0  603.071  0  603.071
3.6723e+13  0  1224.1  -3431.1  0  0  -3431.1  0  -3431.1  602.636  0  0  602.636  0  602.636
3.6732e+13  0  1224.4  -3429.47  0  0  -3429.47  0  -3429.47  602.202  0  0  602.202  0  602.202
3.6741e+13  0  1224.7  -3427.84  0  0  -3427.84  0  -3427.84  601.769  0  0  601.769  0  601.769
3.675e+13  0  1225  -3426.21  0  0  -3426.21  0  -3426.21  601.336  0  0  601.336  0  601.336
3.6759e+13  0  1225.3  -3424.59  0  0  -3424.59  0  -3424.59  600.903  0  0  600.903  0  600.903
3.6768e+13  0  1225.6  -3422.96  0  0  -3422.96  0  -3422.96  600.47  0  0  600.47  0  600.47
3.6777e+13  0  1225.9  -3421.34  0  0  -3421.34  0  -3421.34  600.038  0  0  600.038  0  600.038
3.6786e+13  0  1226.2  -3419.71  0  0  -3419.71  0  -3419.71  599.607  0  0  599.607  0  599.607
3.6795e+13  0  1226.5  -3418.09  0  0  -3418.09  0  -3418.09  599.176  0  0  599.176  0  599.176
3.6804e+13  0  1226.8  -3416.47  0  0  -3416.47  0  -3416.47  598.745  0  0  598.745  0  598.745
3.6813e+13  0  1227.1  -3414.85  0  0  -3414.85  0  -3414.85  598.315  0  0  598.315  0  598.315
3.6822e+13  0  1227.4  -3413.23  0  0  -3413.23  0  -3413.23  597.885  0  0  597.885  0  597.885
3.6831e+13  0  1227.7  -3411.61  0  0  -3411.61  0  -3411.61  597.455  0  0  597.455  0  597.455
3.684e+13  0  1228  -3409.99  0  0  -3409.99  0  -3409.99  597.026  0  0  597.026  0  597.026
3.6849e+13  0  1228.3  -3408.38  0  0  -3408.38  0  -3408.38  596.598  0  0  596.598  0  596.598
3.6858e+13  0  1228.6  -3406.76  0  0  -3406.76  0  -3406.76  596.169  0  0  596.169  0  596.169
3.6867e+13  0  1228.9  -3405.15  0  0  -3405.15  0  -3405.15  595.741  0  0  595.741  0  595.741
3.6876e+13  0  1229.2  -3403.53  0  0  -3403.53  0  -3403.53  595.314  0  0  595.314  0  595.314
3.6885e+13  0  1229.5  -3401.92  0  0  -3401.92  0  -3401.92  594.887  0  0  594.887  0  594.887
3.6894e+13  0  1229.8  -3400.31  0  0  -3400.31  0  -3400.31  594.46  0  0  594.46  0  594.46
3.6903e+13  0  1230.1  -3398.7  0  0  -3398.7  0  -3398.7  594.034  0  0  594.034  0  594.034
3.6912e+13  0  1230.4  -3397.1  0  0  -3397.1  0  -3397.1  593.608  0  0  593.608  0  593.608
3.6921e+13  0  1230.7  -3395.49  0  0  -3395.49  0  -3395.49  593.183  0  0  593.183  0  593.183
3.693e+13  0  1231  -3393.88  0  0  -3393.88  0  -3393.88  592.758  0  0  592.758  0  592.758
3.6939e+13  0  1231.3  -3392.28  0  0  -3392.28  0  -3392.28  592.333  0  0  592.333  0  592.333
3.6948e+13  0  1231.6  -3390.67  0  0  -3390.67  0  -3390.67  591.909  0  0  591.909  0  591.909
3.6957e+13  0  1231.9  -3389.07  0  0  -3389.07  0  -3389.07  591.485  0  0  591.485  0  591.485
3.6966e+13  0  1232.2  -3387.47  0  0  -3387.47  0  -3387.47  591.062  0  0  591.062  0  591.062
3.6975e+13  0  1232.5  -3385.87  0  0  -3385.87  0  -3385.87  590.639  0  0  590.639  0  590.639
3.6984e+13  0  1232.8  -3384.27  0  0  -3384.27  0  -3384.27  590.216  0  0  590.216  0  590.216
3.6993e+13  0  1233.1  -3382.67  0  0  -3382.67  0  -3382.67  589.794  0  0  589.794  0  589.794
3.7002e+13  0  1233.4  -3381.08  0  0  -3381.08  0  -3381.08  589.372  0  0  589.372  0  589.372
3.7011e+13  0  1233.7  -3379.48  0  0  -3379.48  0  -3379.48  588.951  0  0  588.951  0  588.951
3.702e+13  0  1234  -3377.89  0  0  -3377.89  0  -3377.89  588.53  0  0  588.53  0  588.53
3.7029e+13  0  1234.3  -3376.29  0  0  -3376.29  0  -3376.29  588.109  0  0  588.109  0  588.109
3.7038e+13  0  1234.6  -3374.7  0  0  -3374.7  0  -3374.7  587.689  0  0  587.689  0  587.689
3.7047e+13  0  1234.9  -3373.11  0  0  -3373.11  0  -3373.11  587.269  0  0  587.269  0  587.269
3.7056e+13  0  1235.2  -3371.52  0  0  -3371.52  0  -3371.52  586.85  0  0  586.85  0  586.85
3.7065e+13  0  1235.5  -3369.93  0  0  -3369.93  0  -3369.93  586.431  0  0  586.431  0  586.431
3.7074e+13  0  1235.8  -3368.34  0  0  -3368.34  0  -3368.34  586.012  0  0  586.012  0  586.012
3.7083e+13  0  1236.1  -3366.76  0  0  -3366.76  0  -3366.76  585.594  0  0  585.594  0  585.594
3.7092e+13  0  1236.4  -3365.17  0  0  -3365.17  0  -3365.17  585.176  0  0  585.176  0  585.176
3.7101e+13  0  1236.7  -3363.59  0  0  -3363.59  0  -3363.59  584.759  0  0  584.759  0  584.759
3.711e+13  0  1237  -3362  0  0  -3362  0  -3362  584.342  0  0  584.342  0  584.342
3.7119e+13  0  1237.3  -3360.42  0  0  -3360.42  0  -3360.42  583.925  0  0  583.925  0  583.925
3.7128e+13  0  1237.6  -3358.84  0  0  -3358.84  0  -3358.84  583.509  0  0  583.509  0  583.509
3.7137e+13  0  1237.9  -3357.26  0  0  -3357.26  0  -3357.26  583.093  0  0  583.093  0  583.093
3.7146e+13  0  1238.2  -3355.68  0  0  -3355.68  0  -3355.68  582.677  0  0  582.677  0  582.677
3.7155e+13  0  1238.5  -3354.1  0  0  -3354.1  0  -3354.1  582.262  0  0  582.262  0  582.262
3.7164e+13  0  1238.8  -3352.52  0  0  -3352.52  0  -3352.52  581.848  0  0  581.848  0  581.848
3.7173e+13  0  1239.1  -3350.95  0  0  -3350.95  0  -3350.95  581.433  0  0  581.433  0  581.433
3.7182e+13  0  1239.4  -3349.37  0  0  -3349.37  0  -3349.37  581.019  0  0  581.019  0  581.019
3.7191e+13  0  1239.7  -3347.8  0  0  -3347.8  0  -3347.8  580.606  0  0  580.606  0  580.606
3.72e+13  0  1240  -3346.23  0  0  -3346.23  0  -3346.23  580.193  0  0  580.193  0  580.193
3.7209e+13  0  1240.3  -3344.66  0  0  -3344.66  0  -3344.66  579.78  0  0  579.78  0  579.78
3.7218e+13  0  1240.6  -3343.09  0  0  -3343.09  0  -3343.09  579.368  0  0  579.368  0  579.368
3.7227e+13  0  1240.9  -3341.52  0  0  -3341.52  0  -3341.52  578.956  0  0  578.956  0  578.956
3.7236e+13  0  1241.2  -3339.95  0  0  -3339.95  0  -3339.95  578.544  0  0  578.544  0  578.544
3.7245e+13  0  1241.5  -3338.38  0  0  -3338.38  0  -3338.38  578.133  0  0  578.133  0  578.133
3.7254e+13  0  1241.8  -3336.82  0  0  -3336.82  0  -3336.82  577.722  0  0  577.722  0  577.722
3.7263e+13  0  1242.1  -3335.25  0  0  -3335.25  0  -3335.25  577.312  0  0  577.312  0  577.312
3.7272e+13  0  1242.4  -3333.69  0  0  -3333.69  0  -3333.69  576.902  0  0  576.902  0  576.902
3.7281e+13  0  1242.7  -3332.13  0  0  -3332.13  0  -3332.13  576.492  0  0  576.492  0  576.492
3.729e+13  0  1243  -3330.56  0  0  -3330.56  0  -3330.56  576.083  0  0  576.083  0  576.083
3.7299e+13  0  1243.3  -3329  0  0  -3329  0  -3329  575.674  0  0  575.674  0  575.674
3.7308e+13  0  1243.6  -3327.44  0  0  -3327.44  0  -3327.44  575.266  0  0  575.266  0  575.266
3.7317e+13  0  1243.9  -3325.89  0  0  -3325.89  0  -3325.89  574.858  0  0  574.858  0  574.858
3.7326e+13  0  1244.2  -3324.33  0  0  -3324.33  0  -3324.33  574.45  0  0  574.45  0  574.45
3.7335e+13  0  1244.5  -3322.77  0  0  -3322.77  0  -3322.77  574.043  0  0  574.043  0  574.043
3.7344e+13  0  1244.8  -3321.22  0  0  -3321.22  0  -3321.22  573.636  0  0  573.636  0  573.636
3.7353e+13  0  1245.1  -3319.66  0  0  -3319.66  0  -3319.66  573.229  0  0  573.229  0  573.229
3.7362e+13  0  1245.4  -3318.11  0  0  -3318.11  0  -3318.11  572.823  0  0  572.823  0  572.823
3.7371e+13  0  1245.7  -3316.56  0  0  -3316.56  0  -3316.56  572.417  0  0  572.417  0  572.417
3.738e+13  0  1246  -3315.01  0  0  -3315.01  0  -3315.01  572.012  0  0  572.012  0  572.012
3.7389e+13  0  1246.3  -3313.46  0  0  -3313.46  0  -3313.46  571.607  0  0  571.607  0  571.607
3.7398e+13  0  1246.6  -3311.91  0  0  -3311.91  0  -3311.91  571.202  0  0  571.202  0  571.202
3.7407e+13  0  1246.9  -3310.36  0  0  -3310.36  0  -3310.36  570.798  0  0  570.798  0  570.798
3.7416e+13  0  1247.2  -3308.82  0  0  -3308.82  0  -3308.82  570.394  0  0  570.394  0  570.394
3.7425e+13  0  1247.5  -3307.27  0  0  -3307.27  0  -3307.27  569.991  0  0  569.991  0  569.991
3.7434e+13  0  1247.8  -3305.73  0  0  -3305.73  0  -3305.73  569.587  0  0  569.587  0  569.587
3.7443e+13  0  1248.1  -3304.18  0  0  -3304.18  0  -3304.18  569.185  0  0  569.185  0  569.185
3.7452e+13  0  1248.4  -3302.64  0  0  -3302.64  0  -3302.64  568.782  0  0  568.782  0  568.782
3.7461e+13  0  1248.7  -3301.1  0  0  -3301.1  0  -3301.1  568.38  0  0  568.38  0  568.38
3.747e+13  0  1249  -3299.56  0  0  -3299.56  0  -3299.56  567.979  0  0  567.979  0  567.979
3.7479e+13  0  1249.3  -3298.02  0  0  -3298.02  0  -3298.02  567.578  0  0  567.578  0  567.578
3.7488e+13  0  1249.6  -3296.48  0  0  -3296.48  0  -3296.48  567.177  0  0  567.177  0  567.177
3.7497e+13  0  1249.9  -3294.95  0  0  -3294.95  0  -3294.95  566.776  0  0  566.776  0  566.776
3.7506e+13  0  1250.2  -3293.41  0  0  -3293.41  0  -3293.41  566.376  0  0  566.376  0  566.376
3.7515e+13  0  1250.5  -3291.88  0  0  -3291.88  0  -3291.88  565.976  0  0  565.976  0  565.976
3.7524e+13  0  1250.8  -3290.34  0  0  -3290.34  0  -3290.34  565.577  0  0  565.577  0  565.577
3.7533e+13  0  1251.1  -3288.81  0  0  -3288.81  0  -3288.81  565.178  0  0  565.178  0  565.178
3.7542e+13  0  1251.4  -3287.28  0  0  -3287.28  0  -3287.28  564.779  0  0  564.779  0  564.779
3.7551e+13  0  1251.7  -3285.75  0  0  -3285.75  0  -3285.75  564.381  0  0  564.381  0  564.381
3.756e+13  0  1252  -3284.22  0  0  -3284.22  0  -3284.22  563.983  0  0  563.983  0  563.983
3.7569e+13  0  1252.3  -3282.69  0  0  -3282.69  0  -3282.69  563.586  0  0  563.586  0  563.586
3.7578e+13  0  1252.6  -3281.16  0  0  -3281.16  0  -3281.16  563.189  0  0  563.189  0  563.189
3.7587e+13  0  1252.9  -3279.64  0  0  -3279.64  0  -3279.64  562.792  0  0  562.792  0  562.792
3.7596e+13  0  1253.2  -3278.11  0  0  -3278.11  0  -3278.11  562.396  0  0  562.396  0  562.396
3.7605e+13  0  1253.5  -3276.59  0  0  -3276.59  0  -3276.59  562  0  0  562  0  562
3.7614e+13  0  1253.8  -3275.07  0  0  -3275.07  0  -3275.07  561.604  0  0  561.604  0  561.604
3.7623e+13  0  1254.1  -3273.54  0  0  -3273.54  0  -3273.54  561.209  0  0  561.209  0  561.209
3.7632e+13  0  1254.4  -3272.02  0  0  -3272.02  0  -3272.02  560.814  0  0  560.814  0  560.814
3.7641e+13  0  1254.7  -3270.5  0  0  -3270.5  0  -3270.5  560.419  0  0  560.419  0  560.419
3.765e+13  0  1255  -3268.98  0  0  -3268.98  0  -3268.98  560.025  0  0  560.025  0  560.025
3.7659e+13  0  1255.3  -3267.47  0  0  -3267.47  0  -3267.47  559.631  0  0  559.631  0  559.631
3.7668e+13  0  1255.6  -3265.95  0  0  -3265.95  0  -3265.95  559.238  0  0  559.238  0  559.238
3.7677e+13  0  1255.9  -3264.43  0  0  -3264.43  0  -3264.43  558.845  0  0  558.845  0  558.845
3.7686e+13  0  1256.2  -3262.92  0  0  -3262.92  0  -3262.92  558.452  0  0  558.452  0  558.452
3.7695e+13  0  1256.5  -3261.41  0  0  -3261.41  0  -3261.41  558.06  0  0  558.06  0  558.06
3.7704e+13  0  1256.8  -3259.89  0  0  -3259.89  0  -3259.89  557.668  0  0  557.668  0  557.668
3.7713e+13  0  1257.1  -3258.38  0  0  -3258.38  0  -3258.38  557.276  0  0  557.276  0  557.276
3.7722e+13  0  1257.4  -3256.87  0  0  -3256.87  0  -3256.87  556.885  0  0  556.885  0  556.885
3.7731e+13  0  1257.7  -3255.36  0  0  -3255.36  0  -3255.36  556.494  0  0  556.494  0  556.494
3.774e+13  0  1258  -3253.85  0  0  -3253.85  0  -3253.85  556.104  0  0  556.104  0  556.104
3.7749e+13  0  1258.3  -3252.35  0  0  -3252.35  0  -3252.35  555.714  0  0  555.714  0  555.714
3.7758e+13  0  1258.6  -3250.84  0  0  -3250.84  0  -3250.84  555.324  0  0  555.324  0  555.324
3.7767e+13  0  1258.9  -3249.33  0  0  -3249.33  0  -3249.33  554.934  0  0  554.934  0  554.934
3.7776e+13  0  1259.2  -3247.83  0  0  -3247.83  0  -3247.83  554.545  0  0  554.545  0  554.545
3.7785e+13  0  1259.5  -3246.33  0  0  -3246.33  0  -3246.33  554.157  0  0  554.157  0  554.157
3.7794e+13  0  1259.8  -3244.82  0  0  -3244.82  0  -3244.82  553.768  0  0  553.768  0  553.768
3.7803e+13  0  1260.1  -3243.32  0  0  -3243.32  0  -3243.32  553.38  0  0  553.38  0  553.38
3.7812e+13  0  1260.4  -3241.82  0  0  -3241.82  0  -3241.82  552.993  0  0  552.993  0  552.993
3.7821e+13  0  1260.7  -3240.32  0  0  -3240.32  0  -3240.32  552.605  0  0  552.605  0  552.605
3.783e+13  0  1261  -3238.83  0  0  -3238.83  0  -3238.83  552.219  0  0  552.219  0  552.219
3.7839e+13  0  1261.3  -3237.33  0  0  -3237.33  0  -3237.33  551.832  0  0  551.832  0  551.832
3.7848e+13  0  1261.6  -3235.83  0  0  -3235.83  0  -3235.83  551.446  0  0  551.446  0  551.446
3.7857e+13  0  1261.9  -3234.34  0  0  -3234.34  0  -3234.34  551.06  0  0  551.06  0  551.06
3.7866e+13  0  1262.2  -3232.84  0  0  -3232.84  0  -3232.84  550.675  0  0  550.675  0  550.675
3.7875e+13  0  1262.5  -3231.35  0  0  -3231.35  0  -3231.35  550.29  0  0  550.29  0  550.29
3.7884e+13  0  1262.8  -3229.86  0  0  -3229.86  0  -3229.86  549.905  0  0  549.905  0  549.905
3.7893e+13  0  1263.1  -3228.37  0  0  -3228.37  0  -3228.37  549.52  0  0  549.52  0  549.52
3.7902e+13  0  1263.4  -3226.88  0  0  -3226.88  0  -3226.88  549.136  0  0  549.136  0  549.136
3.7911e+13  0  1263.7  -3225.39  0  0  -3225.39  0  -3225.39  548.753  0  0  548.753  0  548.753
3.792e+13  0  1264  -3223.9  0  0  -3223.9  0  -3223.9  548.369  0  0  548.369  0  548.369
3.7929e+13  0  1264.3  -3222.42  0  0  -3222.42  0  -3222.42  547.986  0  0  547.986  0  547.986
3.7938e+13  0  1264.6  -3220.93  0  0  -3220.93  0  -3220.93  547.604  0  0  547.604  0  547.604
3.7947e+13  0  1264.9  -3219.44  0  0  -3219.44  0  -3219.44  547.222  0  0  547.222  0  547.222
3.7956e+13  0  1265.2  -3217.96  0  0  -3217.96  0  -3217.96  546.84  0  0  546.84  0  546.84
3.7965e+13  0  1265.5  -3216.48  0  0  -3216.48  0  -3216.48  546.458  0  0  546.458  0  546.458
3.7974e+13  0  1265.8  -3215  0  0  -3215  0  -3215  546.077  0  0  546.077  0  546.077
3.7983e+13  0  1266.1  -3213.52  0  0  -3213.52  0  -3213.52  545.696  0  0  545.696  0  545.696
3.7992e+13  0  1266.4  -3212.04  0  0  -3212.04  0  -3212.04  545.316  0  0  545.316  0  545.316
3.8001e+13  0  1266.7  -3210.56  0  0  -3210.56  0  -3210.56  544.936  0  0  544.936  0  544.936
3.801e+13  0  1267  -3209.08  0  0  -3209.08  0  -3209.08  544.556  0  0  544.556  0  544.556
3.8019e+13  0  1267.3  -3207.6  0  0  -3207.6  0  -3207.6  544.176  0  0  544.176  0  544.176
3.8028e+13  0  1267.6  -3206.13  0  0  -3206.13  0  -3206.13  543.797  0  0  543.797  0  543.797
3.8037e+13  0  1267.9  -3204.65  0  0  -3204.65  0  -3204.65  543.419  0  0  543.419  0  543.419
3.8046e+13  0  1268.2  -3203.18  0  0  -3203.18  0  -3203.18  543.04  0  0  543.04  0  543.04
3.8055e+13  0  1268.5  -3201.71  0  0  -3201.71  0  -3201.71  542.662  0  0  542.662  0  542.662
3.8064e+13  0  1268.8  -3200.23  0  0  -3200.23  0  -3200.23  542.284  0  0  542.284  0  542.284
3.8073e+13  0  1269.1  -3198.76  0  0  -3198.76  0  -3198.76  541.907  0  0  541.907  0  541.907
3.8082e+13  0  1269.4  -3197.29  0  0  -3197.29  0  -3197.29  541.53  0  0  541.53  0  541.53
3.8091e+13  0  1269.7  -3195.83  0  0  -3195.83  0  -3195.83  541.154  0  0  541.154  0  541.154
3.81e+13  0  1270  -3194.36  0  0  -3194.36  0  -3194.36  540.777  0  0  540.777  0  540.777
3.8109e+13  0  1270.3  -3192.89  0  0  -3192.89  0  -3192.89  540.401  0  0  540.401  0  540.401
3.8118e+13  0  1270.6  -3191.43  0  0  -3191.43  0  -3191.43  540.026  0  0  540.026  0  540.026
3.8127e+13  0  1270.9  -3189.96  0  0  -3189.96  0  -3189.96  539.65  0  0  539.65  0  539.65
3.8136e+13  0  1271.2  -3188.5  0  0  -3188.5  0  -3188.5  539.276  0  0  539.276  0  539.276
3.8145e+13  0  1271.5  -3187.04  0  0  -3187.04  0  -3187.04  538.901  0  0  538.901  0  538.901
3.8154e+13  0  1271.8  -3185.57  0  0  -3185.57  0  -3185.57  538.527  0  0  538.527  0  538.527
3.8163e+13  0  1272.1  -3184.11  0  0  -3184.11  0  -3184.11  538.153  0  0  538.153  0  538.153
3.8172e+13  0  1272.4  -3182.65  0  0  -3182.65  0  -3182.65  537.779  0  0  537.779  0  537.779
3.8181e+13  0  1272.7  -3181.2  0  0  -3181.2  0  -3181.2  537.406  0  0  537.406  0  537.406
3.819e+13  0  1273  -3179.74  0  0  -3179.74  0  -3179.74  537.033  0  0  537.033  0  537.033
3.8199e+13  0  1273.3  -3178.28  0  0  -3178.28  0  -3178.28  536.661  0  0  536.661  0  536.661
3.8208e+13  0  1273.6  -3176.83  0  0  -3176.83  0  -3176.83  536.289  0  0  536.289  0  536.289
3.8217e+13  0  1273.9  -3175.37  0  0  -3175.37  0  -3175.37  535.917  0  0  535.917  0  535.917
3.8226e+13  0  1274.2  -3173.92  0  0  -3173.92  0  -3173.92  535.546  0  0  535.546  0  535.546
3.8235e+13  0  1274.5  -3172.46  0  0  -3172.46  0  -3172.46  535.174  0  0  535.174  0  535.174
3.8244e+13  0  1274.8  -3171.01  0  0  -3171.01  0  -3171.01  534.804  0  0  534.804  0  534.804
3.8253e+13  0  1275.1  -3169.56  0  0  -3169.56  0  -3169.56  534.433  0  0  534.433  0  534.433
3.8262e+13  0  1275.4  -3168.11  0  0  -3168.11  0  -3168.11  534.063  0  0  534.063  0  534.063
3.8271e+13  0  1275.7  -3166.66  0  0  -3166.66  0  -3166.66  533.693  0  0  533.693  0  533.693
3.828e+13  0  1276  -3165.22  0  0  -3165.22  0  -3165.22  533.324  0  0  533.324  0  533.324
3.8289e+13  0  1276.3  -3163.77  0  0  -3163.77  0  -3163.77  532.955  0  0  532.955  0  532.955
3.8298e+13  0  1276.6  -3162.32  0  0  -3162.32  0  -3162.32  532.586  0  0  532.586  0  532.586
3.8307e+13  0  1276.9  -3160.88  0  0  -3160.88  0  -3160.88  532.218  0  0  532.218  0  532.218
3.8316e+13  0  1277.2  -3159.43  0  0  -3159.43  0  -3159.43  531.85  0  0  531.85  0  531.85
3.8325e+13  0  1277.5  -3157.99  0  0  -3157.99  0  -3157.99  531.482  0  0  531.482  0  531.482
3.8334e+13  0  1277.8  -3156.55  0  0  -3156.55  0  -3156.55  531.115  0  0  531.115  0  531.115
3.8343e+13  0  1278.1  -3155.11  0  0  -3155.11  0  -3155.11  530.747  0  0  530.747  0  530.747
3.8352e+13  0  1278.4  -3153.67  0  0  -3153.67  0  -3153.67  530.381  0  0  530.381  0  530.381
3.8361e+13  0  1278.7  -3152.23  0  0  -3152.23  0  -3152.23  530.014  0  0  530.014  0  530.014
3.837e+13  0  1279  -3150.79  0  0  -3150.79  0  -3150.79  529.648  0  0  529.648  0  529.648
3.8379e+13  0  1279.3  -3149.35  0  0  -3149.35  0  -3149.35  529.283  0  0  529.283  0  529.283
3.8388e+13  0  1279.6  -3147.92  0  0  -3147.92  0  -3147.92  528.917  0  0  528.917  0  528.917
3.8397e+13  0  1279.9  -3146.48  0  0  -3146.48  0  -3146.48  528.552  0  0  528.552  0  528.552
3.8406e+13  0  1280.2  -3145.05  0  0  -3145.05  0  -3145.05  528.188  0  0  528.188  0  528.188
3.8415e+13  0  1280.5  -3143.62  0  0  -3143.62  0  -3143.62  527.823  0  0  527.823  0  527.823
3.8424e+13  0  1280.8  -3142.18  0  0  -3142.18  0  -3142.18  527.459  0  0  527.459  0  527.459
3.8433e+13  0  1281.1  -3140.75  0  0  -3140.75  0  -3140.75  527.095  0  0  527.095  0  527.095
3.8442e+13  0  1281.4  -3139.32  0  0  -3139.32  0  -3139.32  526.732  0  0  526.732  0  526.732
3.8451e+13  0  1281.7  -3137.89  0  0  -3137.89  0  -3137.89  526.369  0  0  526.369  0  526.369
3.846e+13  0  1282  -3136.47  0  0  -3136.47  0  -3136.47  526.006  0  0  526.006  0  526.006
3.8469e+13  0  1282.3  -3135.04  0  0  -3135.04  0  -3135.04  525.644  0  0  525.644  0  525.644
3.8478e+13  0  1282.6  -3133.61  0  0  -3133.61  0  -3133.61  525.282  0  0  525.282  0  525.282
3.8487e+13  0  1282.9  -3132.19  0  0  -3132.19  0  -3132.19  524.92  0  0  524.92  0  524.92
3.8496e+13  0  1283.2  -3130.76  0  0  -3130.76  0  -3130.76  524.559  0  0  524.559  0  524.559
3.8505e+13  0  1283.5  -3129.34  0  0  -3129.34  0  -3129.34  524.198  0  0  524.198  0  524.198
3.8514e+13  0  1283.8  -3127.92  0  0  -3127.92  0  -3127.92  523.837  0  0  523.837  0  523.837
3.8523e+13  0  1284.1  -3126.5  0  0  -3126.5  0  -3126.5  523.477  0  0  523.477  0  523.477
3.8532e+13  0  1284.4  -3125.07  0  0  -3125.07  0  -3125.07  523.117  0  0  523.117  0  523.117
3.8541e+13  0  1284.7  -3123.65  0  0  -3123.65  0  -3123.65  522.757  0  0  522.757  0  522.757
3.855e+13  0  1285  -3122.24  0  0  -3122.24  0  -3122.24  522.398  0  0  522.398  0  522.398
3.8559e+13  0  1285.3  -3120.82  0  0  -3120.82  0  -3120.82  522.038  0  0  522.038  0  522.038
3.8568e+13  0  1285.6  -3119.4  0  0  -3119.4  0  -3119.4  521.68  0  0  521.68  0  521.68
3.8577e+13  0  1285.9  -3117.99  0  0  -3117.99  0  -3117.99  521.321  0  0  521.321  0  521.321
3.8586e+13  0  1286.2  -3116.57  0  0  -3116.57  0  -3116.57  520.963  0  0  520.963  0  520.963
3.8595e+13  0  1286.5  -3115.16  0  0  -3115.16  0  -3115.16  520.605  0  0  520.605  0  520.605
3.8604e+13  0  1286.8  -3113.74  0  0  -3113.74  0  -3113.74  520.248  0  0  520.248  0  520.248
3.8613e+13  0  1287.1  -3112.33  0  0  -3112.33  0  -3112.33  519.891  0  0  519.891  0  519.891
3.8622e+13  0  1287.4  -3110.92  0  0  -3110.92  0  -3110.92  519.534  0  0  519.534  0  519.534
3.8631e+13  0  1287.7  -3109.51  0  0  -3109.51  0  -3109.51  519.178  0  0  519.178  0  519.178
3.864e+13  0  1288  -3108.1  0  0  -3108.1  0  -3108.1  518.821  0  0  518.821  0  518.821
3.8649e+13  0  1288.3  -3106.69  0  0  -3106.69  0  -3106.69  518.466  0  0  518.466  0  518.466
3.8658e+13  0  1288.6  -3105.29  0  0  -3105.29  0  -3105.29  518.11  0  0  518.11  0  518.11
3.8667e+13  0  1288.9  -3103.88  0  0  -3103.88  0  -3103.88  517.755  0  0  517.755  0  517.755
3.8676e+13  0  1289.2  -3102.48  0  0  -3102.48  0  -3102.48  517.4  0  0  517.4  0  517.4
3.8685e+13  0  1289.5  -3101.07  0  0  -3101.07  0  -3101.07  517.046  0  0  517.046  0  517.046
3.8694e+13  0  1289.8  -3099.67  0  0  -3099.67  0  -3099.67  516.691  0  0  516.691  0  516.691
3.8703e+13  0  1290.1  -3098.27  0  0  -3098.27  0  -3098.27  516.338  0  0  516.338  0  516.338
3.8712e+13  0  1290.4  -3096.86  0  0  -3096.86  0  -3096.86  515.984  0  0  515.984  0  515.984
3.8721e+13  0  1290.7  -3095.46  0  0  -3095.46  0  -3095.46  515.631  0  0  515.631  0  515.631
3.873e+13  0  1291  -3094.06  0  0  -3094.06  0  -3094.06  515.278  0  0  515.278  0  515.278
3.8739e+13  0  1291.3  -3092.66  0  0  -3092.66  0  -3092.66  514.925  0  0  514.925  0  514.925
3.8748e+13  0  1291.6  -3091.27  0  0  -3091.27  0  -3091.27  514.573  0  0  514.573  0  514.573
3.8757e+13  0  1291.9  -3089.87  0  0  -3089.87  0  -3089.87  514.221  0  0  514.221  0  514.221
3.8766e+13  0  1292.2  -3088.47  0  0  -3088.47  0  -3088.47  513.869  0  0  513.869  0  513.869
3.8775e+13  0  1292.5  -3087.08  0  0  -3087.08  0  -3087.08  513.518  0  0  513.518  0  513.518
3.8784e+13  0  1292.8  -3085.69  0  0  -3085.69  0  -3085.69  513.167  0  0  513.167  0  513.167
3.8793e+13  0  1293.1  -3084.29  0  0  -3084.29  0  -3084.29  512.816  0  0  512.816  0  512.816
3.8802e+13  0  1293.4  -3082.9  0  0  -3082.9  0  -3082.9  512.466  0  0  512.466  0  512.466
3.8811e+13  0  1293.7  -3081.51  0  0  -3081.51  0  -3081.51  512.116  0  0  512.116  0  512.116
3.882e+13  0  1294  -3080.12  0  0  -3080.12  0  -3080.12  511.766  0  0  511.766  0  511.766
3.8829e+13  0  1294.3  -3078.73  0  0  -3078.73  0  -3078.73  511.417  0  0  511.417  0  511.417
3.8838e+13  0  1294.6  -3077.34  0  0  -3077.34  0  -3077.34  511.068  0  0  511.068  0  511.068
3.8847e+13  0  1294.9  -3075.95  0  0  -3075.95  0  -3075.95  510.719  0  0  510.719  0  510.719
3.8856e+13  0  1295.2  -3074.57  0  0  -3074.57  0  -3074.57  510.37  0  0  510.37  0  510.37
3.8865e+13  0  1295.5  -3073.18  0  0  -3073.18  0  -3073.18  510.022  0  0  510.022  0  510.022
3.8874e+13  0  1295.8  -3071.8  0  0  -3071.8  0  -3071.8  509.675  0  0  509.675  0  509.675
3.8883e+13  0  1296.1  -3070.41  0  0  -3070.41  0  -3070.41  509.327  0  0  509.327  0  509.327
3.8892e+13  0  1296.4  -3069.03  0  0  -3069.03  0  -3069.03  508.98  0  0  508.98  0  508.98
3.8901e+13  0  1296.7  -3067.65  0  0  -3067.65  0  -3067.65  508.633  0  0  508.633  0  508.633
3.891e+13  0  1297  -3066.27  0  0  -3066.27  0  -3066.27  508.286  0  0  508.286  0  508.286
3.8919e+13  0  1297.3  -3064.89  0  0  -3064.89  0  -3064.89  507.94  0  0  507.94  0  507.94
3.8928e+13  0  1297.6  -3063.51  0  0  -3063.51  0  -3063.51  507.594  0  0  507.594  0  507.594
3.8937e+13  0  1297.9  -3062.13  0  0  -3062.13  0  -3062.13  507.249  0  0  507.249  0  507.249
3.8946e+13  0  1298.2  -3060.75  0  0  -3060.75  0  -3060.75  506.903  0  0  506.903  0  506.903
3.8955e+13  0  1298.5  -3059.38  0  0  -3059.38  0  -3059.38  506.558  0  0  506.558  0  506.558
3.8964e+13  0  1298.8  -3058  0  0  -3058  0  -3058  506.213  0  0  506.213  0  506.213
3.8973e+13  0  1299.1  -3056.63  0  0  -3056.63  0  -3056.63  505.869  0  0  505.869  0  505.869
3.8982e+13  0  1299.4  -3055.25  0  0  -3055.25  0  -3055.25  505.525  0  0  505.525  0  505.525
3.8991e+13  0  1299.7  -3053.88  0  0  -3053.88  0  -3053.88  505.181  0  0  505.181  0  505.181
3.9e+13  0  1300  -3052.51  0  0  -3052.51  0  -3052.51  504.838  0  0  504.838  0  504.838
3.9009e+13  0  1300.3  -3051.14  0  0  -3051.14  0  -3051.14  504.495  0  0  504.495  0  504.495
3.9018e+13  0  1300.6  -3049.77  0  0  -3049.77  0  -3049.77  504.152  0  0  504.152  0  504.152
3.9027e+13  0  1300.9  -3048.4  0  0  -3048.4  0  -3048.4  503.809  0  0  503.809  0  503.809
3.9036e+13  0  1301.2  -3047.03  0  0  -3047.03  0  -3047.03  503.467  0  0  503.467  0  503.467
3.9045e+13  0  1301.5  -3045.66  0  0  -3045.66  0  -3045.66  503.125  0  0  503.125  0  503.125
3.9054e+13  0  1301.8  -3044.3  0  0  -3044.3  0  -3044.3  502.784  0  0  502.784  0  502.784
3.9063e+13  0  1302.1  -3042.93  0  0  -3042.93  0  -3042.93  502.442  0  0  502.442  0  502.442
3.9072e+13  0  1302.4  -3041.57  0  0  -3041.57  0  -3041.57  502.101  0  0  502.101  0  502.101
3.9081e+13  0  1302.7  -3040.2  0  0  -3040.2  0  -3040.2  501.761  0  0  501.761  0  501.761
3.909e+13  0  1303  -3038.84  0  0  -3038.84  0  -3038.84  501.42  0  0  501.42  0  501.42
3.9099e+13  0  1303.3  -3037.48  0  0  -3037.48  0  -3037.48  501.08  0  0  501.08  0  501.08
3.9108e+13  0  1303.6  -3036.12  0  0  -3036.12  0  -3036.12  500.74  0  0  500.74  0  500.74
3.9117e+13  0  1303.9  -3034.76  0  0  -3034.76  0  -3034.76  500.401  0  0  500.401  0  500.401
3.9126e+13  0  1304.2  -3033.4  0  0  -3033.4  0  -3033.4  500.062  0  0  500.062  0  500.062
3.9135e+13  0  1304.5  -3032.04  0  0  -3032.04  0  -3032.04  499.723  0  0  499.723  0  499.723
3.9144e+13  0  1304.8  -3030.68  0  0  -3030.68  0  -3030.68  499.384  0  0  499.384  0  499.384
3.9153e+13  0  1305.1  -3029.33  0  0  -3029.33  0  -3029.33  499.046  0  0  499.046  0  499.046
3.9162e+13  0  1305.4  -3027.97  0  0  -3027.97  0  -3027.97  498.708  0  0  498.708  0  498.708
3.9171e+13  0  1305.7  -3026.62  0  0  -3026.62  0  -3026.62  498.371  0  0  498.371  0  498.371
3.918e+13  0  1306  -3025.26  0  0  -3025.26  0  -3025.26  498.033  0  0  498.033  0  498.033
3.9189e+13  0  1306.3  -3023.91  0  0  -3023.91  0  -3023.91  497.696  0  0  497.696  0  497.696
3.9198e+13  0  1306.6  -3022.56  0  0  -3022.56  0  -3022.56  497.36  0  0  497.36  0  497.36
3.9207e+13  0  1306.9  -3021.21  0  0  -3021.21  0  -3021.21  497.023  0  0  497.023  0  497.023
3.9216e+13  0  1307.2  -3019.86  0  0  -3019.86  0  -3019.86  496.687  0  0  496.687  0  496.687
3.9225e+13  0  1307.5  -3018.51  0  0  -3018.51  0  -3018.51  496.351  0  0  496.351  0  496.351
3.9234e+13  0  1307.8  -3017.16  0  0  -3017.16  0  -3017.16  496.016  0  0  496.016  0  496.016
3.9243e+13  0  1308.1  -3015.81  0  0  -3015.81  0  -3015.81  495.681  0  0  495.681  0  495.681
3.9252e+13  0  1308.4  -3014.47  0  0  -3014.47  0  -3014.47  495.346  0  0  495.346  0  495.346
3.9261e+13  0  1308.7  -3013.12  0  0  -3013.12  0  -3013.12  495.011  0  0  495.011  0  495.011
3.927e+13  0  1309  -3011.78  0  0  -3011.78  0  -3011.78  494.677  0  0  494.677  0  494.677
3.9279e+13  0  1309.3  -3010.43  0  0  -3010.43  0  -3010.43  494.343  0  0  494.343  0  494.343
3.9288e+13  0  1309.6  -3009.09  0  0  -3009.09  0  -3009.09  494.009  0  0  494.009  0  494.009
3.9297e+13  0  1309.9  -3007.75  0  0  -3007.75  0  -3007.75  493.676  0  0  493.676  0  493.676
3.9306e+13  0  1310.2  -3006.41  0  0  -3006.41  0  -3006.41  493.342  0  0  493.342  0  493.342
3.9315e+13  0  1310.5  -3005.07  0  0  -3005.07  0  -3005.07  493.01  0  0  493.01  0  493.01
3.9324e+13  0  1310.8  -3003.73  0  0  -3003.73  0  -3003.73  492.677  0  0  492.677  0  492.677
3.9333e+13  0  1311.1  -3002.39  0  0  -3002.39  0  -3002.39  492.345  0  0  492.345  0  492.345
3.9342e+13  0  1311.4  -3001.05  0  0  -3001.05  0  -3001.05  492.013  0  0  492.013  0  492.013
3.9351e+13  0  1311.7  -2999.71  0  0  -2999.71  0  -2999.71  491.681  0  0  491.681  0  491.681
3.936e+13  0  1312  -2998.38  0  0  -2998.38  0  -2998.38  491.35  0  0  491.35  0  491.35
3.9369e+13  0  1312.3  -2997.04  0  0  -2997.04  0  -2997.04  491.019  0  0  491.019  0  491.019
3.9378e+13  0  1312.6  -2995.71  0  0  -2995.71  0  -2995.71  490.688  0  0  490.688  0  490.688
3.9387e+13  0  1312.9  -2994.38  0  0  -2994.38  0  -2994.38  490.358  0  0  490.358  0  490.358
3.9396e+13  0  1313.2  -2993.04  0  0  -2993.04  0  -2993.04  490.028  0  0  490.028  0  490.028
3.9405e+13  0  1313.5  -2991.71  0  0  -2991.71  0  -2991.71  489.698  0  0  489.698  0  489.698
3.9414e+13  0  1313.8  -2990.38  0  0  -2990.38  0  -2990.38  489.368  0  0  489.368  0  489.368
3.9423e+13  0  1314.1  -2989.05  0  0  -2989.05  0  -2989.05  489.039  0  0  489.039  0  489.039
3.9432e+13  0  1314.4  -2987.72  0  0  -2987.72  0  -2987.72  488.71  0  0  488.71  0  488.71
3.9441e+13  0  1314.7  -2986.4  0  0  -2986.4  0  -2986.4  488.381  0  0  488.381  0  488.381
3.945e+13  0  1315  -2985.07  0  0  -2985.07  0  -2985.07  488.053  0  0  488.053  0  488.053
3.9459e+13  0  1315.3  -2983.74  0  0  -2983.74  0  -2983.74  487.725  0  0  487.725  0  487.725
3.9468e+13  0  1315.6  -2982.42  0  0  -2982.42  0  -2982.42  487.397  0  0  487.397  0  487.397
3.9477e+13  0  1315.9  -2981.09  0  0  -2981.09  0  -2981.09  487.07  0  0  487.07  0  487.07
3.9486e+13  0  1316.2  -2979.77  0  0  -2979.77  0  -2979.77  486.742  0  0  486.742  0  486.742
3.9495e+13  0  1316.5  -2978.45  0  0  -2978.45  0  -2978.45  486.416  0  0  486.416  0  486.416
3.9504e+13  0  1316.8  -2977.13  0  0  -2977.13  0  -2977.13  486.089  0  0  486.089  0  486.089
3.9513e+13  0  1317.1  -2975.8  0  0  -2975.8  0  -2975.8  485.763  0  0  485.763  0  485.763
3.9522e+13  0  1317.4  -2974.48  0  0  -2974.48  0  -2974.48  485.437  0  0  485.437  0  485.437
3.9531e+13  0  1317.7  -2973.17  0  0  -2973.17  0  -2973.17  485.111  0  0  485.111  0  485.111
3.954e+13  0  1318  -2971.85  0  0  -2971.85  0  -2971.85  484.785  0  0  484.785  0  484.785
3.9549e+13  0  1318.3  -2970.53  0  0  -2970.53  0  -2970.53  484.46  0  0  484.46  0  484.46
3.9558e+13  0  1318.6  -2969.21  0  0  -2969.21  0  -2969.21  484.135  0  0  484.135  0  484.135
3.9567e+13  0  1318.9  -2967.9  0  0  -2967.9  0  -2967.9  483.811  0  0  483.811  0  483.811
3.9576e+13  0  1319.2  -2966.58  0  0  -2966.58  0  -2966.58  483.486  0  0  483.486  0  483.486
3.9585e+13  0  1319.5  -2965.27  0  0  -2965.27  0  -2965.27  483.162  0  0  483.162  0  483.162
3.9594e+13  0  1319.8  -2963.96  0  0  -2963.96  0  -2963.96  482.839  0  0  482.839  0  482.839
3.9603e+13  0  1320.1  -2962.64  0  0  -2962.64  0  -2962.64  482.515  0  0  482.515  0  482.515
3.9612e+13  0  1320.4  -2961.33  0  0  -2961.33  0  -2961.33  482.192  0  0  482.192  0  482.192
3.9621e+13  0  1320.7  -2960.02  0  0  -2960.02  0  -2960.02  481.869  0  0  481.869  0  481.869
3.963e+13  0  1321  -2958.71  0  0  -2958.71  0  -2958.71  481.547  0  0  481.547  0  481.547
3.9639e+13  0  1321.3  -2957.4  0  0  -2957.4  0  -2957.4  481.224  0  0  481.224  0  481.224
3.9648e+13  0  1321.6  -2956.1  0  0  -2956.1  0  -2956.1  480.902  0  0  480.902  0  480.902
3.9657e+13  0  1321.9  -2954.79  0  0  -2954.79  0  -2954.79  480.581  0  0  480.581  0  480.581
3.9666e+13  0  1322.2  -2953.48  0  0  -2953.48  0  -2953.48  480.259  0  0  480.259  0  480.259
3.9675e+13  0  1322.5  -2952.18  0  0  -2952.18  0  -2952.18  479.938  0  0  479.938  0  479.938
3.9684e+13  0  1322.8  -2950.87  0  0  -2950.87  0  -2950.87  479.617  0  0  479.617  0  479.617
3.9693e+13  0  1323.1  -2949.57  0  0  -2949.57  0  -2949.57  479.297  0  0  479.297  0  479.297
3.9702e+13  0  1323.4  -2948.27  0  0  -2948.27  0  -2948.27  478.976  0  0  478.976  0  478.976
3.9711e+13  0  1323.7  -2946.96  0  0  -2946.96  0  -2946.96  478.656  0  0  478.656  0  478.656
3.972e+13  0  1324  -2945.66  0  0  -2945.66  0  -2945.66  478.337  0  0  478.337  0  478.337
3.9729e+13  0  1324.3  -2944.36  0  0  -2944.36  0  -2944.36  478.017  0  0  478.017  0  478.017
3.9738e+13  0  1324.6  -2943.06  0  0  -2943.06  0  -2943.06  477.698  0  0  477.698  0  477.698
3.9747e+13  0  1324.9  -2941.77  0  0  -2941.77  0  -2941.77  477.379  0  0  477.379  0  477.379
3.9756e+13  0  1325.2  -2940.47  0  0  -2940.47  0  -2940.47  477.06  0  0  477.06  0  477.06
3.9765e+13  0  1325.5  -2939.17  0  0  -2939.17  0  -2939.17  476.742  0  0  476.742  0  476.742
3.9774e+13  0  1325.8  -2937.87  0  0  -2937.87  0  -2937.87  476.424  0  0  476.424  0  476.424
3.9783e+13  0  1326.1  -2936.58  0  0  -2936.58  0  -2936.58  476.106  0  0  476.106  0  476.106
3.9792e+13  0  1326.4  -2935.29  0  0  -2935.29  0  -2935.29  475.789  0  0  475.789  0  475.789
3.9801e+13  0  1326.7  -2933.99  0  0  -2933.99  0  -2933.99  475.472  0  0  475.472  0  475.472
3.981e+13  0  1327  -2932.7  0  0  -2932.7  0  -2932.7  475.155  0  0  475.155  0  475.155
3.9819e+13  0  1327.3  -2931.41  0  0  -2931.41  0  -2931.41  474.838  0  0  474.838  0  474.838
3.9828e+13  0  1327.6  -2930.12  0  0  -2930.12  0  -2930.12  474.522  0  0  474.522  0  474.522
3.9837e+13  0  1327.9  -2928.83  0  0  -2928.83  0  -2928.83  474.206  0  0  474.206  0  474.206
3.9846e+13  0  1328.2  -2927.54  0  0  -2927.54  0  -2927.54  473.89  0  0  473.89  0  473.89
3.9855e+13  0  1328.5  -2926.25  0  0  -2926.25  0  -2926.25  473.574  0  0  473.574  0  473.574
3.9864e+13  0  1328.8  -2924.96  0  0  -2924.96  0  -2924.96  473.259  0  0  473.259  0  473.259
3.9873e+13  0  1329.1  -2923.68  0  0  -2923.68  0  -2923.68  472.944  0  0  472.944  0  472.944
3.9882e+13  0  1329.4  -2922.39  0  0  -2922.39  0  -2922.39  472.63  0  0  472.63  0  472.63
3.9891e+13  0  1329.7  -2921.11  0  0  -2921.11  0  -2921.11  472.315  0  0  472.315  0  472.315
3.99e+13  0  1330  -2919.82  0  0  -2919.82  0  -2919.82  472.001  0  0  472.001  0  472.001
3.9909e+13  0  1330.3  -2918.54  0  0  -2918.54  0  -2918.54  471.687  0  0  471.687  0  471.687
3.9918e+13  0  1330.6  -2917.26  0  0  -2917.26  0  -2917.26  471.374  0  0  471.374  0  471.374
3.9927e+13  0  1330.9  -2915.97  0  0  -2915.97  0  -2915.97  471.06  0  0  471.06  0  471.06
3.9936e+13  0  1331.2  -2914.69  0  0  -2914.69  0  -2914.69  470.747  0  0  470.747  0  470.747
3.9945e+13  0  1331.5  -2913.41  0  0  -2913.41  0  -2913.41  470.435  0  0  470.435  0  470.435
3.9954e+13  0  1331.8  -2912.13  0  0  -2912.13  0  -2912.13  470.122  0  0  470.122  0  470.122
3.9963e+13  0  1332.1  -2910.86  0  0  -2910.86  0  -2910.86  469.81  0  0  469.81  0  469.81
3.9972e+13  0  1332.4  -2909.58  0  0  -2909.58  0  -2909.58  469.498  0  0  469.498  0  469.498
3.9981e+13  0  1332.7  -2908.3  0  0  -2908.3  0  -2908.3  469.187  0  0  469.187  0  469.187
3.999e+13  0  1333  -2907.03  0  0  -2907.03  0  -2907.03  468.875  0  0  468.875  0  468.875
3.9999e+13  0  1333.3  -2905.75  0  0  -2905.75  0  -2905.75  468.564  0  0  468.564  0  468.564
4.0008e+13  0  1333.6  -2904.48  0  0  -2904.48  0  -2904.48  468.253  0  0  468.253  0  468.253
4.0017e+13  0  1333.9  -2903.2  0  0  -2903.2  0  -2903.2  467.943  0  0  467.943  0  467.943
4.0026e+13  0  1334.2  -2901.93  0  0  -2901.93  0  -2901.93  467.632  0  0  467.632  0  467.632
4.0035e+13  0  1334.5  -2900.66  0  0  -2900.66  0  -2900.66  467.323  0  0  467.323  0  467.323
4.0044e+13  0  1334.8  -2899.39  0  0  -2899.39  0  -2899.39  467.013  0  0  467.013  0  467.013
4.0053e+13  0  1335.1  -2898.12  0  0  -2898.12  0  -2898.12  466.703  0  0  466.703  0  466.703
4.0062e+13  0  1335.4  -2896.85  0  0  -2896.85  0  -2896.85  466.394  0  0  466.394  0  466.394
4.0071e+13  0  1335.7  -2895.58  0  0  -2895.58  0  -2895.58  466.085  0  0  466.085  0  466.085
4.008e+13  0  1336  -2894.31  0  0  -2894.31  0  -2894.31  465.777  0  0  465.777  0  465.777
4.0089e+13  0  1336.3  -2893.05  0  0  -2893.05  0  -2893.05  465.468  0  0  465.468  0  465.468
4.0098e+13  0  1336.6  -2891.78  0  0  -2891.78  0  -2891.78  465.16  0  0  465.16  0  465.16
4.0107e+13  0  1336.9  -2890.52  0  0  -2890.52  0  -2890.52  464.852  0  0  464.852  0  464.852
4.0116e+13  0  1337.2  -2889.25  0  0  -2889.25  0  -2889.25  464.545  0  0  464.545  0  464.545
4.0125e+13  0  1337.5  -2887.99  0  0  -2887.99  0  -2887.99  464.238  0  0  464.238  0  464.238
4.0134e+13  0  1337.8  -2886.73  0  0  -2886.73  0  -2886.73  463.931  0  0  463.931  0  463.931
4.0143e+13  0  1338.1  -2885.47  0  0  -2885.47  0  -2885.47  463.624  0  0  463.624  0  463.624
4.0152e+13  0  1338.4  -2884.2  0  0  -2884.2  0  -2884.2  463.317  0  0  463.317  0  463.317
4.0161e+13  0  1338.7  -2882.94  0  0  -2882.94  0  -2882.94  463.011  0  0  463.011  0  463.011
4.017e+13  0  1339  -2881.69  0  0  -2881.69  0  -2881.69  462.705  0  0  462.705  0  462.705
4.0179e+13  0  1339.3  -2880.43  0  0  -2880.43  0  -2880.43  462.4  0  0  462.4  0  462.4
4.0188e+13  0  1339.6  -2879.17  0  0  -2879.17  0  -2879.17  462.094  0  0  462.094  0  462.094
4.0197e+13  0  1339.9  -2877.91  0  0  -2877.91  0  -2877.91  461.789  0  0  461.789  0  461.789
4.0206e+13  0  1340.2  -2876.66  0  0  -2876.66  0  -2876.66  461.484  0  0  461.484  0  461.484
4.0215e+13  0  1340.5  -2875.4  0  0  -2875.4  0  -2875.4  461.18  0  0  461.18  0  461.18
4.0224e+13  0  1340.8  -2874.15  0  0  -2874.15  0  -2874.15  460.875  0  0  460.875  0  460.875
4.0233e+13  0  1341.1  -2872.89  0  0  -2872.89  0  -2872.89  460.571  0  0  460.571  0  460.571
4.0242e+13  0  1341.4  -2871.64  0  0  -2871.64  0  -2871.64  460.267  0  0  460.267  0  460.267
4.0251e+13  0  1341.7  -2870.39  0  0  -2870.39  0  -2870.39  459.964  0  0  459.964  0  459.964
4.026e+13  0  1342  -2869.14  0  0  -2869.14  0  -2869.14  459.661  0  0  459.661  0  459.661
4.0269e+13  0  1342.3  -2867.89  0  0  -2867.89  0  -2867.89  459.358  0  0  459.358  0  459.358
4.0278e+13  0  1342.6  -2866.64  0  0  -2866.64  0  -2866.64  459.055  0  0  459.055  0  459.055
4.0287e+13  0  1342.9  -2865.39  0  0  -2865.39  0  -2865.39  458.753  0  0  458.753  0  458.753
4.0296e+13  0  1343.2  -2864.14  0  0  -2864.14  0  -2864.14  458.45  0  0  458.45  0  458.45
4.0305e+13  0  1343.5  -2862.89  0  0  -2862.89  0  -2862.89  458.148  0  0  458.148  0  458.148
4.0314e+13  0  1343.8  -2861.65  0  0  -2861.65  0  -2861.65  457.847  0  0  457.847  0  457.847
4.0323e+13  0  1344.1  -2860.4  0  0  -2860.4  0  -2860.4  457.545  0  0  457.545  0  457.545
4.0332e+13  0  1344.4  -2859.16  0  0  -2859.16  0  -2859.16  457.244  0  0  457.244  0  457.244
4.0341e+13  0  1344.7  -2857.91  0  0  -2857.91  0  -2857.91  456.943  0  0  456.943  0  456.943
4.035e+13  0  1345  -2856.67  0  0  -2856.67  0  -2856.67  456.643  0  0  456.643  0  456.643
4.0359e+13  0  1345.3  -2855.43  0  0  -2855.43  0  -2855.43  456.342  0  0  456.342  0  456.342
4.0368e+13  0  1345.6  -2854.19  0  0  -2854.19  0  -2854.19  456.042  0  0  456.042  0  456.042
4.0377e+13  0  1345.9  -2852.95  0  0  -2852.95  0  -2852.95  455.742  0  0  455.742  0  455.742
4.0386e+13  0  1346.2  -2851.71  0  0  -2851.71  0  -2851.71  455.443  0  0  455.443  0  455.443
4.0395e+13  0  1346.5  -2850.47  0  0  -2850.47  0  -2850.47  455.144  0  0  455.144  0  455.144
4.0404e+13  0  1346.8  -2849.23  0  0  -2849.23  0  -2849.23  454.844  0  0  454.844  0  454.844
4.0413e+13  0  1347.1  -2847.99  0  0  -2847.99  0  -2847.99  454.546  0  0  454.546  0  454.546
4.0422e+13  0  1347.4  -2846.76  0  0  -2846.76  0  -2846.76  454.247  0  0  454.247  0  454.247
4.0431e+13  0  1347.7  -2845.52  0  0  -2845.52  0  -2845.52  453.949  0  0  453.949  0  453.949
4.044e+13  0  1348  -2844.29  0  0  -2844.29  0  -2844.29  453.651  0  0  453.651  0  453.651
4.0449e+13  0  1348.3  -2843.05  0  0  -2843.05  0  -2843.05  453.353  0  0  453.353  0  453.353
4.0458e+13  0  1348.6  -2841.82  0  0  -2841.82  0  -2841.82  453.056  0  0  453.056  0  453.056
4.0467e+13  0  1348.9  -2840.59  0  0  -2840.59  0  -2840.59  452.758  0  0  452.758  0  452.758
4.0476e+13  0  1349.2  -2839.35  0  0  -2839.35  0  -2839.35  452.461  0  0  452.461  0  452.461
4.0485e+13  0  1349.5  -2838.12  0  0  -2838.12  0  -2838.12  452.165  0  0  452.165  0  452.165
4.0494e+13  0  1349.8  -2836.89  0  0  -2836.89  0  -2836.89  451.868  0  0  451.868  0  451.868
4.0503e+13  0  1350.1  -2835.66  0  0  -2835.66  0  -2835.66  451.572  0  0  451.572  0  451.572
4.0512e+13  0  1350.4  -2834.43  0  0  -2834.43  0  -2834.43  451.276  0  0  451.276  0  451.276
4.0521e+13  0  1350.7  -2833.21  0  0  -2833.21  0  -2833.21  450.981  0  0  450.981  0  450.981
4.053e+13  0  1351  -2831.98  0  0  -2831.98  0  -2831.98  450.685  0  0  450.685  0  450.685
4.0539e+13  0  1351.3  -2830.75  0  0  -2830.75  0  -2830.75  450.39  0  0  450.39  0  450.39
4.0548e+13  0  1351.6  -2829.53  0  0  -2829.53  0  -2829.53  450.095  0  0  450.095  0  450.095
4.0557e+13  0  1351.9  -2828.3  0  0  -2828.3  0  -2828.3  449.8  0  0  449.8  0  449.8
4.0566e+13  0  1352.2  -2827.08  0  0  -2827.08  0  -2827.08  449.506  0  0  449.506  0  449.506
4.0575e+13  0  1352.5  -2825.86  0  0  -2825.86  0  -2825.86  449.212  0  0  449.212  0  449.212
4.0584e+13  0  1352.8  -2824.63  0  0  -2824.63  0  -2824.63  448.918  0  0  448.918  0  448.918
4.0593e+13  0  1353.1  -2823.41  0  0  -2823.41  0  -2823.41  448.624  0  0  448.624  0  448.624
4.0602e+13  0  1353.4  -2822.19  0  0  -2822.19  0  -2822.19  448.331  0  0  448.331  0  448.331
4.0611e+13  0  1353.7  -2820.97  0  0  -2820.97  0  -2820.97  448.038  0  0  448.038  0  448.038
4.062e+13  0  1354  -2819.75  0  0  -2819.75  0  -2819.75  447.745  0  0  447.745  0  447.745
4.0629e+13  0  1354.3  -2818.53  0  0  -2818.53  0  -2818.53  447.452  0  0  447.452  0  447.452
4.0638e+13  0  1354.6  -2817.32  0  0  -2817.32  0  -2817.32  447.16  0  0  447.16  0  447.16
4.0647e+13  0  1354.9  -2816.1  0  0  -2816.1  0  -2816.1  446.868  0  0  446.868  0  446.868
4.0656e+13  0  1355.2  -2814.88  0  0  -2814.88  0  -2814.88  446.576  0  0  446.576  0  446.576
4.0665e+13  0  1355.5  -2813.67  0  0  -2813.67  0  -2813.67  446.285  0  0  446.285  0  446.285
4.0674e+13  0  1355.8  -2812.45  0  0  -2812.45  0  -2812.45  445.993  0  0  445.993  0  445.993
4.0683e+13  0  1356.1  -2811.24  0  0  -2811.24  0  -2811.24  445.702  0  0  445.702  0  445.702
4.0692e+13  0  1356.4  -2810.03  0  0  -2810.03  0  -2810.03  445.411  0  0  445.411  0  445.411
4.0701e+13  0  1356.7  -2808.81  0  0  -2808.81  0  -2808.81  445.121  0  0  445.121  0  445.121
4.071e+13  0  1357  -2807.6  0  0  -2807.6  0  -2807.6  444.83  0  0  444.83  0  444.83
4.0719e+13  0  1357.3  -2806.39  0  0  -2806.39  0  -2806.39  444.54  0  0  444.54  0  444.54
4.0728e+13  0  1357.6  -2805.18  0  0  -2805.18  0  -2805.18  444.25  0  0  444.25  0  444.25
4.0737e+13  0  1357.9  -2803.97  0  0  -2803.97  0  -2803.97  443.961  0  0  443.961  0  443.961
4.0746e+13  0  1358.2  -2802.77  0  0  -2802.77  0  -2802.77  443.671  0  0  443.671  0  443.671
4.0755e+13  0  1358.5  -2801.56  0  0  -2801.56  0  -2801.56  443.382  0  0  443.382  0  443.382
4.0764e+13  0  1358.8  -2800.35  0  0  -2800.35  0  -2800.35  443.094  0  0  443.094  0  443.094
4.0773e+13  0  1359.1  -2799.15  0  0  -2799.15  0  -2799.15  442.805  0  0  442.805  0  442.805
4.0782e+13  0  1359.4  -2797.94  0  0  -2797.94  0  -2797.94  442.517  0  0  442.517  0  442.517
4.0791e+13  0  1359.7  -2796.74  0  0  -2796.74  0  -2796.74  442.229  0  0  442.229  0  442.229
4.08e+13  0  1360  -2795.53  0  0  -2795.53  0  -2795.53  441.941  0  0  441.941  0  441.941
4.0809e+13  0  1360.3  -2794.33  0  0  -2794.33  0  -2794.33  441.653  0  0  441.653  0  441.653
4.0818e+13  0  1360.6  -2793.13  0  0  -2793.13  0  -2793.13  441.366  0  0  441.366  0  441.366
4.0827e+13  0  1360.9  -2791.93  0  0  -2791.93  0  -2791.93  441.079  0  0  441.079  0  441.079
4.0836e+13  0  1361.2  -2790.73  0  0  -2790.73  0  -2790.73  440.792  0  0  440.792  0  440.792
4.0845e+13  0  1361.5  -2789.53  0  0  -2789.53  0  -2789.53  440.505  0  0  440.505  0  440.505
4.0854e+13  0  1361.8  -2788.33  0  0  -2788.33  0  -2788.33  440.219  0  0  440.219  0  440.219
4.0863e+13  0  1362.1  -2787.13  0  0  -2787.13  0  -2787.13  439.933  0  0  439.933  0  439.933
4.0872e+13  0  1362.4  -2785.93  0  0  -2785.93  0  -2785.93  439.647  0  0  439.647  0  439.647
4.0881e+13  0  1362.7  -2784.73  0  0  -2784.73  0  -2784.73  439.361  0  0  439.361  0  439.361
4.089e+13  0  1363  -2783.54  0  0  -2783.54  0  -2783.54  439.076  0  0  439.076  0  439.076
4.0899e+13  0  1363.3  -2782.34  0  0  -2782.34  0  -2782.34  438.791  0  0  438.791  0  438.791
4.0908e+13  0  1363.6  -2781.15  0  0  -2781.15  0  -2781.15  438.506  0  0  438.506  0  438.506
4.0917e+13  0  1363.9  -2779.95  0  0  -2779.95  0  -2779.95  438.221  0  0  438.221  0  438.221
4.0926e+13  0  1364.2  -2778.76  0  0  -2778.76  0  -2778.76  437.937  0  0  437.937  0  437.937
4.0935e+13  0  1364.5  -2777.57  0  0  -2777.57  0  -2777.57  437.653  0  0  437.653  0  437.653
4.0944e+13  0  1364.8  -2776.38  0  0  -2776.38  0  -2776.38  437.369  0  0  437.369  0  437.369
4.0953e+13  0  1365.1  -2775.19  0  0  -2775.19  0  -2775.19  437.085  0  0  437.085  0  437.085
4.0962e+13  0  1365.4  -2774  0  0  -2774  0  -2774  436.802  0  0  436.802  0  436.802
4.0971e+13  0  1365.7  -2772.81  0  0  -2772.81  0  -2772.81  436.519  0  0  436.519  0  436.519
4.098e+13  0  1366  -2771.62  0  0  -2771.62  0  -2771.62  436.236  0  0  436.236  0  436.236
4.0989e+13  0  1366.3  -2770.43  0  0  -2770.43  0  -2770.43  435.953  0  0  435.953  0  435.953
4.0998e+13  0  1366.6  -2769.25  0  0  -2769.25  0  -2769.25  435.671  0  0  435.671  0  435.671
4.1007e+13  0  1366.9  -2768.06  0  0  -2768.06  0  -2768.06  435.389  0  0  435.389  0  435.389
4.1016e+13  0  1367.2  -2766.87  0  0  -2766.87  0  -2766.87  435.107  0  0  435.107  0  435.107
4.1025e+13  0  1367.5  -2765.69  0  0  -2765.69  0  -2765.69  434.825  0  0  434.825  0  434.825
4.1034e+13  0  1367.8  -2764.51  0  0  -2764.51  0  -2764.51  434.544  0  0  434.544  0  434.544
4.1043e+13  0  1368.1  -2763.32  0  0  -2763.32  0  -2763.32  434.262  0  0  434.262  0  434.262
4.1052e+13  0  1368.4  -2762.14  0  0  -2762.14  0  -2762.14  433.982  0  0  433.982  0  433.982
4.1061e+13  0  1368.7  -2760.96  0  0  -2760.96  0  -2760.96  433.701  0  0  433.701  0  433.701
4.107e+13  0  1369  -2759.78  0  0  -2759.78  0  -2759.78  433.42  0  0  433.42  0  433.42
4.1079e+13  0  1369.3  -2758.6  0  0  -2758.6  0  -2758.6  433.14  0  0  433.14  0  433.14
4.1088e+13  0  1369.6  -2757.42  0  0  -2757.42  0  -2757.42  432.86  0  0  432.86  0  432.86
4.1097e+13  0  1369.9  -2756.24  0  0  -2756.24  0  -2756.24  432.58  0  0  432.58  0  432.58
4.1106e+13  0  1370.2  -2755.06  0  0  -2755.06  0  -2755.06  432.301  0  0  432.301  0  432.301
4.1115e+13  0  1370.5  -2753.89  0  0  -2753.89  0  -2753.89  432.021  0  0  432.021  0  432.021
4.1124e+13  0  1370.8  -2752.71  0  0  -2752.71  0  -2752.71  431.742  0  0  431.742  0  431.742
4.1133e+13  0  1371.1  -2751.53  0  0  -2751.53  0  -2751.53  431.464  0  0  431.464  0  431.464
4.1142e+13  0  1371.4  -2750.36  0  0  -2750.36  0  -2750.36  431.185  0  0  431.185  0  431.185
4.1151e+13  0  1371.7  -2749.18  0  0  -2749.18  0  -2749.18  430.907  0  0  430.907  0  430.907
4.116e+13  0  1372  -2748.01  0  0  -2748.01  0  -2748.01  430.629  0  0  430.629  0  430.629
4.1169e+13  0  1372.3  -2746.84  0  0  -2746.84  0  -2746.84  430.351  0  0  430.351  0  430.351
4.1178e+13  0  1372.6  -2745.67  0  0  -2745.67  0  -2745.67  430.073  0  0  430.073  0  430.073
4.1187e+13  0  1372.9  -2744.5  0  0  -2744.5  0  -2744.5  429.796  0  0  429.796  0  429.796
4.1196e+13  0  1373.2  -2743.33  0  0  -2743.33  0  -2743.33  429.519  0  0  429.519  0  429.519
4.1205e+13  0  1373.5  -2742.16  0  0  -2742.16  0  -2742.16  429.242  0  0  429.242  0  429.242
4.1214e+13  0  1373.8  -2740.99  0  0  -2740.99  0  -2740.99  428.965  0  0  428.965  0  428.965
4.1223e+13  0  1374.1  -2739.82  0  0  -2739.82  0  -2739.82  428.689  0  0  428.689  0  428.689
4.1232e+13  0  1374.4  -2738.65  0  0  -2738.65  0  -2738.65  428.413  0  0  428.413  0  428.413
4.1241e+13  0  1374.7  -2737.49  0  0  -2737.49  0  -2737.49  428.137  0  0  428.137  0  428.137
4.125e+13  0  1375  -2736.32  0  0  -2736.32  0  -2736.32  427.861  0  0  427.861  0  427.861
4.1259e+13  0  1375.3  -2735.15  0  0  -2735.15  0  -2735.15  427.585  0  0  427.585  0  427.585
4.1268e+13  0  1375.6  -2733.99  0  0  -2733.99  0  -2733.99  427.31  0  0  427.31  0  427.31
4.1277e+13  0  1375.9  -2732.83  0  0  -2732.83  0  -2732.83  427.035  0  0  427.035  0  427.035
4.1286e+13  0  1376.2  -2731.66  0  0  -2731.66  0  -2731.66  426.76  0  0  426.76  0  426.76
4.1295e+13  0  1376.5  -2730.5  0  0  -2730.5  0  -2730.5  426.486  0  0  426.486  0  426.486
4.1304e+13  0  1376.8  -2729.34  0  0  -2729.34  0  -2729.34  426.211  0  0  426.211  0  426.211
4.1313e+13  0  1377.1  -2728.18  0  0  -2728.18  0  -2728.18  425.937  0  0  425.937  0  425.937
4.1322e+13  0  1377.4  -2727.02  0  0  -2727.02  0  -2727.02  425.664  0  0  425.664  0  425.664
4.1331e+13  0  1377.7  -2725.86  0  0  -2725.86  0  -2725.86  425.39  0  0  425.39  0  425.39
4.134e+13  0  1378  -2724.7  0  0  -2724.7  0  -2724.7  425.117  0  0  425.117  0  425.117
4.1349e+13  0  1378.3  -2723.54  0  0  -2723.54  0  -2723.54  424.843  0  0  424.843  0  424.843
4.1358e+13  0  1378.6  -2722.39  0  0  -2722.39  0  -2722.39  424.571  0  0  424.571  0  424.571
4.1367e+13  0  1378.9  -2721.23  0  0  -2721.23  0  -2721.23  424.298  0  0  424.298  0  424.298
4.1376e+13  0  1379.2  -2720.07  0  0  -2720.07  0  -2720.07  424.025  0  0  424.025  0  424.025
4.1385e+13  0  1379.5  -2718.92  0  0  -2718.92  0  -2718.92  423.753  0  0  423.753  0  423.753
4.1394e+13  0  1379.8  -2717.76  0  0  -2717.76  0  -2717.76  423.481  0  0  423.481  0  423.481
4.1403e+13  0  1380.1  -2716.61  0  0  -2716.61  0  -2716.61  423.21  0  0  423.21  0  423.21
4.1412e+13  0  1380.4  -2715.46  0  0  -2715.46  0  -2715.46  422.938  0  0  422.938  0  422.938
4.1421e+13  0  1380.7  -2714.31  0  0  -2714.31  0  -2714.31  422.667  0  0  422.667  0  422.667
4.143e+13  0  1381  -2713.16  0  0  -2713.16  0  -2713.16  422.396  0  0  422.396  0  422.396
4.1439e+13  0  1381.3  -2712  0  0  -2712  0  -2712  422.125  0  0  422.125  0  422.125
4.1448e+13  0  1381.6  -2710.86  0  0  -2710.86  0  -2710.86  421.854  0  0  421.854  0  421.854
4.1457e+13  0  1381.9  -2709.71  0  0  -2709.71  0  -2709.71  421.584  0  0  421.584  0  421.584
4.1466e+13  0  1382.2  -2708.56  0  0  -2708.56  0  -2708.56  421.314  0  0  421.314  0  421.314
4.1475e+13  0  1382.5  -2707.41  0  0  -2707.41  0  -2707.41  421.044  0  0  421.044  0  421.044
4.1484e+13  0  1382.8  -2706.26  0  0  -2706.26  0  -2706.26  420.774  0  0  420.774  0  420.774
4.1493e+13  0  1383.1  -2705.12  0  0  -2705.12  0  -2705.12  420.505  0  0  420.505  0  420.505
4.1502e+13  0  1383.4  -2703.97  0  0  -2703.97  0  -2703.97  420.236  0  0  420.236  0  420.236
4.1511e+13  0  1383.7  -2702.83  0  0  -2702.83  0  -2702.83  419.967  0  0  419.967  0  419.967
4.152e+13  0  1384  -2701.68  0  0  -2701.68  0  -2701.68  419.698  0  0  419.698  0  419.698
4.1529e+13  0  1384.3  -2700.54  0  0  -2700.54  0  -2700.54  419.429  0  0  419.429  0  419.429
4.1538e+13  0  1384.6  -2699.4  0  0  -2699.4  0  -2699.4  419.161  0  0  419.161  0  419.161
4.1547e+13  0  1384.9  -2698.26  0  0  -2698.26  0  -2698.26  418.893  0  0  418.893  0  418.893
4.1556e+13  0  1385.2  -2697.11  0  0  -2697.11  0  -2697.11  418.625  0  0  418.625  0  418.625
4.1565e+13  0  1385.5  -2695.97  0  0  -2695.97  0  -2695.97  418.358  0  0  418.358  0  418.358
4.1574e+13  0  1385.8  -2694.83  0  0  -2694.83  0  -2694.83  418.09  0  0  418.09  0  418.09
4.1583e+13  0  1386.1  -2693.69  0  0  -2693.69  0  -2693.69  417.823  0  0  417.823  0  417.823
4.1592e+13  0  1386.4  -2692.56  0  0  -2692.56  0  -2692.56  417.556  0  0  417.556  0  417.556
4.1601e+13  0  1386.7  -2691.42  0  0  -2691.42  0  -2691.42  417.289  0  0  417.289  0  417.289
4.161e+13  0  1387  -2690.28  0  0  -2690.28  0  -2690.28  417.023  0  0  417.023  0  417.023
4.1619e+13  0  1387.3  -2689.15  0  0  -2689.15  0  -2689.15  416.757  0  0  416.757  0  416.757
4.1628e+13  0  1387.6  -2688.01  0  0  -2688.01  0  -2688.01  416.491  0  0  416.491  0  416.491
4.1637e+13  0  1387.9  -2686.88  0  0  -2686.88  0  -2686.88  416.225  0  0  416.225  0  416.225
4.1646e+13  0  1388.2  -2685.74  0  0  -2685.74  0  -2685.74  415.959  0  0  415.959  0  415.959
4.1655e+13  0  1388.5  -2684.61  0  0  -2684.61  0  -2684.61  415.694  0  0  415.694  0  415.694
4.1664e+13  0  1388.8  -2683.48  0  0  -2683.48  0  -2683.48  415.429  0  0  415.429  0  415.429
4.1673e+13  0  1389.1  -2682.34  0  0  -2682.34  0  -2682.34  415.164  0  0  415.164  0  415.164
4.1682e+13  0  1389.4  -2681.21  0  0  -2681.21  0  -2681.21  414.899  0  0  414.899  0  414.899
4.1691e+13  0  1389.7  -2680.08  0  0  -2680.08  0  -2680.08  414.635  0  0  414.635  0  414.635
4.17e+13  0  1390  -2678.95  0  0  -2678.95  0  -2678.95  414.37  0  0  414.37  0  414.37
4.1709e+13  0  1390.3  -2677.82  0  0  -2677.82  0  -2677.82  414.106  0  0  414.106  0  414.106
4.1718e+13  0  1390.6  -2676.7  0  0  -2676.7  0  -2676.7  413.843  0  0  413.843  0  413.843
4.1727e+13  0  1390.9  -2675.57  0  0  -2675.57  0  -2675.57  413.579  0  0  413.579  0  413.579
4.1736e+13  0  1391.2  -2674.44  0  0  -2674.44  0  -2674.44  413.316  0  0  413.316  0  413.316
4.1745e+13  0  1391.5  -2673.32  0  0  -2673.32  0  -2673.32  413.053  0  0  413.053  0  413.053
4.1754e+13  0  1391.8  -2672.19  0  0  -2672.19  0  -2672.19  412.79  0  0  412.79  0  412.79
4.1763e+13  0  1392.1  -2671.06  0  0  -2671.06  0  -2671.06  412.527  0  0  412.527  0  412.527
4.1772e+13  0  1392.4  -2669.94  0  0  -2669.94  0  -2669.94  412.265  0  0  412.265  0  412.265
4.1781e+13  0  1392.7  -2668.82  0  0  -2668.82  0  -2668.82  412.002  0  0  412.002  0  412.002
4.179e+13  0  1393  -2667.69  0  0  -2667.69  0  -2667.69  411.74  0  0  411.74  0  411.74
4.1799e+13  0  1393.3  -2666.57  0  0  -2666.57  0  -2666.57  411.479  0  0  411.479  0  411.479
4.1808e+13  0  1393.6  -2665.45  0  0  -2665.45  0  -2665.45  411.217  0  0  411.217  0  411.217
4.1817e+13  0  1393.9  -2664.33  0  0  -2664.33  0  -2664.33  410.956  0  0  410.956  0  410.956
4.1826e+13  0  1394.2  -2663.21  0  0  -2663.21  0  -2663.21  410.695  0  0  410.695  0  410.695
4.1835e+13  0  1394.5  -2662.09  0  0  -2662.09  0  -2662.09  410.434  0  0  410.434  0  410.434
4.1844e+13  0  1394.8  -2660.97  0  0  -2660.97  0  -2660.97  410.173  0  0  410.173  0  410.173
4.1853e+13  0  1395.1  -2659.86  0  0  -2659.86  0  -2659.86  409.913  0  0  409.913  0  409.913
4.1862e+13  0  1395.4  -2658.74  0  0  -2658.74  0  -2658.74  409.652  0  0  409.652  0  409.652
4.1871e+13  0  1395.7  -2657.62  0  0  -2657.62  0  -2657.62  409.392  0  0  409.392  0  409.392
4.188e+13  0  1396  -2656.51  0  0  -2656.51  0  -2656.51  409.132  0  0  409.132  0  409.132
4.1889e+13  0  1396.3  -2655.39  0  0  -2655.39  0  -2655.39  408.873  0  0  408.873  0  408.873
4.1898e+13  0  1396.6  -2654.28  0  0  -2654.28  0  -2654.28  408.614  0  0  408.614  0  408.614
4.1907e+13  0  1396.9  -2653.16  0  0  -2653.16  0  -2653.16  408.354  0  0  408.354  0  408.354
4.1916e+13  0  1397.2  -2652.05  0  0  -2652.05  0  -2652.05  408.095  0  0  408.095  0  408.095
4.1925e+13  0  1397.5  -2650.94  0  0  -2650.94  0  -2650.94  407.837  0  0  407.837  0  407.837
4.1934e+13  0  1397.8  -2649.83  0  0  -2649.83  0  -2649.83  407.578  0  0  407.578  0  407.578
4.1943e+13  0  1398.1  -2648.72  0  0  -2648.72  0  -2648.72  407.32  0  0  407.32  0  407.32
4.1952e+13  0  1398.4  -2647.61  0  0  -2647.61  0  -2647.61  407.062  0  0  407.062  0  407.062
4.1961e+13  0  1398.7  -2646.5  0  0  -2646.5  0  -2646.5  406.804  0  0  406.804  0  406.804
4.197e+13  0  1399  -2645.39  0  0  -2645.39  0  -2645.39  406.546  0  0  406.546  0  406.546
4.1979e+13  0  1399.3  -2644.28  0  0  -2644.28  0  -2644.28  406.289  0  0  406.289  0  406.289
4.1988e+13  0  1399.6  -2643.17  0  0  -2643.17  0  -2643.17  406.032  0  0  406.032  0  406.032
4.1997e+13  0  1399.9  -2642.07  0  0  -2642.07  0  -2642.07  405.775  0  0  405.775  0  405.775
4.2006e+13  0  1400.2  -2640.96  0  0  -2640.96  0  -2640.96  405.518  0  0  405.518  0  405.518
4.2015e+13  0  1400.5  -2639.86  0  0  -2639.86  0  -2639.86  405.262  0  0  405.262  0  405.262
4.2024e+13  0  1400.8  -2638.75  0  0  -2638.75  0  -2638.75  405.005  0  0  405.005  0  405.005
4.2033e+13  0  1401.1  -2637.65  0  0  -2637.65  0  -2637.65  404.749  0  0  404.749  0  404.749
4.2042e+13  0  1401.4  -2636.54  0  0  -2636.54  0  -2636.54  404.493  0  0  404.493  0  404.493
4.2051e+13  0  1401.7  -2635.44  0  0  -2635.44  0  -2635.44  404.238  0  0  404.238  0  404.238
4.206e+13  0  1402  -2634.34  0  0  -2634.34  0  -2634.34  403.982  0  0  403.982  0  403.982
4.2069e+13  0  1402.3  -2633.24  0  0  -2633.24  0  -2633.24  403.727  0  0  403.727  0  403.727
4.2078e+13  0  1402.6  -2632.14  0  0  -2632.14  0  -2632.14  403.472  0  0  403.472  0  403.472
4.2087e+13  0  1402.9  -2631.04  0  0  -2631.04  0  -2631.04  403.217  0  0  403.217  0  403.217
4.2096e+13  0  1403.2  -2629.94  0  0  -2629.94  0  -2629.94  402.962  0  0  402.962  0  402.962
4.2105e+13  0  1403.5  -2628.84  0  0  -2628.84  0  -2628.84  402.708  0  0  402.708  0  402.708
4.2114e+13  0  1403.8  -2627.74  0  0  -2627.74  0  -2627.74  402.454  0  0  402.454  0  402.454
4.2123e+13  0  1404.1  -2626.65  0  0  -2626.65  0  -2626.65  402.2  0  0  402.2  0  402.2
4.2132e+13  0  1404.4  -2625.55  0  0  -2625.55  0  -2625.55  401.946  0  0  401.946  0  401.946
4.2141e+13  0  1404.7  -2624.45  0  0  -2624.45  0  -2624.45  401.693  0  0  401.693  0  401.693
4.215e+13  0  1405  -2623.36  0  0  -2623.36  0  -2623.36  401.439  0  0  401.439  0  401.439
4.2159e+13  0  1405.3  -2622.26  0  0  -2622.26  0  -2622.26  401.186  0  0  401.186  0  401.186
4.2168e+13  0  1405.6  -2621.17  0  0  -2621.17  0  -2621.17  400.933  0  0  400.933  0  400.933
4.2177e+13  0  1405.9  -2620.08  0  0  -2620.08  0  -2620.08  400.68  0  0  400.68  0  400.68
4.2186e+13  0  1406.2  -2618.99  0  0  -2618.99  0  -2618.99  400.428  0  0  400.428  0  400.428
4.2195e+13  0  1406.5  -2617.89  0  0  -2617.89  0  -2617.89  400.176  0  0  400.176  0  400.176
4.2204e+13  0  1406.8  -2616.8  0  0  -2616.8  0  -2616.8  399.924  0  0  399.924  0  399.924
4.2213e+13  0  1407.1  -2615.71  0  0  -2615.71  0  -2615.71  399.672  0  0  399.672  0  399.672
4.2222e+13  0  1407.4  -2614.62  0  0  -2614.62  0  -2614.62  399.42  0  0  399.42  0  399.42
4.2231e+13  0  1407.7  -2613.53  0  0  -2613.53  0  -2613.53  399.169  0  0  399.169  0  399.169
4.224e+13  0  1408  -2612.45  0  0  -2612.45  0  -2612.45  398.918  0  0  398.918  0  398.918
4.2249e+13  0  1408.3  -2611.36  0  0  -2611.36  0  -2611.36  398.666  0  0  398.666  0  398.666
4.2258e+13  0  1408.6  -2610.27  0  0  -2610.27  0  -2610.27  398.416  0  0  398.416  0  398.416
4.2267e+13  0  1408.9  -2609.19  0  0  -2609.19  0  -2609.19  398.165  0  0  398.165  0  398.165
4.2276e+13  0  1409.2  -2608.1  0  0  -2608.1  0  -2608.1  397.915  0  0  397.915  0  397.915
4.2285e+13  0  1409.5  -2607.01  0  0  -2607.01  0  -2607.01  397.665  0  0  397.665  0  397.665
4.2294e+13  0  1409.8  -2605.93  0  0  -2605.93  0  -2605.93  397.415  0  0  397.415  0  397.415
4.2303e+13  0  1410.1  -2604.85  0  0  -2604.85  0  -2604.85  397.165  0  0  397.165  0  397.165
4.2312e+13  0  1410.4  -2603.76  0  0  -2603.76  0  -2603.76  396.915  0  0  396.915  0  396.915
4.2321e+13  0  1410.7  -2602.68  0  0  -2602.68  0  -2602.68  396.666  0  0  396.666  0  396.666
4.233e+13  0  1411  -2601.6  0  0  -2601.6  0  -2601.6  396.417  0  0  396.417  0  396.417
4.2339e+13  0  1411.3  -2600.52  0  0  -2600.52  0  -2600.52  396.168  0  0  396.168  0  396.168
4.2348e+13  0  1411.6  -2599.44  0  0  -2599.44  0  -2599.44  395.919  0  0  395.919  0  395.919
4.2357e+13  0  1411.9  -2598.36  0  0  -2598.36  0  -2598.36  395.671  0  0  395.671  0  395.671
4.2366e+13  0  1412.2  -2597.28  0  0  -2597.28  0  -2597.28  395.422  0  0  395.422  0  395.422
4.2375e+13  0  1412.5  -2596.2  0  0  -2596.2  0  -2596.2  395.174  0  0  395.174  0  395.174
4.2384e+13  0  1412.8  -2595.13  0  0  -2595.13  0  -2595.13  394.926  0  0  394.926  0  394.926
4.2393e+13  0  1413.1  -2594.05  0  0  -2594.05  0  -2594.05  394.679  0  0  394.679  0  394.679
4.2402e+13  0  1413.4  -2592.97  0  0  -2592.97  0  -2592.97  394.431  0  0  394.431  0  394.431
4.2411e+13  0  1413.7  -2591.9  0  0  -2591.9  0  -2591.9  394.184  0  0  394.184  0  394.184
4.242e+13  0  1414  -2590.82  0  0  -2590.82  0  -2590.82  393.937  0  0  393.937  0  393.937
4.2429e+13  0  1414.3  -2589.75  0  0  -2589.75  0  -2589.75  393.69  0  0  393.69  0  393.69
4.2438e+13  0  1414.6  -2588.67  0  0  -2588.67  0  -2588.67  393.443  0  0  393.443  0  393.443
4.2447e+13  0  1414.9  -2587.6  0  0  -2587.6  0  -2587.6  393.197  0  0  393.197  0  393.197
4.2456e+13  0  1415.2  -2586.53  0  0  -2586.53  0  -2586.53  392.951  0  0  392.951  0  392.951
4.2465e+13  0  1415.5  -2585.46  0  0  -2585.46  0  -2585.46  392.705  0  0  392.705  0  392.705
4.2474e+13  0  1415.8  -2584.39  0  0  -2584.39  0  -2584.39  392.459  0  0  392.459  0  392.459
4.2483e+13  0  1416.1  -2583.32  0  0  -2583.32  0  -2583.32  392.213  0  0  392.213  0  392.213
4.2492e+13  0  1416.4  -2582.25  0  0  -2582.25  0  -2582.25  391.968  0  0  391.968  0  391.968
4.2501e+13  0  1416.7  -2581.18  0  0  -2581.18  0  -2581.18  391.723  0  0  391.723  0  391.723
4.251e+13  0  1417  -2580.11  0  0  -2580.11  0  -2580.11  391.478  0  0  391.478  0  391.478
4.2519e+13  0  1417.3  -2579.04  0  0  -2579.04  0  -2579.04  391.233  0  0  391.233  0  391.233
4.2528e+13  0  1417.6  -2577.98  0  0  -2577.98  0  -2577.98  390.988  0  0  390.988  0  390.988
4.2537e+13  0  1417.9  -2576.91  0  0  -2576.91  0  -2576.91  390.744  0  0  390.744  0  390.744
4.2546e+13  0  1418.2  -2575.84  0  0  -2575.84  0  -2575.84  390.499  0  0  390.499  0  390.499
4.2555e+13  0  1418.5  -2574.78  0  0  -2574.78  0  -2574.78  390.255  0  0  390.255  0  390.255
4.2564e+13  0  1418.8  -2573.71  0  0  -2573.71  0  -2573.71  390.012  0  0  390.012  0  390.012
4.2573e+13  0  1419.1  -2572.65  0  0  -2572.65  0  -2572.65  389.768  0  0  389.768  0  389.768
4.2582e+13  0  1419.4  -2571.59  0  0  -2571.59  0  -2571.59  389.525  0  0  389.525  0  389.525
4.2591e+13  0  1419.7  -2570.53  0  0  -2570.53  0  -2570.53  389.282  0  0  389.282  0  389.282
4.26e+13  0  1420  -2569.46  0  0  -2569.46  0  -2569.46  389.039  0  0  389.039  0  389.039
4.2609e+13  0  1420.3  -2568.4  0  0  -2568.4  0  -2568.4  388.796  0  0  388.796  0  388.796
4.2618e+13  0  1420.6  -2567.34  0  0  -2567.34  0  -2567.34  388.553  0  0  388.553  0  388.553
4.2627e+13  0  1420.9  -2566.28  0  0  -2566.28  0  -2566.28  388.311  0  0  388.311  0  388.311
4.2636e+13  0  1421.2  -2565.22  0  0  -2565.22  0  -2565.22  388.069  0  0  388.069  0  388.069
4.2645e+13  0  1421.5  -2564.17  0  0  -2564.17  0  -2564.17  387.827  0  0  387.827  0  387.827
4.2654e+13  0  1421.8  -2563.11  0  0  -2563.11  0  -2563.11  387.585  0  0  387.585  0  387.585
4.2663e+13  0  1422.1  -2562.05  0  0  -2562.05  0  -2562.05  387.343  0  0  387.343  0  387.343
4.2672e+13  0  1422.4  -2560.99  0  0  -2560.99  0  -2560.99  387.102  0  0  387.102  0  387.102
4.2681e+13  0  1422.7  -2559.94  0  0  -2559.94  0  -2559.94  386.861  0  0  386.861  0  386.861
4.269e+13  0  1423  -2558.88  0  0  -2558.88  0  -2558.88  386.62  0  0  386.62  0  386.62
4.2699e+13  0  1423.3  -2557.83  0  0  -2557.83  0  -2557.83  386.379  0  0  386.379  0  386.379
4.2708e+13  0  1423.6  -2556.77  0  0  -2556.77  0  -2556.77  386.138  0  0  386.138  0  386.138
4.2717e+13  0  1423.9  -2555.72  0  0  -2555.72  0  -2555.72  385.898  0  0  385.898  0  385.898
4.2726e+13  0  1424.2  -2554.67  0  0  -2554.67  0  -2554.67  385.658  0  0  385.658  0  385.658
4.2735e+13  0  1424.5  -2553.62  0  0  -2553.62  0  -2553.62  385.418  0  0  385.418  0  385.418
4.2744e+13  0  1424.8  -2552.57  0  0  -2552.57  0  -2552.57  385.178  0  0  385.178  0  385.178
4.2753e+13  0  1425.1  -2551.51  0  0  -2551.51  0  -2551.51  384.938  0  0  384.938  0  384.938
4.2762e+13  0  1425.4  -2550.46  0  0  -2550.46  0  -2550.46  384.699  0  0  384.699  0  384.699
4.2771e+13  0  1425.7  -2549.42  0  0  -2549.42  0  -2549.42  384.46  0  0  384.46  0  384.46
4.278e+13  0  1426  -2548.37  0  0  -2548.37  0  -2548.37  384.221  0  0  384.221  0  384.221
4.2789e+13  0  1426.3  -2547.32  0  0  -2547.32  0  -2547.32  383.982  0  0  383.982  0  383.982
4.2798e+13  0  1426.6  -2546.27  0  0  -2546.27  0  -2546.27  383.743  0  0  383.743  0  383.743
4.2807e+13  0  1426.9  -2545.22  0  0  -2545.22  0  -2545.22  383.505  0  0  383.505  0  383.505
4.2816e+13  0  1427.2  -2544.18  0  0  -2544.18  0  -2544.18  383.267  0  0  383.267  0  383.267
4.2825e+13  0  1427.5  -2543.13  0  0  -2543.13  0  -2543.13  383.029  0  0  383.029  0  383.029
4.2834e+13  0  1427.8  -2542.09  0  0  -2542.09  0  -2542.09  382.791  0  0  382.791  0  382.791
4.2843e+13  0  1428.1  -2541.04  0  0  -2541.04  0  -2541.04  382.553  0  0  382.553  0  382.553
4.2852e+13  0  1428.4  -2540  0  0  -2540  0  -2540  382.316  0  0  382.316  0  382.316
4.2861e+13  0  1428.7  -2538.96  0  0  -2538.96  0  -2538.96  382.079  0  0  382.079  0  382.079
4.287e+13  0  1429  -2537.91  0  0  -2537.91  0  -2537.91  381.842  0  0  381.842  0  381.842
4.2879e+13  0  1429.3  -2536.87  0  0  -2536.87  0  -2536.87  381.605  0  0  381.605  0  381.605
4.2888e+13  0  1429.6  -2535.83  0  0  -2535.83  0  -2535.83  381.368  0  0  381.368  0  381.368
4.2897e+13  0  1429.9  -2534.79  0  0  -2534.79  0  -2534.79  381.132  0  0  381.132  0  381.132
4.2906e+13  0  1430.2  -2533.75  0  0  -2533.75  0  -2533.75  380.895  0  0  380.895  0  380.895
4.2915e+13  0  1430.5  -2532.71  0  0  -2532.71  0  -2532.71  380.659  0  0  380.659  0  380.659
4.2924e+13  0  1430.8  -2531.67  0  0  -2531.67  0  -2531.67  380.423  0  0  380.423  0  380.423
4.2933e+13  0  1431.1  -2530.64  0  0  -2530.64  0  -2530.64  380.188  0  0  380.188  0  380.188
4.2942e+13  0  1431.4  -2529.6  0  0  -2529.6  0  -2529.6  379.952  0  0  379.952  0  379.952
4.2951e+13  0  1431.7  -2528.56  0  0  -2528.56  0  -2528.56  379.717  0  0  379.717  0  379.717
4.296e+13  0  1432  -2527.53  0  0  -2527.53  0  -2527.53  379.482  0  0  379.482  0  379.482
4.2969e+13  0  1432.3  -2526.49  0  0  -2526.49  0  -2526.49  379.247  0  0  379.247  0  379.247
4.2978e+13  0  1432.6  -2525.46  0  0  -2525.46  0  -2525.46  379.012  0  0  379.012  0  379.012
4.2987e+13  0  1432.9  -2524.42  0  0  -2524.42  0  -2524.42  378.778  0  0  378.778  0  378.778
4.2996e+13  0  1433.2  -2523.39  0  0  -2523.39  0  -2523.39  378.543  0  0  378.543  0  378.543
4.3005e+13  0  1433.5  -2522.36  0  0  -2522.36  0  -2522.36  378.309  0  0  378.309  0  378.309
4.3014e+13  0  1433.8  -2521.32  0  0  -2521.32  0  -2521.32  378.075  0  0  378.075  0  378.075
4.3023e+13  0  1434.1  -2520.29  0  0  -2520.29  0  -2520.29  377.842  0  0  377.842  0  377.842
4.3032e+13  0  1434.4  -2519.26  0  0  -2519.26  0  -2519.26  377.608  0  0  377.608  0  377.608
4.3041e+13  0  1434.7  -2518.23  0  0  -2518.23  0  -2518.23  377.375  0  0  377.375  0  377.375
4.305e+13  0  1435  -2517.2  0  0  -2517.2  0  -2517.2  377.142  0  0  377.142  0  377.142
4.3059e+13  0  1435.3  -2516.17  0  0  -2516.17  0  -2516.17  376.909  0  0  376.909  0  376.909
4.3068e+13  0  1435.6  -2515.14  0  0  -2515.14  0  -2515.14  376.676  0  0  376.676  0  376.676
4.3077e+13  0  1435.9  -2514.12  0  0  -2514.12  0  -2514.12  376.443  0  0  376.443  0  376.443
4.3086e+13  0  1436.2  -2513.09  0  0  -2513.09  0  -2513.09  376.211  0  0  376.211  0  376.211
4.3095e+13  0  1436.5  -2512.06  0  0  -2512.06  0  -2512.06  375.979  0  0  375.979  0  375.979
4.3104e+13  0  1436.8  -2511.04  0  0  -2511.04  0  -2511.04  375.747  0  0  375.747  0  375.747
4.3113e+13  0  1437.1  -2510.01  0  0  -2510.01  0  -2510.01  375.515  0  0  375.515  0  375.515
4.3122e+13  0  1437.4  -2508.99  0  0  -2508.99  0  -2508.99  375.283  0  0  375.283  0  375.283
4.3131e+13  0  1437.7  -2507.96  0  0  -2507.96  0  -2507.96  375.052  0  0  375.052  0  375.052
4.314e+13  0  1438  -2506.94  0  0  -2506.94  0  -2506.94  374.82  0  0  374.82  0  374.82
4.3149e+13  0  1438.3  -2505.92  0  0  -2505.92  0  -2505.92  374.589  0  0  374.589  0  374.589
4.3158e+13  0  1438.6  -2504.89  0  0  -2504.89  0  -2504.89  374.358  0  0  374.358  0  374.358
4.3167e+13  0  1438.9  -2503.87  0  0  -2503.87  0  -2503.87  374.128  0  0  374.128  0  374.128
4.3176e+13  0  1439.2  -2502.85  0  0  -2502.85  0  -2502.85  373.897  0  0  373.897  0  373.897
4.3185e+13  0  1439.5  -2501.83  0  0  -2501.83  0  -2501.83  373.667  0  0  373.667  0  373.667
4.3194e+13  0  1439.8  -2500.81  0  0  -2500.81  0  -2500.81  373.437  0  0  373.437  0  373.437
4.3203e+13  0  1440.1  -2499.79  0  0  -2499.79  0  -2499.79  373.207  0  0  373.207  0  373.207
4.3212e+13  0  1440.4  -2498.77  0  0  -2498.77  0  -2498.77  372.977  0  0  372.977  0  372.977
4.3221e+13  0  1440.7  -2497.75  0  0  -2497.75  0  -2497.75  372.747  0  0  372.747  0  372.747
4.323e+13  0  1441  -2496.74  0  0  -2496.74  0  -2496.74  372.518  0  0  372.518  0  372.518
4.3239e+13  0  1441.3  -2495.72  0  0  -2495.72  0  -2495.72  372.289  0  0  372.289  0  372.289
4.3248e+13  0  1441.6  -2494.7  0  0  -2494.7  0  -2494.7  372.06  0  0  372.06  0  372.06
4.3257e+13  0  1441.9  -2493.69  0  0  -2493.69  0  -2493.69  371.831  0  0  371.831  0  371.831
4.3266e+13  0  1442.2  -2492.67  0  0  -2492.67  0  -2492.67  371.602  0  0  371.602  0  371.602
4.3275e+13  0  1442.5  -2491.66  0  0  -2491.66  0  -2491.66  371.374  0  0  371.374  0  371.374
4.3284e+13  0  1442.8  -2490.65  0  0  -2490.65  0  -2490.65  371.146  0  0  371.146  0  371.146
4.3293e+13  0  1443.1  -2489.63  0  0  -2489.63  0  -2489.63  370.918  0  0  370.918  0  370.918
4.3302e+13  0  1443.4  -2488.62  0  0  -2488.62  0  -2488.62  370.69  0  0  370.69  0  370.69
4.3311e+13  0  1443.7  -2487.61  0  0  -2487.61  0  -2487.61  370.462  0  0  370.462  0  370.462
4.332e+13  0  1444  -2486.6  0  0  -2486.6  0  -2486.6  370.235  0  0  370.235  0  370.235
4.3329e+13  0  1444.3  -2485.59  0  0  -2485.59  0  -2485.59  370.007  0  0  370.007  0  370.007
4.3338e+13  0  1444.6  -2484.58  0  0  -2484.58  0  -2484.58  369.78  0  0  369.78  0  369.78
4.3347e+13  0  1444.9  -2483.57  0  0  -2483.57  0  -2483.57  369.553  0  0  369.553  0  369.553
4.3356e+13  0  1445.2  -2482.56  0  0  -2482.56  0  -2482.56  369.326  0  0  369.326  0  369.326
4.3365e+13  0  1445.5  -2481.55  0  0  -2481.55  0  -2481.55  369.1  0  0  369.1  0  369.1
4.3374e+13  0  1445.8  -2480.55  0  0  -2480.55  0  -2480.55  368.873  0  0  368.873  0  368.873
4.3383e+13  0  1446.1  -2479.54  0  0  -2479.54  0  -2479.54  368.647  0  0  368.647  0  368.647
4.3392e+13  0  1446.4  -2478.53  0  0  -2478.53  0  -2478.53  368.421  0  0  368.421  0  368.421
4.3401e+13  0  1446.7  -2477.53  0  0  -2477.53  0  -2477.53  368.195  0  0  368.195  0  368.195
4.341e+13  0  1447  -2476.52  0  0  -2476.52  0  -2476.52  367.97  0  0  367.97  0  367.97
4.3419e+13  0  1447.3  -2475.52  0  0  -2475.52  0  -2475.52  367.744  0  0  367.744  0  367.744
4.3428e+13  0  1447.6  -2474.51  0  0  -2474.51  0  -2474.51  367.519  0  0  367.519  0  367.519
4.3437e+13  0  1447.9  -2473.51  0  0  -2473.51  0  -2473.51  367.294  0  0  367.294  0  367.294
4.3446e+13  0  1448.2  -2472.51  0  0  -2472.51  0  -2472.51  367.069  0  0  367.069  0  367.069
4.3455e+13  0  1448.5  -2471.51  0  0  -2471.51  0  -2471.51  366.844  0  0  366.844  0  366.844
4.3464e+13  0  1448.8  -2470.5  0  0  -2470.5  0  -2470.5  366.62  0  0  366.62  0  366.62
4.3473e+13  0  1449.1  -2469.5  0  0  -2469.5  0  -2469.5  366.395  0  0  366.395  0  366.395
4.3482e+13  0  1449.4  -2468.5  0  0  -2468.5  0  -2468.5  366.171  0  0  366.171  0  366.171
4.3491e+13  0  1449.7  -2467.5  0  0  -2467.5  0  -2467.5  365.947  0  0  365.947  0  365.947
4.35e+13  0  1450  -2466.5  0  0  -2466.5  0  -2466.5  365.723  0  0  365.723  0  365.723
4.3509e+13  0  1450.3  -2465.51  0  0  -2465.51  0  -2465.51  365.499  0  0  365.499  0  365.499
4.3518e+13  0  1450.6  -2464.51  0  0  -2464.51  0  -2464.51  365.276  0  0  365.276  0  365.276
4.3527e+13  0  1450.9  -2463.51  0  0  -2463.51  0  -2463.51  365.053  0  0  365.053  0  365.053
4.3536e+13  0  1451.2  -2462.51  0  0  -2462.51  0  -2462.51  364.83  0  0  364.83  0  364.83
4.3545e+13  0  1451.5  -2461.52  0  0  -2461.52  0  -2461.52  364.607  0  0  364.607  0  364.607
4.3554e+13  0  1451.8  -2460.52  0  0  -2460.52  0  -2460.52  364.384  0  0  364.384  0  364.384
4.3563e+13  0  1452.1  -2459.53  0  0  -2459.53  0  -2459.53  364.161  0  0  364.161  0  364.161
4.3572e+13  0  1452.4  -2458.53  0  0  -2458.53  0  -2458.53  363.939  0  0  363.939  0  363.939
4.3581e+13  0  1452.7  -2457.54  0  0  -2457.54  0  -2457.54  363.717  0  0  363.717  0  363.717
4.359e+13  0  1453  -2456.55  0  0  -2456.55  0  -2456.55  363.495  0  0  363.495  0  363.495
4.3599e+13  0  1453.3  -2455.56  0  0  -2455.56  0  -2455.56  363.273  0  0  363.273  0  363.273
4.3608e+13  0  1453.6  -2454.56  0  0  -2454.56  0  -2454.56  363.051  0  0  363.051  0  363.051
4.3617e+13  0  1453.9  -2453.57  0  0  -2453.57  0  -2453.57  362.83  0  0  362.83  0  362.83
4.3626e+13  0  1454.2  -2452.58  0  0  -2452.58  0  -2452.58  362.608  0  0  362.608  0  362.608
4.3635e+13  0  1454.5  -2451.59  0  0  -2451.59  0  -2451.59  362.387  0  0  362.387  0  362.387
4.3644e+13  0  1454.8  -2450.6  0  0  -2450.6  0  -2450.6  362.166  0  0  362.166  0  362.166
4.3653e+13  0  1455.1  -2449.61  0  0  -2449.61  0  -2449.61  361.946  0  0  361.946  0  361.946
4.3662e+13  0  1455.4  -2448.63  0  0  -2448.63  0  -2448.63  361.725  0  0  361.725  0  361.725
4.3671e+13  0  1455.7  -2447.64  0  0  -2447.64  0  -2447.64  361.505  0  0  361.505  0  361.505
4.368e+13  0  1456  -2446.65  0  0  -2446.65  0  -2446.65  361.284  0  0  361.284  0  361.284
4.3689e+13  0  1456.3  -2445.66  0  0  -2445.66  0  -2445.66  361.064  0  0  361.064  0  361.064
4.3698e+13  0  1456.6  -2444.68  0  0  -2444.68  0  -2444.68  360.844  0  0  360.844  0  360.844
4.3707e+13  0  1456.9  -2443.69  0  0  -2443.69  0  -2443.69  360.625  0  0  360.625  0  360.625
4.3716e+13  0  1457.2  -2442.71  0  0  -2442.71  0  -2442.71  360.405  0  0  360.405  0  360.405
4.3725e+13  0  1457.5  -2441.72  0  0  -2441.72  0  -2441.72  360.186  0  0  360.186  0  360.186
4.3734e+13  0  1457.8  -2440.74  0  0  -2440.74  0  -2440.74  359.967  0  0  359.967  0  359.967
4.3743e+13  0  1458.1  -2439.76  0  0  -2439.76  0  -2439.76  359.748  0  0  359.748  0  359.748
4.3752e+13  0  1458.4  -2438.78  0  0  -2438.78  0  -2438.78  359.529  0  0  359.529  0  359.529
4.3761e+13  0  1458.7  -2437.79  0  0  -2437.79  0  -2437.79  359.31  0  0  359.31  0  359.31
4.377e+13  0  1459  -2436.81  0  0  -2436.81  0  -2436.81  359.092  0  0  359.092  0  359.092
4.3779e+13  0  1459.3  -2435.83  0  0  -2435.83  0  -2435.83  358.873  0  0  358.873  0  358.873
4.3788e+13  0  1459.6  -2434.85  0  0  -2434.85  0  -2434.85  358.655  0  0  358.655  0  358.655
4.3797e+13  0  1459.9  -2433.87  0  0  -2433.87  0  -2433.87  358.437  0  0  358.437  0  358.437
4.3806e+13  0  1460.2  -2432.89  0  0  -2432.89  0  -2432.89  358.22  0  0  358.22  0  358.22
4.3815e+13  0  1460.5  -2431.92  0  0  -2431.92  0  -2431.92  358.002  0  0  358.002  0  358.002
4.3824e+13  0  1460.8  -2430.94  0  0  -2430.94  0  -2430.94  357.785  0  0  357.785  0  357.785
4.3833e+13  0  1461.1  -2429.96  0  0  -2429.96  0  -2429.96  357.567  0  0  357.567  0  357.567
4.3842e+13  0  1461.4  -2428.99  0  0  -2428.99  0  -2428.99  357.35  0  0  357.35  0  357.35
4.3851e+13  0  1461.7  -2428.01  0  0  -2428.01  0  -2428.01  357.134  0  0  357.134  0  357.134
4.386e+13  0  1462  -2427.03  0  0  -2427.03  0  -2427.03  356.917  0  0  356.917  0  356.917
4.3869e+13  0  1462.3  -2426.06  0  0  -2426.06  0  -2426.06  356.7  0  0  356.7  0  356.7
4.3878e+13  0  1462.6  -2425.09  0  0  -2425.09  0  -2425.09  356.484  0  0  356.484  0  356.484
4.3887e+13  0  1462.9  -2424.11  0  0  -2424.11  0  -2424.11  356.268  0  0  356.268  0  356.268
4.3896e+13  0  1463.2  -2423.14  0  0  -2423.14  0  -2423.14  356.052  0  0  356.052  0  356.052
4.3905e+13  0  1463.5  -2422.17  0  0  -2422.17  0  -2422.17  355.836  0  0  355.836  0  355.836
4.3914e+13  0  1463.8  -2421.2  0  0  -2421.2  0  -2421.2  355.62  0  0  355.62  0  355.62
4.3923e+13  0  1464.1  -2420.22  0  0  -2420.22  0  -2420.22  355.405  0  0  355.405  0  355.405
4.3932e+13  0  1464.4  -2419.25  0  0  -2419.25  0  -2419.25  355.189  0  0  355.189  0  355.189
4.3941e+13  0  1464.7  -2418.28  0  0  -2418.28  0  -2418.28  354.974  0  0  354.974  0  354.974
4.395e+13  0  1465  -2417.31  0  0  -2417.31  0  -2417.31  354.759  0  0  354.759  0  354.759
4.3959e+13  0  1465.3  -2416.35  0  0  -2416.35  0  -2416.35  354.545  0  0  354.545  0  354.545
4.3968e+13  0  1465.6  -2415.38  0  0  -2415.38  0  -2415.38  354.33  0  0  354.33  0  354.33
4.3977e+13  0  1465.9  -2414.41  0  0  -2414.41  0  -2414.41  354.116  0  0  354.116  0  354.116
4.3986e+13  0  1466.2  -2413.44  0  0  -2413.44  0  -2413.44  353.901  0  0  353.901  0  353.901
4.3995e+13  0  1466.5  -2412.48  0  0  -2412.48  0  -2412.48  353.687  0  0  353.687  0  353.687
4.4004e+13  0  1466.8  -2411.51  0  0  -2411.51  0  -2411.51  353.473  0  0  353.473  0  353.473
4.4013e+13  0  1467.1  -2410.54  0  0  -2410.54  0  -2410.54  353.259  0  0  353.259  0  353.259
4.4022e+13  0  1467.4  -2409.58  0  0  -2409.58  0  -2409.58  353.046  0  0  353.046  0  353.046
4.4031e+13  0  1467.7  -2408.61  0  0  -2408.61  0  -2408.61  352.832  0  0  352.832  0  352.832
4.404e+13  0  1468  -2407.65  0  0  -2407.65  0  -2407.65  352.619  0  0  352.619  0  352.619
4.4049e+13  0  1468.3  -2406.69  0  0  -2406.69  0  -2406.69  352.406  0  0  352.406  0  352.406
4.4058e+13  0  1468.6  -2405.73  0  0  -2405.73  0  -2405.73  352.193  0  0  352.193  0  352.193
4.4067e+13  0  1468.9  -2404.76  0  0  -2404.76  0  -2404.76  351.981  0  0  351.981  0  351.981
4.4076e+13  0  1469.2  -2403.8  0  0  -2403.8  0  -2403.8  351.768  0  0  351.768  0  351.768
4.4085e+13  0  1469.5  -2402.84  0  0  -2402.84  0  -2402.84  351.556  0  0  351.556  0  351.556
4.4094e+13  0  1469.8  -2401.88  0  0  -2401.88  0  -2401.88  351.343  0  0  351.343  0  351.343
4.4103e+13  0  1470.1  -2400.92  0  0  -2400.92  0  -2400.92  351.131  0  0  351.131  0  351.131
4.4112e+13  0  1470.4  -2399.96  0  0  -2399.96  0  -2399.96  350.919  0  0  350.919  0  350.919
4.4121e+13  0  1470.7  -2399  0  0  -2399  0  -2399  350.708  0  0  350.708  0  350.708
4.413e+13  0  1471  -2398.05  0  0  -2398.05  0  -2398.05  350.496  0  0  350.496  0  350.496
4.4139e+13  0  1471.3  -2397.09  0  0  -2397.09  0  -2397.09  350.285  0  0  350.285  0  350.285
4.4148e+13  0  1471.6  -2396.13  0  0  -2396.13  0  -2396.13  350.074  0  0  350.074  0  350.074
4.4157e+13  0  1471.9  -2395.18  0  0  -2395.18  0  -2395.18  349.863  0  0  349.863  0  349.863
4.4166e+13  0  1472.2  -2394.22  0  0  -2394.22  0  -2394.22  349.652  0  0  349.652  0  349.652
4.4175e+13  0  1472.5  -2393.26  0  0  -2393.26  0  -2393.26  349.441  0  0  349.441  0  349.441
4.4184e+13  0  1472.8  -2392.31  0  0  -2392.31  0  -2392.31  349.231  0  0  349.231  0  349.231
4.4193e+13  0  1473.1  -2391.36  0  0  -2391.36  0  -2391.36  349.02  0  0  349.02  0  349.02
4.4202e+13  0  1473.4  -2390.4  0  0  -2390.4  0  -2390.4  348.81  0  0  348.81  0  348.81
4.4211e+13  0  1473.7  -2389.45  0  0  -2389.45  0  -2389.45  348.6  0  0  348.6  0  348.6
4.422e+13  0  1474  -2388.5  0  0  -2388.5  0  -2388.5  348.39  0  0  348.39  0  348.39
4.4229e+13  0  1474.3  -2387.55  0  0  -2387.55  0  -2387.55  348.18  0  0  348.18  0  348.18
4.4238e+13  0  1474.6  -2386.59  0  0  -2386.59  0  -2386.59  347.971  0  0  347.971  0  347.971
4.4247e+13  0  1474.9  -2385.64  0  0  -2385.64  0  -2385.64  347.762  0  0  347.762  0  347.762
4.4256e+13  0  1475.2  -2384.69  0  0  -2384.69  0  -2384.69  347.552  0  0  347.552  0  347.552
4.4265e+13  0  1475.5  -2383.74  0  0  -2383.74  0  -2383.74  347.343  0  0  347.343  0  347.343
4.4274e+13  0  1475.8  -2382.8  0  0  -2382.8  0  -2382.8  347.135  0  0  347.135  0  347.135
4.4283e+13  0  1476.1  -2381.85  0  0  -2381.85  0  -2381.85  346.926  0  0  346.926  0  346.926
4.4292e+13  0  1476.4  -2380.9  0  0  -2380.9  0  -2380.9  346.717  0  0  346.717  0  346.717
4.4301e+13  0  1476.7  -2379.95  0  0  -2379.95  0  -2379.95  346.509  0  0  346.509  0  346.509
4.431e+13  0  1477  -2379.01  0  0  -2379.01  0  -2379.01  346.301  0  0  346.301  0  346.301
4.4319e+13  0  1477.3  -2378.06  0  0  -2378.06  0  -2378.06  346.093  0  0  346.093  0  346.093
4.4328e+13  0  1477.6  -2377.11  0  0  -2377.11  0  -2377.11  345.885  0  0  345.885  0  345.885
4.4337e+13  0  1477.9  -2376.17  0  0  -2376.17  0  -2376.17  345.677  0  0  345.677  0  345.677
4.4346e+13  0  1478.2  -2375.22  0  0  -2375.22  0  -2375.22  345.47  0  0  345.47  0  345.47
4.4355e+13  0  1478.5  -2374.28  0  0  -2374.28  0  -2374.28  345.262  0  0  345.262  0  345.262
4.4364e+13  0  1478.8  -2373.34  0  0  -2373.34  0  -2373.34  345.055  0  0  345.055  0  345.055
4.4373e+13  0  1479.1  -2372.4  0  0  -2372.4  0  -2372.4  344.848  0  0  344.848  0  344.848
4.4382e+13  0  1479.4  -2371.45  0  0  -2371.45  0  -2371.45  344.641  0  0  344.641  0  344.641
4.4391e+13  0  1479.7  -2370.51  0  0  -2370.51  0  -2370.51  344.435  0  0  344.435  0  344.435
4.44e+13  0  1480  -2369.57  0  0  -2369.57  0  -2369.57  344.228  0  0  344.228  0  344.228
4.4409e+13  0  1480.3  -2368.63  0  0  -2368.63  0  -2368.63  344.022  0  0  344.022  0  344.022
4.4418e+13  0  1480.6  -2367.69  0  0  -2367.69  0  -2367.69  343.816  0  0  343.816  0  343.816
4.4427e+13  0  1480.9  -2366.75  0  0  -2366.75  0  -2366.75  343.61  0  0  343.61  0  343.61
4.4436e+13  0  1481.2  -2365.81  0  0  -2365.81  0  -2365.81  343.404  0  0  343.404  0  343.404
4.4445e+13  0  1481.5  -2364.87  0  0  -2364.87  0  -2364.87  343.198  0  0  343.198  0  343.198
4.4454e+13  0  1481.8  -2363.94  0  0  -2363.94  0  -2363.94  342.992  0  0  342.992  0  342.992
4.4463e+13  0  1482.1  -2363  0  0  -2363  0  -2363  342.787  0  0  342.787  0  342.787
4.4472e+13  0  1482.4  -2362.06  0  0  -2362.06  0  -2362.06  342.582  0  0  342.582  0  342.582
4.4481e+13  0  1482.7  -2361.13  0  0  -2361.13  0  -2361.13  342.377  0  0  342.377  0  342.377
4.449e+13  0  1483  -2360.19  0  0  -2360.19  0  -2360.19  342.172  0  0  342.172  0  342.172
4.4499e+13  0  1483.3  -2359.26  0  0  -2359.26  0  -2359.26  341.967  0  0  341.967  0  341.967
4.4508e+13  0  1483.6  -2358.32  0  0  -2358.32  0  -2358.32  341.763  0  0  341.763  0  341.763
4.4517e+13  0  1483.9  -2357.39  0  0  -2357.39  0  -2357.39  341.558  0  0  341.558  0  341.558
4.4526e+13  0  1484.2  -2356.45  0  0  -2356.45  0  -2356.45  341.354  0  0  341.354  0  341.354
4.4535e+13  0  1484.5  -2355.52  0  0  -2355.52  0  -2355.52  341.15  0  0  341.15  0  341.15
4.4544e+13  0  1484.8  -2354.59  0  0  -2354.59  0  -2354.59  340.946  0  0  340.946  0  340.946
4.4553e+13  0  1485.1  -2353.66  0  0  -2353.66  0  -2353.66  340.742  0  0  340.742  0  340.742
4.4562e+13  0  1485.4  -2352.73  0  0  -2352.73  0  -2352.73  340.539  0  0  340.539  0  340.539
4.4571e+13  0  1485.7  -2351.8  0  0  -2351.8  0  -2351.8  340.335  0  0  340.335  0  340.335
4.458e+13  0  1486  -2350.87  0  0  -2350.87  0  -2350.87  340.132  0  0  340.132  0  340.132
4.4589e+13  0  1486.3  -2349.94  0  0  -2349.94  0  -2349.94  339.929  0  0  339.929  0  339.929
4.4598e+13  0  1486.6  -2349.01  0  0  -2349.01  0  -2349.01  339.726  0  0  339.726  0  339.726
4.4607e+13  0  1486.9  -2348.08  0  0  -2348.08  0  -2348.08  339.523  0  0  339.523  0  339.523
4.4616e+13  0  1487.2  -2347.15  0  0  -2347.15  0  -2347.15  339.32  0  0  339.32  0  339.32
4.4625e+13  0  1487.5  -2346.22  0  0  -2346.22  0  -2346.22  339.118  0  0  339.118  0  339.118
4.4634e+13  0  1487.8  -2345.3  0  0  -2345.3  0  -2345.3  338.916  0  0  338.916  0  338.916
4.4643e+13  0  1488.1  -2344.37  0  0  -2344.37  0  -2344.37  338.714  0  0  338.714  0  338.714
4.4652e+13  0  1488.4  -2343.44  0  0  -2343.44  0  -2343.44  338.512  0  0  338.512  0  338.512
4.4661e+13  0  1488.7  -2342.52  0  0  -2342.52  0  -2342.52  338.31  0  0  338.31  0  338.31
4.467e+13  0  1489  -2341.6  0  0  -2341.6  0  -2341.6  338.108  0  0  338.108  0  338.108
4.4679e+13  0  1489.3  -2340.67  0  0  -2340.67  0  -2340.67  337.907  0  0  337.907  0  337.907
4.4688e+13  0  1489.6  -2339.75  0  0  -2339.75  0  -2339.75  337.705  0  0  337.705  0  337.705
4.4697e+13  0  1489.9  -2338.82  0  0  -2338.82  0  -2338.82  337.504  0  0  337.504  0  337.504
4.4706e+13  0  1490.2  -2337.9  0  0  -2337.9  0  -2337.9  337.303  0  0  337.303  0  337.303
4.4715e+13  0  1490.5  -2336.98  0  0  -2336.98  0  -2336.98  337.102  0  0  337.102  0  337.102
4.4724e+13  0  1490.8  -2336.06  0  0  -2336.06  0  -2336.06  336.901  0  0  336.901  0  336.901
4.4733e+13  0  1491.1  -2335.14  0  0  -2335.14  0  -2335.14  336.701  0  0  336.701  0  336.701
4.4742e+13  0  1491.4  -2334.22  0  0  -2334.22  0  -2334.22  336.501  0  0  336.501  0  336.501
4.4751e+13  0  1491.7  -2333.3  0  0  -2333.3  0  -2333.3  336.3  0  0  336.3  0  336.3
4.476e+13  0  1492  -2332.38  0  0  -2332.38  0  -2332.38  336.1  0  0  336.1  0  336.1
4.4769e+13  0  1492.3  -2331.46  0  0  -2331.46  0  -2331.46  335.9  0  0  335.9  0  335.9
4.4778e+13  0  1492.6  -2330.54  0  0  -2330.54  0  -2330.54  335.701  0  0  335.701  0  335.701
4.4787e+13  0  1492.9  -2329.63  0  0  -2329.63  0  -2329.63  335.501  0  0  335.501  0  335.501
4.4796e+13  0  1493.2  -2328.71  0  0  -2328.71  0  -2328.71  335.302  0  0  335.302  0  335.302
4.4805e+13  0  1493.5  -2327.79  0  0  -2327.79  0  -2327.79  335.102  0  0  335.102  0  335.102
4.4814e+13  0  1493.8  -2326.88  0  0  -2326.88  0  -2326.88  334.903  0  0  334.903  0  334.903
4.4823e+13  0  1494.1  -2325.96  0  0  -2325.96  0  -2325.96  334.704  0  0  334.704  0  334.704
4.4832e+13  0  1494.4  -2325.05  0  0  -2325.05  0  -2325.05  334.505  0  0  334.505  0  334.505
4.4841e+13  0  1494.7  -2324.13  0  0  -2324.13  0  -2324.13  334.307  0  0  334.307  0  334.307
4.485e+13  0  1495  -2323.22  0  0  -2323.22  0  -2323.22  334.108  0  0  334.108  0  334.108
4.4859e+13  0  1495.3  -2322.3  0  0  -2322.3  0  -2322.3  333.91  0  0  333.91  0  333.91
4.4868e+13  0  1495.6  -2321.39  0  0  -2321.39  0  -2321.39  333.712  0  0  333.712  0  333.712
4.4877e+13  0  1495.9  -2320.48  0  0  -2320.48  0  -2320.48  333.514  0  0  333.514  0  333.514
4.4886e+13  0  1496.2  -2319.57  0  0  -2319.57  0  -2319.57  333.316  0  0  333.316  0  333.316
4.4895e+13  0  1496.5  -2318.66  0  0  -2318.66  0  -2318.66  333.118  0  0  333.118  0  333.118
4.4904e+13  0  1496.8  -2317.75  0  0  -2317.75  0  -2317.75  332.921  0  0  332.921  0  332.921
4.4913e+13  0  1497.1  -2316.84  0  0  -2316.84  0  -2316.84  332.723  0  0  332.723  0  332.723
4.4922e+13  0  1497.4  -2315.93  0  0  -2315.93  0  -2315.93  332.526  0  0  332.526  0  332.526
4.4931e+13  0  1497.7  -2315.02  0  0  -2315.02  0  -2315.02  332.329  0  0  332.329  0  332.329
4.494e+13  0  1498  -2314.11  0  0  -2314.11  0  -2314.11  332.132  0  0  332.132  0  332.132
4.4949e+13  0  1498.3  -2313.2  0  0  -2313.2  0  -2313.2  331.935  0  0  331.935  0  331.935
4.4958e+13  0  1498.6  -2312.29  0  0  -2312.29  0  -2312.29  331.738  0  0  331.738  0  331.738
4.4967e+13  0  1498.9  -2311.39  0  0  -2311.39  0  -2311.39  331.542  0  0  331.542  0  331.542
4.4976e+13  0  1499.2  -2310.48  0  0  -2310.48  0  -2310.48  331.346  0  0  331.346  0  331.346
4.4985e+13  0  1499.5  -2309.57  0  0  -2309.57  0  -2309.57  331.149  0  0  331.149  0  331.149
4.4994e+13  0  1499.8  -2308.67  0  0  -2308.67  0  -2308.67  330.953  0  0  330.953  0  330.953
4.5003e+13  0  1500.1  -2307.76  0  0  -2307.76  0  -2307.76  330.758  0  0  330.758  0  330.758
4.5012e+13  0  1500.4  -2306.86  0  0  -2306.86  0  -2306.86  330.562  0  0  330.562  0  330.562
4.5021e+13  0  1500.7  -2305.96  0  0  -2305.96  0  -2305.96  330.366  0  0  330.366  0  330.366
4.503e+13  0  1501  -2305.05  0  0  -2305.05  0  -2305.05  330.171  0  0  330.171  0  330.171
4.5039e+13  0  1501.3  -2304.15  0  0  -2304.15  0  -2304.15  329.976  0  0  329.976  0  329.976
4.5048e+13  0  1501.6  -2303.25  0  0  -2303.25  0  -2303.25  329.781  0  0  329.781  0  329.781
4.5057e+13  0  1501.9  -2302.35  0  0  -2302.35  0  -2302.35  329.586  0  0  329.586  0  329.586
4.5066e+13  0  1502.2  -2301.45  0  0  -2301.45  0  -2301.45  329.391  0  0  329.391  0  329.391
4.5075e+13  0  1502.5  -2300.55  0  0  -2300.55  0  -2300.55  329.196  0  0  329.196  0  329.196
4.5084e+13  0  1502.8  -2299.65  0  0  -2299.65  0  -2299.65  329.002  0  0  329.002  0  329.002
4.5093e+13  0  1503.1  -2298.75  0  0  -2298.75  0  -2298.75  328.807  0  0  328.807  0  328.807
4.5102e+13  0  1503.4  -2297.85  0  0  -2297.85  0  -2297.85  328.613  0  0  328.613  0  328.613
4.5111e+13  0  1503.7  -2296.95  0  0  -2296.95  0  -2296.95  328.419  0  0  328.419  0  328.419
4.512e+13  0  1504  -2296.05  0  0  -2296.05  0  -2296.05  328.225  0  0  328.225  0  328.225
4.5129e+13  0  1504.3  -2295.15  0  0  -2295.15  0  -2295.15  328.032  0  0  328.032  0  328.032
4.5138e+13  0  1504.6  -2294.26  0  0  -2294.26  0  -2294.26  327.838  0  0  327.838  0  327.838
4.5147e+13  0  1504.9  -2293.36  0  0  -2293.36  0  -2293.36  327.645  0  0  327.645  0  327.645
4.5156e+13  0  1505.2  -2292.47  0  0  -2292.47  0  -2292.47  327.451  0  0  327.451  0  327.451
4.5165e+13  0  1505.5  -2291.57  0  0  -2291.57  0  -2291.57  327.258  0  0  327.258  0  327.258
4.5174e+13  0  1505.8  -2290.67  0  0  -2290.67  0  -2290.67  327.065  0  0  327.065  0  327.065
4.5183e+13  0  1506.1  -2289.78  0  0  -2289.78  0  -2289.78  326.873  0  0  326.873  0  326.873
4.5192e+13  0  1506.4  -2288.89  0  0  -2288.89  0  -2288.89  326.68  0  0  326.68  0  326.68
4.5201e+13  0  1506.7  -2287.99  0  0  -2287.99  0  -2287.99  326.487  0  0  326.487  0  326.487
4.521e+13  0  1507  -2287.1  0  0  -2287.1  0  -2287.1  326.295  0  0  326.295  0  326.295
4.5219e+13  0  1507.3  -2286.21  0  0  -2286.21  0  -2286.21  326.103  0  0  326.103  0  326.103
4.5228e+13  0  1507.6  -2285.32  0  0  -2285.32  0  -2285.32  325.911  0  0  325.911  0  325.911
4.5237e+13  0  1507.9  -2284.43  0  0  -2284.43  0  -2284.43  325.719  0  0  325.719  0  325.719
4.5246e+13  0  1508.2  -2283.54  0  0  -2283.54  0  -2283.54  325.527  0  0  325.527  0  325.527
4.5255e+13  0  1508.5  -2282.65  0  0  -2282.65  0  -2282.65  325.336  0  0  325.336  0  325.336
4.5264e+13  0  1508.8  -2281.76  0  0  -2281.76  0  -2281.76  325.144  0  0  325.144  0  325.144
4.5273e+13  0  1509.1  -2280.87  0  0  -2280.87  0  -2280.87  324.953  0  0  324.953  0  324.953
4.5282e+13  0  1509.4  -2279.98  0  0  -2279.98  0  -2279.98  324.762  0  0  324.762  0  324.762
4.5291e+13  0  1509.7  -2279.09  0  0  -2279.09  0  -2279.09  324.571  0  0  324.571  0  324.571
4.53e+13  0  1510  -2278.2  0  0  -2278.2  0  -2278.2  324.38  0  0  324.38  0  324.38
4.5309e+13  0  1510.3  -2277.32  0  0  -2277.32  0  -2277.32  324.189  0  0  324.189  0  324.189
4.5318e+13  0  1510.6  -2276.43  0  0  -2276.43  0  -2276.43  323.999  0  0  323.999  0  323.999
4.5327e+13  0  1510.9  -2275.54  0  0  -2275.54  0  -2275.54  323.808  0  0  323.808  0  323.808
4.5336e+13  0  1511.2  -2274.66  0  0  -2274.66  0  -2274.66  323.618  0  0  323.618  0  323.618
4.5345e+13  0  1511.5  -2273.77  0  0  -2273.77  0  -2273.77  323.428  0  0  323.428  0  323.428
4.5354e+13  0  1511.8  -2272.89  0  0  -2272.89  0  -2272.89  323.238  0  0  323.238  0  323.238
4.5363e+13  0  1512.1  -2272  0  0  -2272  0  -2272  323.048  0  0  323.048  0  323.048
4.5372e+13  0  1512.4  -2271.12  0  0  -2271.12  0  -2271.12  322.858  0  0  322.858  0  322.858
4.5381e+13  0  1512.7  -2270.24  0  0  -2270.24  0  -2270.24  322.669  0  0  322.669  0  322.669
4.539e+13  0  1513  -2269.36  0  0  -2269.36  0  -2269.36  322.48  0  0  322.48  0  322.48
4.5399e+13  0  1513.3  -2268.47  0  0  -2268.47  0  -2268.47  322.29  0  0  322.29  0  322.29
4.5408e+13  0  1513.6  -2267.59  0  0  -2267.59  0  -2267.59  322.101  0  0  322.101  0  322.101
4.5417e+13  0  1513.9  -2266.71  0  0  -2266.71  0  -2266.71  321.912  0  0  321.912  0  321.912
4.5426e+13  0  1514.2  -2265.83  0  0  -2265.83  0  -2265.83  321.724  0  0  321.724  0  321.724
4.5435e+13  0  1514.5  -2264.95  0  0  -2264.95  0  -2264.95  321.535  0  0  321.535  0  321.535
4.5444e+13  0  1514.8  -2264.07  0  0  -2264.07  0  -2264.07  321.346  0  0  321.346  0  321.346
4.5453e+13  0  1515.1  -2263.19  0  0  -2263.19  0  -2263.19  321.158  0  0  321.158  0  321.158
4.5462e+13  0  1515.4  -2262.32  0  0  -2262.32  0  -2262.32  320.97  0  0  320.97  0  320.97
4.5471e+13  0  1515.7  -2261.44  0  0  -2261.44  0  -2261.44  320.782  0  0  320.782  0  320.782
4.548e+13  0  1516  -2260.56  0  0  -2260.56  0  -2260.56  320.594  0  0  320.594  0  320.594
4.5489e+13  0  1516.3  -2259.68  0  0  -2259.68  0  -2259.68  320.406  0  0  320.406  0  320.406
4.5498e+13  0  1516.6  -2258.81  0  0  -2258.81  0  -2258.81  320.219  0  0  320.219  0  320.219
4.5507e+13  0  1516.9  -2257.93  0  0  -2257.93  0  -2257.93  320.031  0  0  320.031  0  320.031
4.5516e+13  0  1517.2  -2257.06  0  0  -2257.06  0  -2257.06  319.844  0  0  319.844  0  319.844
4.5525e+13  0  1517.5  -2256.18  0  0  -2256.18  0  -2256.18  319.657  0  0  319.657  0  319.657
4.5534e+13  0  1517.8  -2255.31  0  0  -2255.31  0  -2255.31  319.47  0  0  319.47  0  319.47
4.5543e+13  0  1518.1  -2254.43  0  0  -2254.43  0  -2254.43  319.283  0  0  319.283  0  319.283
4.5552e+13  0  1518.4  -2253.56  0  0  -2253.56  0  -2253.56  319.096  0  0  319.096  0  319.096
4.5561e+13  0  1518.7  -2252.69  0  0  -2252.69  0  -2252.69  318.909  0  0  318.909  0  318.909
4.557e+13  0  1519  -2251.81  0  0  -2251.81  0  -2251.81  318.723  0  0  318.723  0  318.723
4.5579e+13  0  1519.3  -2250.94  0  0  -2250.94  0  -2250.94  318.537  0  0  318.537  0  318.537
4.5588e+13  0  1519.6  -2250.07  0  0  -2250.07  0  -2250.07  318.351  0  0  318.351  0  318.351
4.5597e+13  0  1519.9  -2249.2  0  0  -2249.2  0  -2249.2  318.165  0  0  318.165  0  318.165
4.5606e+13  0  1520.2  -2248.33  0  0  -2248.33  0  -2248.33  317.979  0  0  317.979  0  317.979
4.5615e+13  0  1520.5  -2247.46  0  0  -2247.46  0  -2247.46  317.793  0  0  317.793  0  317.793
4.5624e+13  0  1520.8  -2246.59  0  0  -2246.59  0  -2246.59  317.607  0  0  317.607  0  317.607
4.5633e+13  0  1521.1  -2245.72  0  0  -2245.72  0  -2245.72  317.422  0  0  317.422  0  317.422
4.5642e+13  0  1521.4  -2244.86  0  0  -2244.86  0  -2244.86  317.237  0  0  317.237  0  317.237
4.5651e+13  0  1521.7  -2243.99  0  0  -2243.99  0  -2243.99  317.052  0  0  317.052  0  317.052
4.566e+13  0  1522  -2243.12  0  0  -2243.12  0  -2243.12  316.867  0  0  316.867  0  316.867
4.5669e+13  0  1522.3  -2242.25  0  0  -2242.25  0  -2242.25  316.682  0  0  316.682  0  316.682
4.5678e+13  0  1522.6  -2241.39  0  0  -2241.39  0  -2241.39  316.497  0  0  316.497  0  316.497
4.5687e+13  0  1522.9  -2240.52  0  0  -2240.52  0  -2240.52  316.312  0  0  316.312  0  316.312
4.5696e+13  0  1523.2  -2239.66  0  0  -2239.66  0  -2239.66  316.128  0  0  316.128  0  316.128
4.5705e+13  0  1523.5  -2238.79  0  0  -2238.79  0  -2238.79  315.944  0  0  315.944  0  315.944
4.5714e+13  0  1523.8  -2237.93  0  0  -2237.93  0  -2237.93  315.76  0  0  315.76  0  315.76
4.5723e+13  0  1524.1  -2237.06  0  0  -2237.06  0  -2237.06  315.576  0  0  315.576  0  315.576
4.5732e+13  0  1524.4  -2236.2  0  0  -2236.2  0  -2236.2  315.392  0  0  315.392  0  315.392
4.5741e+13  0  1524.7  -2235.34  0  0  -2235.34  0  -2235.34  315.208  0  0  315.208  0  315.208
4.575e+13  0  1525  -2234.48  0  0  -2234.48  0  -2234.48  315.024  0  0  315.024  0  315.024
4.5759e+13  0  1525.3  -2233.61  0  0  -2233.61  0  -2233.61  314.841  0  0  314.841  0  314.841
4.5768e+13  0  1525.6  -2232.75  0  0  -2232.75  0  -2232.75  314.658  0  0  314.658  0  314.658
4.5777e+13  0  1525.9  -2231.89  0  0  -2231.89  0  -2231.89  314.475  0  0  314.475  0  314.475
4.5786e+13  0  1526.2  -2231.03  0  0  -2231.03  0  -2231.03  314.292  0  0  314.292  0  314.292
4.5795e+13  0  1526.5  -2230.17  0  0  -2230.17  0  -2230.17  314.109  0  0  314.109  0  314.109
4.5804e+13  0  1526.8  -2229.31  0  0  -2229.31  0  -2229.31  313.926  0  0  313.926  0  313.926
4.5813e+13  0  1527.1  -2228.45  0  0  -2228.45  0  -2228.45  313.743  0  0  313.743  0  313.743
4.5822e+13  0  1527.4  -2227.59  0  0  -2227.59  0  -2227.59  313.561  0  0  313.561  0  313.561
4.5831e+13  0  1527.7  -2226.74  0  0  -2226.74  0  -2226.74  313.379  0  0  313.379  0  313.379
4.584e+13  0  1528  -2225.88  0  0  -2225.88  0  -2225.88  313.196  0  0  313.196  0  313.196
4.5849e+13  0  1528.3  -2225.02  0  0  -2225.02  0  -2225.02  313.014  0  0  313.014  0  313.014
4.5858e+13  0  1528.6  -2224.17  0  0  -2224.17  0  -2224.17  312.833  0  0  312.833  0  312.833
4.5867e+13  0  1528.9  -2223.31  0  0  -2223.31  0  -2223.31  312.651  0  0  312.651  0  312.651
4.5876e+13  0  1529.2  -2222.46  0  0  -2222.46  0  -2222.46  312.469  0  0  312.469  0  312.469
4.5885e+13  0  1529.5  -2221.6  0  0  -2221.6  0  -2221.6  312.288  0  0  312.288  0  312.288
4.5894e+13  0  1529.8  -2220.75  0  0  -2220.75  0  -2220.75  312.106  0  0  312.106  0  312.106
4.5903e+13  0  1530.1  -2219.89  0  0  -2219.89  0  -2219.89  311.925  0  0  311.925  0  311.925
4.5912e+13  0  1530.4  -2219.04  0  0  -2219.04  0  -2219.04  311.744  0  0  311.744  0  311.744
4.5921e+13  0  1530.7  -2218.19  0  0  -2218.19  0  -2218.19  311.563  0  0  311.563  0  311.563
4.593e+13  0  1531  -2217.33  0  0  -2217.33  0  -2217.33  311.383  0  0  311.383  0  311.383
4.5939e+13  0  1531.3  -2216.48  0  0  -2216.48  0  -2216.48  311.202  0  0  311.202  0  311.202
4.5948e+13  0  1531.6  -2215.63  0  0  -2215.63  0  -2215.63  311.021  0  0  311.021  0  311.021
4.5957e+13  0  1531.9  -2214.78  0  0  -2214.78  0  -2214.78  310.841  0  0  310.841  0  310.841
4.5966e+13  0  1532.2  -2213.93  0  0  -2213.93  0  -2213.93  310.661  0  0  310.661  0  310.661
4.5975e+13  0  1532.5  -2213.08  0  0  -2213.08  0  -2213.08  310.481  0  0  310.481  0  310.481
4.5984e+13  0  1532.8  -2212.23  0  0  -2212.23  0  -2212.23  310.301  0  0  310.301  0  310.301
4.5993e+13  0  1533.1  -2211.38  0  0  -2211.38  0  -2211.38  310.121  0  0  310.121  0  310.121
4.6002e+13  0  1533.4  -2210.53  0  0  -2210.53  0  -2210.53  309.942  0  0  309.942  0  309.942
4.6011e+13  0  1533.7  -2209.68  0  0  -2209.68  0  -2209.68  309.762  0  0  309.762  0  309.762
4.602e+13  0  1534  -2208.84  0  0  -2208.84  0  -2208.84  309.583  0  0  309.583  0  309.583
4.6029e+13  0  1534.3  -2207.99  0  0  -2207.99  0  -2207.99  309.403  0  0  309.403  0  309.403
4.6038e+13  0  1534.6  -2207.14  0  0  -2207.14  0  -2207.14  309.224  0  0  309.224  0  309.224
4.6047e+13  0  1534.9  -2206.3  0  0  -2206.3  0  -2206.3  309.045  0  0  309.045  0  309.045
4.6056e+13  0  1535.2  -2205.45  0  0  -2205.45  0  -2205.45  308.867  0  0  308.867  0  308.867
4.6065e+13  0  1535.5  -2204.61  0  0  -2204.61  0  -2204.61  308.688  0  0  308.688  0  308.688
4.6074e+13  0  1535.8  -2203.76  0  0  -2203.76  0  -2203.76  308.509  0  0  308.509  0  308.509
4.6083e+13  0  1536.1  -2202.92  0  0  -2202.92  0  -2202.92  308.331  0  0  308.331  0  308.331
4.6092e+13  0  1536.4  -2202.07  0  0  -2202.07  0  -2202.07  308.153  0  0  308.153  0  308.153
4.6101e+13  0  1536.7  -2201.23  0  0  -2201.23  0  -2201.23  307.975  0  0  307.975  0  307.975
4.611e+13  0  1537  -2200.39  0  0  -2200.39  0  -2200.39  307.797  0  0  307.797  0  307.797
4.6119e+13  0  1537.3  -2199.55  0  0  -2199.55  0  -2199.55  307.619  0  0  307.619  0  307.619
4.6128e+13  0  1537.6  -2198.7  0  0  -2198.7  0  -2198.7  307.441  0  0  307.441  0  307.441
4.6137e+13  0  1537.9  -2197.86  0  0  -2197.86  0  -2197.86  307.263  0  0  307.263  0  307.263
4.6146e+13  0  1538.2  -2197.02  0  0  -2197.02  0  -2197.02  307.086  0  0  307.086  0  307.086
4.6155e+13  0  1538.5  -2196.18  0  0  -2196.18  0  -2196.18  306.909  0  0  306.909  0  306.909
4.6164e+13  0  1538.8  -2195.34  0  0  -2195.34  0  -2195.34  306.731  0  0  306.731  0  306.731
4.6173e+13  0  1539.1  -2194.5  0  0  -2194.5  0  -2194.5  306.554  0  0  306.554  0  306.554
4.6182e+13  0  1539.4  -2193.66  0  0  -2193.66  0  -2193.66  306.378  0  0  306.378  0  306.378
4.6191e+13  0  1539.7  -2192.82  0  0  -2192.82  0  -2192.82  306.201  0  0  306.201  0  306.201
4.62e+13  0  1540  -2191.99  0  0  -2191.99  0  -2191.99  306.024  0  0  306.024  0  306.024
4.6209e+13  0  1540.3  -2191.15  0  0  -2191.15  0  -2191.15  305.848  0  0  305.848  0  305.848
4.6218e+13  0  1540.6  -2190.31  0  0  -2190.31  0  -2190.31  305.671  0  0  305.671  0  305.671
4.6227e+13  0  1540.9  -2189.48  0  0  -2189.48  0  -2189.48  305.495  0  0  305.495  0  305.495
4.6236e+13  0  1541.2  -2188.64  0  0  -2188.64  0  -2188.64  305.319  0  0  305.319  0  305.319
4.6245e+13  0  1541.5  -2187.8  0  0  -2187.8  0  -2187.8  305.143  0  0  305.143  0  305.143
4.6254e+13  0  1541.8  -2186.97  0  0  -2186.97  0  -2186.97  304.967  0  0  304.967  0  304.967
4.6263e+13  0  1542.1  -2186.13  0  0  -2186.13  0  -2186.13  304.791  0  0  304.791  0  304.791
4.6272e+13  0  1542.4  -2185.3  0  0  -2185.3  0  -2185.3  304.616  0  0  304.616  0  304.616
4.6281e+13  0  1542.7  -2184.47  0  0  -2184.47  0  -2184.47  304.44  0  0  304.44  0  304.44
4.629e+13  0  1543  -2183.63  0  0  -2183.63  0  -2183.63  304.265  0  0  304.265  0  304.265
4.6299e+13  0  1543.3  -2182.8  0  0  -2182.8  0  -2182.8  304.09  0  0  304.09  0  304.09
4.6308e+13  0  1543.6  -2181.97  0  0  -2181.97  0  -2181.97  303.915  0  0  303.915  0  303.915
4.6317e+13  0  1543.9  -2181.14  0  0  -2181.14  0  -2181.14  303.74  0  0  303.74  0  303.74
4.6326e+13  0  1544.2  -2180.31  0  0  -2180.31  0  -2180.31  303.565  0  0  303.565  0  303.565
4.6335e+13  0  1544.5  -2179.47  0  0  -2179.47  0  -2179.47  303.391  0  0  303.391  0  303.391
4.6344e+13  0  1544.8  -2178.64  0  0  -2178.64  0  -2178.64  303.216  0  0  303.216  0  303.216
4.6353e+13  0  1545.1  -2177.81  0  0  -2177.81  0  -2177.81  303.042  0  0  303.042  0  303.042
4.6362e+13  0  1545.4  -2176.99  0  0  -2176.99  0  -2176.99  302.868  0  0  302.868  0  302.868
4.6371e+13  0  1545.7  -2176.16  0  0  -2176.16  0  -2176.16  302.694  0  0  302.694  0  302.694
4.638e+13  0  1546  -2175.33  0  0  -2175.33  0  -2175.33  302.52  0  0  302.52  0  302.52
4.6389e+13  0  1546.3  -2174.5  0  0  -2174.5  0  -2174.5  302.346  0  0  302.346  0  302.346
4.6398e+13  0  1546.6  -2173.67  0  0  -2173.67  0  -2173.67  302.172  0  0  302.172  0  302.172
4.6407e+13  0  1546.9  -2172.85  0  0  -2172.85  0  -2172.85  301.999  0  0  301.999  0  301.999
4.6416e+13  0  1547.2  -2172.02  0  0  -2172.02  0  -2172.02  301.825  0  0  301.825  0  301.825
4.6425e+13  0  1547.5  -2171.19  0  0  -2171.19  0  -2171.19  301.652  0  0  301.652  0  301.652
4.6434e+13  0  1547.8  -2170.37  0  0  -2170.37  0  -2170.37  301.479  0  0  301.479  0  301.479
4.6443e+13  0  1548.1  -2169.54  0  0  -2169.54  0  -2169.54  301.306  0  0  301.306  0  301.306
4.6452e+13  0  1548.4  -2168.72  0  0  -2168.72  0  -2168.72  301.133  0  0  301.133  0  301.133
4.6461e+13  0  1548.7  -2167.89  0  0  -2167.89  0  -2167.89  300.96  0  0  300.96  0  300.96
4.647e+13  0  1549  -2167.07  0  0  -2167.07  0  -2167.07  300.787  0  0  300.787  0  300.787
4.6479e+13  0  1549.3  -2166.25  0  0  -2166.25  0  -2166.25  300.615  0  0  300.615  0  300.615
4.6488e+13  0  1549.6  -2165.42  0  0  -2165.42  0  -2165.42  300.443  0  0  300.443  0  300.443
4.6497e+13  0  1549.9  -2164.6  0  0  -2164.6  0  -2164.6  300.27  0  0  300.27  0  300.27
4.6506e+13  0  1550.2  -2163.78  0  0  -2163.78  0  -2163.78  300.098  0  0  300.098  0  300.098
4.6515e+13  0  1550.5  -2162.96  0  0  -2162.96  0  -2162.96  299.926  0  0  299.926  0  299.926
4.6524e+13  0  1550.8  -2162.14  0  0  -2162.14  0  -2162.14  299.754  0  0  299.754  0  299.754
4.6533e+13  0  1551.1  -2161.32  0  0  -2161.32  0  -2161.32  299.583  0  0  299.583  0  299.583
4.6542e+13  0  1551.4  -2160.5  0  0  -2160.5  0  -2160.5  299.411  0  0  299.411  0  299.411
4.6551e+13  0  1551.7  -2159.68  0  0  -2159.68  0  -2159.68  299.24  0  0  299.24  0  299.24
4.656e+13  0  1552  -2158.86  0  0  -2158.86  0  -2158.86  299.068  0  0  299.068  0  299.068
4.6569e+13  0  1552.3  -2158.04  0  0  -2158.04  0  -2158.04  298.897  0  0  298.897  0  298.897
4.6578e+13  0  1552.6  -2157.22  0  0  -2157.22  0  -2157.22  298.726  0  0  298.726  0  298.726
4.6587e+13  0  1552.9  -2156.4  0  0  -2156.4  0  -2156.4  298.555  0  0  298.555  0  298.555
4.6596e+13  0  1553.2  -2155.58  0  0  -2155.58  0  -2155.58  298.384  0  0  298.384  0  298.384
4.6605e+13  0  1553.5  -2154.77  0  0  -2154.77  0  -2154.77  298.214  0  0  298.214  0  298.214
4.6614e+13  0  1553.8  -2153.95  0  0  -2153.95  0  -2153.95  298.043  0  0  298.043  0  298.043
4.6623e+13  0  1554.1  -2153.14  0  0  -2153.14  0  -2153.14  297.873  0  0  297.873  0  297.873
4.6632e+13  0  1554.4  -2152.32  0  0  -2152.32  0  -2152.32  297.703  0  0  297.703  0  297.703
4.6641e+13  0  1554.7  -2151.51  0  0  -2151.51  0  -2151.51  297.532  0  0  297.532  0  297.532
4.665e+13  0  1555  -2150.69  0  0  -2150.69  0  -2150.69  297.362  0  0  297.362  0  297.362
4.6659e+13  0  1555.3  -2149.88  0  0  -2149.88  0  -2149.88  297.193  0  0  297.193  0  297.193
4.6668e+13  0  1555.6  -2149.06  0  0  -2149.06  0  -2149.06  297.023  0  0  297.023  0  297.023
4.6677e+13  0  1555.9  -2148.25  0  0  -2148.25  0  -2148.25  296.853  0  0  296.853  0  296.853
4.6686e+13  0  1556.2  -2147.44  0  0  -2147.44  0  -2147.44  296.684  0  0  296.684  0  296.684
4.6695e+13  0  1556.5  -2146.63  0  0  -2146.63  0  -2146.63  296.514  0  0  296.514  0  296.514
4.6704e+13  0  1556.8  -2145.81  0  0  -2145.81  0  -2145.81  296.345  0  0  296.345  0  296.345
4.6713e+13  0  1557.1  -2145  0  0  -2145  0  -2145  296.176  0  0  296.176  0  296.176
4.6722e+13  0  1557.4  -2144.19  0  0  -2144.19  0  -2144.19  296.007  0  0  296.007  0  296.007
4.6731e+13  0  1557.7  -2143.38  0  0  -2143.38  0  -2143.38  295.838  0  0  295.838  0  295.838
4.674e+13  0  1558  -2142.57  0  0  -2142.57  0  -2142.57  295.669  0  0  295.669  0  295.669
4.6749e+13  0  1558.3  -2141.76  0  0  -2141.76  0  -2141.76  295.501  0  0  295.501  0  295.501
4.6758e+13  0  1558.6  -2140.95  0  0  -2140.95  0  -2140.95  295.332  0  0  295.332  0  295.332
4.6767e+13  0  1558.9  -2140.14  0  0  -2140.14  0  -2140.14  295.164  0  0  295.164  0  295.164
4.6776e+13  0  1559.2  -2139.34  0  0  -2139.34  0  -2139.34  294.996  0  0  294.996  0  294.996
4.6785e+13  0  1559.5  -2138.53  0  0  -2138.53  0  -2138.53  294.828  0  0  294.828  0  294.828
4.6794e+13  0  1559.8  -2137.72  0  0  -2137.72  0  -2137.72  294.66  0  0  294.66  0  294.66
4.6803e+13  0  1560.1  -2136.91  0  0  -2136.91  0  -2136.91  294.492  0  0  294.492  0  294.492
4.6812e+13  0  1560.4  -2136.11  0  0  -2136.11  0  -2136.11  294.324  0  0  294.324  0  294.324
4.6821e+13  0  1560.7  -2135.3  0  0  -2135.3  0  -2135.3  294.156  0  0  294.156  0  294.156
4.683e+13  0  1561  -2134.5  0  0  -2134.5  0  -2134.5  293.989  0  0  293.989  0  293.989
4.6839e+13  0  1561.3  -2133.69  0  0  -2133.69  0  -2133.69  293.822  0  0  293.822  0  293.822
4.6848e+13  0  1561.6  -2132.89  0  0  -2132.89  0  -2132.89  293.654  0  0  293.654  0  293.654
4.6857e+13  0  1561.9  -2132.08  0  0  -2132.08  0  -2132.08  293.487  0  0  293.487  0  293.487
4.6866e+13  0  1562.2  -2131.28  0  0  -2131.28  0  -2131.28  293.32  0  0  293.32  0  293.32
4.6875e+13  0  1562.5  -2130.48  0  0  -2130.48  0  -2130.48  293.154  0  0  293.154  0  293.154
4.6884e+13  0  1562.8  -2129.67  0  0  -2129.67  0  -2129.67  292.987  0  0  292.987  0  292.987
4.6893e+13  0  1563.1  -2128.87  0  0  -2128.87  0  -2128.87  292.82  0  0  292.82  0  292.82
4.6902e+13  0  1563.4  -2128.07  0  0  -2128.07  0  -2128.07  292.654  0  0  292.654  0  292.654
4.6911e+13  0  1563.7  -2127.27  0  0  -2127.27  0  -2127.27  292.488  0  0  292.488  0  292.488
4.692e+13  0  1564  -2126.47  0  0  -2126.47  0  -2126.47  292.321  0  0  292.321  0  292.321
4.6929e+13  0  1564.3  -2125.67  0  0  -2125.67  0  -2125.67  292.155  0  0  292.155  0  292.155
4.6938e+13  0  1564.6  -2124.87  0  0  -2124.87  0  -2124.87  291.989  0  0  291.989  0  291.989
4.6947e+13  0  1564.9  -2124.07  0  0  -2124.07  0  -2124.07  291.823  0  0  291.823  0  291.823
4.6956e+13  0  1565.2  -2123.27  0  0  -2123.27  0  -2123.27  291.658  0  0  291.658  0  291.658
4.6965e+13  0  1565.5  -2122.47  0  0  -2122.47  0  -2122.47  291.492  0  0  291.492  0  291.492
4.6974e+13  0  1565.8  -2121.67  0  0  -2121.67  0  -2121.67  291.327  0  0  291.327  0  291.327
4.6983e+13  0  1566.1  -2120.87  0  0  -2120.87  0  -2120.87  291.161  0  0  291.161  0  291.161
4.6992e+13  0  1566.4  -2120.08  0  0  -2120.08  0  -2120.08  290.996  0  0  290.996  0  290.996
4.7001e+13  0  1566.7  -2119.28  0  0  -2119.28  0  -2119.28  290.831  0  0  290.831  0  290.831
4.701e+13  0  1567  -2118.48  0  0  -2118.48  0  -2118.48  290.666  0  0  290.666  0  290.666
4.7019e+13  0  1567.3  -2117.69  0  0  -2117.69  0  -2117.69  290.501  0  0  290.501  0  290.501
4.7028e+13  0  1567.6  -2116.89  0  0  -2116.89  0  -2116.89  290.337  0  0  290.337  0  290.337
4.7037e+13  0  1567.9  -2116.1  0  0  -2116.1  0  -2116.1  290.172  0  0  290.172  0  290.172
4.7046e+13  0  1568.2  -2115.3  0  0  -2115.3  0  -2115.3  290.008  0  0  290.008  0  290.008
4.7055e+13  0  1568.5  -2114.51  0  0  -2114.51  0  -2114.51  289.843  0  0  289.843  0  289.843
4.7064e+13  0  1568.8  -2113.71  0  0  -2113.71  0  -2113.71  289.679  0  0  289.679  0  289.679
4.7073e+13  0  1569.1  -2112.92  0  0  -2112.92  0  -2112.92  289.515  0  0  289.515  0  289.515
4.7082e+13  0  1569.4  -2112.13  0  0  -2112.13  0  -2112.13  289.351  0  0  289.351  0  289.351
4.7091e+13  0  1569.7  -2111.34  0  0  -2111.34  0  -2111.34  289.187  0  0  289.187  0  289.187
4.71e+13  0  1570  -2110.54  0  0  -2110.54  0  -2110.54  289.024  0  0  289.024  0  289.024
4.7109e+13  0  1570.3  -2109.75  0  0  -2109.75  0  -2109.75  288.86  0  0  288.86  0  288.86
4.7118e+13  0  1570.6  -2108.96  0  0  -2108.96  0  -2108.96  288.697  0  0  288.697  0  288.697
4.7127e+13  0  1570.9  -2108.17  0  0  -2108.17  0  -2108.17  288.533  0  0  288.533  0  288.533
4.7136e+13  0  1571.2  -2107.38  0  0  -2107.38  0  -2107.38  288.37  0  0  288.37  0  288.37
4.7145e+13  0  1571.5  -2106.59  0  0  -2106.59  0  -2106.59  288.207  0  0  288.207  0  288.207
4.7154e+13  0  1571.8  -2105.8  0  0  -2105.8  0  -2105.8  288.044  0  0  288.044  0  288.044
4.7163e+13  0  1572.1  -2105.01  0  0  -2105.01  0  -2105.01  287.881  0  0  287.881  0  287.881
4.7172e+13  0  1572.4  -2104.22  0  0  -2104.22  0  -2104.22  287.718  0  0  287.718  0  287.718
4.7181e+13  0  1572.7  -2103.44  0  0  -2103.44  0  -2103.44  287.556  0  0  287.556  0  287.556
4.719e+13  0  1573  -2102.65  0  0  -2102.65  0  -2102.65  287.393  0  0  287.393  0  287.393
4.7199e+13  0  1573.3  -2101.86  0  0  -2101.86  0  -2101.86  287.231  0  0  287.231  0  287.231
4.7208e+13  0  1573.6  -2101.08  0  0  -2101.08  0  -2101.08  287.069  0  0  287.069  0  287.069
4.7217e+13  0  1573.9  -2100.29  0  0  -2100.29  0  -2100.29  286.906  0  0  286.906  0  286.906
4.7226e+13  0  1574.2  -2099.5  0  0  -2099.5  0  -2099.5  286.744  0  0  286.744  0  286.744
4.7235e+13  0  1574.5  -2098.72  0  0  -2098.72  0  -2098.72  286.583  0  0  286.583  0  286.583
4.7244e+13  0  1574.8  -2097.93  0  0  -2097.93  0  -2097.93  286.421  0  0  286.421  0  286.421
4.7253e+13  0  1575.1  -2097.15  0  0  -2097.15  0  -2097.15  286.259  0  0  286.259  0  286.259
4.7262e+13  0  1575.4  -2096.36  0  0  -2096.36  0  -2096.36  286.098  0  0  286.098  0  286.098
4.7271e+13  0  1575.7  -2095.58  0  0  -2095.58  0  -2095.58  285.936  0  0  285.936  0  285.936
4.728e+13  0  1576  -2094.8  0  0  -2094.8  0  -2094.8  285.775  0  0  285.775  0  285.775
4.7289e+13  0  1576.3  -2094.01  0  0  -2094.01  0  -2094.01  285.614  0  0  285.614  0  285.614
4.7298e+13  0  1576.6  -2093.23  0  0  -2093.23  0  -2093.23  285.453  0  0  285.453  0  285.453
4.7307e+13  0  1576.9  -2092.45  0  0  -2092.45  0  -2092.45  285.292  0  0  285.292  0  285.292
4.7316e+13  0  1577.2  -2091.67  0  0  -2091.67  0  -2091.67  285.131  0  0  285.131  0  285.131
4.7325e+13  0  1577.5  -2090.89  0  0  -2090.89  0  -2090.89  284.971  0  0  284.971  0  284.971
4.7334e+13  0  1577.8  -2090.11  0  0  -2090.11  0  -2090.11  284.81  0  0  284.81  0  284.81
4.7343e+13  0  1578.1  -2089.33  0  0  -2089.33  0  -2089.33  284.65  0  0  284.65  0  284.65
4.7352e+13  0  1578.4  -2088.55  0  0  -2088.55  0  -2088.55  284.489  0  0  284.489  0  284.489
4.7361e+13  0  1578.7  -2087.77  0  0  -2087.77  0  -2087.77  284.329  0  0  284.329  0  284.329
4.737e+13  0  1579  -2086.99  0  0  -2086.99  0  -2086.99  284.169  0  0  284.169  0  284.169
4.7379e+13  0  1579.3  -2086.21  0  0  -2086.21  0  -2086.21  284.009  0  0  284.009  0  284.009
4.7388e+13  0  1579.6  -2085.43  0  0  -2085.43  0  -2085.43  283.849  0  0  283.849  0  283.849
4.7397e+13  0  1579.9  -2084.66  0  0  -2084.66  0  -2084.66  283.69  0  0  283.69  0  283.69
4.7406e+13  0  1580.2  -2083.88  0  0  -2083.88  0  -2083.88  283.53  0  0  283.53  0  283.53
4.7415e+13  0  1580.5  -2083.1  0  0  -2083.1  0  -2083.1  283.37  0  0  283.37  0  283.37
4.7424e+13  0  1580.8  -2082.33  0  0  -2082.33  0  -2082.33  283.211  0  0  283.211  0  283.211
4.7433e+13  0  1581.1  -2081.55  0  0  -2081.55  0  -2081.55  283.052  0  0  283.052  0  283.052
4.7442e+13  0  1581.4  -2080.78  0  0  -2080.78  0  -2080.78  282.893  0  0  282.893  0  282.893
4.7451e+13  0  1581.7  -2080  0  0  -2080  0  -2080  282.734  0  0  282.734  0  282.734
4.746e+13  0  1582  -2079.23  0  0  -2079.23  0  -2079.23  282.575  0  0  282.575  0  282.575
4.7469e+13  0  1582.3  -2078.45  0  0  -2078.45  0  -2078.45  282.416  0  0  282.416  0  282.416
4.7478e+13  0  1582.6  -2077.68  0  0  -2077.68  0  -2077.68  282.258  0  0  282.258  0  282.258
4.7487e+13  0  1582.9  -2076.9  0  0  -2076.9  0  -2076.9  282.099  0  0  282.099  0  282.099
4.7496e+13  0  1583.2  -2076.13  0  0  -2076.13  0  -2076.13  281.941  0  0  281.941  0  281.941
4.7505e+13  0  1583.5  -2075.36  0  0  -2075.36  0  -2075.36  281.782  0  0  281.782  0  281.782
4.7514e+13  0  1583.8  -2074.59  0  0  -2074.59  0  -2074.59  281.624  0  0  281.624  0  281.624
4.7523e+13  0  1584.1  -2073.82  0  0  -2073.82  0  -2073.82  281.466  0  0  281.466  0  281.466
4.7532e+13  0  1584.4  -2073.05  0  0  -2073.05  0  -2073.05  281.308  0  0  281.308  0  281.308
4.7541e+13  0  1584.7  -2072.27  0  0  -2072.27  0  -2072.27  281.15  0  0  281.15  0  281.15
4.755e+13  0  1585  -2071.5  0  0  -2071.5  0  -2071.5  280.993  0  0  280.993  0  280.993
4.7559e+13  0  1585.3  -2070.73  0  0  -2070.73  0  -2070.73  280.835  0  0  280.835  0  280.835
4.7568e+13  0  1585.6  -2069.97  0  0  -2069.97  0  -2069.97  280.678  0  0  280.678  0  280.678
4.7577e+13  0  1585.9  -2069.2  0  0  -2069.2  0  -2069.2  280.52  0  0  280.52  0  280.52
4.7586e+13  0  1586.2  -2068.43  0  0  -2068.43  0  -2068.43  280.363  0  0  280.363  0  280.363
4.7595e+13  0  1586.5  -2067.66  0  0  -2067.66  0  -2067.66  280.206  0  0  280.206  0  280.206
4.7604e+13  0  1586.8  -2066.89  0  0  -2066.89  0  -2066.89  280.049  0  0  280.049  0  280.049
4.7613e+13  0  1587.1  -2066.12  0  0  -2066.12  0  -2066.12  279.892  0  0  279.892  0  279.892
4.7622e+13  0  1587.4  -2065.36  0  0  -2065.36  0  -2065.36  279.735  0  0  279.735  0  279.735
4.7631e+13  0  1587.7  -2064.59  0  0  -2064.59  0  -2064.59  279.579  0  0  279.579  0  279.579
4.764e+13  0  1588  -2063.83  0  0  -2063.83  0  -2063.83  279.422  0  0  279.422  0  279.422
4.7649e+13  0  1588.3  -2063.06  0  0  -2063.06  0  -2063.06  279.266  0  0  279.266  0  279.266
4.7658e+13  0  1588.6  -2062.29  0  0  -2062.29  0  -2062.29  279.11  0  0  279.11  0  279.11
4.7667e+13  0  1588.9  -2061.53  0  0  -2061.53  0  -2061.53  278.953  0  0  278.953  0  278.953
4.7676e+13  0  1589.2  -2060.77  0  0  -2060.77  0  -2060.77  278.797  0  0  278.797  0  278.797
4.7685e+13  0  1589.5  -2060  0  0  -2060  0  -2060  278.641  0  0  278.641  0  278.641
4.7694e+13  0  1589.8  -2059.24  0  0  -2059.24  0  -2059.24  278.486  0  0  278.486  0  278.486
4.7703e+13  0  1590.1  -2058.48  0  0  -2058.48  0  -2058.48  278.33  0  0  278.33  0  278.33
4.7712e+13  0  1590.4  -2057.71  0  0  -2057.71  0  -2057.71  278.174  0  0  278.174  0  278.174
4.7721e+13  0  1590.7  -2056.95  0  0  -2056.95  0  -2056.95  278.019  0  0  278.019  0  278.019
4.773e+13  0  1591  -2056.19  0  0  -2056.19  0  -2056.19  277.863  0  0  277.863  0  277.863
4.7739e+13  0  1591.3  -2055.43  0  0  -2055.43  0  -2055.43  277.708  0  0  277.708  0  277.708
4.7748e+13  0  1591.6  -2054.67  0  0  -2054.67  0  -2054.67  277.553  0  0  277.553  0  277.553
4.7757e+13  0  1591.9  -2053.91  0  0  -2053.91  0  -2053.91  277.398  0  0  277.398  0  277.398
4.7766e+13  0  1592.2  -2053.15  0  0  -2053.15  0  -2053.15  277.243  0  0  277.243  0  277.243
4.7775e+13  0  1592.5  -2052.39  0  0  -2052.39  0  -2052.39  277.088  0  0  277.088  0  277.088
4.7784e+13  0  1592.8  -2051.63  0  0  -2051.63  0  -2051.63  276.934  0  0  276.934  0  276.934
4.7793e+13  0  1593.1  -2050.87  0  0  -2050.87  0  -2050.87  276.779  0  0  276.779  0  276.779
4.7802e+13  0  1593.4  -2050.11  0  0  -2050.11  0  -2050.11  276.625  0  0  276.625  0  276.625
4.7811e+13  0  1593.7  -2049.35  0  0  -2049.35  0  -2049.35  276.47  0  0  276.47  0  276.47
4.782e+13  0  1594  -2048.59  0  0  -2048.59  0  -2048.59  276.316  0  0  276.316  0  276.316
4.7829e+13  0  1594.3  -2047.84  0  0  -2047.84  0  -2047.84  276.162  0  0  276.162  0  276.162
4.7838e+13  0  1594.6  -2047.08  0  0  -2047.08  0  -2047.08  276.008  0  0  276.008  0  276.008
4.7847e+13  0  1594.9  -2046.32  0  0  -2046.32  0  -2046.32  275.854  0  0  275.854  0  275.854
4.7856e+13  0  1595.2  -2045.57  0  0  -2045.57  0  -2045.57  275.7  0  0  275.7  0  275.7
4.7865e+13  0  1595.5  -2044.81  0  0  -2044.81  0  -2044.81  275.547  0  0  275.547  0  275.547
4.7874e+13  0  1595.8  -2044.06  0  0  -2044.06  0  -2044.06  275.393  0  0  275.393  0  275.393
4.7883e+13  0  1596.1  -2043.3  0  0  -2043.3  0  -2043.3  275.24  0  0  275.24  0  275.24
4.7892e+13  0  1596.4  -2042.55  0  0  -2042.55  0  -2042.55  275.087  0  0  275.087  0  275.087
4.7901e+13  0  1596.7  -2041.8  0  0  -2041.8  0  -2041.8  274.933  0  0  274.933  0  274.933
4.791e+13  0  1597  -2041.04  0  0  -2041.04  0  -2041.04  274.78  0  0  274.78  0  274.78
4.7919e+13  0  1597.3  -2040.29  0  0  -2040.29  0  -2040.29  274.627  0  0  274.627  0  274.627
4.7928e+13  0  1597.6  -2039.54  0  0  -2039.54  0  -2039.54  274.474  0  0  274.474  0  274.474
4.7937e+13  0  1597.9  -2038.78  0  0  -2038.78  0  -2038.78  274.322  0  0  274.322  0  274.322
4.7946e+13  0  1598.2  -2038.03  0  0  -2038.03  0  -2038.03  274.169  0  0  274.169  0  274.169
4.7955e+13  0  1598.5  -2037.28  0  0  -2037.28  0  -2037.28  274.017  0  0  274.017  0  274.017
4.7964e+13  0  1598.8  -2036.53  0  0  -2036.53  0  -2036.53  273.864  0  0  273.864  0  273.864
4.7973e+13  0  1599.1  -2035.78  0  0  -2035.78  0  -2035.78  273.712  0  0  273.712  0  273.712
4.7982e+13  0  1599.4  -2035.03  0  0  -2035.03  0  -2035.03  273.56  0  0  273.56  0  273.56
4.7991e+13  0  1599.7  -2034.28  0  0  -2034.28  0  -2034.28  273.408  0  0  273.408  0  273.408
4.8e+13  0  1600  -2033.53  0  0  -2033.53  0  -2033.53  273.256  0  0  273.256  0  273.256
4.8009e+13  0  1600.3  -2032.78  0  0  -2032.78  0  -2032.78  273.104  0  0  273.104  0  273.104
4.8018e+13  0  1600.6  -2032.03  0  0  -2032.03  0  -2032.03  272.952  0  0  272.952  0  272.952
4.8027e+13  0  1600.9  -2031.29  0  0  -2031.29  0  -2031.29  272.801  0  0  272.801  0  272.801
4.8036e+13  0  1601.2  -2030.54  0  0  -2030.54  0  -2030.54  272.649  0  0  272.649  0  272.649
4.8045e+13  0  1601.5  -2029.79  0  0  -2029.79  0  -2029.79  272.498  0  0  272.498  0  272.498
4.8054e+13  0  1601.8  -2029.04  0  0  -2029.04  0  -2029.04  272.346  0  0  272.346  0  272.346
4.8063e+13  0  1602.1  -2028.3  0  0  -2028.3  0  -2028.3  272.195  0  0  272.195  0  272.195
4.8072e+13  0  1602.4  -2027.55  0  0  -2027.55  0  -2027.55  272.044  0  0  272.044  0  272.044
4.8081e+13  0  1602.7  -2026.81  0  0  -2026.81  0  -2026.81  271.893  0  0  271.893  0  271.893
4.809e+13  0  1603  -2026.06  0  0  -2026.06  0  -2026.06  271.742  0  0  271.742  0  271.742
4.8099e+13  0  1603.3  -2025.32  0  0  -2025.32  0  -2025.32  271.592  0  0  271.592  0  271.592
4.8108e+13  0  1603.6  -2024.57  0  0  -2024.57  0  -2024.57  271.441  0  0  271.441  0  271.441
4.8117e+13  0  1603.9  -2023.83  0  0  -2023.83  0  -2023.83  271.291  0  0  271.291  0  271.291
4.8126e+13  0  1604.2  -2023.08  0  0  -2023.08  0  -2023.08  271.14  0  0  271.14  0  271.14
4.8135e+13  0  1604.5  -2022.34  0  0  -2022.34  0  -2022.34  270.99  0  0  270.99  0  270.99
4.8144e+13  0  1604.8  -2021.6  0  0  -2021.6  0  -2021.6  270.84  0  0  270.84  0  270.84
4.8153e+13  0  1605.1  -2020.86  0  0  -2020.86  0  -2020.86  270.69  0  0  270.69  0  270.69
4.8162e+13  0  1605.4  -2020.11  0  0  -2020.11  0  -2020.11  270.54  0  0  270.54  0  270.54
4.8171e+13  0  1605.7  -2019.37  0  0  -2019.37  0  -2019.37  270.39  0  0  270.39  0  270.39
4.818e+13  0  1606  -2018.63  0  0  -2018.63  0  -2018.63  270.24  0  0  270.24  0  270.24
4.8189e+13  0  1606.3  -2017.89  0  0  -2017.89  0  -2017.89  270.091  0  0  270.091  0  270.091
4.8198e+13  0  1606.6  -2017.15  0  0  -2017.15  0  -2017.15  269.941  0  0  269.941  0  269.941
4.8207e+13  0  1606.9  -2016.41  0  0  -2016.41  0  -2016.41  269.792  0  0  269.792  0  269.792
4.8216e+13  0  1607.2  -2015.67  0  0  -2015.67  0  -2015.67  269.643  0  0  269.643  0  269.643
4.8225e+13  0  1607.5  -2014.93  0  0  -2014.93  0  -2014.93  269.493  0  0  269.493  0  269.493
4.8234e+13  0  1607.8  -2014.19  0  0  -2014.19  0  -2014.19  269.344  0  0  269.344  0  269.344
4.8243e+13  0  1608.1  -2013.46  0  0  -2013.46  0  -2013.46  269.195  0  0  269.195  0  269.195
4.8252e+13  0  1608.4  -2012.72  0  0  -2012.72  0  -2012.72  269.046  0  0  269.046  0  269.046
4.8261e+13  0  1608.7  -2011.98  0  0  -2011.98  0  -2011.98  268.898  0  0  268.898  0  268.898
4.827e+13  0  1609  -2011.24  0  0  -2011.24  0  -2011.24  268.749  0  0  268.749  0  268.749
4.8279e+13  0  1609.3  -2010.51  0  0  -2010.51  0  -2010.51  268.601  0  0  268.601  0  268.601
4.8288e+13  0  1609.6  -2009.77  0  0  -2009.77  0  -2009.77  268.452  0  0  268.452  0  268.452
4.8297e+13  0  1609.9  -2009.03  0  0  -2009.03  0  -2009.03  268.304  0  0  268.304  0  268.304
4.8306e+13  0  1610.2  -2008.3  0  0  -2008.3  0  -2008.3  268.156  0  0  268.156  0  268.156
4.8315e+13  0  1610.5  -2007.56  0  0  -2007.56  0  -2007.56  268.008  0  0  268.008  0  268.008
4.8324e+13  0  1610.8  -2006.83  0  0  -2006.83  0  -2006.83  267.86  0  0  267.86  0  267.86
4.8333e+13  0  1611.1  -2006.1  0  0  -2006.1  0  -2006.1  267.712  0  0  267.712  0  267.712
4.8342e+13  0  1611.4  -2005.36  0  0  -2005.36  0  -2005.36  267.564  0  0  267.564  0  267.564
4.8351e+13  0  1611.7  -2004.63  0  0  -2004.63  0  -2004.63  267.416  0  0  267.416  0  267.416
4.836e+13  0  1612  -2003.9  0  0  -2003.9  0  -2003.9  267.269  0  0  267.269  0  267.269
4.8369e+13  0  1612.3  -2003.16  0  0  -2003.16  0  -2003.16  267.121  0  0  267.121  0  267.121
4.8378e+13  0  1612.6  -2002.43  0  0  -2002.43  0  -2002.43  266.974  0  0  266.974  0  266.974
4.8387e+13  0  1612.9  -2001.7  0  0  -2001.7  0  -2001.7  266.827  0  0  266.827  0  266.827
4.8396e+13  0  1613.2  -2000.97  0  0  -2000.97  0  -2000.97  266.68  0  0  266.68  0  266.68
4.8405e+13  0  1613.5  -2000.24  0  0  -2000.24  0  -2000.24  266.533  0  0  266.533  0  266.533
4.8414e+13  0  1613.8  -1999.51  0  0  -1999.51  0  -1999.51  266.386  0  0  266.386  0  266.386
4.8423e+13  0  1614.1  -1998.78  0  0  -1998.78  0  -1998.78  266.239  0  0  266.239  0  266.239
4.8432e+13  0  1614.4  -1998.05  0  0  -1998.05  0  -1998.05  266.093  0  0  266.093  0  266.093
4.8441e+13  0  1614.7  -1997.32  0  0  -1997.32  0  -1997.32  265.946  0  0  265.946  0  265.946
4.845e+13  0  1615  -1996.59  0  0  -1996.59  0  -1996.59  265.799  0  0  265.799  0  265.799
4.8459e+13  0  1615.3  -1995.86  0  0  -1995.86  0  -1995.86  265.653  0  0  265.653  0  265.653
4.8468e+13  0  1615.6  -1995.13  0  0  -1995.13  0  -1995.13  265.507  0  0  265.507  0  265.507
4.8477e+13  0  1615.9  -1994.4  0  0  -1994.4  0  -1994.4  265.361  0  0  265.361  0  265.361
4.8486e+13  0  1616.2  -1993.67  0  0  -1993.67  0  -1993.67  265.215  0  0  265.215  0  265.215
4.8495e+13  0  1616.5  -1992.95  0  0  -1992.95  0  -1992.95  265.069  0  0  265.069  0  265.069
4.8504e+13  0  1616.8  -1992.22  0  0  -1992.22  0  -1992.22  264.923  0  0  264.923  0  264.923
4.8513e+13  0  1617.1  -1991.49  0  0  -1991.49  0  -1991.49  264.777  0  0  264.777  0  264.777
4.8522e+13  0  1617.4  -1990.77  0  0  -1990.77  0  -1990.77  264.632  0  0  264.632  0  264.632
4.8531e+13  0  1617.7  -1990.04  0  0  -1990.04  0  -1990.04  264.486  0  0  264.486  0  264.486
4.854e+13  0  1618  -1989.32  0  0  -1989.32  0  -1989.32  264.341  0  0  264.341  0  264.341
4.8549e+13  0  1618.3  -1988.59  0  0  -1988.59  0  -1988.59  264.196  0  0  264.196  0  264.196
4.8558e+13  0  1618.6  -1987.87  0  0  -1987.87  0  -1987.87  264.05  0  0  264.05  0  264.05
4.8567e+13  0  1618.9  -1987.15  0  0  -1987.15  0  -1987.15  263.905  0  0  263.905  0  263.905
4.8576e+13  0  1619.2  -1986.42  0  0  -1986.42  0  -1986.42  263.76  0  0  263.76  0  263.76
4.8585e+13  0  1619.5  -1985.7  0  0  -1985.7  0  -1985.7  263.615  0  0  263.615  0  263.615
4.8594e+13  0  1619.8  -1984.98  0  0  -1984.98  0  -1984.98  263.471  0  0  263.471  0  263.471
4.8603e+13  0  1620.1  -1984.25  0  0  -1984.25  0  -1984.25  263.326  0  0  263.326  0  263.326
4.8612e+13  0  1620.4  -1983.53  0  0  -1983.53  0  -1983.53  263.181  0  0  263.181  0  263.181
4.8621e+13  0  1620.7  -1982.81  0  0  -1982.81  0  -1982.81  263.037  0  0  263.037  0  263.037
4.863e+13  0  1621  -1982.09  0  0  -1982.09  0  -1982.09  262.893  0  0  262.893  0  262.893
4.8639e+13  0  1621.3  -1981.37  0  0  -1981.37  0  -1981.37  262.748  0  0  262.748  0  262.748
4.8648e+13  0  1621.6  -1980.65  0  0  -1980.65  0  -1980.65  262.604  0  0  262.604  0  262.604
4.8657e+13  0  1621.9  -1979.93  0  0  -1979.93  0  -1979.93  262.46  0  0  262.46  0  262.46
4.8666e+13  0  1622.2  -1979.21  0  0  -1979.21  0  -1979.21  262.316  0  0  262.316  0  262.316
4.8675e+13  0  1622.5  -1978.49  0  0  -1978.49  0  -1978.49  262.173  0  0  262.173  0  262.173
4.8684e+13  0  1622.8  -1977.77  0  0  -1977.77  0  -1977.77  262.029  0  0  262.029  0  262.029
4.8693e+13  0  1623.1  -1977.05  0  0  -1977.05  0  -1977.05  261.885  0  0  261.885  0  261.885
4.8702e+13  0  1623.4  -1976.33  0  0  -1976.33  0  -1976.33  261.742  0  0  261.742  0  261.742
4.8711e+13  0  1623.7  -1975.62  0  0  -1975.62  0  -1975.62  261.598  0  0  261.598  0  261.598
4.872e+13  0  1624  -1974.9  0  0  -1974.9  0  -1974.9  261.455  0  0  261.455  0  261.455
4.8729e+13  0  1624.3  -1974.18  0  0  -1974.18  0  -1974.18  261.312  0  0  261.312  0  261.312
4.8738e+13  0  1624.6  -1973.47  0  0  -1973.47  0  -1973.47  261.169  0  0  261.169  0  261.169
4.8747e+13  0  1624.9  -1972.75  0  0  -1972.75  0  -1972.75  261.026  0  0  261.026  0  261.026
4.8756e+13  0  1625.2  -1972.03  0  0  -1972.03  0  -1972.03  260.883  0  0  260.883  0  260.883
4.8765e+13  0  1625.5  -1971.32  0  0  -1971.32  0  -1971.32  260.74  0  0  260.74  0  260.74
4.8774e+13  0  1625.8  -1970.6  0  0  -1970.6  0  -1970.6  260.598  0  0  260.598  0  260.598
4.8783e+13  0  1626.1  -1969.89  0  0  -1969.89  0  -1969.89  260.455  0  0  260.455  0  260.455
4.8792e+13  0  1626.4  -1969.17  0  0  -1969.17  0  -1969.17  260.313  0  0  260.313  0  260.313
4.8801e+13  0  1626.7  -1968.46  0  0  -1968.46  0  -1968.46  260.17  0  0  260.17  0  260.17
4.881e+13  0  1627  -1967.75  0  0  -1967.75  0  -1967.75  260.028  0  0  260.028  0  260.028
4.8819e+13  0  1627.3  -1967.03  0  0  -1967.03  0  -1967.03  259.886  0  0  259.886  0  259.886
4.8828e+13  0  1627.6  -1966.32  0  0  -1966.32  0  -1966.32  259.744  0  0  259.744  0  259.744
4.8837e+13  0  1627.9  -1965.61  0  0  -1965.61  0  -1965.61  259.602  0  0  259.602  0  259.602
4.8846e+13  0  1628.2  -1964.9  0  0  -1964.9  0  -1964.9  259.46  0  0  259.46  0  259.46
4.8855e+13  0  1628.5  -1964.19  0  0  -1964.19  0  -1964.19  259.318  0  0  259.318  0  259.318
4.8864e+13  0  1628.8  -1963.47  0  0  -1963.47  0  -1963.47  259.177  0  0  259.177  0  259.177
4.8873e+13  0  1629.1  -1962.76  0  0  -1962.76  0  -1962.76  259.035  0  0  259.035  0  259.035
4.8882e+13  0  1629.4  -1962.05  0  0  -1962.05  0  -1962.05  258.894  0  0  258.894  0  258.894
4.8891e+13  0  1629.7  -1961.34  0  0  -1961.34  0  -1961.34  258.753  0  0  258.753  0  258.753
4.89e+13  0  1630  -1960.63  0  0  -1960.63  0  -1960.63  258.611  0  0  258.611  0  258.611
4.8909e+13  0  1630.3  -1959.93  0  0  -1959.93  0  -1959.93  258.47  0  0  258.47  0  258.47
4.8918e+13  0  1630.6  -1959.22  0  0  -1959.22  0  -1959.22  258.329  0  0  258.329  0  258.329
4.8927e+13  0  1630.9  -1958.51  0  0  -1958.51  0  -1958.51  258.188  0  0  258.188  0  258.188
4.8936e+13  0  1631.2  -1957.8  0  0  -1957.8  0  -1957.8  258.047  0  0  258.047  0  258.047
4.8945e+13  0  1631.5  -1957.09  0  0  -1957.09  0  -1957.09  257.907  0  0  257.907  0  257.907
4.8954e+13  0  1631.8  -1956.39  0  0  -1956.39  0  -1956.39  257.766  0  0  257.766  0  257.766
4.8963e+13  0  1632.1  -1955.68  0  0  -1955.68  0  -1955.68  257.626  0  0  257.626  0  257.626
4.8972e+13  0  1632.4  -1954.97  0  0  -1954.97  0  -1954.97  257.485  0  0  257.485  0  257.485
4.8981e+13  0  1632.7  -1954.27  0  0  -1954.27  0  -1954.27  257.345  0  0  257.345  0  257.345
4.899e+13  0  1633  -1953.56  0  0  -1953.56  0  -1953.56  257.205  0  0  257.205  0  257.205
4.8999e+13  0  1633.3  -1952.85  0  0  -1952.85  0  -1952.85  257.065  0  0  257.065  0  257.065
4.9008e+13  0  1633.6  -1952.15  0  0  -1952.15  0  -1952.15  256.925  0  0  256.925  0  256.925
4.9017e+13  0  1633.9  -1951.44  0  0  -1951.44  0  -1951.44  256.785  0  0  256.785  0  256.785
4.9026e+13  0  1634.2  -1950.74  0  0  -1950.74  0  -1950.74  256.645  0  0  256.645  0  256.645
4.9035e+13  0  1634.5  -1950.04  0  0  -1950.04  0  -1950.04  256.505  0  0  256.505  0  256.505
4.9044e+13  0  1634.8  -1949.33  0  0  -1949.33  0  -1949.33  256.366  0  0  256.366  0  256.366
4.9053e+13  0  1635.1  -1948.63  0  0  -1948.63  0  -1948.63  256.226  0  0  256.226  0  256.226
4.9062e+13  0  1635.4  -1947.93  0  0  -1947.93  0  -1947.93  256.087  0  0  256.087  0  256.087
4.9071e+13  0  1635.7  -1947.23  0  0  -1947.23  0  -1947.23  255.948  0  0  255.948  0  255.948
4.908e+13  0  1636  -1946.52  0  0  -1946.52  0  -1946.52  255.808  0  0  255.808  0  255.808
4.9089e+13  0  1636.3  -1945.82  0  0  -1945.82  0  -1945.82  255.669  0  0  255.669  0  255.669
4.9098e+13  0  1636.6  -1945.12  0  0  -1945.12  0  -1945.12  255.53  0  0  255.53  0  255.53
4.9107e+13  0  1636.9  -1944.42  0  0  -1944.42  0  -1944.42  255.391  0  0  255.391  0  255.391
4.9116e+13  0  1637.2  -1943.72  0  0  -1943.72  0  -1943.72  255.253  0  0  255.253  0  255.253
4.9125e+13  0  1637.5  -1943.02  0  0  -1943.02  0  -1943.02  255.114  0  0  255.114  0  255.114
4.9134e+13  0  1637.8  -1942.32  0  0  -1942.32  0  -1942.32  254.975  0  0  254.975  0  254.975
4.9143e+13  0  1638.1  -1941.62  0  0  -1941.62  0  -1941.62  254.837  0  0  254.837  0  254.837
4.9152e+13  0  1638.4  -1940.92  0  0  -1940.92  0  -1940.92  254.699  0  0  254.699  0  254.699
4.9161e+13  0  1638.7  -1940.22  0  0  -1940.22  0  -1940.22  254.56  0  0  254.56  0  254.56
4.917e+13  0  1639  -1939.52  0  0  -1939.52  0  -1939.52  254.422  0  0  254.422  0  254.422
4.9179e+13  0  1639.3  -1938.83  0  0  -1938.83  0  -1938.83  254.284  0  0  254.284  0  254.284
4.9188e+13  0  1639.6  -1938.13  0  0  -1938.13  0  -1938.13  254.146  0  0  254.146  0  254.146
4.9197e+13  0  1639.9  -1937.43  0  0  -1937.43  0  -1937.43  254.008  0  0  254.008  0  254.008
4.9206e+13  0  1640.2  -1936.74  0  0  -1936.74  0  -1936.74  253.87  0  0  253.87  0  253.87
4.9215e+13  0  1640.5  -1936.04  0  0  -1936.04  0  -1936.04  253.733  0  0  253.733  0  253.733
4.9224e+13  0  1640.8  -1935.34  0  0  -1935.34  0  -1935.34  253.595  0  0  253.595  0  253.595
4.9233e+13  0  1641.1  -1934.65  0  0  -1934.65  0  -1934.65  253.458  0  0  253.458  0  253.458
4.9242e+13  0  1641.4  -1933.95  0  0  -1933.95  0  -1933.95  253.32  0  0  253.32  0  253.32
4.9251e+13  0  1641.7  -1933.26  0  0  -1933.26  0  -1933.26  253.183  0  0  253.183  0  253.183
4.926e+13  0  1642  -1932.56  0  0  -1932.56  0  -1932.56  253.046  0  0  253.046  0  253.046
4.9269e+13  0  1642.3  -1931.87  0  0  -1931.87  0  -1931.87  252.909  0  0  252.909  0  252.909
4.9278e+13  0  1642.6  -1931.18  0  0  -1931.18  0  -1931.18  252.772  0  0  252.772  0  252.772
4.9287e+13  0  1642.9  -1930.48  0  0  -1930.48  0  -1930.48  252.635  0  0  252.635  0  252.635
4.9296e+13  0  1643.2  -1929.79  0  0  -1929.79  0  -1929.79  252.498  0  0  252.498  0  252.498
4.9305e+13  0  1643.5  -1929.1  0  0  -1929.1  0  -1929.1  252.361  0  0  252.361  0  252.361
4.9314e+13  0  1643.8  -1928.4  0  0  -1928.4  0  -1928.4  252.225  0  0  252.225  0  252.225
4.9323e+13  0  1644.1  -1927.71  0  0  -1927.71  0  -1927.71  252.088  0  0  252.088  0  252.088
4.9332e+13  0  1644.4  -1927.02  0  0  -1927.02  0  -1927.02  251.952  0  0  251.952  0  251.952
4.9341e+13  0  1644.7  -1926.33  0  0  -1926.33  0  -1926.33  251.815  0  0  251.815  0  251.815
4.935e+13  0  1645  -1925.64  0  0  -1925.64  0  -1925.64  251.679  0  0  251.679  0  251.679
4.9359e+13  0  1645.3  -1924.95  0  0  -1924.95  0  -1924.95  251.543  0  0  251.543  0  251.543
4.9368e+13  0  1645.6  -1924.26  0  0  -1924.26  0  -1924.26  251.407  0  0  251.407  0  251.407
4.9377e+13  0  1645.9  -1923.57  0  0  -1923.57  0  -1923.57  251.271  0  0  251.271  0  251.271
4.9386e+13  0  1646.2  -1922.88  0  0  -1922.88  0  -1922.88  251.135  0  0  251.135  0  251.135
4.9395e+13  0  1646.5  -1922.19  0  0  -1922.19  0  -1922.19  251  0  0  251  0  251
4.9404e+13  0  1646.8  -1921.5  0  0  -1921.5  0  -1921.5  250.864  0  0  250.864  0  250.864
4.9413e+13  0  1647.1  -1920.81  0  0  -1920.81  0  -1920.81  250.729  0  0  250.729  0  250.729
4.9422e+13  0  1647.4  -1920.13  0  0  -1920.13  0  -1920.13  250.593  0  0  250.593  0  250.593
4.9431e+13  0  1647.7  -1919.44  0  0  -1919.44  0  -1919.44  250.458  0  0  250.458  0  250.458
4.944e+13  0  1648  -1918.75  0  0  -1918.75  0  -1918.75  250.323  0  0  250.323  0  250.323
4.9449e+13  0  1648.3  -1918.07  0  0  -1918.07  0  -1918.07  250.187  0  0  250.187  0  250.187
4.9458e+13  0  1648.6  -1917.38  0  0  -1917.38  0  -1917.38  250.052  0  0  250.052  0  250.052
4.9467e+13  0  1648.9  -1916.69  0  0  -1916.69  0  -1916.69  249.917  0  0  249.917  0  249.917
4.9476e+13  0  1649.2  -1916.01  0  0  -1916.01  0  -1916.01  249.783  0  0  249.783  0  249.783
4.9485e+13  0  1649.5  -1915.32  0  0  -1915.32  0  -1915.32  249.648  0  0  249.648  0  249.648
4.9494e+13  0  1649.8  -1914.64  0  0  -1914.64  0  -1914.64  249.513  0  0  249.513  0  249.513
4.9503e+13  0  1650.1  -1913.95  0  0  -1913.95  0  -1913.95  249.379  0  0  249.379  0  249.379
4.9512e+13  0  1650.4  -1913.27  0  0  -1913.27  0  -1913.27  249.244  0  0  249.244  0  249.244
4.9521e+13  0  1650.7  -1912.58  0  0  -1912.58  0  -1912.58  249.11  0  0  249.11  0  249.11
4.953e+13  0  1651  -1911.9  0  0  -1911.9  0  -1911.9  248.976  0  0  248.976  0  248.976
4.9539e+13  0  1651.3  -1911.22  0  0  -1911.22  0  -1911.22  248.841  0  0  248.841  0  248.841
4.9548e+13  0  1651.6  -1910.54  0  0  -1910.54  0  -1910.54  248.707  0  0  248.707  0  248.707
4.9557e+13  0  1651.9  -1909.85  0  0  -1909.85  0  -1909.85  248.573  0  0  248.573  0  248.573
4.9566e+13  0  1652.2  -1909.17  0  0  -1909.17  0  -1909.17  248.44  0  0  248.44  0  248.44
4.9575e+13  0  1652.5  -1908.49  0  0  -1908.49  0  -1908.49  248.306  0  0  248.306  0  248.306
4.9584e+13  0  1652.8  -1907.81  0  0  -1907.81  0  -1907.81  248.172  0  0  248.172  0  248.172
4.9593e+13  0  1653.1  -1907.13  0  0  -1907.13  0  -1907.13  248.038  0  0  248.038  0  248.038
4.9602e+13  0  1653.4  -1906.45  0  0  -1906.45  0  -1906.45  247.905  0  0  247.905  0  247.905
4.9611e+13  0  1653.7  -1905.77  0  0  -1905.77  0  -1905.77  247.772  0  0  247.772  0  247.772
4.962e+13  0  1654  -1905.09  0  0  -1905.09  0  -1905.09  247.638  0  0  247.638  0  247.638
4.9629e+13  0  1654.3  -1904.41  0  0  -1904.41  0  -1904.41  247.505  0  0  247.505  0  247.505
4.9638e+13  0  1654.6  -1903.73  0  0  -1903.73  0  -1903.73  247.372  0  0  247.372  0  247.372
4.9647e+13  0  1654.9  -1903.05  0  0  -1903.05  0  -1903.05  247.239  0  0  247.239  0  247.239
4.9656e+13  0  1655.2  -1902.37  0  0  -1902.37  0  -1902.37  247.106  0  0  247.106  0  247.106
4.9665e+13  0  1655.5  -1901.69  0  0  -1901.69  0  -1901.69  246.973  0  0  246.973  0  246.973
4.9674e+13  0  1655.8  -1901.02  0  0  -1901.02  0  -1901.02  246.84  0  0  246.84  0  246.84
4.9683e+13  0  1656.1  -1900.34  0  0  -1900.34  0  -1900.34  246.708  0  0  246.708  0  246.708
4.9692e+13  0  1656.4  -1899.66  0  0  -1899.66  0  -1899.66  246.575  0  0  246.575  0  246.575
4.9701e+13  0  1656.7  -1898.99  0  0  -1898.99  0  -1898.99  246.443  0  0  246.443  0  246.443
4.971e+13  0  1657  -1898.31  0  0  -1898.31  0  -1898.31  246.31  0  0  246.31  0  246.31
4.9719e+13  0  1657.3  -1897.63  0  0  -1897.63  0  -1897.63  246.178  0  0  246.178  0  246.178
4.9728e+13  0  1657.6  -1896.96  0  0  -1896.96  0  -1896.96  246.046  0  0  246.046  0  246.046
4.9737e+13  0  1657.9  -1896.28  0  0  -1896.28  0  -1896.28  245.914  0  0  245.914  0  245.914
4.9746e+13  0  1658.2  -1895.61  0  0  -1895.61  0  -1895.61  245.782  0  0  245.782  0  245.782
4.9755e+13  0  1658.5  -1894.93  0  0  -1894.93  0  -1894.93  245.65  0  0  245.65  0  245.65
4.9764e+13  0  1658.8  -1894.26  0  0  -1894.26  0  -1894.26  245.518  0  0  245.518  0  245.518
4.9773e+13  0  1659.1  -1893.59  0  0  -1893.59  0  -1893.59  245.387  0  0  245.387  0  245.387
4.9782e+13  0  1659.4  -1892.91  0  0  -1892.91  0  -1892.91  245.255  0  0  245.255  0  245.255
4.9791e+13  0  1659.7  -1892.24  0  0  -1892.24  0  -1892.24  245.124  0  0  245.124  0  245.124
4.98e+13  0  1660  -1891.57  0  0  -1891.57  0  -1891.57  244.992  0  0  244.992  0  244.992
4.9809e+13  0  1660.3  -1890.89  0  0  -1890.89  0  -1890.89  244.861  0  0  244.861  0  244.861
4.9818e+13  0  1660.6  -1890.22  0  0  -1890.22  0  -1890.22  244.73  0  0  244.73  0  244.73
4.9827e+13  0  1660.9  -1889.55  0  0  -1889.55  0  -1889.55  244.598  0  0  244.598  0  244.598
4.9836e+13  0  1661.2  -1888.88  0  0  -1888.88  0  -1888.88  244.467  0  0  244.467  0  244.467
4.9845e+13  0  1661.5  -1888.21  0  0  -1888.21  0  -1888.21  244.336  0  0  244.336  0  244.336
4.9854e+13  0  1661.8  -1887.54  0  0  -1887.54  0  -1887.54  244.206  0  0  244.206  0  244.206
4.9863e+13  0  1662.1  -1886.87  0  0  -1886.87  0  -1886.87  244.075  0  0  244.075  0  244.075
4.9872e+13  0  1662.4  -1886.2  0  0  -1886.2  0  -1886.2  243.944  0  0  243.944  0  243.944
4.9881e+13  0  1662.7  -1885.53  0  0  -1885.53  0  -1885.53  243.814  0  0  243.814  0  243.814
4.989e+13  0  1663  -1884.86  0  0  -1884.86  0  -1884.86  243.683  0  0  243.683  0  243.683
4.9899e+13  0  1663.3  -1884.19  0  0  -1884.19  0  -1884.19  243.553  0  0  243.553  0  243.553
4.9908e+13  0  1663.6  -1883.52  0  0  -1883.52  0  -1883.52  243.422  0  0  243.422  0  243.422
4.9917e+13  0  1663.9  -1882.86  0  0  -1882.86  0  -1882.86  243.292  0  0  243.292  0  243.292
4.9926e+13  0  1664.2  -1882.19  0  0  -1882.19  0  -1882.19  243.162  0  0  243.162  0  243.162
4.9935e+13  0  1664.5  -1881.52  0  0  -1881.52  0  -1881.52  243.032  0  0  243.032  0  243.032
4.9944e+13  0  1664.8  -1880.85  0  0  -1880.85  0  -1880.85  242.902  0  0  242.902  0  242.902
4.9953e+13  0  1665.1  -1880.19  0  0  -1880.19  0  -1880.19  242.772  0  0  242.772  0  242.772
4.9962e+13  0  1665.4  -1879.52  0  0  -1879.52  0  -1879.52  242.643  0  0  242.643  0  242.643
4.9971e+13  0  1665.7  -1878.86  0  0  -1878.86  0  -1878.86  242.513  0  0  242.513  0  242.513
4.998e+13  0  1666  -1878.19  0  0  -1878.19  0  -1878.19  242.383  0  0  242.383  0  242.383
4.9989e+13  0  1666.3  -1877.52  0  0  -1877.52  0  -1877.52  242.254  0  0  242.254  0  242.254
4.9998e+13  0  1666.6  -1876.86  0  0  -1876.86  0  -1876.86  242.125  0  0  242.125  0  242.125
5.0007e+13  0  1666.9  -1876.2  0  0  -1876.2  0  -1876.2  241.995  0  0  241.995  0  241.995
5.0016e+13  0  1667.2  -1875.53  0  0  -1875.53  0  -1875.53  241.866  0  0  241.866  0  241.866
5.0025e+13  0  1667.5  -1874.87  0  0  -1874.87  0  -1874.87  241.737  0  0  241.737  0  241.737
5.0034e+13  0  1667.8  -1874.2  0  0  -1874.2  0  -1874.2  241.608  0  0  241.608  0  241.608
5.0043e+13  0  1668.1  -1873.54  0  0  -1873.54  0  -1873.54  241.479  0  0  241.479  0  241.479
5.0052e+13  0  1668.4  -1872.88  0  0  -1872.88  0  -1872.88  241.35  0  0  241.35  0  241.35
5.0061e+13  0  1668.7  -1872.22  0  0  -1872.22  0  -1872.22  241.222  0  0  241.222  0  241.222
5.007e+13  0  1669  -1871.55  0  0  -1871.55  0  -1871.55  241.093  0  0  241.093  0  241.093
5.0079e+13  0  1669.3  -1870.89  0  0  -1870.89  0  -1870.89  240.964  0  0  240.964  0  240.964
5.0088e+13  0  1669.6  -1870.23  0  0  -1870.23  0  -1870.23  240.836  0  0  240.836  0  240.836
5.0097e+13  0  1669.9  -1869.57  0  0  -1869.57  0  -1869.57  240.708  0  0  240.708  0  240.708
5.0106e+13  0  1670.2  -1868.91  0  0  -1868.91  0  -1868.91  240.579  0  0  240.579  0  240.579
5.0115e+13  0  1670.5  -1868.25  0  0  -1868.25  0  -1868.25  240.451  0  0  240.451  0  240.451
5.0124e+13  0  1670.8  -1867.59  0  0  -1867.59  0  -1867.59  240.323  0  0  240.323  0  240.323
5.0133e+13  0  1671.1  -1866.93  0  0  -1866.93  0  -1866.93  240.195  0  0  240.195  0  240.195
5.0142e+13  0  1671.4  -1866.27  0  0  -1866.27  0  -1866.27  240.067  0  0  240.067  0  240.067
5.0151e+13  0  1671.7  -1865.61  0  0  -1865.61  0  -1865.61  239.939  0  0  239.939  0  239.939
5.016e+13  0  1672  -1864.95  0  0  -1864.95  0  -1864.95  239.812  0  0  239.812  0  239.812
5.0169e+13  0  1672.3  -1864.29  0  0  -1864.29  0  -1864.29  239.684  0  0  239.684  0  239.684
5.0178e+13  0  1672.6  -1863.64  0  0  -1863.64  0  -1863.64  239.556  0  0  239.556  0  239.556
5.0187e+13  0  1672.9  -1862.98  0  0  -1862.98  0  -1862.98  239.429  0  0  239.429  0  239.429
5.0196e+13  0  1673.2  -1862.32  0  0  -1862.32  0  -1862.32  239.302  0  0  239.302  0  239.302
5.0205e+13  0  1673.5  -1861.67  0  0  -1861.67  0  -1861.67  239.174  0  0  239.174  0  239.174
5.0214e+13  0  1673.8  -1861.01  0  0  -1861.01  0  -1861.01  239.047  0  0  239.047  0  239.047
5.0223e+13  0  1674.1  -1860.35  0  0  -1860.35  0  -1860.35  238.92  0  0  238.92  0  238.92
5.0232e+13  0  1674.4  -1859.7  0  0  -1859.7  0  -1859.7  238.793  0  0  238.793  0  238.793
5.0241e+13  0  1674.7  -1859.04  0  0  -1859.04  0  -1859.04  238.666  0  0  238.666  0  238.666
5.025e+13  0  1675  -1858.39  0  0  -1858.39  0  -1858.39  238.539  0  0  238.539  0  238.539
5.0259e+13  0  1675.3  -1857.73  0  0  -1857.73  0  -1857.73  238.412  0  0  238.412  0  238.412
5.0268e+13  0  1675.6  -1857.08  0  0  -1857.08  0  -1857.08  238.286  0  0  238.286  0  238.286
5.0277e+13  0  1675.9  -1856.42  0  0  -1856.42  0  -1856.42  238.159  0  0  238.159  0  238.159
5.0286e+13  0  1676.2  -1855.77  0  0  -1855.77  0  -1855.77  238.033  0  0  238.033  0  238.033
5.0295e+13  0  1676.5  -1855.12  0  0  -1855.12  0  -1855.12  237.906  0  0  237.906  0  237.906
5.0304e+13  0  1676.8  -1854.46  0  0  -1854.46  0  -1854.46  237.78  0  0  237.78  0  237.78
5.0313e+13  0  1677.1  -1853.81  0  0  -1853.81  0  -1853.81  237.654  0  0  237.654  0  237.654
5.0322e+13  0  1677.4  -1853.16  0  0  -1853.16  0  -1853.16  237.528  0  0  237.528  0  237.528
5.0331e+13  0  1677.7  -1852.51  0  0  -1852.51  0  -1852.51  237.402  0  0  237.402  0  237.402
5.034e+13  0  1678  -1851.85  0  0  -1851.85  0  -1851.85  237.276  0  0  237.276  0  237.276
5.0349e+13  0  1678.3  -1851.2  0  0  -1851.2  0  -1851.2  237.15  0  0  237.15  0  237.15
5.0358e+13  0  1678.6  -1850.55  0  0  -1850.55  0  -1850.55  237.024  0  0  237.024  0  237.024
5.0367e+13  0  1678.9  -1849.9  0  0  -1849.9  0  -1849.9  236.899  0  0  236.899  0  236.899
5.0376e+13  0  1679.2  -1849.25  0  0  -1849.25  0  -1849.25  236.773  0  0  236.773  0  236.773
5.0385e+13  0  1679.5  -1848.6  0  0  -1848.6  0  -1848.6  236.647  0  0  236.647  0  236.647
5.0394e+13  0  1679.8  -1847.95  0  0  -1847.95  0  -1847.95  236.522  0  0  236.522  0  236.522
5.0403e+13  0  1680.1  -1847.3  0  0  -1847.3  0  -1847.3  236.397  0  0  236.397  0  236.397
5.0412e+13  0  1680.4  -1846.65  0  0  -1846.65  0  -1846.65  236.271  0  0  236.271  0  236.271
5.0421e+13  0  1680.7  -1846.01  0  0  -1846.01  0  -1846.01  236.146  0  0  236.146  0  236.146
5.043e+13  0  1681  -1845.36  0  0  -1845.36  0  -1845.36  236.021  0  0  236.021  0  236.021
5.0439e+13  0  1681.3  -1844.71  0  0  -1844.71  0  -1844.71  235.896  0  0  235.896  0  235.896
5.0448e+13  0  1681.6  -1844.06  0  0  -1844.06  0  -1844.06  235.771  0  0  235.771  0  235.771
5.0457e+13  0  1681.9  -1843.41  0  0  -1843.41  0  -1843.41  235.647  0  0  235.647  0  235.647
5.0466e+13  0  1682.2  -1842.77  0  0  -1842.77  0  -1842.77  235.522  0  0  235.522  0  235.522
5.0475e+13  0  1682.5  -1842.12  0  0  -1842.12  0  -1842.12  235.397  0  0  235.397  0  235.397
5.0484e+13  0  1682.8  -1841.47  0  0  -1841.47  0  -1841.47  235.273  0  0  235.273  0  235.273
5.0493e+13  0  1683.1  -1840.83  0  0  -1840.83  0  -1840.83  235.148  0  0  235.148  0  235.148
5.0502e+13  0  1683.4  -1840.18  0  0  -1840.18  0  -1840.18  235.024  0  0  235.024  0  235.024
5.0511e+13  0  1683.7  -1839.54  0  0  -1839.54  0  -1839.54  234.9  0  0  234.9  0  234.9
5.052e+13  0  1684  -1838.89  0  0  -1838.89  0  -1838.89  234.776  0  0  234.776  0  234.776
5.0529e+13  0  1684.3  -1838.25  0  0  -1838.25  0  -1838.25  234.652  0  0  234.652  0  234.652
5.0538e+13  0  1684.6  -1837.6  0  0  -1837.6  0  -1837.6  234.528  0  0  234.528  0  234.528
5.0547e+13  0  1684.9  -1836.96  0  0  -1836.96  0  -1836.96  234.404  0  0  234.404  0  234.404
5.0556e+13  0  1685.2  -1836.32  0  0  -1836.32  0  -1836.32  234.28  0  0  234.28  0  234.28
5.0565e+13  0  1685.5  -1835.67  0  0  -1835.67  0  -1835.67  234.156  0  0  234.156  0  234.156
5.0574e+13  0  1685.8  -1835.03  0  0  -1835.03  0  -1835.03  234.032  0  0  234.032  0  234.032
5.0583e+13  0  1686.1  -1834.39  0  0  -1834.39  0  -1834.39  233.909  0  0  233.909  0  233.909
5.0592e+13  0  1686.4  -1833.75  0  0  -1833.75  0  -1833.75  233.785  0  0  233.785  0  233.785
5.0601e+13  0  1686.7  -1833.11  0  0  -1833.11  0  -1833.11  233.662  0  0  233.662  0  233.662
5.061e+13  0  1687  -1832.46  0  0  -1832.46  0  -1832.46  233.539  0  0  233.539  0  233.539
5.0619e+13  0  1687.3  -1831.82  0  0  -1831.82  0  -1831.82  233.415  0  0  233.415  0  233.415
5.0628e+13  0  1687.6  -1831.18  0  0  -1831.18  0  -1831.18  233.292  0  0  233.292  0  233.292
5.0637e+13  0  1687.9  -1830.54  0  0  -1830.54  0  -1830.54  233.169  0  0  233.169  0  233.169
5.0646e+13  0  1688.2  -1829.9  0  0  -1829.9  0  -1829.9  233.046  0  0  233.046  0  233.046
5.0655e+13  0  1688.5  -1829.26  0  0  -1829.26  0  -1829.26  232.923  0  0  232.923  0  232.923
5.0664e+13  0  1688.8  -1828.62  0  0  -1828.62  0  -1828.62  232.801  0  0  232.801  0  232.801
5.0673e+13  0  1689.1  -1827.98  0  0  -1827.98  0  -1827.98  232.678  0  0  232.678  0  232.678
5.0682e+13  0  1689.4  -1827.34  0  0  -1827.34  0  -1827.34  232.555  0  0  232.555  0  232.555
5.0691e+13  0  1689.7  -1826.71  0  0  -1826.71  0  -1826.71  232.433  0  0  232.433  0  232.433
5.07e+13  0  1690  -1826.07  0  0  -1826.07  0  -1826.07  232.31  0  0  232.31  0  232.31
5.0709e+13  0  1690.3  -1825.43  0  0  -1825.43  0  -1825.43  232.188  0  0  232.188  0  232.188
5.0718e+13  0  1690.6  -1824.79  0  0  -1824.79  0  -1824.79  232.066  0  0  232.066  0  232.066
5.0727e+13  0  1690.9  -1824.15  0  0  -1824.15  0  -1824.15  231.943  0  0  231.943  0  231.943
5.0736e+13  0  1691.2  -1823.52  0  0  -1823.52  0  -1823.52  231.821  0  0  231.821  0  231.821
5.0745e+13  0  1691.5  -1822.88  0  0  -1822.88  0  -1822.88  231.699  0  0  231.699  0  231.699
5.0754e+13  0  1691.8  -1822.25  0  0  -1822.25  0  -1822.25  231.577  0  0  231.577  0  231.577
5.0763e+13  0  1692.1  -1821.61  0  0  -1821.61  0  -1821.61  231.456  0  0  231.456  0  231.456
5.0772e+13  0  1692.4  -1820.97  0  0  -1820.97  0  -1820.97  231.334  0  0  231.334  0  231.334
5.0781e+13  0  1692.7  -1820.34  0  0  -1820.34  0  -1820.34  231.212  0  0  231.212  0  231.212
5.079e+13  0  1693  -1819.7  0  0  -1819.7  0  -1819.7  231.091  0  0  231.091  0  231.091
5.0799e+13  0  1693.3  -1819.07  0  0  -1819.07  0  -1819.07  230.969  0  0  230.969  0  230.969
5.0808e+13  0  1693.6  -1818.44  0  0  -1818.44  0  -1818.44  230.848  0  0  230.848  0  230.848
5.0817e+13  0  1693.9  -1817.8  0  0  -1817.8  0  -1817.8  230.726  0  0  230.726  0  230.726
5.0826e+13  0  1694.2  -1817.17  0  0  -1817.17  0  -1817.17  230.605  0  0  230.605  0  230.605
5.0835e+13  0  1694.5  -1816.53  0  0  -1816.53  0  -1816.53  230.484  0  0  230.484  0  230.484
5.0844e+13  0  1694.8  -1815.9  0  0  -1815.9  0  -1815.9  230.363  0  0  230.363  0  230.363
5.0853e+13  0  1695.1  -1815.27  0  0  -1815.27  0  -1815.27  230.242  0  0  230.242  0  230.242
5.0862e+13  0  1695.4  -1814.64  0  0  -1814.64  0  -1814.64  230.121  0  0  230.121  0  230.121
5.0871e+13  0  1695.7  -1814.01  0  0  -1814.01  0  -1814.01  230  0  0  230  0  230
5.088e+13  0  1696  -1813.37  0  0  -1813.37  0  -1813.37  229.879  0  0  229.879  0  229.879
5.0889e+13  0  1696.3  -1812.74  0  0  -1812.74  0  -1812.74  229.759  0  0  229.759  0  229.759
5.0898e+13  0  1696.6  -1812.11  0  0  -1812.11  0  -1812.11  229.638  0  0  229.638  0  229.638
5.0907e+13  0  1696.9  -1811.48  0  0  -1811.48  0  -1811.48  229.518  0  0  229.518  0  229.518
5.0916e+13  0  1697.2  -1810.85  0  0  -1810.85  0  -1810.85  229.397  0  0  229.397  0  229.397
5.0925e+13  0  1697.5  -1810.22  0  0  -1810.22  0  -1810.22  229.277  0  0  229.277  0  229.277
5.0934e+13  0  1697.8  -1809.59  0  0  -1809.59  0  -1809.59  229.157  0  0  229.157  0  229.157
5.0943e+13  0  1698.1  -1808.96  0  0  -1808.96  0  -1808.96  229.036  0  0  229.036  0  229.036
5.0952e+13  0  1698.4  -1808.33  0  0  -1808.33  0  -1808.33  228.916  0  0  228.916  0  228.916
5.0961e+13  0  1698.7  -1807.7  0  0  -1807.7  0  -1807.7  228.796  0  0  228.796  0  228.796
5.097e+13  0  1699  -1807.08  0  0  -1807.08  0  -1807.08  228.677  0  0  228.677  0  228.677
5.0979e+13  0  1699.3  -1806.45  0  0  -1806.45  0  -1806.45  228.557  0  0  228.557  0  228.557
5.0988e+13  0  1699.6  -1805.82  0  0  -1805.82  0  -1805.82  228.437  0  0  228.437  0  228.437
5.0997e+13  0  1699.9  -1805.19  0  0  -1805.19  0  -1805.19  228.317  0  0  228.317  0  228.317
5.1006e+13  0  1700.2  -1804.57  0  0  -1804.57  0  -1804.57  228.198  0  0  228.198  0  228.198
5.1015e+13  0  1700.5  -1803.94  0  0  -1803.94  0  -1803.94  228.078  0  0  228.078  0  228.078
5.1024e+13  0  1700.8  -1803.31  0  0  -1803.31  0  -1803.31  227.959  0  0  227.959  0  227.959
5.1033e+13  0  1701.1  -1802.69  0  0  -1802.69  0  -1802.69  227.84  0  0  227.84  0  227.84
5.1042e+13  0  1701.4  -1802.06  0  0  -1802.06  0  -1802.06  227.72  0  0  227.72  0  227.72
5.1051e+13  0  1701.7  -1801.44  0  0  -1801.44  0  -1801.44  227.601  0  0  227.601  0  227.601
5.106e+13  0  1702  -1800.81  0  0  -1800.81  0  -1800.81  227.482  0  0  227.482  0  227.482
5.1069e+13  0  1702.3  -1800.19  0  0  -1800.19  0  -1800.19  227.363  0  0  227.363  0  227.363
5.1078e+13  0  1702.6  -1799.56  0  0  -1799.56  0  -1799.56  227.244  0  0  227.244  0  227.244
5.1087e+13  0  1702.9  -1798.94  0  0  -1798.94  0  -1798.94  227.125  0  0  227.125  0  227.125
5.1096e+13  0  1703.2  -1798.31  0  0  -1798.31  0  -1798.31  227.007  0  0  227.007  0  227.007
5.1105e+13  0  1703.5  -1797.69  0  0  -1797.69  0  -1797.69  226.888  0  0  226.888  0  226.888
5.1114e+13  0  1703.8  -1797.07  0  0  -1797.07  0  -1797.07  226.769  0  0  226.769  0  226.769
5.1123e+13  0  1704.1  -1796.45  0  0  -1796.45  0  -1796.45  226.651  0  0  226.651  0  226.651
5.1132e+13  0  1704.4  -1795.82  0  0  -1795.82  0  -1795.82  226.532  0  0  226.532  0  226.532
5.1141e+13  0  1704.7  -1795.2  0  0  -1795.2  0  -1795.2  226.414  0  0  226.414  0  226.414
5.115e+13  0  1705  -1794.58  0  0  -1794.58  0  -1794.58  226.296  0  0  226.296  0  226.296
5.1159e+13  0  1705.3  -1793.96  0  0  -1793.96  0  -1793.96  226.178  0  0  226.178  0  226.178
5.1168e+13  0  1705.6  -1793.34  0  0  -1793.34  0  -1793.34  226.06  0  0  226.06  0  226.06
5.1177e+13  0  1705.9  -1792.72  0  0  -1792.72  0  -1792.72  225.942  0  0  225.942  0  225.942
5.1186e+13  0  1706.2  -1792.09  0  0  -1792.09  0  -1792.09  225.824  0  0  225.824  0  225.824
5.1195e+13  0  1706.5  -1791.47  0  0  -1791.47  0  -1791.47  225.706  0  0  225.706  0  225.706
5.1204e+13  0  1706.8  -1790.85  0  0  -1790.85  0  -1790.85  225.588  0  0  225.588  0  225.588
5.1213e+13  0  1707.1  -1790.24  0  0  -1790.24  0  -1790.24  225.47  0  0  225.47  0  225.47
5.1222e+13  0  1707.4  -1789.62  0  0  -1789.62  0  -1789.62  225.353  0  0  225.353  0  225.353
5.1231e+13  0  1707.7  -1789  0  0  -1789  0  -1789  225.235  0  0  225.235  0  225.235
5.124e+13  0  1708  -1788.38  0  0  -1788.38  0  -1788.38  225.118  0  0  225.118  0  225.118
5.1249e+13  0  1708.3  -1787.76  0  0  -1787.76  0  -1787.76  225.001  0  0  225.001  0  225.001
5.1258e+13  0  1708.6  -1787.14  0  0  -1787.14  0  -1787.14  224.883  0  0  224.883  0  224.883
5.1267e+13  0  1708.9  -1786.52  0  0  -1786.52  0  -1786.52  224.766  0  0  224.766  0  224.766
5.1276e+13  0  1709.2  -1785.91  0  0  -1785.91  0  -1785.91  224.649  0  0  224.649  0  224.649
5.1285e+13  0  1709.5  -1785.29  0  0  -1785.29  0  -1785.29  224.532  0  0  224.532  0  224.532
5.1294e+13  0  1709.8  -1784.67  0  0  -1784.67  0  -1784.67  224.415  0  0  224.415  0  224.415
5.1303e+13  0  1710.1  -1784.06  0  0  -1784.06  0  -1784.06  224.298  0  0  224.298  0  224.298
5.1312e+13  0  1710.4  -1783.44  0  0  -1783.44  0  -1783.44  224.181  0  0  224.181  0  224.181
5.1321e+13  0  1710.7  -1782.83  0  0  -1782.83  0  -1782.83  224.065  0  0  224.065  0  224.065
5.133e+13  0  1711  -1782.21  0  0  -1782.21  0  -1782.21  223.948  0  0  223.948  0  223.948
5.1339e+13  0  1711.3  -1781.59  0  0  -1781.59  0  -1781.59  223.832  0  0  223.832  0  223.832
5.1348e+13  0  1711.6  -1780.98  0  0  -1780.98  0  -1780.98  223.715  0  0  223.715  0  223.715
5.1357e+13  0  1711.9  -1780.37  0  0  -1780.37  0  -1780.37  223.599  0  0  223.599  0  223.599
5.1366e+13  0  1712.2  -1779.75  0  0  -1779.75  0  -1779.75  223.482  0  0  223.482  0  223.482
5.1375e+13  0  1712.5  -1779.14  0  0  -1779.14  0  -1779.14  223.366  0  0  223.366  0  223.366
5.1384e+13  0  1712.8  -1778.52  0  0  -1778.52  0  -1778.52  223.25  0  0  223.25  0  223.25
5.1393e+13  0  1713.1  -1777.91  0  0  -1777.91  0  -1777.91  223.134  0  0  223.134  0  223.134
5.1402e+13  0  1713.4  -1777.3  0  0  -1777.3  0  -1777.3  223.018  0  0  223.018  0  223.018
5.1411e+13  0  1713.7  -1776.69  0  0  -1776.69  0  -1776.69  222.902  0  0  222.902  0  222.902
5.142e+13  0  1714  -1776.07  0  0  -1776.07  0  -1776.07  222.786  0  0  222.786  0  222.786
5.1429e+13  0  1714.3  -1775.46  0  0  -1775.46  0  -1775.46  222.671  0  0  222.671  0  222.671
5.1438e+13  0  1714.6  -1774.85  0  0  -1774.85  0  -1774.85  222.555  0  0  222.555  0  222.555
5.1447e+13  0  1714.9  -1774.24  0  0  -1774.24  0  -1774.24  222.439  0  0  222.439  0  222.439
5.1456e+13  0  1715.2  -1773.63  0  0  -1773.63  0  -1773.63  222.324  0  0  222.324  0  222.324
5.1465e+13  0  1715.5  -1773.02  0  0  -1773.02  0  -1773.02  222.208  0  0  222.208  0  222.208
5.1474e+13  0  1715.8  -1772.41  0  0  -1772.41  0  -1772.41  222.093  0  0  222.093  0  222.093
5.1483e+13  0  1716.1  -1771.8  0  0  -1771.8  0  -1771.8  221.978  0  0  221.978  0  221.978
5.1492e+13  0  1716.4  -1771.19  0  0  -1771.19  0  -1771.19  221.863  0  0  221.863  0  221.863
5.1501e+13  0  1716.7  -1770.58  0  0  -1770.58  0  -1770.58  221.748  0  0  221.748  0  221.748
5.151e+13  0  1717  -1769.97  0  0  -1769.97  0  -1769.97  221.633  0  0  221.633  0  221.633
5.1519e+13  0  1717.3  -1769.36  0  0  -1769.36  0  -1769.36  221.518  0  0  221.518  0  221.518
5.1528e+13  0  1717.6  -1768.75  0  0  -1768.75  0  -1768.75  221.403  0  0  221.403  0  221.403
5.1537e+13  0  1717.9  -1768.14  0  0  -1768.14  0  -1768.14  221.288  0  0  221.288  0  221.288
5.1546e+13  0  1718.2  -1767.53  0  0  -1767.53  0  -1767.53  221.173  0  0  221.173  0  221.173
5.1555e+13  0  1718.5  -1766.93  0  0  -1766.93  0  -1766.93  221.059  0  0  221.059  0  221.059
5.1564e+13  0  1718.8  -1766.32  0  0  -1766.32  0  -1766.32  220.944  0  0  220.944  0  220.944
5.1573e+13  0  1719.1  -1765.71  0  0  -1765.71  0  -1765.71  220.83  0  0  220.83  0  220.83
5.1582e+13  0  1719.4  -1765.11  0  0  -1765.11  0  -1765.11  220.715  0  0  220.715  0  220.715
5.1591e+13  0  1719.7  -1764.5  0  0  -1764.5  0  -1764.5  220.601  0  0  220.601  0  220.601
5.16e+13  0  1720  -1763.89  0  0  -1763.89  0  -1763.89  220.487  0  0  220.487  0  220.487
5.1609e+13  0  1720.3  -1763.29  0  0  -1763.29  0  -1763.29  220.373  0  0  220.373  0  220.373
5.1618e+13  0  1720.6  -1762.68  0  0  -1762.68  0  -1762.68  220.259  0  0  220.259  0  220.259
5.1627e+13  0  1720.9  -1762.08  0  0  -1762.08  0  -1762.08  220.145  0  0  220.145  0  220.145
5.1636e+13  0  1721.2  -1761.47  0  0  -1761.47  0  -1761.47  220.031  0  0  220.031  0  220.031
5.1645e+13  0  1721.5  -1760.87  0  0  -1760.87  0  -1760.87  219.917  0  0  219.917  0  219.917
5.1654e+13  0  1721.8  -1760.26  0  0  -1760.26  0  -1760.26  219.803  0  0  219.803  0  219.803
5.1663e+13  0  1722.1  -1759.66  0  0  -1759.66  0  -1759.66  219.689  0  0  219.689  0  219.689
5.1672e+13  0  1722.4  -1759.06  0  0  -1759.06  0  -1759.06  219.576  0  0  219.576  0  219.576
5.1681e+13  0  1722.7  -1758.45  0  0  -1758.45  0  -1758.45  219.462  0  0  219.462  0  219.462
5.169e+13  0  1723  -1757.85  0  0  -1757.85  0  -1757.85  219.349  0  0  219.349  0  219.349
5.1699e+13  0  1723.3  -1757.25  0  0  -1757.25  0  -1757.25  219.235  0  0  219.235  0  219.235
5.1708e+13  0  1723.6  -1756.65  0  0  -1756.65  0  -1756.65  219.122  0  0  219.122  0  219.122
5.1717e+13  0  1723.9  -1756.04  0  0  -1756.04  0  -1756.04  219.009  0  0  219.009  0  219.009
5.1726e+13  0  1724.2  -1755.44  0  0  -1755.44  0  -1755.44  218.896  0  0  218.896  0  218.896
5.1735e+13  0  1724.5  -1754.84  0  0  -1754.84  0  -1754.84  218.783  0  0  218.783  0  218.783
5.1744e+13  0  1724.8  -1754.24  0  0  -1754.24  0  -1754.24  218.67  0  0  218.67  0  218.67
5.1753e+13  0  1725.1  -1753.64  0  0  -1753.64  0  -1753.64  218.557  0  0  218.557  0  218.557
5.1762e+13  0  1725.4  -1753.04  0  0  -1753.04  0  -1753.04  218.444  0  0  218.444  0  218.444
5.1771e+13  0  1725.7  -1752.44  0  0  -1752.44  0  -1752.44  218.331  0  0  218.331  0  218.331
5.178e+13  0  1726  -1751.84  0  0  -1751.84  0  -1751.84  218.219  0  0  218.219  0  218.219
5.1789e+13  0  1726.3  -1751.24  0  0  -1751.24  0  -1751.24  218.106  0  0  218.106  0  218.106
5.1798e+13  0  1726.6  -1750.64  0  0  -1750.64  0  -1750.64  217.994  0  0  217.994  0  217.994
5.1807e+13  0  1726.9  -1750.04  0  0  -1750.04  0  -1750.04  217.881  0  0  217.881  0  217.881
5.1816e+13  0  1727.2  -1749.44  0  0  -1749.44  0  -1749.44  217.769  0  0  217.769  0  217.769
5.1825e+13  0  1727.5  -1748.84  0  0  -1748.84  0  -1748.84  217.656  0  0  217.656  0  217.656
5.1834e+13  0  1727.8  -1748.25  0  0  -1748.25  0  -1748.25  217.544  0  0  217.544  0  217.544
5.1843e+13  0  1728.1  -1747.65  0  0  -1747.65  0  -1747.65  217.432  0  0  217.432  0  217.432
5.1852e+13  0  1728.4  -1747.05  0  0  -1747.05  0  -1747.05  217.32  0  0  217.32  0  217.32
5.1861e+13  0  1728.7  -1746.45  0  0  -1746.45  0  -1746.45  217.208  0  0  217.208  0  217.208
5.187e+13  0  1729  -1745.86  0  0  -1745.86  0  -1745.86  217.096  0  0  217.096  0  217.096
5.1879e+13  0  1729.3  -1745.26  0  0  -1745.26  0  -1745.26  216.984  0  0  216.984  0  216.984
5.1888e+13  0  1729.6  -1744.66  0  0  -1744.66  0  -1744.66  216.873  0  0  216.873  0  216.873
5.1897e+13  0  1729.9  -1744.07  0  0  -1744.07  0  -1744.07  216.761  0  0  216.761  0  216.761
5.1906e+13  0  1730.2  -1743.47  0  0  -1743.47  0  -1743.47  216.649  0  0  216.649  0  216.649
5.1915e+13  0  1730.5  -1742.88  0  0  -1742.88  0  -1742.88  216.538  0  0  216.538  0  216.538
5.1924e+13  0  1730.8  -1742.28  0  0  -1742.28  0  -1742.28  216.426  0  0  216.426  0  216.426
5.1933e+13  0  1731.1  -1741.69  0  0  -1741.69  0  -1741.69  216.315  0  0  216.315  0  216.315
5.1942e+13  0  1731.4  -1741.09  0  0  -1741.09  0  -1741.09  216.204  0  0  216.204  0  216.204
5.1951e+13  0  1731.7  -1740.5  0  0  -1740.5  0  -1740.5  216.093  0  0  216.093  0  216.093
5.196e+13  0  1732  -1739.91  0  0  -1739.91  0  -1739.91  215.981  0  0  215.981  0  215.981
5.1969e+13  0  1732.3  -1739.31  0  0  -1739.31  0  -1739.31  215.87  0  0  215.87  0  215.87
5.1978e+13  0  1732.6  -1738.72  0  0  -1738.72  0  -1738.72  215.759  0  0  215.759  0  215.759
5.1987e+13  0  1732.9  -1738.13  0  0  -1738.13  0  -1738.13  215.649  0  0  215.649  0  215.649
5.1996e+13  0  1733.2  -1737.53  0  0  -1737.53  0  -1737.53  215.538  0  0  215.538  0  215.538
5.2005e+13  0  1733.5  -1736.94  0  0  -1736.94  0  -1736.94  215.427  0  0  215.427  0  215.427
5.2014e+13  0  1733.8  -1736.35  0  0  -1736.35  0  -1736.35  215.316  0  0  215.316  0  215.316
5.2023e+13  0  1734.1  -1735.76  0  0  -1735.76  0  -1735.76  215.206  0  0  215.206  0  215.206
5.2032e+13  0  1734.4  -1735.17  0  0  -1735.17  0  -1735.17  215.095  0  0  215.095  0  215.095
5.2041e+13  0  1734.7  -1734.58  0  0  -1734.58  0  -1734.58  214.985  0  0  214.985  0  214.985
5.205e+13  0  1735  -1733.99  0  0  -1733.99  0  -1733.99  214.874  0  0  214.874  0  214.874
5.2059e+13  0  1735.3  -1733.4  0  0  -1733.4  0  -1733.4  214.764  0  0  214.764  0  214.764
5.2068e+13  0  1735.6  -1732.8  0  0  -1732.8  0  -1732.8  214.654  0  0  214.654  0  214.654
5.2077e+13  0  1735.9  -1732.22  0  0  -1732.22  0  -1732.22  214.544  0  0  214.544  0  214.544
5.2086e+13  0  1736.2  -1731.63  0  0  -1731.63  0  -1731.63  214.434  0  0  214.434  0  214.434
5.2095e+13  0  1736.5  -1731.04  0  0  -1731.04  0  -1731.04  214.324  0  0  214.324  0  214.324
5.2104e+13  0  1736.8  -1730.45  0  0  -1730.45  0  -1730.45  214.214  0  0  214.214  0  214.214
5.2113e+13  0  1737.1  -1729.86  0  0  -1729.86  0  -1729.86  214.104  0  0  214.104  0  214.104
5.2122e+13  0  1737.4  -1729.27  0  0  -1729.27  0  -1729.27  213.994  0  0  213.994  0  213.994
5.2131e+13  0  1737.7  -1728.68  0  0  -1728.68  0  -1728.68  213.884  0  0  213.884  0  213.884
5.214e+13  0  1738  -1728.09  0  0  -1728.09  0  -1728.09  213.775  0  0  213.775  0  213.775
5.2149e+13  0  1738.3  -1727.51  0  0  -1727.51  0  -1727.51  213.665  0  0  213.665  0  213.665
5.2158e+13  0  1738.6  -1726.92  0  0  -1726.92  0  -1726.92  213.556  0  0  213.556  0  213.556
5.2167e+13  0  1738.9  -1726.33  0  0  -1726.33  0  -1726.33  213.446  0  0  213.446  0  213.446
5.2176e+13  0  1739.2  -1725.75  0  0  -1725.75  0  -1725.75  213.337  0  0  213.337  0  213.337
5.2185e+13  0  1739.5  -1725.16  0  0  -1725.16  0  -1725.16  213.228  0  0  213.228  0  213.228
5.2194e+13  0  1739.8  -1724.57  0  0  -1724.57  0  -1724.57  213.118  0  0  213.118  0  213.118
5.2203e+13  0  1740.1  -1723.99  0  0  -1723.99  0  -1723.99  213.009  0  0  213.009  0  213.009
5.2212e+13  0  1740.4  -1723.4  0  0  -1723.4  0  -1723.4  212.9  0  0  212.9  0  212.9
5.2221e+13  0  1740.7  -1722.82  0  0  -1722.82  0  -1722.82  212.791  0  0  212.791  0  212.791
5.223e+13  0  1741  -1722.23  0  0  -1722.23  0  -1722.23  212.683  0  0  212.683  0  212.683
5.2239e+13  0  1741.3  -1721.65  0  0  -1721.65  0  -1721.65  212.574  0  0  212.574  0  212.574
5.2248e+13  0  1741.6  -1721.07  0  0  -1721.07  0  -1721.07  212.465  0  0  212.465  0  212.465
5.2257e+13  0  1741.9  -1720.48  0  0  -1720.48  0  -1720.48  212.356  0  0  212.356  0  212.356
5.2266e+13  0  1742.2  -1719.9  0  0  -1719.9  0  -1719.9  212.248  0  0  212.248  0  212.248
5.2275e+13  0  1742.5  -1719.31  0  0  -1719.31  0  -1719.31  212.139  0  0  212.139  0  212.139
5.2284e+13  0  1742.8  -1718.73  0  0  -1718.73  0  -1718.73  212.031  0  0  212.031  0  212.031
5.2293e+13  0  1743.1  -1718.15  0  0  -1718.15  0  -1718.15  211.922  0  0  211.922  0  211.922
5.2302e+13  0  1743.4  -1717.57  0  0  -1717.57  0  -1717.57  211.814  0  0  211.814  0  211.814
5.2311e+13  0  1743.7  -1716.98  0  0  -1716.98  0  -1716.98  211.706  0  0  211.706  0  211.706
5.232e+13  0  1744  -1716.4  0  0  -1716.4  0  -1716.4  211.598  0  0  211.598  0  211.598
5.2329e+13  0  1744.3  -1715.82  0  0  -1715.82  0  -1715.82  211.49  0  0  211.49  0  211.49
5.2338e+13  0  1744.6  -1715.24  0  0  -1715.24  0  -1715.24  211.382  0  0  211.382  0  211.382
5.2347e+13  0  1744.9  -1714.66  0  0  -1714.66  0  -1714.66  211.274  0  0  211.274  0  211.274
5.2356e+13  0  1745.2  -1714.08  0  0  -1714.08  0  -1714.08  211.166  0  0  211.166  0  211.166
5.2365e+13  0  1745.5  -1713.5  0  0  -1713.5  0  -1713.5  211.058  0  0  211.058  0  211.058
5.2374e+13  0  1745.8  -1712.92  0  0  -1712.92  0  -1712.92  210.95  0  0  210.95  0  210.95
5.2383e+13  0  1746.1  -1712.34  0  0  -1712.34  0  -1712.34  210.843  0  0  210.843  0  210.843
5.2392e+13  0  1746.4  -1711.76  0  0  -1711.76  0  -1711.76  210.735  0  0  210.735  0  210.735
5.2401e+13  0  1746.7  -1711.18  0  0  -1711.18  0  -1711.18  210.628  0  0  210.628  0  210.628
5.241e+13  0  1747  -1710.6  0  0  -1710.6  0  -1710.6  210.52  0  0  210.52  0  210.52
5.2419e+13  0  1747.3  -1710.02  0  0  -1710.02  0  -1710.02  210.413  0  0  210.413  0  210.413
5.2428e+13  0  1747.6  -1709.44  0  0  -1709.44  0  -1709.44  210.306  0  0  210.306  0  210.306
5.2437e+13  0  1747.9  -1708.87  0  0  -1708.87  0  -1708.87  210.199  0  0  210.199  0  210.199
5.2446e+13  0  1748.2  -1708.29  0  0  -1708.29  0  -1708.29  210.091  0  0  210.091  0  210.091
5.2455e+13  0  1748.5  -1707.71  0  0  -1707.71  0  -1707.71  209.984  0  0  209.984  0  209.984
5.2464e+13  0  1748.8  -1707.13  0  0  -1707.13  0  -1707.13  209.877  0  0  209.877  0  209.877
5.2473e+13  0  1749.1  -1706.56  0  0  -1706.56  0  -1706.56  209.771  0  0  209.771  0  209.771
5.2482e+13  0  1749.4  -1705.98  0  0  -1705.98  0  -1705.98  209.664  0  0  209.664  0  209.664
5.2491e+13  0  1749.7  -1705.4  0  0  -1705.4  0  -1705.4  209.557  0  0  209.557  0  209.557
5.25e+13  0  1750  -1704.83  0  0  -1704.83  0  -1704.83  209.45  0  0  209.45  0  209.45
5.2509e+13  0  1750.3  -1704.25  0  0  -1704.25  0  -1704.25  209.344  0  0  209.344  0  209.344
5.2518e+13  0  1750.6  -1703.68  0  0  -1703.68  0  -1703.68  209.237  0  0  209.237  0  209.237
5.2527e+13  0  1750.9  -1703.1  0  0  -1703.1  0  -1703.1  209.131  0  0  209.131  0  209.131
5.2536e+13  0  1751.2  -1702.53  0  0  -1702.53  0  -1702.53  209.024  0  0  209.024  0  209.024
5.2545e+13  0  1751.5  -1701.95  0  0  -1701.95  0  -1701.95  208.918  0  0  208.918  0  208.918
5.2554e+13  0  1751.8  -1701.38  0  0  -1701.38  0  -1701.38  208.812  0  0  208.812  0  208.812
5.2563e+13  0  1752.1  -1700.8  0  0  -1700.8  0  -1700.8  208.705  0  0  208.705  0  208.705
5.2572e+13  0  1752.4  -1700.23  0  0  -1700.23  0  -1700.23  208.599  0  0  208.599  0  208.599
5.2581e+13  0  1752.7  -1699.66  0  0  -1699.66  0  -1699.66  208.493  0  0  208.493  0  208.493
5.259e+13  0  1753  -1699.08  0  0  -1699.08  0  -1699.08  208.387  0  0  208.387  0  208.387
5.2599e+13  0  1753.3  -1698.51  0  0  -1698.51  0  -1698.51  208.281  0  0  208.281  0  208.281
5.2608e+13  0  1753.6  -1697.94  0  0  -1697.94  0  -1697.94  208.176  0  0  208.176  0  208.176
5.2617e+13  0  1753.9  -1697.37  0  0  -1697.37  0  -1697.37  208.07  0  0  208.07  0  208.07
5.2626e+13  0  1754.2  -1696.79  0  0  -1696.79  0  -1696.79  207.964  0  0  207.964  0  207.964
5.2635e+13  0  1754.5  -1696.22  0  0  -1696.22  0  -1696.22  207.859  0  0  207.859  0  207.859
5.2644e+13  0  1754.8  -1695.65  0  0  -1695.65  0  -1695.65  207.753  0  0  207.753  0  207.753
5.2653e+13  0  1755.1  -1695.08  0  0  -1695.08  0  -1695.08  207.648  0  0  207.648  0  207.648
5.2662e+13  0  1755.4  -1694.51  0  0  -1694.51  0  -1694.51  207.542  0  0  207.542  0  207.542
5.2671e+13  0  1755.7  -1693.94  0  0  -1693.94  0  -1693.94  207.437  0  0  207.437  0  207.437
5.268e+13  0  1756  -1693.37  0  0  -1693.37  0  -1693.37  207.332  0  0  207.332  0  207.332
5.2689e+13  0  1756.3  -1692.8  0  0  -1692.8  0  -1692.8  207.226  0  0  207.226  0  207.226
5.2698e+13  0  1756.6  -1692.23  0  0  -1692.23  0  -1692.23  207.121  0  0  207.121  0  207.121
5.2707e+13  0  1756.9  -1691.66  0  0  -1691.66  0  -1691.66  207.016  0  0  207.016  0  207.016
5.2716e+13  0  1757.2  -1691.09  0  0  -1691.09  0  -1691.09  206.911  0  0  206.911  0  206.911
5.2725e+13  0  1757.5  -1690.52  0  0  -1690.52  0  -1690.52  206.806  0  0  206.806  0  206.806
5.2734e+13  0  1757.8  -1689.95  0  0  -1689.95  0  -1689.95  206.702  0  0  206.702  0  206.702
5.2743e+13  0  1758.1  -1689.39  0  0  -1689.39  0  -1689.39  206.597  0  0  206.597  0  206.597
5.2752e+13  0  1758.4  -1688.82  0  0  -1688.82  0  -1688.82  206.492  0  0  206.492  0  206.492
5.2761e+13  0  1758.7  -1688.25  0  0  -1688.25  0  -1688.25  206.388  0  0  206.388  0  206.388
5.277e+13  0  1759  -1687.68  0  0  -1687.68  0  -1687.68  206.283  0  0  206.283  0  206.283
5.2779e+13  0  1759.3  -1687.12  0  0  -1687.12  0  -1687.12  206.179  0  0  206.179  0  206.179
5.2788e+13  0  1759.6  -1686.55  0  0  -1686.55  0  -1686.55  206.074  0  0  206.074  0  206.074
5.2797e+13  0  1759.9  -1685.98  0  0  -1685.98  0  -1685.98  205.97  0  0  205.97  0  205.97
5.2806e+13  0  1760.2  -1685.42  0  0  -1685.42  0  -1685.42  205.866  0  0  205.866  0  205.866
5.2815e+13  0  1760.5  -1684.85  0  0  -1684.85  0  -1684.85  205.761  0  0  205.761  0  205.761
5.2824e+13  0  1760.8  -1684.28  0  0  -1684.28  0  -1684.28  205.657  0  0  205.657  0  205.657
5.2833e+13  0  1761.1  -1683.72  0  0  -1683.72  0  -1683.72  205.553  0  0  205.553  0  205.553
5.2842e+13  0  1761.4  -1683.15  0  0  -1683.15  0  -1683.15  205.449  0  0  205.449  0  205.449
5.2851e+13  0  1761.7  -1682.59  0  0  -1682.59  0  -1682.59  205.345  0  0  205.345  0  205.345
5.286e+13  0  1762  -1682.02  0  0  -1682.02  0  -1682.02  205.241  0  0  205.241  0  205.241
5.2869e+13  0  1762.3  -1681.46  0  0  -1681.46  0  -1681.46  205.138  0  0  205.138  0  205.138
5.2878e+13  0  1762.6  -1680.9  0  0  -1680.9  0  -1680.9  205.034  0  0  205.034  0  205.034
5.2887e+13  0  1762.9  -1680.33  0  0  -1680.33  0  -1680.33  204.93  0  0  204.93  0  204.93
5.2896e+13  0  1763.2  -1679.77  0  0  -1679.77  0  -1679.77  204.827  0  0  204.827  0  204.827
5.2905e+13  0  1763.5  -1679.21  0  0  -1679.21  0  -1679.21  204.723  0  0  204.723  0  204.723
5.2914e+13  0  1763.8  -1678.64  0  0  -1678.64  0  -1678.64  204.62  0  0  204.62  0  204.62
5.2923e+13  0  1764.1  -1678.08  0  0  -1678.08  0  -1678.08  204.516  0  0  204.516  0  204.516
5.2932e+13  0  1764.4  -1677.52  0  0  -1677.52  0  -1677.52  204.413  0  0  204.413  0  204.413
5.2941e+13  0  1764.7  -1676.96  0  0  -1676.96  0  -1676.96  204.31  0  0  204.31  0  204.31
5.295e+13  0  1765  -1676.4  0  0  -1676.4  0  -1676.4  204.207  0  0  204.207  0  204.207
5.2959e+13  0  1765.3  -1675.83  0  0  -1675.83  0  -1675.83  204.104  0  0  204.104  0  204.104
5.2968e+13  0  1765.6  -1675.27  0  0  -1675.27  0  -1675.27  204.001  0  0  204.001  0  204.001
5.2977e+13  0  1765.9  -1674.71  0  0  -1674.71  0  -1674.71  203.898  0  0  203.898  0  203.898
5.2986e+13  0  1766.2  -1674.15  0  0  -1674.15  0  -1674.15  203.795  0  0  203.795  0  203.795
5.2995e+13  0  1766.5  -1673.59  0  0  -1673.59  0  -1673.59  203.692  0  0  203.692  0  203.692
5.3004e+13  0  1766.8  -1673.03  0  0  -1673.03  0  -1673.03  203.589  0  0  203.589  0  203.589
5.3013e+13  0  1767.1  -1672.47  0  0  -1672.47  0  -1672.47  203.487  0  0  203.487  0  203.487
5.3022e+13  0  1767.4  -1671.91  0  0  -1671.91  0  -1671.91  203.384  0  0  203.384  0  203.384
5.3031e+13  0  1767.7  -1671.35  0  0  -1671.35  0  -1671.35  203.282  0  0  203.282  0  203.282
5.304e+13  0  1768  -1670.79  0  0  -1670.79  0  -1670.79  203.179  0  0  203.179  0  203.179
5.3049e+13  0  1768.3  -1670.24  0  0  -1670.24  0  -1670.24  203.077  0  0  203.077  0  203.077
5.3058e+13  0  1768.6  -1669.68  0  0  -1669.68  0  -1669.68  202.974  0  0  202.974  0  202.974
5.3067e+13  0  1768.9  -1669.12  0  0  -1669.12  0  -1669.12  202.872  0  0  202.872  0  202.872
5.3076e+13  0  1769.2  -1668.56  0  0  -1668.56  0  -1668.56  202.77  0  0  202.77  0  202.77
5.3085e+13  0  1769.5  -1668  0  0  -1668  0  -1668  202.668  0  0  202.668  0  202.668
5.3094e+13  0  1769.8  -1667.45  0  0  -1667.45  0  -1667.45  202.566  0  0  202.566  0  202.566
5.3103e+13  0  1770.1  -1666.89  0  0  -1666.89  0  -1666.89  202.464  0  0  202.464  0  202.464
5.3112e+13  0  1770.4  -1666.33  0  0  -1666.33  0  -1666.33  202.362  0  0  202.362  0  202.362
5.3121e+13  0  1770.7  -1665.78  0  0  -1665.78  0  -1665.78  202.26  0  0  202.26  0  202.26
5.313e+13  0  1771  -1665.22  0  0  -1665.22  0  -1665.22  202.158  0  0  202.158  0  202.158
5.3139e+13  0  1771.3  -1664.66  0  0  -1664.66  0  -1664.66  202.057  0  0  202.057  0  202.057
5.3148e+13  0  1771.6  -1664.11  0  0  -1664.11  0  -1664.11  201.955  0  0  201.955  0  201.955
5.3157e+13  0  1771.9  -1663.55  0  0  -1663.55  0  -1663.55  201.853  0  0  201.853  0  201.853
5.3166e+13  0  1772.2  -1663  0  0  -1663  0  -1663  201.752  0  0  201.752  0  201.752
5.3175e+13  0  1772.5  -1662.44  0  0  -1662.44  0  -1662.44  201.65  0  0  201.65  0  201.65
5.3184e+13  0  1772.8  -1661.89  0  0  -1661.89  0  -1661.89  201.549  0  0  201.549  0  201.549
5.3193e+13  0  1773.1  -1661.34  0  0  -1661.34  0  -1661.34  201.448  0  0  201.448  0  201.448
5.3202e+13  0  1773.4  -1660.78  0  0  -1660.78  0  -1660.78  201.347  0  0  201.347  0  201.347
5.3211e+13  0  1773.7  -1660.23  0  0  -1660.23  0  -1660.23  201.245  0  0  201.245  0  201.245
5.322e+13  0  1774  -1659.67  0  0  -1659.67  0  -1659.67  201.144  0  0  201.144  0  201.144
5.3229e+13  0  1774.3  -1659.12  0  0  -1659.12  0  -1659.12  201.043  0  0  201.043  0  201.043
5.3238e+13  0  1774.6  -1658.57  0  0  -1658.57  0  -1658.57  200.942  0  0  200.942  0  200.942
5.3247e+13  0  1774.9  -1658.02  0  0  -1658.02  0  -1658.02  200.841  0  0  200.841  0  200.841
5.3256e+13  0  1775.2  -1657.46  0  0  -1657.46  0  -1657.46  200.741  0  0  200.741  0  200.741
5.3265e+13  0  1775.5  -1656.91  0  0  -1656.91  0  -1656.91  200.64  0  0  200.64  0  200.64
5.3274e+13  0  1775.8  -1656.36  0  0  -1656.36  0  -1656.36  200.539  0  0  200.539  0  200.539
5.3283e+13  0  1776.1  -1655.81  0  0  -1655.81  0  -1655.81  200.439  0  0  200.439  0  200.439
5.3292e+13  0  1776.4  -1655.26  0  0  -1655.26  0  -1655.26  200.338  0  0  200.338  0  200.338
5.3301e+13  0  1776.7  -1654.71  0  0  -1654.71  0  -1654.71  200.237  0  0  200.237  0  200.237
5.331e+13  0  1777  -1654.16  0  0  -1654.16  0  -1654.16  200.137  0  0  200.137  0  200.137
5.3319e+13  0  1777.3  -1653.61  0  0  -1653.61  0  -1653.61  200.037  0  0  200.037  0  200.037
5.3328e+13  0  1777.6  -1653.06  0  0  -1653.06  0  -1653.06  199.936  0  0  199.936  0  199.936
5.3337e+13  0  1777.9  -1652.51  0  0  -1652.51  0  -1652.51  199.836  0  0  199.836  0  199.836
5.3346e+13  0  1778.2  -1651.96  0  0  -1651.96  0  -1651.96  199.736  0  0  199.736  0  199.736
5.3355e+13  0  1778.5  -1651.41  0  0  -1651.41  0  -1651.41  199.636  0  0  199.636  0  199.636
5.3364e+13  0  1778.8  -1650.86  0  0  -1650.86  0  -1650.86  199.536  0  0  199.536  0  199.536
5.3373e+13  0  1779.1  -1650.31  0  0  -1650.31  0  -1650.31  199.436  0  0  199.436  0  199.436
5.3382e+13  0  1779.4  -1649.76  0  0  -1649.76  0  -1649.76  199.336  0  0  199.336  0  199.336
5.3391e+13  0  1779.7  -1649.21  0  0  -1649.21  0  -1649.21  199.236  0  0  199.236  0  199.236
5.34e+13  0  1780  -1648.67  0  0  -1648.67  0  -1648.67  199.137  0  0  199.137  0  199.137
5.3409e+13  0  1780.3  -1648.12  0  0  -1648.12  0  -1648.12  199.037  0  0  199.037  0  199.037
5.3418e+13  0  1780.6  -1647.57  0  0  -1647.57  0  -1647.57  198.937  0  0  198.937  0  198.937
5.3427e+13  0  1780.9  -1647.02  0  0  -1647.02  0  -1647.02  198.838  0  0  198.838  0  198.838
5.3436e+13  0  1781.2  -1646.48  0  0  -1646.48  0  -1646.48  198.738  0  0  198.738  0  198.738
5.3445e+13  0  1781.5  -1645.93  0  0  -1645.93  0  -1645.93  198.639  0  0  198.639  0  198.639
5.3454e+13  0  1781.8  -1645.38  0  0  -1645.38  0  -1645.38  198.539  0  0  198.539  0  198.539
5.3463e+13  0  1782.1  -1644.84  0  0  -1644.84  0  -1644.84  198.44  0  0  198.44  0  198.44
5.3472e+13  0  1782.4  -1644.29  0  0  -1644.29  0  -1644.29  198.341  0  0  198.341  0  198.341
5.3481e+13  0  1782.7  -1643.75  0  0  -1643.75  0  -1643.75  198.242  0  0  198.242  0  198.242
5.349e+13  0  1783  -1643.2  0  0  -1643.2  0  -1643.2  198.143  0  0  198.143  0  198.143
5.3499e+13  0  1783.3  -1642.66  0  0  -1642.66  0  -1642.66  198.044  0  0  198.044  0  198.044
5.3508e+13  0  1783.6  -1642.11  0  0  -1642.11  0  -1642.11  197.945  0  0  197.945  0  197.945
5.3517e+13  0  1783.9  -1641.57  0  0  -1641.57  0  -1641.57  197.846  0  0  197.846  0  197.846
5.3526e+13  0  1784.2  -1641.02  0  0  -1641.02  0  -1641.02  197.747  0  0  197.747  0  197.747
5.3535e+13  0  1784.5  -1640.48  0  0  -1640.48  0  -1640.48  197.648  0  0  197.648  0  197.648
5.3544e+13  0  1784.8  -1639.94  0  0  -1639.94  0  -1639.94  197.549  0  0  197.549  0  197.549
5.3553e+13  0  1785.1  -1639.39  0  0  -1639.39  0  -1639.39  197.451  0  0  197.451  0  197.451
5.3562e+13  0  1785.4  -1638.85  0  0  -1638.85  0  -1638.85  197.352  0  0  197.352  0  197.352
5.3571e+13  0  1785.7  -1638.31  0  0  -1638.31  0  -1638.31  197.254  0  0  197.254  0  197.254
5.358e+13  0  1786  -1637.76  0  0  -1637.76  0  -1637.76  197.155  0  0  197.155  0  197.155
5.3589e+13  0  1786.3  -1637.22  0  0  -1637.22  0  -1637.22  197.057  0  0  197.057  0  197.057
5.3598e+13  0  1786.6  -1636.68  0  0  -1636.68  0  -1636.68  196.959  0  0  196.959  0  196.959
5.3607e+13  0  1786.9  -1636.14  0  0  -1636.14  0  -1636.14  196.86  0  0  196.86  0  196.86
5.3616e+13  0  1787.2  -1635.6  0  0  -1635.6  0  -1635.6  196.762  0  0  196.762  0  196.762
5.3625e+13  0  1787.5  -1635.06  0  0  -1635.06  0  -1635.06  196.664  0  0  196.664  0  196.664
5.3634e+13  0  1787.8  -1634.52  0  0  -1634.52  0  -1634.52  196.566  0  0  196.566  0  196.566
5.3643e+13  0  1788.1  -1633.97  0  0  -1633.97  0  -1633.97  196.468  0  0  196.468  0  196.468
5.3652e+13  0  1788.4  -1633.43  0  0  -1633.43  0  -1633.43  196.37  0  0  196.37  0  196.37
5.3661e+13  0  1788.7  -1632.89  0  0  -1632.89  0  -1632.89  196.272  0  0  196.272  0  196.272
5.367e+13  0  1789  -1632.35  0  0  -1632.35  0  -1632.35  196.175  0  0  196.175  0  196.175
5.3679e+13  0  1789.3  -1631.81  0  0  -1631.81  0  -1631.81  196.077  0  0  196.077  0  196.077
5.3688e+13  0  1789.6  -1631.28  0  0  -1631.28  0  -1631.28  195.979  0  0  195.979  0  195.979
5.3697e+13  0  1789.9  -1630.74  0  0  -1630.74  0  -1630.74  195.882  0  0  195.882  0  195.882
5.3706e+13  0  1790.2  -1630.2  0  0  -1630.2  0  -1630.2  195.784  0  0  195.784  0  195.784
5.3715e+13  0  1790.5  -1629.66  0  0  -1629.66  0  -1629.66  195.687  0  0  195.687  0  195.687
5.3724e+13  0  1790.8  -1629.12  0  0  -1629.12  0  -1629.12  195.589  0  0  195.589  0  195.589
5.3733e+13  0  1791.1  -1628.58  0  0  -1628.58  0  -1628.58  195.492  0  0  195.492  0  195.492
5.3742e+13  0  1791.4  -1628.05  0  0  -1628.05  0  -1628.05  195.395  0  0  195.395  0  195.395
5.3751e+13  0  1791.7  -1627.51  0  0  -1627.51  0  -1627.51  195.297  0  0  195.297  0  195.297
5.376e+13  0  1792  -1626.97  0  0  -1626.97  0  -1626.97  195.2  0  0  195.2  0  195.2
5.3769e+13  0  1792.3  -1626.43  0  0  -1626.43  0  -1626.43  195.103  0  0  195.103  0  195.103
5.3778e+13  0  1792.6  -1625.9  0  0  -1625.9  0  -1625.9  195.006  0  0  195.006  0  195.006
5.3787e+13  0  1792.9  -1625.36  0  0  -1625.36  0  -1625.36  194.909  0  0  194.909  0  194.909
5.3796e+13  0  1793.2  -1624.83  0  0  -1624.83  0  -1624.83  194.812  0  0  194.812  0  194.812
5.3805e+13  0  1793.5  -1624.29  0  0  -1624.29  0  -1624.29  194.715  0  0  194.715  0  194.715
5.3814e+13  0  1793.8  -1623.75  0  0  -1623.75  0  -1623.75  194.619  0  0  194.619  0  194.619
5.3823e+13  0  1794.1  -1623.22  0  0  -1623.22  0  -1623.22  194.522  0  0  194.522  0  194.522
5.3832e+13  0  1794.4  -1622.68  0  0  -1622.68  0  -1622.68  194.425  0  0  194.425  0  194.425
5.3841e+13  0  1794.7  -1622.15  0  0  -1622.15  0  -1622.15  194.329  0  0  194.329  0  194.329
5.385e+13  0  1795  -1621.61  0  0  -1621.61  0  -1621.61  194.232  0  0  194.232  0  194.232
5.3859e+13  0  1795.3  -1621.08  0  0  -1621.08  0  -1621.08  194.136  0  0  194.136  0  194.136
5.3868e+13  0  1795.6  -1620.55  0  0  -1620.55  0  -1620.55  194.04  0  0  194.04  0  194.04
5.3877e+13  0  1795.9  -1620.01  0  0  -1620.01  0  -1620.01  193.943  0  0  193.943  0  193.943
5.3886e+13  0  1796.2  -1619.48  0  0  -1619.48  0  -1619.48  193.847  0  0  193.847  0  193.847
5.3895e+13  0  1796.5  -1618.95  0  0  -1618.95  0  -1618.95  193.751  0  0  193.751  0  193.751
5.3904e+13  0  1796.8  -1618.41  0  0  -1618.41  0  -1618.41  193.655  0  0  193.655  0  193.655
5.3913e+13  0  1797.1  -1617.88  0  0  -1617.88  0  -1617.88  193.559  0  0  193.559  0  193.559
5.3922e+13  0  1797.4  -1617.35  0  0  -1617.35  0  -1617.35  193.463  0  0  193.463  0  193.463
5.3931e+13  0  1797.7  -1616.82  0  0  -1616.82  0  -1616.82  193.367  0  0  193.367  0  193.367
5.394e+13  0  1798  -1616.28  0  0  -1616.28  0  -1616.28  193.271  0  0  193.271  0  193.271
5.3949e+13  0  1798.3  -1615.75  0  0  -1615.75  0  -1615.75  193.175  0  0  193.175  0  193.175
5.3958e+13  0  1798.6  -1615.22  0  0  -1615.22  0  -1615.22  193.079  0  0  193.079  0  193.079
5.3967e+13  0  1798.9  -1614.69  0  0  -1614.69  0  -1614.69  192.984  0  0  192.984  0  192.984
5.3976e+13  0  1799.2  -1614.16  0  0  -1614.16  0  -1614.16  192.888  0  0  192.888  0  192.888
5.3985e+13  0  1799.5  -1613.63  0  0  -1613.63  0  -1613.63  192.792  0  0  192.792  0  192.792
5.3994e+13  0  1799.8  -1613.1  0  0  -1613.1  0  -1613.1  192.697  0  0  192.697  0  192.697
5.4003e+13  0  1800.1  -1612.57  0  0  -1612.57  0  -1612.57  192.602  0  0  192.602  0  192.602
5.4012e+13  0  1800.4  -1612.04  0  0  -1612.04  0  -1612.04  192.506  0  0  192.506  0  192.506
5.4021e+13  0  1800.7  -1611.51  0  0  -1611.51  0  -1611.51  192.411  0  0  192.411  0  192.411
5.403e+13  0  1801  -1610.98  0  0  -1610.98  0  -1610.98  192.316  0  0  192.316  0  192.316
5.4039e+13  0  1801.3  -1610.45  0  0  -1610.45  0  -1610.45  192.22  0  0  192.22  0  192.22
5.4048e+13  0  1801.6  -1609.92  0  0  -1609.92  0  -1609.92  192.125  0  0  192.125  0  192.125
5.4057e+13  0  1801.9  -1609.39  0  0  -1609.39  0  -1609.39  192.03  0  0  192.03  0  192.03
5.4066e+13  0  1802.2  -1608.86  0  0  -1608.86  0  -1608.86  191.935  0  0  191.935  0  191.935
5.4075e+13  0  1802.5  -1608.34  0  0  -1608.34  0  -1608.34  191.84  0  0  191.84  0  191.84
5.4084e+13  0  1802.8  -1607.81  0  0  -1607.81  0  -1607.81  191.746  0  0  191.746  0  191.746
5.4093e+13  0  1803.1  -1607.28  0  0  -1607.28  0  -1607.28  191.651  0  0  191.651  0  191.651
5.4102e+13  0  1803.4  -1606.75  0  0  -1606.75  0  -1606.75  191.556  0  0  191.556  0  191.556
5.4111e+13  0  1803.7  -1606.23  0  0  -1606.23  0  -1606.23  191.461  0  0  191.461  0  191.461
5.412e+13  0  1804  -1605.7  0  0  -1605.7  0  -1605.7  191.367  0  0  191.367  0  191.367
5.4129e+13  0  1804.3  -1605.17  0  0  -1605.17  0  -1605.17  191.272  0  0  191.272  0  191.272
5.4138e+13  0  1804.6  -1604.65  0  0  -1604.65  0  -1604.65  191.178  0  0  191.178  0  191.178
5.4147e+13  0  1804.9  -1604.12  0  0  -1604.12  0  -1604.12  191.083  0  0  191.083  0  191.083
5.4156e+13  0  1805.2  -1603.6  0  0  -1603.6  0  -1603.6  190.989  0  0  190.989  0  190.989
5.4165e+13  0  1805.5  -1603.07  0  0  -1603.07  0  -1603.07  190.895  0  0  190.895  0  190.895
5.4174e+13  0  1805.8  -1602.55  0  0  -1602.55  0  -1602.55  190.8  0  0  190.8  0  190.8
5.4183e+13  0  1806.1  -1602.02  0  0  -1602.02  0  -1602.02  190.706  0  0  190.706  0  190.706
5.4192e+13  0  1806.4  -1601.5  0  0  -1601.5  0  -1601.5  190.612  0  0  190.612  0  190.612
5.4201e+13  0  1806.7  -1600.97  0  0  -1600.97  0  -1600.97  190.518  0  0  190.518  0  190.518
5.421e+13  0  1807  -1600.45  0  0  -1600.45  0  -1600.45  190.424  0  0  190.424  0  190.424
5.4219e+13  0  1807.3  -1599.92  0  0  -1599.92  0  -1599.92  190.33  0  0  190.33  0  190.33
5.4228e+13  0  1807.6  -1599.4  0  0  -1599.4  0  -1599.4  190.236  0  0  190.236  0  190.236
5.4237e+13  0  1807.9  -1598.88  0  0  -1598.88  0  -1598.88  190.142  0  0  190.142  0  190.142
5.4246e+13  0  1808.2  -1598.35  0  0  -1598.35  0  -1598.35  190.049  0  0  190.049  0  190.049
5.4255e+13  0  1808.5  -1597.83  0  0  -1597.83  0  -1597.83  189.955  0  0  189.955  0  189.955
5.4264e+13  0  1808.8  -1597.31  0  0  -1597.31  0  -1597.31  189.861  0  0  189.861  0  189.861
5.4273e+13  0  1809.1  -1596.79  0  0  -1596.79  0  -1596.79  189.768  0  0  189.768  0  189.768
5.4282e+13  0  1809.4  -1596.26  0  0  -1596.26  0  -1596.26  189.674  0  0  189.674  0  189.674
5.4291e+13  0  1809.7  -1595.74  0  0  -1595.74  0  -1595.74  189.581  0  0  189.581  0  189.581
5.43e+13  0  1810  -1595.22  0  0  -1595.22  0  -1595.22  189.487  0  0  189.487  0  189.487
5.4309e+13  0  1810.3  -1594.7  0  0  -1594.7  0  -1594.7  189.394  0  0  189.394  0  189.394
5.4318e+13  0  1810.6  -1594.18  0  0  -1594.18  0  -1594.18  189.301  0  0  189.301  0  189.301
5.4327e+13  0  1810.9  -1593.66  0  0  -1593.66  0  -1593.66  189.208  0  0  189.208  0  189.208
5.4336e+13  0  1811.2  -1593.14  0  0  -1593.14  0  -1593.14  189.115  0  0  189.115  0  189.115
5.4345e+13  0  1811.5  -1592.62  0  0  -1592.62  0  -1592.62  189.022  0  0  189.022  0  189.022
5.4354e+13  0  1811.8  -1592.1  0  0  -1592.1  0  -1592.1  188.929  0  0  188.929  0  188.929
5.4363e+13  0  1812.1  -1591.58  0  0  -1591.58  0  -1591.58  188.836  0  0  188.836  0  188.836
5.4372e+13  0  1812.4  -1591.06  0  0  -1591.06  0  -1591.06  188.743  0  0  188.743  0  188.743
5.4381e+13  0  1812.7  -1590.54  0  0  -1590.54  0  -1590.54  188.65  0  0  188.65  0  188.65
5.439e+13  0  1813  -1590.02  0  0  -1590.02  0  -1590.02  188.557  0  0  188.557  0  188.557
5.4399e+13  0  1813.3  -1589.5  0  0  -1589.5  0  -1589.5  188.464  0  0  188.464  0  188.464
5.4408e+13  0  1813.6  -1588.98  0  0  -1588.98  0  -1588.98  188.372  0  0  188.372  0  188.372
5.4417e+13  0  1813.9  -1588.46  0  0  -1588.46  0  -1588.46  188.279  0  0  188.279  0  188.279
5.4426e+13  0  1814.2  -1587.94  0  0  -1587.94  0  -1587.94  188.187  0  0  188.187  0  188.187
5.4435e+13  0  1814.5  -1587.43  0  0  -1587.43  0  -1587.43  188.094  0  0  188.094  0  188.094
5.4444e+13  0  1814.8  -1586.91  0  0  -1586.91  0  -1586.91  188.002  0  0  188.002  0  188.002
5.4453e+13  0  1815.1  -1586.39  0  0  -1586.39  0  -1586.39  187.909  0  0  187.909  0  187.909
5.4462e+13  0  1815.4  -1585.88  0  0  -1585.88  0  -1585.88  187.817  0  0  187.817  0  187.817
5.4471e+13  0  1815.7  -1585.36  0  0  -1585.36  0  -1585.36  187.725  0  0  187.725  0  187.725
5.448e+13  0  1816  -1584.84  0  0  -1584.84  0  -1584.84  187.633  0  0  187.633  0  187.633
5.4489e+13  0  1816.3  -1584.33  0  0  -1584.33  0  -1584.33  187.541  0  0  187.541  0  187.541
5.4498e+13  0  1816.6  -1583.81  0  0  -1583.81  0  -1583.81  187.449  0  0  187.449  0  187.449
5.4507e+13  0  1816.9  -1583.29  0  0  -1583.29  0  -1583.29  187.357  0  0  187.357  0  187.357
5.4516e+13  0  1817.2  -1582.78  0  0  -1582.78  0  -1582.78  187.265  0  0  187.265  0  187.265
5.4525e+13  0  1817.5  -1582.26  0  0  -1582.26  0  -1582.26  187.173  0  0  187.173  0  187.173
5.4534e+13  0  1817.8  -1581.75  0  0  -1581.75  0  -1581.75  187.081  0  0  187.081  0  187.081
5.4543e+13  0  1818.1  -1581.23  0  0  -1581.23  0  -1581.23  186.989  0  0  186.989  0  186.989
5.4552e+13  0  1818.4  -1580.72  0  0  -1580.72  0  -1580.72  186.898  0  0  186.898  0  186.898
5.4561e+13  0  1818.7  -1580.2  0  0  -1580.2  0  -1580.2  186.806  0  0  186.806  0  186.806
5.457e+13  0  1819  -1579.69  0  0  -1579.69  0  -1579.69  186.714  0  0  186.714  0  186.714
5.4579e+13  0  1819.3  -1579.18  0  0  -1579.18  0  -1579.18  186.623  0  0  186.623  0  186.623
5.4588e+13  0  1819.6  -1578.66  0  0  -1578.66  0  -1578.66  186.531  0  0  186.531  0  186.531
5.4597e+13  0  1819.9  -1578.15  0  0  -1578.15  0  -1578.15  186.44  0  0  186.44  0  186.44
5.4606e+13  0  1820.2  -1577.64  0  0  -1577.64  0  -1577.64  186.349  0  0  186.349  0  186.349
5.4615e+13  0  1820.5  -1577.12  0  0  -1577.12  0  -1577.12  186.257  0  0  186.257  0  186.257
5.4624e+13  0  1820.8  -1576.61  0  0  -1576.61  0  -1576.61  186.166  0  0  186.166  0  186.166
5.4633e+13  0  1821.1  -1576.1  0  0  -1576.1  0  -1576.1  186.075  0  0  186.075  0  186.075
5.4642e+13  0  1821.4  -1575.59  0  0  -1575.59  0  -1575.59  185.984  0  0  185.984  0  185.984
5.4651e+13  0  1821.7  -1575.08  0  0  -1575.08  0  -1575.08  185.893  0  0  185.893  0  185.893
5.466e+13  0  1822  -1574.56  0  0  -1574.56  0  -1574.56  185.802  0  0  185.802  0  185.802
5.4669e+13  0  1822.3  -1574.05  0  0  -1574.05  0  -1574.05  185.711  0  0  185.711  0  185.711
5.4678e+13  0  1822.6  -1573.54  0  0  -1573.54  0  -1573.54  185.62  0  0  185.62  0  185.62
5.4687e+13  0  1822.9  -1573.03  0  0  -1573.03  0  -1573.03  185.529  0  0  185.529  0  185.529
5.4696e+13  0  1823.2  -1572.52  0  0  -1572.52  0  -1572.52  185.439  0  0  185.439  0  185.439
5.4705e+13  0  1823.5  -1572.01  0  0  -1572.01  0  -1572.01  185.348  0  0  185.348  0  185.348
5.4714e+13  0  1823.8  -1571.5  0  0  -1571.5  0  -1571.5  185.257  0  0  185.257  0  185.257
5.4723e+13  0  1824.1  -1570.99  0  0  -1570.99  0  -1570.99  185.167  0  0  185.167  0  185.167
5.4732e+13  0  1824.4  -1570.48  0  0  -1570.48  0  -1570.48  185.076  0  0  185.076  0  185.076
5.4741e+13  0  1824.7  -1569.97  0  0  -1569.97  0  -1569.97  184.986  0  0  184.986  0  184.986
5.475e+13  0  1825  -1569.46  0  0  -1569.46  0  -1569.46  184.896  0  0  184.896  0  184.896
5.4759e+13  0  1825.3  -1568.95  0  0  -1568.95  0  -1568.95  184.805  0  0  184.805  0  184.805
5.4768e+13  0  1825.6  -1568.45  0  0  -1568.45  0  -1568.45  184.715  0  0  184.715  0  184.715
5.4777e+13  0  1825.9  -1567.94  0  0  -1567.94  0  -1567.94  184.625  0  0  184.625  0  184.625
5.4786e+13  0  1826.2  -1567.43  0  0  -1567.43  0  -1567.43  184.535  0  0  184.535  0  184.535
5.4795e+13  0  1826.5  -1566.92  0  0  -1566.92  0  -1566.92  184.445  0  0  184.445  0  184.445
5.4804e+13  0  1826.8  -1566.41  0  0  -1566.41  0  -1566.41  184.355  0  0  184.355  0  184.355
5.4813e+13  0  1827.1  -1565.91  0  0  -1565.91  0  -1565.91  184.265  0  0  184.265  0  184.265
5.4822e+13  0  1827.4  -1565.4  0  0  -1565.4  0  -1565.4  184.175  0  0  184.175  0  184.175
5.4831e+13  0  1827.7  -1564.89  0  0  -1564.89  0  -1564.89  184.085  0  0  184.085  0  184.085
5.484e+13  0  1828  -1564.39  0  0  -1564.39  0  -1564.39  183.995  0  0  183.995  0  183.995
5.4849e+13  0  1828.3  -1563.88  0  0  -1563.88  0  -1563.88  183.905  0  0  183.905  0  183.905
5.4858e+13  0  1828.6  -1563.37  0  0  -1563.37  0  -1563.37  183.816  0  0  183.816  0  183.816
5.4867e+13  0  1828.9  -1562.87  0  0  -1562.87  0  -1562.87  183.726  0  0  183.726  0  183.726
5.4876e+13  0  1829.2  -1562.36  0  0  -1562.36  0  -1562.36  183.636  0  0  183.636  0  183.636
5.4885e+13  0  1829.5  -1561.86  0  0  -1561.86  0  -1561.86  183.547  0  0  183.547  0  183.547
5.4894e+13  0  1829.8  -1561.35  0  0  -1561.35  0  -1561.35  183.457  0  0  183.457  0  183.457
5.4903e+13  0  1830.1  -1560.85  0  0  -1560.85  0  -1560.85  183.368  0  0  183.368  0  183.368
5.4912e+13  0  1830.4  -1560.34  0  0  -1560.34  0  -1560.34  183.279  0  0  183.279  0  183.279
5.4921e+13  0  1830.7  -1559.84  0  0  -1559.84  0  -1559.84  183.19  0  0  183.19  0  183.19
5.493e+13  0  1831  -1559.33  0  0  -1559.33  0  -1559.33  183.1  0  0  183.1  0  183.1
5.4939e+13  0  1831.3  -1558.83  0  0  -1558.83  0  -1558.83  183.011  0  0  183.011  0  183.011
5.4948e+13  0  1831.6  -1558.33  0  0  -1558.33  0  -1558.33  182.922  0  0  182.922  0  182.922
5.4957e+13  0  1831.9  -1557.82  0  0  -1557.82  0  -1557.82  182.833  0  0  182.833  0  182.833
5.4966e+13  0  1832.2  -1557.32  0  0  -1557.32  0  -1557.32  182.744  0  0  182.744  0  182.744
5.4975e+13  0  1832.5  -1556.82  0  0  -1556.82  0  -1556.82  182.655  0  0  182.655  0  182.655
5.4984e+13  0  1832.8  -1556.31  0  0  -1556.31  0  -1556.31  182.566  0  0  182.566  0  182.566
5.4993e+13  0  1833.1  -1555.81  0  0  -1555.81  0  -1555.81  182.477  0  0  182.477  0  182.477
5.5002e+13  0  1833.4  -1555.31  0  0  -1555.31  0  -1555.31  182.389  0  0  182.389  0  182.389
5.5011e+13  0  1833.7  -1554.81  0  0  -1554.81  0  -1554.81  182.3  0  0  182.3  0  182.3
5.502e+13  0  1834  -1554.31  0  0  -1554.31  0  -1554.31  182.211  0  0  182.211  0  182.211
5.5029e+13  0  1834.3  -1553.8  0  0  -1553.8  0  -1553.8  182.123  0  0  182.123  0  182.123
5.5038e+13  0  1834.6  -1553.3  0  0  -1553.3  0  -1553.3  182.034  0  0  182.034  0  182.034
5.5047e+13  0  1834.9  -1552.8  0  0  -1552.8  0  -1552.8  181.946  0  0  181.946  0  181.946
5.5056e+13  0  1835.2  -1552.3  0  0  -1552.3  0  -1552.3  181.857  0  0  181.857  0  181.857
5.5065e+13  0  1835.5  -1551.8  0  0  -1551.8  0  -1551.8  181.769  0  0  181.769  0  181.769
5.5074e+13  0  1835.8  -1551.3  0  0  -1551.3  0  -1551.3  181.681  0  0  181.681  0  181.681
5.5083e+13  0  1836.1  -1550.8  0  0  -1550.8  0  -1550.8  181.592  0  0  181.592  0  181.592
5.5092e+13  0  1836.4  -1550.3  0  0  -1550.3  0  -1550.3  181.504  0  0  181.504  0  181.504
5.5101e+13  0  1836.7  -1549.8  0  0  -1549.8  0  -1549.8  181.416  0  0  181.416  0  181.416
5.511e+13  0  1837  -1549.3  0  0  -1549.3  0  -1549.3  181.328  0  0  181.328  0  181.328
5.5119e+13  0  1837.3  -1548.8  0  0  -1548.8  0  -1548.8  181.24  0  0  181.24  0  181.24
5.5128e+13  0  1837.6  -1548.3  0  0  -1548.3  0  -1548.3  181.152  0  0  181.152  0  181.152
5.5137e+13  0  1837.9  -1547.8  0  0  -1547.8  0  -1547.8  181.064  0  0  181.064  0  181.064
5.5146e+13  0  1838.2  -1547.31  0  0  -1547.31  0  -1547.31  180.976  0  0  180.976  0  180.976
5.5155e+13  0  1838.5  -1546.81  0  0  -1546.81  0  -1546.81  180.889  0  0  180.889  0  180.889
5.5164e+13  0  1838.8  -1546.31  0  0  -1546.31  0  -1546.31  180.801  0  0  180.801  0  180.801
5.5173e+13  0  1839.1  -1545.81  0  0  -1545.81  0  -1545.81  180.713  0  0  180.713  0  180.713
5.5182e+13  0  1839.4  -1545.32  0  0  -1545.32  0  -1545.32  180.626  0  0  180.626  0  180.626
5.5191e+13  0  1839.7  -1544.82  0  0  -1544.82  0  -1544.82  180.538  0  0  180.538  0  180.538
5.52e+13  0  1840  -1544.32  0  0  -1544.32  0  -1544.32  180.451  0  0  180.451  0  180.451
5.5209e+13  0  1840.3  -1543.82  0  0  -1543.82  0  -1543.82  180.363  0  0  180.363  0  180.363
5.5218e+13  0  1840.6  -1543.33  0  0  -1543.33  0  -1543.33  180.276  0  0  180.276  0  180.276
5.5227e+13  0  1840.9  -1542.83  0  0  -1542.83  0  -1542.83  180.188  0  0  180.188  0  180.188
5.5236e+13  0  1841.2  -1542.34  0  0  -1542.34  0  -1542.34  180.101  0  0  180.101  0  180.101
5.5245e+13  0  1841.5  -1541.84  0  0  -1541.84  0  -1541.84  180.014  0  0  180.014  0  180.014
5.5254e+13  0  1841.8  -1541.34  0  0  -1541.34  0  -1541.34  179.927  0  0  179.927  0  179.927
5.5263e+13  0  1842.1  -1540.85  0  0  -1540.85  0  -1540.85  179.84  0  0  179.84  0  179.84
5.5272e+13  0  1842.4  -1540.35  0  0  -1540.35  0  -1540.35  179.753  0  0  179.753  0  179.753
5.5281e+13  0  1842.7  -1539.86  0  0  -1539.86  0  -1539.86  179.666  0  0  179.666  0  179.666
5.529e+13  0  1843  -1539.37  0  0  -1539.37  0  -1539.37  179.579  0  0  179.579  0  179.579
5.5299e+13  0  1843.3  -1538.87  0  0  -1538.87  0  -1538.87  179.492  0  0  179.492  0  179.492
5.5308e+13  0  1843.6  -1538.38  0  0  -1538.38  0  -1538.38  179.405  0  0  179.405  0  179.405
5.5317e+13  0  1843.9  -1537.88  0  0  -1537.88  0  -1537.88  179.318  0  0  179.318  0  179.318
5.5326e+13  0  1844.2  -1537.39  0  0  -1537.39  0  -1537.39  179.231  0  0  179.231  0  179.231
5.5335e+13  0  1844.5  -1536.9  0  0  -1536.9  0  -1536.9  179.145  0  0  179.145  0  179.145
5.5344e+13  0  1844.8  -1536.4  0  0  -1536.4  0  -1536.4  179.058  0  0  179.058  0  179.058
5.5353e+13  0  1845.1  -1535.91  0  0  -1535.91  0  -1535.91  178.972  0  0  178.972  0  178.972
5.5362e+13  0  1845.4  -1535.42  0  0  -1535.42  0  -1535.42  178.885  0  0  178.885  0  178.885
5.5371e+13  0  1845.7  -1534.92  0  0  -1534.92  0  -1534.92  178.799  0  0  178.799  0  178.799
5.538e+13  0  1846  -1534.43  0  0  -1534.43  0  -1534.43  178.712  0  0  178.712  0  178.712
5.5389e+13  0  1846.3  -1533.94  0  0  -1533.94  0  -1533.94  178.626  0  0  178.626  0  178.626
5.5398e+13  0  1846.6  -1533.45  0  0  -1533.45  0  -1533.45  178.54  0  0  178.54  0  178.54
5.5407e+13  0  1846.9  -1532.96  0  0  -1532.96  0  -1532.96  178.454  0  0  178.454  0  178.454
5.5416e+13  0  1847.2  -1532.47  0  0  -1532.47  0  -1532.47  178.367  0  0  178.367  0  178.367
5.5425e+13  0  1847.5  -1531.98  0  0  -1531.98  0  -1531.98  178.281  0  0  178.281  0  178.281
5.5434e+13  0  1847.8  -1531.48  0  0  -1531.48  0  -1531.48  178.195  0  0  178.195  0  178.195
5.5443e+13  0  1848.1  -1530.99  0  0  -1530.99  0  -1530.99  178.109  0  0  178.109  0  178.109
5.5452e+13  0  1848.4  -1530.5  0  0  -1530.5  0  -1530.5  178.023  0  0  178.023  0  178.023
5.5461e+13  0  1848.7  -1530.01  0  0  -1530.01  0  -1530.01  177.937  0  0  177.937  0  177.937
5.547e+13  0  1849  -1529.52  0  0  -1529.52  0  -1529.52  177.852  0  0  177.852  0  177.852
5.5479e+13  0  1849.3  -1529.03  0  0  -1529.03  0  -1529.03  177.766  0  0  177.766  0  177.766
5.5488e+13  0  1849.6  -1528.54  0  0  -1528.54  0  -1528.54  177.68  0  0  177.68  0  177.68
5.5497e+13  0  1849.9  -1528.06  0  0  -1528.06  0  -1528.06  177.594  0  0  177.594  0  177.594
5.5506e+13  0  1850.2  -1527.57  0  0  -1527.57  0  -1527.57  177.509  0  0  177.509  0  177.509
5.5515e+13  0  1850.5  -1527.08  0  0  -1527.08  0  -1527.08  177.423  0  0  177.423  0  177.423
5.5524e+13  0  1850.8  -1526.59  0  0  -1526.59  0  -1526.59  177.338  0  0  177.338  0  177.338
5.5533e+13  0  1851.1  -1526.1  0  0  -1526.1  0  -1526.1  177.252  0  0  177.252  0  177.252
5.5542e+13  0  1851.4  -1525.61  0  0  -1525.61  0  -1525.61  177.167  0  0  177.167  0  177.167
5.5551e+13  0  1851.7  -1525.13  0  0  -1525.13  0  -1525.13  177.082  0  0  177.082  0  177.082
5.556e+13  0  1852  -1524.64  0  0  -1524.64  0  -1524.64  176.996  0  0  176.996  0  176.996
5.5569e+13  0  1852.3  -1524.15  0  0  -1524.15  0  -1524.15  176.911  0  0  176.911  0  176.911
5.5578e+13  0  1852.6  -1523.66  0  0  -1523.66  0  -1523.66  176.826  0  0  176.826  0  176.826
5.5587e+13  0  1852.9  -1523.18  0  0  -1523.18  0  -1523.18  176.741  0  0  176.741  0  176.741
5.5596e+13  0  1853.2  -1522.69  0  0  -1522.69  0  -1522.69  176.656  0  0  176.656  0  176.656
5.5605e+13  0  1853.5  -1522.2  0  0  -1522.2  0  -1522.2  176.571  0  0  176.571  0  176.571
5.5614e+13  0  1853.8  -1521.72  0  0  -1521.72  0  -1521.72  176.486  0  0  176.486  0  176.486
5.5623e+13  0  1854.1  -1521.23  0  0  -1521.23  0  -1521.23  176.401  0  0  176.401  0  176.401
5.5632e+13  0  1854.4  -1520.75  0  0  -1520.75  0  -1520.75  176.316  0  0  176.316  0  176.316
5.5641e+13  0  1854.7  -1520.26  0  0  -1520.26  0  -1520.26  176.231  0  0  176.231  0  176.231
5.565e+13  0  1855  -1519.78  0  0  -1519.78  0  -1519.78  176.147  0  0  176.147  0  176.147
5.5659e+13  0  1855.3  -1519.29  0  0  -1519.29  0  -1519.29  176.062  0  0  176.062  0  176.062
5.5668e+13  0  1855.6  -1518.81  0  0  -1518.81  0  -1518.81  175.977  0  0  175.977  0  175.977
5.5677e+13  0  1855.9  -1518.32  0  0  -1518.32  0  -1518.32  175.893  0  0  175.893  0  175.893
5.5686e+13  0  1856.2  -1517.84  0  0  -1517.84  0  -1517.84  175.808  0  0  175.808  0  175.808
5.5695e+13  0  1856.5  -1517.35  0  0  -1517.35  0  -1517.35  175.724  0  0  175.724  0  175.724
5.5704e+13  0  1856.8  -1516.87  0  0  -1516.87  0  -1516.87  175.639  0  0  175.639  0  175.639
5.5713e+13  0  1857.1  -1516.39  0  0  -1516.39  0  -1516.39  175.555  0  0  175.555  0  175.555
5.5722e+13  0  1857.4  -1515.9  0  0  -1515.9  0  -1515.9  175.471  0  0  175.471  0  175.471
5.5731e+13  0  1857.7  -1515.42  0  0  -1515.42  0  -1515.42  175.386  0  0  175.386  0  175.386
5.574e+13  0  1858  -1514.94  0  0  -1514.94  0  -1514.94  175.302  0  0  175.302  0  175.302
5.5749e+13  0  1858.3  -1514.45  0  0  -1514.45  0  -1514.45  175.218  0  0  175.218  0  175.218
5.5758e+13  0  1858.6  -1513.97  0  0  -1513.97  0  -1513.97  175.134  0  0  175.134  0  175.134
5.5767e+13  0  1858.9  -1513.49  0  0  -1513.49  0  -1513.49  175.05  0  0  175.05  0  175.05
5.5776e+13  0  1859.2  -1513.01  0  0  -1513.01  0  -1513.01  174.966  0  0  174.966  0  174.966
5.5785e+13  0  1859.5  -1512.53  0  0  -1512.53  0  -1512.53  174.882  0  0  174.882  0  174.882
5.5794e+13  0  1859.8  -1512.04  0  0  -1512.04  0  -1512.04  174.798  0  0  174.798  0  174.798
5.5803e+13  0  1860.1  -1511.56  0  0  -1511.56  0  -1511.56  174.714  0  0  174.714  0  174.714
5.5812e+13  0  1860.4  -1511.08  0  0  -1511.08  0  -1511.08  174.631  0  0  174.631  0  174.631
5.5821e+13  0  1860.7  -1510.6  0  0  -1510.6  0  -1510.6  174.547  0  0  174.547  0  174.547
5.583e+13  0  1861  -1510.12  0  0  -1510.12  0  -1510.12  174.463  0  0  174.463  0  174.463
5.5839e+13  0  1861.3  -1509.64  0  0  -1509.64  0  -1509.64  174.38  0  0  174.38  0  174.38
5.5848e+13  0  1861.6  -1509.16  0  0  -1509.16  0  -1509.16  174.296  0  0  174.296  0  174.296
5.5857e+13  0  1861.9  -1508.68  0  0  -1508.68  0  -1508.68  174.213  0  0  174.213  0  174.213
5.5866e+13  0  1862.2  -1508.2  0  0  -1508.2  0  -1508.2  174.129  0  0  174.129  0  174.129
5.5875e+13  0  1862.5  -1507.72  0  0  -1507.72  0  -1507.72  174.046  0  0  174.046  0  174.046
5.5884e+13  0  1862.8  -1507.24  0  0  -1507.24  0  -1507.24  173.962  0  0  173.962  0  173.962
5.5893e+13  0  1863.1  -1506.76  0  0  -1506.76  0  -1506.76  173.879  0  0  173.879  0  173.879
5.5902e+13  0  1863.4  -1506.28  0  0  -1506.28  0  -1506.28  173.796  0  0  173.796  0  173.796
5.5911e+13  0  1863.7  -1505.81  0  0  -1505.81  0  -1505.81  173.713  0  0  173.713  0  173.713
5.592e+13  0  1864  -1505.33  0  0  -1505.33  0  -1505.33  173.63  0  0  173.63  0  173.63
5.5929e+13  0  1864.3  -1504.85  0  0  -1504.85  0  -1504.85  173.547  0  0  173.547  0  173.547
5.5938e+13  0  1864.6  -1504.37  0  0  -1504.37  0  -1504.37  173.463  0  0  173.463  0  173.463
5.5947e+13  0  1864.9  -1503.89  0  0  -1503.89  0  -1503.89  173.381  0  0  173.381  0  173.381
5.5956e+13  0  1865.2  -1503.42  0  0  -1503.42  0  -1503.42  173.298  0  0  173.298  0  173.298
5.5965e+13  0  1865.5  -1502.94  0  0  -1502.94  0  -1502.94  173.215  0  0  173.215  0  173.215
5.5974e+13  0  1865.8  -1502.46  0  0  -1502.46  0  -1502.46  173.132  0  0  173.132  0  173.132
5.5983e+13  0  1866.1  -1501.99  0  0  -1501.99  0  -1501.99  173.049  0  0  173.049  0  173.049
5.5992e+13  0  1866.4  -1501.51  0  0  -1501.51  0  -1501.51  172.966  0  0  172.966  0  172.966
5.6001e+13  0  1866.7  -1501.03  0  0  -1501.03  0  -1501.03  172.884  0  0  172.884  0  172.884
5.601e+13  0  1867  -1500.56  0  0  -1500.56  0  -1500.56  172.801  0  0  172.801  0  172.801
5.6019e+13  0  1867.3  -1500.08  0  0  -1500.08  0  -1500.08  172.719  0  0  172.719  0  172.719
5.6028e+13  0  1867.6  -1499.61  0  0  -1499.61  0  -1499.61  172.636  0  0  172.636  0  172.636
5.6037e+13  0  1867.9  -1499.13  0  0  -1499.13  0  -1499.13  172.554  0  0  172.554  0  172.554
5.6046e+13  0  1868.2  -1498.66  0  0  -1498.66  0  -1498.66  172.471  0  0  172.471  0  172.471
5.6055e+13  0  1868.5  -1498.18  0  0  -1498.18  0  -1498.18  172.389  0  0  172.389  0  172.389
5.6064e+13  0  1868.8  -1497.71  0  0  -1497.71  0  -1497.71  172.307  0  0  172.307  0  172.307
5.6073e+13  0  1869.1  -1497.23  0  0  -1497.23  0  -1497.23  172.224  0  0  172.224  0  172.224
5.6082e+13  0  1869.4  -1496.76  0  0  -1496.76  0  -1496.76  172.142  0  0  172.142  0  172.142
5.6091e+13  0  1869.7  -1496.28  0  0  -1496.28  0  -1496.28  172.06  0  0  172.06  0  172.06
5.61e+13  0  1870  -1495.81  0  0  -1495.81  0  -1495.81  171.978  0  0  171.978  0  171.978
5.6109e+13  0  1870.3  -1495.34  0  0  -1495.34  0  -1495.34  171.896  0  0  171.896  0  171.896
5.6118e+13  0  1870.6  -1494.86  0  0  -1494.86  0  -1494.86  171.814  0  0  171.814  0  171.814
5.6127e+13  0  1870.9  -1494.39  0  0  -1494.39  0  -1494.39  171.732  0  0  171.732  0  171.732
5.6136e+13  0  1871.2  -1493.92  0  0  -1493.92  0  -1493.92  171.65  0  0  171.65  0  171.65
5.6145e+13  0  1871.5  -1493.44  0  0  -1493.44  0  -1493.44  171.568  0  0  171.568  0  171.568
5.6154e+13  0  1871.8  -1492.97  0  0  -1492.97  0  -1492.97  171.487  0  0  171.487  0  171.487
5.6163e+13  0  1872.1  -1492.5  0  0  -1492.5  0  -1492.5  171.405  0  0  171.405  0  171.405
5.6172e+13  0  1872.4  -1492.03  0  0  -1492.03  0  -1492.03  171.323  0  0  171.323  0  171.323
5.6181e+13  0  1872.7  -1491.56  0  0  -1491.56  0  -1491.56  171.242  0  0  171.242  0  171.242
5.619e+13  0  1873  -1491.08  0  0  -1491.08  0  -1491.08  171.16  0  0  171.16  0  171.16
5.6199e+13  0  1873.3  -1490.61  0  0  -1490.61  0  -1490.61  171.079  0  0  171.079  0  171.079
5.6208e+13  0  1873.6  -1490.14  0  0  -1490.14  0  -1490.14  170.997  0  0  170.997  0  170.997
5.6217e+13  0  1873.9  -1489.67  0  0  -1489.67  0  -1489.67  170.916  0  0  170.916  0  170.916
5.6226e+13  0  1874.2  -1489.2  0  0  -1489.2  0  -1489.2  170.834  0  0  170.834  0  170.834
5.6235e+13  0  1874.5  -1488.73  0  0  -1488.73  0  -1488.73  170.753  0  0  170.753  0  170.753
5.6244e+13  0  1874.8  -1488.26  0  0  -1488.26  0  -1488.26  170.672  0  0  170.672  0  170.672
5.6253e+13  0  1875.1  -1487.79  0  0  -1487.79  0  -1487.79  170.591  0  0  170.591  0  170.591
5.6262e+13  0  1875.4  -1487.32  0  0  -1487.32  0  -1487.32  170.51  0  0  170.51  0  170.51
5.6271e+13  0  1875.7  -1486.85  0  0  -1486.85  0  -1486.85  170.428  0  0  170.428  0  170.428
5.628e+13  0  1876  -1486.38  0  0  -1486.38  0  -1486.38  170.347  0  0  170.347  0  170.347
5.6289e+13  0  1876.3  -1485.91  0  0  -1485.91  0  -1485.91  170.266  0  0  170.266  0  170.266
5.6298e+13  0  1876.6  -1485.44  0  0  -1485.44  0  -1485.44  170.186  0  0  170.186  0  170.186
5.6307e+13  0  1876.9  -1484.97  0  0  -1484.97  0  -1484.97  170.105  0  0  170.105  0  170.105
5.6316e+13  0  1877.2  -1484.51  0  0  -1484.51  0  -1484.51  170.024  0  0  170.024  0  170.024
5.6325e+13  0  1877.5  -1484.04  0  0  -1484.04  0  -1484.04  169.943  0  0  169.943  0  169.943
5.6334e+13  0  1877.8  -1483.57  0  0  -1483.57  0  -1483.57  169.862  0  0  169.862  0  169.862
5.6343e+13  0  1878.1  -1483.1  0  0  -1483.1  0  -1483.1  169.782  0  0  169.782  0  169.782
5.6352e+13  0  1878.4  -1482.63  0  0  -1482.63  0  -1482.63  169.701  0  0  169.701  0  169.701
5.6361e+13  0  1878.7  -1482.17  0  0  -1482.17  0  -1482.17  169.62  0  0  169.62  0  169.62
5.637e+13  0  1879  -1481.7  0  0  -1481.7  0  -1481.7  169.54  0  0  169.54  0  169.54
5.6379e+13  0  1879.3  -1481.23  0  0  -1481.23  0  -1481.23  169.459  0  0  169.459  0  169.459
5.6388e+13  0  1879.6  -1480.77  0  0  -1480.77  0  -1480.77  169.379  0  0  169.379  0  169.379
5.6397e+13  0  1879.9  -1480.3  0  0  -1480.3  0  -1480.3  169.299  0  0  169.299  0  169.299
5.6406e+13  0  1880.2  -1479.83  0  0  -1479.83  0  -1479.83  169.218  0  0  169.218  0  169.218
5.6415e+13  0  1880.5  -1479.37  0  0  -1479.37  0  -1479.37  169.138  0  0  169.138  0  169.138
5.6424e+13  0  1880.8  -1478.9  0  0  -1478.9  0  -1478.9  169.058  0  0  169.058  0  169.058
5.6433e+13  0  1881.1  -1478.44  0  0  -1478.44  0  -1478.44  168.978  0  0  168.978  0  168.978
5.6442e+13  0  1881.4  -1477.97  0  0  -1477.97  0  -1477.97  168.897  0  0  168.897  0  168.897
5.6451e+13  0  1881.7  -1477.51  0  0  -1477.51  0  -1477.51  168.817  0  0  168.817  0  168.817
5.646e+13  0  1882  -1477.04  0  0  -1477.04  0  -1477.04  168.737  0  0  168.737  0  168.737
5.6469e+13  0  1882.3  -1476.58  0  0  -1476.58  0  -1476.58  168.657  0  0  168.657  0  168.657
5.6478e+13  0  1882.6  -1476.11  0  0  -1476.11  0  -1476.11  168.577  0  0  168.577  0  168.577
5.6487e+13  0  1882.9  -1475.65  0  0  -1475.65  0  -1475.65  168.498  0  0  168.498  0  168.498
5.6496e+13  0  1883.2  -1475.18  0  0  -1475.18  0  -1475.18  168.418  0  0  168.418  0  168.418
5.6505e+13  0  1883.5  -1474.72  0  0  -1474.72  0  -1474.72  168.338  0  0  168.338  0  168.338
5.6514e+13  0  1883.8  -1474.26  0  0  -1474.26  0  -1474.26  168.258  0  0  168.258  0  168.258
5.6523e+13  0  1884.1  -1473.79  0  0  -1473.79  0  -1473.79  168.179  0  0  168.179  0  168.179
5.6532e+13  0  1884.4  -1473.33  0  0  -1473.33  0  -1473.33  168.099  0  0  168.099  0  168.099
5.6541e+13  0  1884.7  -1472.87  0  0  -1472.87  0  -1472.87  168.019  0  0  168.019  0  168.019
5.655e+13  0  1885  -1472.4  0  0  -1472.4  0  -1472.4  167.94  0  0  167.94  0  167.94
5.6559e+13  0  1885.3  -1471.94  0  0  -1471.94  0  -1471.94  167.86  0  0  167.86  0  167.86
5.6568e+13  0  1885.6  -1471.48  0  0  -1471.48  0  -1471.48  167.781  0  0  167.781  0  167.781
5.6577e+13  0  1885.9  -1471.02  0  0  -1471.02  0  -1471.02  167.702  0  0  167.702  0  167.702
5.6586e+13  0  1886.2  -1470.55  0  0  -1470.55  0  -1470.55  167.622  0  0  167.622  0  167.622
5.6595e+13  0  1886.5  -1470.09  0  0  -1470.09  0  -1470.09  167.543  0  0  167.543  0  167.543
5.6604e+13  0  1886.8  -1469.63  0  0  -1469.63  0  -1469.63  167.464  0  0  167.464  0  167.464
5.6613e+13  0  1887.1  -1469.17  0  0  -1469.17  0  -1469.17  167.385  0  0  167.385  0  167.385
5.6622e+13  0  1887.4  -1468.71  0  0  -1468.71  0  -1468.71  167.305  0  0  167.305  0  167.305
5.6631e+13  0  1887.7  -1468.25  0  0  -1468.25  0  -1468.25  167.226  0  0  167.226  0  167.226
5.664e+13  0  1888  -1467.79  0  0  -1467.79  0  -1467.79  167.147  0  0  167.147  0  167.147
5.6649e+13  0  1888.3  -1467.33  0  0  -1467.33  0  -1467.33  167.068  0  0  167.068  0  167.068
5.6658e+13  0  1888.6  -1466.87  0  0  -1466.87  0  -1466.87  166.989  0  0  166.989  0  166.989
5.6667e+13  0  1888.9  -1466.41  0  0  -1466.41  0  -1466.41  166.911  0  0  166.911  0  166.911
5.6676e+13  0  1889.2  -1465.95  0  0  -1465.95  0  -1465.95  166.832  0  0  166.832  0  166.832
5.6685e+13  0  1889.5  -1465.49  0  0  -1465.49  0  -1465.49  166.753  0  0  166.753  0  166.753
5.6694e+13  0  1889.8  -1465.03  0  0  -1465.03  0  -1465.03  166.674  0  0  166.674  0  166.674
5.6703e+13  0  1890.1  -1464.57  0  0  -1464.57  0  -1464.57  166.596  0  0  166.596  0  166.596
5.6712e+13  0  1890.4  -1464.11  0  0  -1464.11  0  -1464.11  166.517  0  0  166.517  0  166.517
5.6721e+13  0  1890.7  -1463.65  0  0  -1463.65  0  -1463.65  166.438  0  0  166.438  0  166.438
5.673e+13  0  1891  -1463.19  0  0  -1463.19  0  -1463.19  166.36  0  0  166.36  0  166.36
5.6739e+13  0  1891.3  -1462.73  0  0  -1462.73  0  -1462.73  166.281  0  0  166.281  0  166.281
5.6748e+13  0  1891.6  -1462.28  0  0  -1462.28  0  -1462.28  166.203  0  0  166.203  0  166.203
5.6757e+13  0  1891.9  -1461.82  0  0  -1461.82  0  -1461.82  166.125  0  0  166.125  0  166.125
5.6766e+13  0  1892.2  -1461.36  0  0  -1461.36  0  -1461.36  166.046  0  0  166.046  0  166.046
5.6775e+13  0  1892.5  -1460.9  0  0  -1460.9  0  -1460.9  165.968  0  0  165.968  0  165.968
5.6784e+13  0  1892.8  -1460.45  0  0  -1460.45  0  -1460.45  165.89  0  0  165.89  0  165.89
5.6793e+13  0  1893.1  -1459.99  0  0  -1459.99  0  -1459.99  165.812  0  0  165.812  0  165.812
5.6802e+13  0  1893.4  -1459.53  0  0  -1459.53  0  -1459.53  165.733  0  0  165.733  0  165.733
5.6811e+13  0  1893.7  -1459.08  0  0  -1459.08  0  -1459.08  165.655  0  0  165.655  0  165.655
5.682e+13  0  1894  -1458.62  0  0  -1458.62  0  -1458.62  165.577  0  0  165.577  0  165.577
5.6829e+13  0  1894.3  -1458.16  0  0  -1458.16  0  -1458.16  165.499  0  0  165.499  0  165.499
5.6838e+13  0  1894.6  -1457.71  0  0  -1457.71  0  -1457.71  165.421  0  0  165.421  0  165.421
5.6847e+13  0  1894.9  -1457.25  0  0  -1457.25  0  -1457.25  165.343  0  0  165.343  0  165.343
5.6856e+13  0  1895.2  -1456.8  0  0  -1456.8  0  -1456.8  165.266  0  0  165.266  0  165.266
5.6865e+13  0  1895.5  -1456.34  0  0  -1456.34  0  -1456.34  165.188  0  0  165.188  0  165.188
5.6874e+13  0  1895.8  -1455.89  0  0  -1455.89  0  -1455.89  165.11  0  0  165.11  0  165.11
5.6883e+13  0  1896.1  -1455.43  0  0  -1455.43  0  -1455.43  165.032  0  0  165.032  0  165.032
5.6892e+13  0  1896.4  -1454.98  0  0  -1454.98  0  -1454.98  164.955  0  0  164.955  0  164.955
5.6901e+13  0  1896.7  -1454.52  0  0  -1454.52  0  -1454.52  164.877  0  0  164.877  0  164.877
5.691e+13  0  1897  -1454.07  0  0  -1454.07  0  -1454.07  164.8  0  0  164.8  0  164.8
5.6919e+13  0  1897.3  -1453.61  0  0  -1453.61  0  -1453.61  164.722  0  0  164.722  0  164.722
5.6928e+13  0  1897.6  -1453.16  0  0  -1453.16  0  -1453.16  164.645  0  0  164.645  0  164.645
5.6937e+13  0  1897.9  -1452.71  0  0  -1452.71  0  -1452.71  164.567  0  0  164.567  0  164.567
5.6946e+13  0  1898.2  -1452.25  0  0  -1452.25  0  -1452.25  164.49  0  0  164.49  0  164.49
5.6955e+13  0  1898.5  -1451.8  0  0  -1451.8  0  -1451.8  164.413  0  0  164.413  0  164.413
5.6964e+13  0  1898.8  -1451.35  0  0  -1451.35  0  -1451.35  164.335  0  0  164.335  0  164.335
5.6973e+13  0  1899.1  -1450.9  0  0  -1450.9  0  -1450.9  164.258  0  0  164.258  0  164.258
5.6982e+13  0  1899.4  -1450.44  0  0  -1450.44  0  -1450.44  164.181  0  0  164.181  0  164.181
5.6991e+13  0  1899.7  -1449.99  0  0  -1449.99  0  -1449.99  164.104  0  0  164.104  0  164.104
5.7e+13  0  1900  -1449.54  0  0  -1449.54  0  -1449.54  164.027  0  0  164.027  0  164.027
5.7009e+13  0  1900.3  -1449.09  0  0  -1449.09  0  -1449.09  163.95  0  0  163.95  0  163.95
5.7018e+13  0  1900.6  -1448.64  0  0  -1448.64  0  -1448.64  163.873  0  0  163.873  0  163.873
5.7027e+13  0  1900.9  -1448.18  0  0  -1448.18  0  -1448.18  163.796  0  0  163.796  0  163.796
5.7036e+13  0  1901.2  -1447.73  0  0  -1447.73  0  -1447.73  163.719  0  0  163.719  0  163.719
5.7045e+13  0  1901.5  -1447.28  0  0  -1447.28  0  -1447.28  163.642  0  0  163.642  0  163.642
5.7054e+13  0  1901.8  -1446.83  0  0  -1446.83  0  -1446.83  163.565  0  0  163.565  0  163.565
5.7063e+13  0  1902.1  -1446.38  0  0  -1446.38  0  -1446.38  163.489  0  0  163.489  0  163.489
5.7072e+13  0  1902.4  -1445.93  0  0  -1445.93  0  -1445.93  163.412  0  0  163.412  0  163.412
5.7081e+13  0  1902.7  -1445.48  0  0  -1445.48  0  -1445.48  163.335  0  0  163.335  0  163.335
5.709e+13  0  1903  -1445.03  0  0  -1445.03  0  -1445.03  163.259  0  0  163.259  0  163.259
5.7099e+13  0  1903.3  -1444.58  0  0  -1444.58  0  -1444.58  163.182  0  0  163.182  0  163.182
5.7108e+13  0  1903.6  -1444.13  0  0  -1444.13  0  -1444.13  163.106  0  0  163.106  0  163.106
5.7117e+13  0  1903.9  -1443.68  0  0  -1443.68  0  -1443.68  163.029  0  0  163.029  0  163.029
5.7126e+13  0  1904.2  -1443.23  0  0  -1443.23  0  -1443.23  162.953  0  0  162.953  0  162.953
5.7135e+13  0  1904.5  -1442.78  0  0  -1442.78  0  -1442.78  162.877  0  0  162.877  0  162.877
5.7144e+13  0  1904.8  -1442.33  0  0  -1442.33  0  -1442.33  162.8  0  0  162.8  0  162.8
5.7153e+13  0  1905.1  -1441.89  0  0  -1441.89  0  -1441.89  162.724  0  0  162.724  0  162.724
5.7162e+13  0  1905.4  -1441.44  0  0  -1441.44  0  -1441.44  162.648  0  0  162.648  0  162.648
5.7171e+13  0  1905.7  -1440.99  0  0  -1440.99  0  -1440.99  162.572  0  0  162.572  0  162.572
5.718e+13  0  1906  -1440.54  0  0  -1440.54  0  -1440.54  162.495  0  0  162.495  0  162.495
5.7189e+13  0  1906.3  -1440.09  0  0  -1440.09  0  -1440.09  162.419  0  0  162.419  0  162.419
5.7198e+13  0  1906.6  -1439.65  0  0  -1439.65  0  -1439.65  162.343  0  0  162.343  0  162.343
5.7207e+13  0  1906.9  -1439.2  0  0  -1439.2  0  -1439.2  162.267  0  0  162.267  0  162.267
5.7216e+13  0  1907.2  -1438.75  0  0  -1438.75  0  -1438.75  162.192  0  0  162.192  0  162.192
5.7225e+13  0  1907.5  -1438.31  0  0  -1438.31  0  -1438.31  162.116  0  0  162.116  0  162.116
5.7234e+13  0  1907.8  -1437.86  0  0  -1437.86  0  -1437.86  162.04  0  0  162.04  0  162.04
5.7243e+13  0  1908.1  -1437.41  0  0  -1437.41  0  -1437.41  161.964  0  0  161.964  0  161.964
5.7252e+13  0  1908.4  -1436.97  0  0  -1436.97  0  -1436.97  161.888  0  0  161.888  0  161.888
5.7261e+13  0  1908.7  -1436.52  0  0  -1436.52  0  -1436.52  161.813  0  0  161.813  0  161.813
5.727e+13  0  1909  -1436.07  0  0  -1436.07  0  -1436.07  161.737  0  0  161.737  0  161.737
5.7279e+13  0  1909.3  -1435.63  0  0  -1435.63  0  -1435.63  161.661  0  0  161.661  0  161.661
5.7288e+13  0  1909.6  -1435.18  0  0  -1435.18  0  -1435.18  161.586  0  0  161.586  0  161.586
5.7297e+13  0  1909.9  -1434.74  0  0  -1434.74  0  -1434.74  161.51  0  0  161.51  0  161.51
5.7306e+13  0  1910.2  -1434.29  0  0  -1434.29  0  -1434.29  161.435  0  0  161.435  0  161.435
5.7315e+13  0  1910.5  -1433.85  0  0  -1433.85  0  -1433.85  161.36  0  0  161.36  0  161.36
5.7324e+13  0  1910.8  -1433.4  0  0  -1433.4  0  -1433.4  161.284  0  0  161.284  0  161.284
5.7333e+13  0  1911.1  -1432.96  0  0  -1432.96  0  -1432.96  161.209  0  0  161.209  0  161.209
5.7342e+13  0  1911.4  -1432.52  0  0  -1432.52  0  -1432.52  161.134  0  0  161.134  0  161.134
5.7351e+13  0  1911.7  -1432.07  0  0  -1432.07  0  -1432.07  161.058  0  0  161.058  0  161.058
5.736e+13  0  1912  -1431.63  0  0  -1431.63  0  -1431.63  160.983  0  0  160.983  0  160.983
5.7369e+13  0  1912.3  -1431.18  0  0  -1431.18  0  -1431.18  160.908  0  0  160.908  0  160.908
5.7378e+13  0  1912.6  -1430.74  0  0  -1430.74  0  -1430.74  160.833  0  0  160.833  0  160.833
5.7387e+13  0  1912.9  -1430.3  0  0  -1430.3  0  -1430.3  160.758  0  0  160.758  0  160.758
5.7396e+13  0  1913.2  -1429.85  0  0  -1429.85  0  -1429.85  160.683  0  0  160.683  0  160.683
5.7405e+13  0  1913.5  -1429.41  0  0  -1429.41  0  -1429.41  160.608  0  0  160.608  0  160.608
5.7414e+13  0  1913.8  -1428.97  0  0  -1428.97  0  -1428.97  160.533  0  0  160.533  0  160.533
5.7423e+13  0  1914.1  -1428.53  0  0  -1428.53  0  -1428.53  160.458  0  0  160.458  0  160.458
5.7432e+13  0  1914.4  -1428.08  0  0  -1428.08  0  -1428.08  160.384  0  0  160.384  0  160.384
5.7441e+13  0  1914.7  -1427.64  0  0  -1427.64  0  -1427.64  160.309  0  0  160.309  0  160.309
5.745e+13  0  1915  -1427.2  0  0  -1427.2  0  -1427.2  160.234  0  0  160.234  0  160.234
5.7459e+13  0  1915.3  -1426.76  0  0  -1426.76  0  -1426.76  160.159  0  0  160.159  0  160.159
5.7468e+13  0  1915.6  -1426.32  0  0  -1426.32  0  -1426.32  160.085  0  0  160.085  0  160.085
5.7477e+13  0  1915.9  -1425.88  0  0  -1425.88  0  -1425.88  160.01  0  0  160.01  0  160.01
5.7486e+13  0  1916.2  -1425.44  0  0  -1425.44  0  -1425.44  159.936  0  0  159.936  0  159.936
5.7495e+13  0  1916.5  -1425  0  0  -1425  0  -1425  159.861  0  0  159.861  0  159.861
5.7504e+13  0  1916.8  -1424.56  0  0  -1424.56  0  -1424.56  159.787  0  0  159.787  0  159.787
5.7513e+13  0  1917.1  -1424.11  0  0  -1424.11  0  -1424.11  159.712  0  0  159.712  0  159.712
5.7522e+13  0  1917.4  -1423.67  0  0  -1423.67  0  -1423.67  159.638  0  0  159.638  0  159.638
5.7531e+13  0  1917.7  -1423.23  0  0  -1423.23  0  -1423.23  159.564  0  0  159.564  0  159.564
5.754e+13  0  1918  -1422.8  0  0  -1422.8  0  -1422.8  159.49  0  0  159.49  0  159.49
5.7549e+13  0  1918.3  -1422.36  0  0  -1422.36  0  -1422.36  159.415  0  0  159.415  0  159.415
5.7558e+13  0  1918.6  -1421.92  0  0  -1421.92  0  -1421.92  159.341  0  0  159.341  0  159.341
5.7567e+13  0  1918.9  -1421.48  0  0  -1421.48  0  -1421.48  159.267  0  0  159.267  0  159.267
5.7576e+13  0  1919.2  -1421.04  0  0  -1421.04  0  -1421.04  159.193  0  0  159.193  0  159.193
5.7585e+13  0  1919.5  -1420.6  0  0  -1420.6  0  -1420.6  159.119  0  0  159.119  0  159.119
5.7594e+13  0  1919.8  -1420.16  0  0  -1420.16  0  -1420.16  159.045  0  0  159.045  0  159.045
5.7603e+13  0  1920.1  -1419.72  0  0  -1419.72  0  -1419.72  158.971  0  0  158.971  0  158.971
5.7612e+13  0  1920.4  -1419.29  0  0  -1419.29  0  -1419.29  158.897  0  0  158.897  0  158.897
5.7621e+13  0  1920.7  -1418.85  0  0  -1418.85  0  -1418.85  158.823  0  0  158.823  0  158.823
5.763e+13  0  1921  -1418.41  0  0  -1418.41  0  -1418.41  158.75  0  0  158.75  0  158.75
5.7639e+13  0  1921.3  -1417.97  0  0  -1417.97  0  -1417.97  158.676  0  0  158.676  0  158.676
5.7648e+13  0  1921.6  -1417.54  0  0  -1417.54  0  -1417.54  158.602  0  0  158.602  0  158.602
5.7657e+13  0  1921.9  -1417.1  0  0  -1417.1  0  -1417.1  158.529  0  0  158.529  0  158.529
5.7666e+13  0  1922.2  -1416.66  0  0  -1416.66  0  -1416.66  158.455  0  0  158.455  0  158.455
5.7675e+13  0  1922.5  -1416.22  0  0  -1416.22  0  -1416.22  158.381  0  0  158.381  0  158.381
5.7684e+13  0  1922.8  -1415.79  0  0  -1415.79  0  -1415.79  158.308  0  0  158.308  0  158.308
5.7693e+13  0  1923.1  -1415.35  0  0  -1415.35  0  -1415.35  158.234  0  0  158.234  0  158.234
5.7702e+13  0  1923.4  -1414.92  0  0  -1414.92  0  -1414.92  158.161  0  0  158.161  0  158.161
5.7711e+13  0  1923.7  -1414.48  0  0  -1414.48  0  -1414.48  158.088  0  0  158.088  0  158.088
5.772e+13  0  1924  -1414.04  0  0  -1414.04  0  -1414.04  158.014  0  0  158.014  0  158.014
5.7729e+13  0  1924.3  -1413.61  0  0  -1413.61  0  -1413.61  157.941  0  0  157.941  0  157.941
5.7738e+13  0  1924.6  -1413.17  0  0  -1413.17  0  -1413.17  157.868  0  0  157.868  0  157.868
5.7747e+13  0  1924.9  -1412.74  0  0  -1412.74  0  -1412.74  157.795  0  0  157.795  0  157.795
5.7756e+13  0  1925.2  -1412.3  0  0  -1412.3  0  -1412.3  157.721  0  0  157.721  0  157.721
5.7765e+13  0  1925.5  -1411.87  0  0  -1411.87  0  -1411.87  157.648  0  0  157.648  0  157.648
5.7774e+13  0  1925.8  -1411.43  0  0  -1411.43  0  -1411.43  157.575  0  0  157.575  0  157.575
5.7783e+13  0  1926.1  -1411  0  0  -1411  0  -1411  157.502  0  0  157.502  0  157.502
5.7792e+13  0  1926.4  -1410.57  0  0  -1410.57  0  -1410.57  157.429  0  0  157.429  0  157.429
5.7801e+13  0  1926.7  -1410.13  0  0  -1410.13  0  -1410.13  157.356  0  0  157.356  0  157.356
5.781e+13  0  1927  -1409.7  0  0  -1409.7  0  -1409.7  157.284  0  0  157.284  0  157.284
5.7819e+13  0  1927.3  -1409.27  0  0  -1409.27  0  -1409.27  157.211  0  0  157.211  0  157.211
5.7828e+13  0  1927.6  -1408.83  0  0  -1408.83  0  -1408.83  157.138  0  0  157.138  0  157.138
5.7837e+13  0  1927.9  -1408.4  0  0  -1408.4  0  -1408.4  157.065  0  0  157.065  0  157.065
5.7846e+13  0  1928.2  -1407.97  0  0  -1407.97  0  -1407.97  156.992  0  0  156.992  0  156.992
5.7855e+13  0  1928.5  -1407.53  0  0  -1407.53  0  -1407.53  156.92  0  0  156.92  0  156.92
5.7864e+13  0  1928.8  -1407.1  0  0  -1407.1  0  -1407.1  156.847  0  0  156.847  0  156.847
5.7873e+13  0  1929.1  -1406.67  0  0  -1406.67  0  -1406.67  156.775  0  0  156.775  0  156.775
5.7882e+13  0  1929.4  -1406.24  0  0  -1406.24  0  -1406.24  156.702  0  0  156.702  0  156.702
5.7891e+13  0  1929.7  -1405.81  0  0  -1405.81  0  -1405.81  156.63  0  0  156.63  0  156.63
5.79e+13  0  1930  -1405.37  0  0  -1405.37  0  -1405.37  156.557  0  0  156.557  0  156.557
5.7909e+13  0  1930.3  -1404.94  0  0  -1404.94  0  -1404.94  156.485  0  0  156.485  0  156.485
5.7918e+13  0  1930.6  -1404.51  0  0  -1404.51  0  -1404.51  156.412  0  0  156.412  0  156.412
5.7927e+13  0  1930.9  -1404.08  0  0  -1404.08  0  -1404.08  156.34  0  0  156.34  0  156.34
5.7936e+13  0  1931.2  -1403.65  0  0  -1403.65  0  -1403.65  156.268  0  0  156.268  0  156.268
5.7945e+13  0  1931.5  -1403.22  0  0  -1403.22  0  -1403.22  156.196  0  0  156.196  0  156.196
5.7954e+13  0  1931.8  -1402.79  0  0  -1402.79  0  -1402.79  156.124  0  0  156.124  0  156.124
5.7963e+13  0  1932.1  -1402.36  0  0  -1402.36  0  -1402.36  156.051  0  0  156.051  0  156.051
5.7972e+13  0  1932.4  -1401.93  0  0  -1401.93  0  -1401.93  155.979  0  0  155.979  0  155.979
5.7981e+13  0  1932.7  -1401.5  0  0  -1401.5  0  -1401.5  155.907  0  0  155.907  0  155.907
5.799e+13  0  1933  -1401.07  0  0  -1401.07  0  -1401.07  155.835  0  0  155.835  0  155.835
5.7999e+13  0  1933.3  -1400.64  0  0  -1400.64  0  -1400.64  155.763  0  0  155.763  0  155.763
5.8008e+13  0  1933.6  -1400.21  0  0  -1400.21  0  -1400.21  155.691  0  0  155.691  0  155.691
5.8017e+13  0  1933.9  -1399.78  0  0  -1399.78  0  -1399.78  155.62  0  0  155.62  0  155.62
5.8026e+13  0  1934.2  -1399.35  0  0  -1399.35  0  -1399.35  155.548  0  0  155.548  0  155.548
5.8035e+13  0  1934.5  -1398.92  0  0  -1398.92  0  -1398.92  155.476  0  0  155.476  0  155.476
5.8044e+13  0  1934.8  -1398.49  0  0  -1398.49  0  -1398.49  155.404  0  0  155.404  0  155.404
5.8053e+13  0  1935.1  -1398.07  0  0  -1398.07  0  -1398.07  155.333  0  0  155.333  0  155.333
5.8062e+13  0  1935.4  -1397.64  0  0  -1397.64  0  -1397.64  155.261  0  0  155.261  0  155.261
5.8071e+13  0  1935.7  -1397.21  0  0  -1397.21  0  -1397.21  155.189  0  0  155.189  0  155.189
5.808e+13  0  1936  -1396.78  0  0  -1396.78  0  -1396.78  155.118  0  0  155.118  0  155.118
5.8089e+13  0  1936.3  -1396.35  0  0  -1396.35  0  -1396.35  155.046  0  0  155.046  0  155.046
5.8098e+13  0  1936.6  -1395.93  0  0  -1395.93  0  -1395.93  154.975  0  0  154.975  0  154.975
5.8107e+13  0  1936.9  -1395.5  0  0  -1395.5  0  -1395.5  154.903  0  0  154.903  0  154.903
5.8116e+13  0  1937.2  -1395.07  0  0  -1395.07  0  -1395.07  154.832  0  0  154.832  0  154.832
5.8125e+13  0  1937.5  -1394.65  0  0  -1394.65  0  -1394.65  154.761  0  0  154.761  0  154.761
5.8134e+13  0  1937.8  -1394.22  0  0  -1394.22  0  -1394.22  154.689  0  0  154.689  0  154.689
5.8143e+13  0  1938.1  -1393.79  0  0  -1393.79  0  -1393.79  154.618  0  0  154.618  0  154.618
5.8152e+13  0  1938.4  -1393.37  0  0  -1393.37  0  -1393.37  154.547  0  0  154.547  0  154.547
5.8161e+13  0  1938.7  -1392.94  0  0  -1392.94  0  -1392.94  154.476  0  0  154.476  0  154.476
5.817e+13  0  1939  -1392.52  0  0  -1392.52  0  -1392.52  154.405  0  0  154.405  0  154.405
5.8179e+13  0  1939.3  -1392.09  0  0  -1392.09  0  -1392.09  154.334  0  0  154.334  0  154.334
5.8188e+13  0  1939.6  -1391.66  0  0  -1391.66  0  -1391.66  154.263  0  0  154.263  0  154.263
5.8197e+13  0  1939.9  -1391.24  0  0  -1391.24  0  -1391.24  154.192  0  0  154.192  0  154.192
5.8206e+13  0  1940.2  -1390.81  0  0  -1390.81  0  -1390.81  154.121  0  0  154.121  0  154.121
5.8215e+13  0  1940.5  -1390.39  0  0  -1390.39  0  -1390.39  154.05  0  0  154.05  0  154.05
5.8224e+13  0  1940.8  -1389.97  0  0  -1389.97  0  -1389.97  153.979  0  0  153.979  0  153.979
5.8233e+13  0  1941.1  -1389.54  0  0  -1389.54  0  -1389.54  153.908  0  0  153.908  0  153.908
5.8242e+13  0  1941.4  -1389.12  0  0  -1389.12  0  -1389.12  153.837  0  0  153.837  0  153.837
5.8251e+13  0  1941.7  -1388.69  0  0  -1388.69  0  -1388.69  153.767  0  0  153.767  0  153.767
5.826e+13  0  1942  -1388.27  0  0  -1388.27  0  -1388.27  153.696  0  0  153.696  0  153.696
5.8269e+13  0  1942.3  -1387.85  0  0  -1387.85  0  -1387.85  153.625  0  0  153.625  0  153.625
5.8278e+13  0  1942.6  -1387.42  0  0  -1387.42  0  -1387.42  153.555  0  0  153.555  0  153.555
5.8287e+13  0  1942.9  -1387  0  0  -1387  0  -1387  153.484  0  0  153.484  0  153.484
5.8296e+13  0  1943.2  -1386.58  0  0  -1386.58  0  -1386.58  153.414  0  0  153.414  0  153.414
5.8305e+13  0  1943.5  -1386.15  0  0  -1386.15  0  -1386.15  153.343  0  0  153.343  0  153.343
5.8314e+13  0  1943.8  -1385.73  0  0  -1385.73  0  -1385.73  153.273  0  0  153.273  0  153.273
5.8323e+13  0  1944.1  -1385.31  0  0  -1385.31  0  -1385.31  153.203  0  0  153.203  0  153.203
5.8332e+13  0  1944.4  -1384.89  0  0  -1384.89  0  -1384.89  153.132  0  0  153.132  0  153.132
5.8341e+13  0  1944.7  -1384.46  0  0  -1384.46  0  -1384.46  153.062  0  0  153.062  0  153.062
5.835e+13  0  1945  -1384.04  0  0  -1384.04  0  -1384.04  152.992  0  0  152.992  0  152.992
5.8359e+13  0  1945.3  -1383.62  0  0  -1383.62  0  -1383.62  152.922  0  0  152.922  0  152.922
5.8368e+13  0  1945.6  -1383.2  0  0  -1383.2  0  -1383.2  152.851  0  0  152.851  0  152.851
5.8377e+13  0  1945.9  -1382.78  0  0  -1382.78  0  -1382.78  152.781  0  0  152.781  0  152.781
5.8386e+13  0  1946.2  -1382.36  0  0  -1382.36  0  -1382.36  152.711  0  0  152.711  0  152.711
5.8395e+13  0  1946.5  -1381.93  0  0  -1381.93  0  -1381.93  152.641  0  0  152.641  0  152.641
5.8404e+13  0  1946.8  -1381.51  0  0  -1381.51  0  -1381.51  152.571  0  0  152.571  0  152.571
5.8413e+13  0  1947.1  -1381.09  0  0  -1381.09  0  -1381.09  152.501  0  0  152.501  0  152.501
5.8422e+13  0  1947.4  -1380.67  0  0  -1380.67  0  -1380.67  152.431  0  0  152.431  0  152.431
5.8431e+13  0  1947.7  -1380.25  0  0  -1380.25  0  -1380.25  152.361  0  0  152.361  0  152.361
5.844e+13  0  1948  -1379.83  0  0  -1379.83  0  -1379.83  152.292  0  0  152.292  0  152.292
5.8449e+13  0  1948.3  -1379.41  0  0  -1379.41  0  -1379.41  152.222  0  0  152.222  0  152.222
5.8458e+13  0  1948.6  -1378.99  0  0  -1378.99  0  -1378.99  152.152  0  0  152.152  0  152.152
5.8467e+13  0  1948.9  -1378.57  0  0  -1378.57  0  -1378.57  152.082  0  0  152.082  0  152.082
5.8476e+13  0  1949.2  -1378.15  0  0  -1378.15  0  -1378.15  152.013  0  0  152.013  0  152.013
5.8485e+13  0  1949.5  -1377.74  0  0  -1377.74  0  -1377.74  151.943  0  0  151.943  0  151.943
5.8494e+13  0  1949.8  -1377.32  0  0  -1377.32  0  -1377.32  151.874  0  0  151.874  0  151.874
5.8503e+13  0  1950.1  -1376.9  0  0  -1376.9  0  -1376.9  151.804  0  0  151.804  0  151.804
5.8512e+13  0  1950.4  -1376.48  0  0  -1376.48  0  -1376.48  151.735  0  0  151.735  0  151.735
5.8521e+13  0  1950.7  -1376.06  0  0  -1376.06  0  -1376.06  151.665  0  0  151.665  0  151.665
5.853e+13  0  1951  -1375.64  0  0  -1375.64  0  -1375.64  151.596  0  0  151.596  0  151.596
5.8539e+13  0  1951.3  -1375.23  0  0  -1375.23  0  -1375.23  151.526  0  0  151.526  0  151.526
5.8548e+13  0  1951.6  -1374.81  0  0  -1374.81  0  -1374.81  151.457  0  0  151.457  0  151.457
5.8557e+13  0  1951.9  -1374.39  0  0  -1374.39  0  -1374.39  151.388  0  0  151.388  0  151.388
5.8566e+13  0  1952.2  -1373.97  0  0  -1373.97  0  -1373.97  151.319  0  0  151.319  0  151.319
5.8575e+13  0  1952.5  -1373.56  0  0  -1373.56  0  -1373.56  151.249  0  0  151.249  0  151.249
5.8584e+13  0  1952.8  -1373.14  0  0  -1373.14  0  -1373.14  151.18  0  0  151.18  0  151.18
5.8593e+13  0  1953.1  -1372.72  0  0  -1372.72  0  -1372.72  151.111  0  0  151.111  0  151.111
5.8602e+13  0  1953.4  -1372.31  0  0  -1372.31  0  -1372.31  151.042  0  0  151.042  0  151.042
5.8611e+13  0  1953.7  -1371.89  0  0  -1371.89  0  -1371.89  150.973  0  0  150.973  0  150.973
5.862e+13  0  1954  -1371.47  0  0  -1371.47  0  -1371.47  150.904  0  0  150.904  0  150.904
5.8629e+13  0  1954.3  -1371.06  0  0  -1371.06  0  -1371.06  150.835  0  0  150.835  0  150.835
5.8638e+13  0  1954.6  -1370.64  0  0  -1370.64  0  -1370.64  150.766  0  0  150.766  0  150.766
5.8647e+13  0  1954.9  -1370.23  0  0  -1370.23  0  -1370.23  150.697  0  0  150.697  0  150.697
5.8656e+13  0  1955.2  -1369.81  0  0  -1369.81  0  -1369.81  150.629  0  0  150.629  0  150.629
5.8665e+13  0  1955.5  -1369.4  0  0  -1369.4  0  -1369.4  150.56  0  0  150.56  0  150.56
5.8674e+13  0  1955.8  -1368.98  0  0  -1368.98  0  -1368.98  150.491  0  0  150.491  0  150.491
5.8683e+13  0  1956.1  -1368.57  0  0  -1368.57  0  -1368.57  150.423  0  0  150.423  0  150.423
5.8692e+13  0  1956.4  -1368.15  0  0  -1368.15  0  -1368.15  150.354  0  0  150.354  0  150.354
5.8701e+13  0  1956.7  -1367.74  0  0  -1367.74  0  -1367.74  150.285  0  0  150.285  0  150.285
5.871e+13  0  1957  -1367.32  0  0  -1367.32  0  -1367.32  150.217  0  0  150.217  0  150.217
5.8719e+13  0  1957.3  -1366.91  0  0  -1366.91  0  -1366.91  150.148  0  0  150.148  0  150.148
5.8728e+13  0  1957.6  -1366.49  0  0  -1366.49  0  -1366.49  150.08  0  0  150.08  0  150.08
5.8737e+13  0  1957.9  -1366.08  0  0  -1366.08  0  -1366.08  150.011  0  0  150.011  0  150.011
5.8746e+13  0  1958.2  -1365.67  0  0  -1365.67  0  -1365.67  149.943  0  0  149.943  0  149.943
5.8755e+13  0  1958.5  -1365.25  0  0  -1365.25  0  -1365.25  149.875  0  0  149.875  0  149.875
5.8764e+13  0  1958.8  -1364.84  0  0  -1364.84  0  -1364.84  149.806  0  0  149.806  0  149.806
5.8773e+13  0  1959.1  -1364.43  0  0  -1364.43  0  -1364.43  149.738  0  0  149.738  0  149.738
5.8782e+13  0  1959.4  -1364.01  0  0  -1364.01  0  -1364.01  149.67  0  0  149.67  0  149.67
5.8791e+13  0  1959.7  -1363.6  0  0  -1363.6  0  -1363.6  149.602  0  0  149.602  0  149.602
5.88e+13  0  1960  -1363.19  0  0  -1363.19  0  -1363.19  149.533  0  0  149.533  0  149.533
5.8809e+13  0  1960.3  -1362.78  0  0  -1362.78  0  -1362.78  149.465  0  0  149.465  0  149.465
5.8818e+13  0  1960.6  -1362.36  0  0  -1362.36  0  -1362.36  149.397  0  0  149.397  0  149.397
5.8827e+13  0  1960.9  -1361.95  0  0  -1361.95  0  -1361.95  149.329  0  0  149.329  0  149.329
5.8836e+13  0  1961.2  -1361.54  0  0  -1361.54  0  -1361.54  149.261  0  0  149.261  0  149.261
5.8845e+13  0  1961.5  -1361.13  0  0  -1361.13  0  -1361.13  149.193  0  0  149.193  0  149.193
5.8854e+13  0  1961.8  -1360.72  0  0  -1360.72  0  -1360.72  149.126  0  0  149.126  0  149.126
5.8863e+13  0  1962.1  -1360.31  0  0  -1360.31  0  -1360.31  149.058  0  0  149.058  0  149.058
5.8872e+13  0  1962.4  -1359.9  0  0  -1359.9  0  -1359.9  148.99  0  0  148.99  0  148.99
5.8881e+13  0  1962.7  -1359.49  0  0  -1359.49  0  -1359.49  148.922  0  0  148.922  0  148.922
5.889e+13  0  1963  -1359.07  0  0  -1359.07  0  -1359.07  148.854  0  0  148.854  0  148.854
5.8899e+13  0  1963.3  -1358.66  0  0  -1358.66  0  -1358.66  148.787  0  0  148.787  0  148.787
5.8908e+13  0  1963.6  -1358.25  0  0  -1358.25  0  -1358.25  148.719  0  0  148.719  0  148.719
5.8917e+13  0  1963.9  -1357.84  0  0  -1357.84  0  -1357.84  148.651  0  0  148.651  0  148.651
5.8926e+13  0  1964.2  -1357.43  0  0  -1357.43  0  -1357.43  148.584  0  0  148.584  0  148.584
5.8935e+13  0  1964.5  -1357.02  0  0  -1357.02  0  -1357.02  148.516  0  0  148.516  0  148.516
5.8944e+13  0  1964.8  -1356.62  0  0  -1356.62  0  -1356.62  148.449  0  0  148.449  0  148.449
5.8953e+13  0  1965.1  -1356.21  0  0  -1356.21  0  -1356.21  148.381  0  0  148.381  0  148.381
5.8962e+13  0  1965.4  -1355.8  0  0  -1355.8  0  -1355.8  148.314  0  0  148.314  0  148.314
5.8971e+13  0  1965.7  -1355.39  0  0  -1355.39  0  -1355.39  148.247  0  0  148.247  0  148.247
5.898e+13  0  1966  -1354.98  0  0  -1354.98  0  -1354.98  148.179  0  0  148.179  0  148.179
5.8989e+13  0  1966.3  -1354.57  0  0  -1354.57  0  -1354.57  148.112  0  0  148.112  0  148.112
5.8998e+13  0  1966.6  -1354.16  0  0  -1354.16  0  -1354.16  148.045  0  0  148.045  0  148.045
5.9007e+13  0  1966.9  -1353.75  0  0  -1353.75  0  -1353.75  147.978  0  0  147.978  0  147.978
5.9016e+13  0  1967.2  -1353.35  0  0  -1353.35  0  -1353.35  147.91  0  0  147.91  0  147.91
5.9025e+13  0  1967.5  -1352.94  0  0  -1352.94  0  -1352.94  147.843  0  0  147.843  0  147.843
5.9034e+13  0  1967.8  -1352.53  0  0  -1352.53  0  -1352.53  147.776  0  0  147.776  0  147.776
5.9043e+13  0  1968.1  -1352.12  0  0  -1352.12  0  -1352.12  147.709  0  0  147.709  0  147.709
5.9052e+13  0  1968.4  -1351.72  0  0  -1351.72  0  -1351.72  147.642  0  0  147.642  0  147.642
5.9061e+13  0  1968.7  -1351.31  0  0  -1351.31  0  -1351.31  147.575  0  0  147.575  0  147.575
5.907e+13  0  1969  -1350.9  0  0  -1350.9  0  -1350.9  147.508  0  0  147.508  0  147.508
5.9079e+13  0  1969.3  -1350.5  0  0  -1350.5  0  -1350.5  147.441  0  0  147.441  0  147.441
5.9088e+13  0  1969.6  -1350.09  0  0  -1350.09  0  -1350.09  147.375  0  0  147.375  0  147.375
5.9097e+13  0  1969.9  -1349.68  0  0  -1349.68  0  -1349.68  147.308  0  0  147.308  0  147.308
5.9106e+13  0  1970.2  -1349.28  0  0  -1349.28  0  -1349.28  147.241  0  0  147.241  0  147.241
5.9115e+13  0  1970.5  -1348.87  0  0  -1348.87  0  -1348.87  147.174  0  0  147.174  0  147.174
5.9124e+13  0  1970.8  -1348.46  0  0  -1348.46  0  -1348.46  147.108  0  0  147.108  0  147.108
5.9133e+13  0  1971.1  -1348.06  0  0  -1348.06  0  -1348.06  147.041  0  0  147.041  0  147.041
5.9142e+13  0  1971.4  -1347.65  0  0  -1347.65  0  -1347.65  146.974  0  0  146.974  0  146.974
5.9151e+13  0  1971.7  -1347.25  0  0  -1347.25  0  -1347.25  146.908  0  0  146.908  0  146.908
5.916e+13  0  1972  -1346.84  0  0  -1346.84  0  -1346.84  146.841  0  0  146.841  0  146.841
5.9169e+13  0  1972.3  -1346.44  0  0  -1346.44  0  -1346.44  146.775  0  0  146.775  0  146.775
5.9178e+13  0  1972.6  -1346.03  0  0  -1346.03  0  -1346.03  146.709  0  0  146.709  0  146.709
5.9187e+13  0  1972.9  -1345.63  0  0  -1345.63  0  -1345.63  146.642  0  0  146.642  0  146.642
5.9196e+13  0  1973.2  -1345.22  0  0  -1345.22  0  -1345.22  146.576  0  0  146.576  0  146.576
5.9205e+13  0  1973.5  -1344.82  0  0  -1344.82  0  -1344.82  146.509  0  0  146.509  0  146.509
5.9214e+13  0  1973.8  -1344.42  0  0  -1344.42  0  -1344.42  146.443  0  0  146.443  0  146.443
5.9223e+13  0  1974.1  -1344.01  0  0  -1344.01  0  -1344.01  146.377  0  0  146.377  0  146.377
5.9232e+13  0  1974.4  -1343.61  0  0  -1343.61  0  -1343.61  146.311  0  0  146.311  0  146.311
5.9241e+13  0  1974.7  -1343.21  0  0  -1343.21  0  -1343.21  146.245  0  0  146.245  0  146.245
5.925e+13  0  1975  -1342.8  0  0  -1342.8  0  -1342.8  146.178  0  0  146.178  0  146.178
5.9259e+13  0  1975.3  -1342.4  0  0  -1342.4  0  -1342.4  146.112  0  0  146.112  0  146.112
5.9268e+13  0  1975.6  -1342  0  0  -1342  0  -1342  146.046  0  0  146.046  0  146.046
5.9277e+13  0  1975.9  -1341.59  0  0  -1341.59  0  -1341.59  145.98  0  0  145.98  0  145.98
5.9286e+13  0  1976.2  -1341.19  0  0  -1341.19  0  -1341.19  145.914  0  0  145.914  0  145.914
5.9295e+13  0  1976.5  -1340.79  0  0  -1340.79  0  -1340.79  145.849  0  0  145.849  0  145.849
5.9304e+13  0  1976.8  -1340.39  0  0  -1340.39  0  -1340.39  145.783  0  0  145.783  0  145.783
5.9313e+13  0  1977.1  -1339.98  0  0  -1339.98  0  -1339.98  145.717  0  0  145.717  0  145.717
5.9322e+13  0  1977.4  -1339.58  0  0  -1339.58  0  -1339.58  145.651  0  0  145.651  0  145.651
5.9331e+13  0  1977.7  -1339.18  0  0  -1339.18  0  -1339.18  145.585  0  0  145.585  0  145.585
5.934e+13  0  1978  -1338.78  0  0  -1338.78  0  -1338.78  145.52  0  0  145.52  0  145.52
5.9349e+13  0  1978.3  -1338.38  0  0  -1338.38  0  -1338.38  145.454  0  0  145.454  0  145.454
5.9358e+13  0  1978.6  -1337.98  0  0  -1337.98  0  -1337.98  145.388  0  0  145.388  0  145.388
5.9367e+13  0  1978.9  -1337.58  0  0  -1337.58  0  -1337.58  145.323  0  0  145.323  0  145.323
5.9376e+13  0  1979.2  -1337.18  0  0  -1337.18  0  -1337.18  145.257  0  0  145.257  0  145.257
5.9385e+13  0  1979.5  -1336.78  0  0  -1336.78  0  -1336.78  145.192  0  0  145.192  0  145.192
5.9394e+13  0  1979.8  -1336.37  0  0  -1336.37  0  -1336.37  145.126  0  0  145.126  0  145.126
5.9403e+13  0  1980.1  -1335.97  0  0  -1335.97  0  -1335.97  145.061  0  0  145.061  0  145.061
5.9412e+13  0  1980.4  -1335.57  0  0  -1335.57  0  -1335.57  144.995  0  0  144.995  0  144.995
5.9421e+13  0  1980.7  -1335.17  0  0  -1335.17  0  -1335.17  144.93  0  0  144.93  0  144.93
5.943e+13  0  1981  -1334.78  0  0  -1334.78  0  -1334.78  144.865  0  0  144.865  0  144.865
5.9439e+13  0  1981.3  -1334.38  0  0  -1334.38  0  -1334.38  144.799  0  0  144.799  0  144.799
5.9448e+13  0  1981.6  -1333.98  0  0  -1333.98  0  -1333.98  144.734  0  0  144.734  0  144.734
5.9457e+13  0  1981.9  -1333.58  0  0  -1333.58  0  -1333.58  144.669  0  0  144.669  0  144.669
5.9466e+13  0  1982.2  -1333.18  0  0  -1333.18  0  -1333.18  144.604  0  0  144.604  0  144.604
5.9475e+13  0  1982.5  -1332.78  0  0  -1332.78  0  -1332.78  144.539  0  0  144.539  0  144.539
5.9484e+13  0  1982.8  -1332.38  0  0  -1332.38  0  -1332.38  144.473  0  0  144.473  0  144.473
5.9493e+13  0  1983.1  -1331.98  0  0  -1331.98  0  -1331.98  144.408  0  0  144.408  0  144.408
5.9502e+13  0  1983.4  -1331.58  0  0  -1331.58  0  -1331.58  144.343  0  0  144.343  0  144.343
5.9511e+13  0  1983.7  -1331.19  0  0  -1331.19  0  -1331.19  144.278  0  0  144.278  0  144.278
5.952e+13  0  1984  -1330.79  0  0  -1330.79  0  -1330.79  144.213  0  0  144.213  0  144.213
5.9529e+13  0  1984.3  -1330.39  0  0  -1330.39  0  -1330.39  144.149  0  0  144.149  0  144.149
5.9538e+13  0  1984.6  -1329.99  0  0  -1329.99  0  -1329.99  144.084  0  0  144.084  0  144.084
5.9547e+13  0  1984.9  -1329.6  0  0  -1329.6  0  -1329.6  144.019  0  0  144.019  0  144.019
5.9556e+13  0  1985.2  -1329.2  0  0  -1329.2  0  -1329.2  143.954  0  0  143.954  0  143.954
5.9565e+13  0  1985.5  -1328.8  0  0  -1328.8  0  -1328.8  143.889  0  0  143.889  0  143.889
5.9574e+13  0  1985.8  -1328.41  0  0  -1328.41  0  -1328.41  143.825  0  0  143.825  0  143.825
5.9583e+13  0  1986.1  -1328.01  0  0  -1328.01  0  -1328.01  143.76  0  0  143.76  0  143.76
5.9592e+13  0  1986.4  -1327.61  0  0  -1327.61  0  -1327.61  143.695  0  0  143.695  0  143.695
5.9601e+13  0  1986.7  -1327.22  0  0  -1327.22  0  -1327.22  143.631  0  0  143.631  0  143.631
5.961e+13  0  1987  -1326.82  0  0  -1326.82  0  -1326.82  143.566  0  0  143.566  0  143.566
5.9619e+13  0  1987.3  -1326.42  0  0  -1326.42  0  -1326.42  143.502  0  0  143.502  0  143.502
5.9628e+13  0  1987.6  -1326.03  0  0  -1326.03  0  -1326.03  143.437  0  0  143.437  0  143.437
5.9637e+13  0  1987.9  -1325.63  0  0  -1325.63  0  -1325.63  143.373  0  0  143.373  0  143.373
5.9646e+13  0  1988.2  -1325.24  0  0  -1325.24  0  -1325.24  143.308  0  0  143.308  0  143.308
5.9655e+13  0  1988.5  -1324.84  0  0  -1324.84  0  -1324.84  143.244  0  0  143.244  0  143.244
5.9664e+13  0  1988.8  -1324.45  0  0  -1324.45  0  -1324.45  143.18  0  0  143.18  0  143.18
5.9673e+13  0  1989.1  -1324.05  0  0  -1324.05  0  -1324.05  143.116  0  0  143.116  0  143.116
5.9682e+13  0  1989.4  -1323.66  0  0  -1323.66  0  -1323.66  143.051  0  0  143.051  0  143.051
5.9691e+13  0  1989.7  -1323.26  0  0  -1323.26  0  -1323.26  142.987  0  0  142.987  0  142.987
5.97e+13  0  1990  -1322.87  0  0  -1322.87  0  -1322.87  142.923  0  0  142.923  0  142.923
5.9709e+13  0  1990.3  -1322.47  0  0  -1322.47  0  -1322.47  142.859  0  0  142.859  0  142.859
5.9718e+13  0  1990.6  -1322.08  0  0  -1322.08  0  -1322.08  142.795  0  0  142.795  0  142.795
5.9727e+13  0  1990.9  -1321.69  0  0  -1321.69  0  -1321.69  142.731  0  0  142.731  0  142.731
5.9736e+13  0  1991.2  -1321.29  0  0  -1321.29  0  -1321.29  142.667  0  0  142.667  0  142.667
5.9745e+13  0  1991.5  -1320.9  0  0  -1320.9  0  -1320.9  142.603  0  0  142.603  0  142.603
5.9754e+13  0  1991.8  -1320.51  0  0  -1320.51  0  -1320.51  142.539  0  0  142.539  0  142.539
5.9763e+13  0  1992.1  -1320.11  0  0  -1320.11  0  -1320.11  142.475  0  0  142.475  0  142.475
5.9772e+13  0  1992.4  -1319.72  0  0  -1319.72  0  -1319.72  142.411  0  0  142.411  0  142.411
5.9781e+13  0  1992.7  -1319.33  0  0  -1319.33  0  -1319.33  142.347  0  0  142.347  0  142.347
5.979e+13  0  1993  -1318.93  0  0  -1318.93  0  -1318.93  142.283  0  0  142.283  0  142.283
5.9799e+13  0  1993.3  -1318.54  0  0  -1318.54  0  -1318.54  142.22  0  0  142.22  0  142.22
5.9808e+13  0  1993.6  -1318.15  0  0  -1318.15  0  -1318.15  142.156  0  0  142.156  0  142.156
5.9817e+13  0  1993.9  -1317.76  0  0  -1317.76  0  -1317.76  142.092  0  0  142.092  0  142.092
5.9826e+13  0  1994.2  -1317.37  0  0  -1317.37  0  -1317.37  142.029  0  0  142.029  0  142.029
5.9835e+13  0  1994.5  -1316.97  0  0  -1316.97  0  -1316.97  141.965  0  0  141.965  0  141.965
5.9844e+13  0  1994.8  -1316.58  0  0  -1316.58  0  -1316.58  141.902  0  0  141.902  0  141.902
5.9853e+13  0  1995.1  -1316.19  0  0  -1316.19  0  -1316.19  141.838  0  0  141.838  0  141.838
5.9862e+13  0  1995.4  -1315.8  0  0  -1315.8  0  -1315.8  141.775  0  0  141.775  0  141.775
5.9871e+13  0  1995.7  -1315.41  0  0  -1315.41  0  -1315.41  141.711  0  0  141.711  0  141.711
5.988e+13  0  1996  -1315.02  0  0  -1315.02  0  -1315.02  141.648  0  0  141.648  0  141.648
5.9889e+13  0  1996.3  -1314.63  0  0  -1314.63  0  -1314.63  141.584  0  0  141.584  0  141.584
5.9898e+13  0  1996.6  -1314.24  0  0  -1314.24  0  -1314.24  141.521  0  0  141.521  0  141.521
5.9907e+13  0  1996.9  -1313.85  0  0  -1313.85  0  -1313.85  141.458  0  0  141.458  0  141.458
5.9916e+13  0  1997.2  -1313.46  0  0  -1313.46  0  -1313.46  141.395  0  0  141.395  0  141.395
5.9925e+13  0  1997.5  -1313.07  0  0  -1313.07  0  -1313.07  141.331  0  0  141.331  0  141.331
5.9934e+13  0  1997.8  -1312.68  0  0  -1312.68  0  -1312.68  141.268  0  0  141.268  0  141.268
5.9943e+13  0  1998.1  -1312.29  0  0  -1312.29  0  -1312.29  141.205  0  0  141.205  0  141.205
5.9952e+13  0  1998.4  -1311.9  0  0  -1311.9  0  -1311.9  141.142  0  0  141.142  0  141.142
5.9961e+13  0  1998.7  -1311.51  0  0  -1311.51  0  -1311.51  141.079  0  0  141.079  0  141.079
5.997e+13  0  1999  -1311.12  0  0  -1311.12  0  -1311.12  141.016  0  0  141.016  0  141.016
5.9979e+13  0  1999.3  -1310.73  0  0  -1310.73  0  -1310.73  140.953  0  0  140.953  0  140.953
5.9988e+13  0  1999.6  -1310.34  0  0  -1310.34  0  -1310.34  140.89  0  0  140.89  0  140.89
5.9997e+13  0  1999.9  -1309.95  0  0  -1309.95  0  -1309.95  140.827  0  0  140.827  0  140.827
