3e+10  0  1  1.09762  0  0  1.09762  0  1.09762  3.17732e-06  0  0  3.17732e-06  0  3.17732e-06
3.9e+10  0  1.3  1.09762  0  0  1.09762  0  1.09762  4.13053e-06  0  0  4.13053e-06  0  4.13053e-06
4.8e+10  0  1.6  1.09762  0  0  1.09762  0  1.09762  5.08375e-06  0  0  5.08375e-06  0  5.08375e-06
5.7e+10  0  1.9  1.09762  0  0  1.09762  0  1.09762  6.03697e-06  0  0  6.03697e-06  0  6.03697e-06
6.6e+10  0  2.2  1.09762  0  0  1.09762  0  1.09762  6.99021e-06  0  0  6.99021e-06  0  6.99021e-06
7.5e+10  0  2.5  1.09762  0  0  1.09762  0  1.09762  7.94347e-06  0  0  7.94347e-06  0  7.94347e-06
8.4e+10  0  2.8  1.09762  0  0  1.09762  0  1.09762  8.89674e-06  0  0  8.89674e-06  0  8.89674e-06
9.3e+10  0  3.1  1.09763  0  0  1.09763  0  1.09763  9.85003e-06  0  0  9.85003e-06  0  9.85003e-06
1.02e+11  0  3.4  1.09763  0  0  1.09763  0  1.09763  1.08033e-05  0  0  1.08033e-05  0  1.08033e-05
1.11e+11  0  3.7  1.09763  0  0  1.09763  0  1.09763  1.17567e-05  0  0  1.17567e-05  0  1.17567e-05
1.2e+11  0  4  1.09763  0  0  1.09763  0  1.09763  1.271e-05  0  0  1.271e-05  0  1.271e-05
1.29e+11  0  4.3  1.09763  0  0  1.09763  0  1.09763  1.36634e-05  0  0  1.36634e-05  0  1.36634e-05
1.38e+11  0  4.6  1.09763  0  0  1.09763  0  1.09763  1.46168e-05  0  0  1.46168e-05  0  1.46168e-05
1.47e+11  0  4.9  1.09763  0  0  1.09763  0  1.09763  1.55703e-05  0  0  1.55703e-05  0  1.55703e-05
1.56e+11  0  5.2  1.09763  0  0  1.09763  0  1.09763  1.65238e-05  0  0  1.65238e-05  0  1.65238e-05
1.65e+11  0  5.5  1.09763  0  0  1.09763  0  1.09763  1.74773e-05  0  0  1.74773e-05  0  1.74773e-05
1.74e+11  0  5.8  1.09763  0  0  1.09763  0  1.09763  1.84308e-05  0  0  1.84308e-05  0  1.84308e-05
1.83e+11  0  6.1  1.09763  0  0  1.09763  0  1.09763  1.93844e-05  0  0  1.93844e-05  0  1.93844e-05
1.92e+11  0  6.4  1.09763  0  0  1.09763  0  1.09763  2.03381e-05  0  0  2.03381e-05  0  2.03381e-05
2.01e+11  0  6.7  1.09763  0  0  1.09763  0  1.09763  2.12917e-05  0  0  2.12917e-05  0  2.12917e-05
2.1e+11  0  7  1.09763  0  0  1.09763  0  1.09763  2.22454e-05  0  0  2.22454e-05  0  2.22454e-05
2.19e+11  0  7.3  1.09763  0  0  1.09763  0  1.09763  2.31992e-05  0  0  2.31992e-05  0  2.31992e-05
2.28e+11  0  7.6  1.09763  0  0  1.09763  0  1.09763  2.4153e-05  0  0  2.4153e-05  0  2.4153e-05
2.37e+11  0  7.9  1.09764  0  0  1.09764  0  1.09764  2.51069e-05  0  0  2.51069e-05  0  2.51069e-05
2.46e+11  0  8.2  1.09764  0  0  1.09764  0  1.09764  2.60608e-05  0  0  2.60608e-05  0  2.60608e-05
2.55e+11  0  8.5  1.09764  0  0  1.09764  0  1.09764  2.70148e-05  0  0  2.70148e-05  0  2.70148e-05
2.64e+11  0  8.8  1.09764  0  0  1.09764  0  1.09764  2.79688e-05  0  0  2.79688e-05  0  2.79688e-05
2.73e+11  0  9.1  1.09764  0  0  1.09764  0  1.09764  2.89229e-05  0  0  2.89229e-05  0  2.89229e-05
2.82e+11  0  9.4  1.09764  0  0  1.09764  0  1.09764  2.98771e-05  0  0  2.98771e-05  0  2.98771e-05
2.91e+11  0  9.7  1.09764  0  0  1.09764  0  1.09764  3.08313e-05  0  0  3.08313e-05  0  3.08313e-05
3e+11  0  10  1.09764  0  0  1.09764  0  1.09764  3.17856e-05  0  0  3.17856e-05  0  3.17856e-05
3.09e+11  0  10.3  1.09764  0  0  1.09764  0  1.09764  3.27399e-05  0  0  3.27399e-05  0  3.27399e-05
3.18e+11  0  10.6  1.09765  0  0  1.09765  0  1.09765  3.36944e-05  0  0  3.36944e-05  0  3.36944e-05
3.27e+11  0  10.9  1.09765  0  0  1.09765  0  1.09765  3.46489e-05  0  0  3.46489e-05  0  3.46489e-05
3.36e+11  0  11.2  1.09765  0  0  1.09765  0  1.09765  3.56034e-05  0  0  3.56034e-05  0  3.56034e-05
3.45e+11  0  11.5  1.09765  0  0  1.09765  0  1.09765  3.65581e-05  0  0  3.65581e-05  0  3.65581e-05
3.54e+11  0  11.8  1.09765  0  0  1.09765  0  1.09765  3.75128e-05  0  0  3.75128e-05  0  3.75128e-05
3.63e+11  0  12.1  1.09765  0  0  1.09765  0  1.09765  3.84676e-05  0  0  3.84676e-05  0  3.84676e-05
3.72e+11  0  12.4  1.09765  0  0  1.09765  0  1.09765  3.94225e-05  0  0  3.94225e-05  0  3.94225e-05
3.81e+11  0  12.7  1.09765  0  0  1.09765  0  1.09765  4.03774e-05  0  0  4.03774e-05  0  4.03774e-05
3.9e+11  0  13  1.09766  0  0  1.09766  0  1.09766  4.13325e-05  0  0  4.13325e-05  0  4.13325e-05
3.99e+11  0  13.3  1.09766  0  0  1.09766  0  1.09766  4.22876e-05  0  0  4.22876e-05  0  4.22876e-05
4.08e+11  0  13.6  1.09766  0  0  1.09766  0  1.09766  4.32428e-05  0  0  4.32428e-05  0  4.32428e-05
4.17e+11  0  13.9  1.09766  0  0  1.09766  0  1.09766  4.41982e-05  0  0  4.41982e-05  0  4.41982e-05
4.26e+11  0  14.2  1.09766  0  0  1.09766  0  1.09766  4.51536e-05  0  0  4.51536e-05  0  4.51536e-05
4.35e+11  0  14.5  1.09766  0  0  1.09766  0  1.09766  4.61091e-05  0  0  4.61091e-05  0  4.61091e-05
4.44e+11  0  14.8  1.09767  0  0  1.09767  0  1.09767  4.70647e-05  0  0  4.70647e-05  0  4.70647e-05
4.53e+11  0  15.1  1.09767  0  0  1.09767  0  1.09767  4.80204e-05  0  0  4.80204e-05  0  4.80204e-05
4.62e+11  0  15.4  1.09767  0  0  1.09767  0  1.09767  4.89762e-05  0  0  4.89762e-05  0  4.89762e-05
4.71e+11  0  15.7  1.09767  0  0  1.09767  0  1.09767  4.99321e-05  0  0  4.99321e-05  0  4.99321e-05
4.8e+11  0  16  1.09767  0  0  1.09767  0  1.09767  5.08881e-05  0  0  5.08881e-05  0  5.08881e-05
4.89e+11  0  16.3  1.09767  0  0  1.09767  0  1.09767  5.18443e-05  0  0  5.18443e-05  0  5.18443e-05
4.98e+11  0  16.6  1.09768  0  0  1.09768  0  1.09768  5.28005e-05  0  0  5.28005e-05  0  5.28005e-05
5.07e+11  0  16.9  1.09768  0  0  1.09768  0  1.09768  5.37569e-05  0  0  5.37569e-05  0  5.37569e-05
5.16e+11  0  17.2  1.09768  0  0  1.09768  0  1.09768  5.47133e-05  0  0  5.47133e-05  0  5.47133e-05
5.25e+11  0  17.5  1.09768  0  0  1.09768  0  1.09768  5.56699e-05  0  0  5.56699e-05  0  5.56699e-05
5.34e+11  0  17.8  1.09768  0  0  1.09768  0  1.09768  5.66266e-05  0  0  5.66266e-05  0  5.66266e-05
5.43e+11  0  18.1  1.09769  0  0  1.09769  0  1.09769  5.75834e-05  0  0  5.75834e-05  0  5.75834e-05
5.52e+11  0  18.4  1.09769  0  0  1.09769  0  1.09769  5.85404e-05  0  0  5.85404e-05  0  5.85404e-05
5.61e+11  0  18.7  1.09769  0  0  1.09769  0  1.09769  5.94974e-05  0  0  5.94974e-05  0  5.94974e-05
5.7e+11  0  19  1.09769  0  0  1.09769  0  1.09769  6.04546e-05  0  0  6.04546e-05  0  6.04546e-05
5.79e+11  0  19.3  1.0977  0  0  1.0977  0  1.0977  6.1412e-05  0  0  6.1412e-05  0  6.1412e-05
5.88e+11  0  19.6  1.0977  0  0  1.0977  0  1.0977  6.23694e-05  0  0  6.23694e-05  0  6.23694e-05
5.97e+11  0  19.9  1.0977  0  0  1.0977  0  1.0977  6.3327e-05  0  0  6.3327e-05  0  6.3327e-05
6.06e+11  0  20.2  1.0977  0  0  1.0977  0  1.0977  6.42847e-05  0  0  6.42847e-05  0  6.42847e-05
6.15e+11  0  20.5  1.0977  0  0  1.0977  0  1.0977  6.52426e-05  0  0  6.52426e-05  0  6.52426e-05
6.24e+11  0  20.8  1.09771  0  0  1.09771  0  1.09771  6.62006e-05  0  0  6.62006e-05  0  6.62006e-05
6.33e+11  0  21.1  1.09771  0  0  1.09771  0  1.09771  6.71587e-05  0  0  6.71587e-05  0  6.71587e-05
6.42e+11  0  21.4  1.09771  0  0  1.09771  0  1.09771  6.8117e-05  0  0  6.8117e-05  0  6.8117e-05
6.51e+11  0  21.7  1.09771  0  0  1.09771  0  1.09771  6.90754e-05  0  0  6.90754e-05  0  6.90754e-05
6.6e+11  0  22  1.09772  0  0  1.09772  0  1.09772  7.0034e-05  0  0  7.0034e-05  0  7.0034e-05
6.69e+11  0  22.3  1.09772  0  0  1.09772  0  1.09772  7.09927e-05  0  0  7.09927e-05  0  7.09927e-05
6.78e+11  0  22.6  1.09772  0  0  1.09772  0  1.09772  7.19516e-05  0  0  7.19516e-05  0  7.19516e-05
6.87e+11  0  22.9  1.09772  0  0  1.09772  0  1.09772  7.29106e-05  0  0  7.29106e-05  0  7.29106e-05
6.96e+11  0  23.2  1.09773  0  0  1.09773  0  1.09773  7.38698e-05  0  0  7.38698e-05  0  7.38698e-05
7.05e+11  0  23.5  1.09773  0  0  1.09773  0  1.09773  7.48291e-05  0  0  7.48291e-05  0  7.48291e-05
7.14e+11  0  23.8  1.09773  0  0  1.09773  0  1.09773  7.57886e-05  0  0  7.57886e-05  0  7.57886e-05
7.23e+11  0  24.1  1.09774  0  0  1.09774  0  1.09774  7.67483e-05  0  0  7.67483e-05  0  7.67483e-05
7.32e+11  0  24.4  1.09774  0  0  1.09774  0  1.09774  7.77081e-05  0  0  7.77081e-05  0  7.77081e-05
7.41e+11  0  24.7  1.09774  0  0  1.09774  0  1.09774  7.86681e-05  0  0  7.86681e-05  0  7.86681e-05
7.5e+11  0  25  1.09774  0  0  1.09774  0  1.09774  7.96283e-05  0  0  7.96283e-05  0  7.96283e-05
7.59e+11  0  25.3  1.09775  0  0  1.09775  0  1.09775  8.05886e-05  0  0  8.05886e-05  0  8.05886e-05
7.68e+11  0  25.6  1.09775  0  0  1.09775  0  1.09775  8.15491e-05  0  0  8.15491e-05  0  8.15491e-05
7.77e+11  0  25.9  1.09775  0  0  1.09775  0  1.09775  8.25098e-05  0  0  8.25098e-05  0  8.25098e-05
7.86e+11  0  26.2  1.09776  0  0  1.09776  0  1.09776  8.34706e-05  0  0  8.34706e-05  0  8.34706e-05
7.95e+11  0  26.5  1.09776  0  0  1.09776  0  1.09776  8.44316e-05  0  0  8.44316e-05  0  8.44316e-05
8.04e+11  0  26.8  1.09776  0  0  1.09776  0  1.09776  8.53928e-05  0  0  8.53928e-05  0  8.53928e-05
8.13e+11  0  27.1  1.09776  0  0  1.09776  0  1.09776  8.63542e-05  0  0  8.63542e-05  0  8.63542e-05
8.22e+11  0  27.4  1.09777  0  0  1.09777  0  1.09777  8.73158e-05  0  0  8.73158e-05  0  8.73158e-05
8.31e+11  0  27.7  1.09777  0  0  1.09777  0  1.09777  8.82775e-05  0  0  8.82775e-05  0  8.82775e-05
8.4e+11  0  28  1.09777  0  0  1.09777  0  1.09777  8.92395e-05  0  0  8.92395e-05  0  8.92395e-05
8.49e+11  0  28.3  1.09778  0  0  1.09778  0  1.09778  9.02016e-05  0  0  9.02016e-05  0  9.02016e-05
8.58e+11  0  28.6  1.09778  0  0  1.09778  0  1.09778  9.1164e-05  0  0  9.1164e-05  0  9.1164e-05
8.67e+11  0  28.9  1.09778  0  0  1.09778  0  1.09778  9.21265e-05  0  0  9.21265e-05  0  9.21265e-05
8.76e+11  0  29.2  1.09779  0  0  1.09779  0  1.09779  9.30892e-05  0  0  9.30892e-05  0  9.30892e-05
8.85e+11  0  29.5  1.09779  0  0  1.09779  0  1.09779  9.40521e-05  0  0  9.40521e-05  0  9.40521e-05
8.94e+11  0  29.8  1.09779  0  0  1.09779  0  1.09779  9.50152e-05  0  0  9.50152e-05  0  9.50152e-05
9.03e+11  0  30.1  1.0978  0  0  1.0978  0  1.0978  9.59786e-05  0  0  9.59786e-05  0  9.59786e-05
9.12e+11  0  30.4  1.0978  0  0  1.0978  0  1.0978  9.69421e-05  0  0  9.69421e-05  0  9.69421e-05
9.21e+11  0  30.7  1.09781  0  0  1.09781  0  1.09781  9.79058e-05  0  0  9.79058e-05  0  9.79058e-05
9.3e+11  0  31  1.09781  0  0  1.09781  0  1.09781  9.88698e-05  0  0  9.88698e-05  0  9.88698e-05
9.39e+11  0  31.3  1.09781  0  0  1.09781  0  1.09781  9.98339e-05  0  0  9.98339e-05  0  9.98339e-05
9.48e+11  0  31.6  1.09782  0  0  1.09782  0  1.09782  0.000100798  0  0  0.000100798  0  0.000100798
9.57e+11  0  31.9  1.09782  0  0  1.09782  0  1.09782  0.000101763  0  0  0.000101763  0  0.000101763
9.66e+11  0  32.2  1.09782  0  0  1.09782  0  1.09782  0.000102728  0  0  0.000102728  0  0.000102728
9.75e+11  0  32.5  1.09783  0  0  1.09783  0  1.09783  0.000103693  0  0  0.000103693  0  0.000103693
9.84e+11  0  32.8  1.09783  0  0  1.09783  0  1.09783  0.000104658  0  0  0.000104658  0  0.000104658
9.93e+11  0  33.1  1.09783  0  0  1.09783  0  1.09783  0.000105623  0  0  0.000105623  0  0.000105623
1.002e+12  0  33.4  1.09784  0  0  1.09784  0  1.09784  0.000106589  0  0  0.000106589  0  0.000106589
1.011e+12  0  33.7  1.09784  0  0  1.09784  0  1.09784  0.000107555  0  0  0.000107555  0  0.000107555
1.02e+12  0  34  1.09785  0  0  1.09785  0  1.09785  0.000108521  0  0  0.000108521  0  0.000108521
1.029e+12  0  34.3  1.09785  0  0  1.09785  0  1.09785  0.000109488  0  0  0.000109488  0  0.000109488
1.038e+12  0  34.6  1.09785  0  0  1.09785  0  1.09785  0.000110454  0  0  0.000110454  0  0.000110454
1.047e+12  0  34.9  1.09786  0  0  1.09786  0  1.09786  0.000111421  0  0  0.000111421  0  0.000111421
1.056e+12  0  35.2  1.09786  0  0  1.09786  0  1.09786  0.000112388  0  0  0.000112388  0  0.000112388
1.065e+12  0  35.5  1.09787  0  0  1.09787  0  1.09787  0.000113355  0  0  0.000113355  0  0.000113355
1.074e+12  0  35.8  1.09787  0  0  1.09787  0  1.09787  0.000114323  0  0  0.000114323  0  0.000114323
1.083e+12  0  36.1  1.09787  0  0  1.09787  0  1.09787  0.000115291  0  0  0.000115291  0  0.000115291
1.092e+12  0  36.4  1.09788  0  0  1.09788  0  1.09788  0.000116259  0  0  0.000116259  0  0.000116259
1.101e+12  0  36.7  1.09788  0  0  1.09788  0  1.09788  0.000117227  0  0  0.000117227  0  0.000117227
1.11e+12  0  37  1.09789  0  0  1.09789  0  1.09789  0.000118196  0  0  0.000118196  0  0.000118196
1.119e+12  0  37.3  1.09789  0  0  1.09789  0  1.09789  0.000119165  0  0  0.000119165  0  0.000119165
1.128e+12  0  37.6  1.0979  0  0  1.0979  0  1.0979  0.000120134  0  0  0.000120134  0  0.000120134
1.137e+12  0  37.9  1.0979  0  0  1.0979  0  1.0979  0.000121103  0  0  0.000121103  0  0.000121103
1.146e+12  0  38.2  1.09791  0  0  1.09791  0  1.09791  0.000122072  0  0  0.000122072  0  0.000122072
1.155e+12  0  38.5  1.09791  0  0  1.09791  0  1.09791  0.000123042  0  0  0.000123042  0  0.000123042
1.164e+12  0  38.8  1.09791  0  0  1.09791  0  1.09791  0.000124012  0  0  0.000124012  0  0.000124012
1.173e+12  0  39.1  1.09792  0  0  1.09792  0  1.09792  0.000124983  0  0  0.000124983  0  0.000124983
1.182e+12  0  39.4  1.09792  0  0  1.09792  0  1.09792  0.000125953  0  0  0.000125953  0  0.000125953
1.191e+12  0  39.7  1.09793  0  0  1.09793  0  1.09793  0.000126924  0  0  0.000126924  0  0.000126924
1.2e+12  0  40  1.09793  0  0  1.09793  0  1.09793  0.000127896  0  0  0.000127896  0  0.000127896
1.209e+12  0  40.3  1.09794  0  0  1.09794  0  1.09794  0.000128867  0  0  0.000128867  0  0.000128867
1.218e+12  0  40.6  1.09794  0  0  1.09794  0  1.09794  0.000129839  0  0  0.000129839  0  0.000129839
1.227e+12  0  40.9  1.09795  0  0  1.09795  0  1.09795  0.000130811  0  0  0.000130811  0  0.000130811
1.236e+12  0  41.2  1.09795  0  0  1.09795  0  1.09795  0.000131783  0  0  0.000131783  0  0.000131783
1.245e+12  0  41.5  1.09796  0  0  1.09796  0  1.09796  0.000132756  0  0  0.000132756  0  0.000132756
1.254e+12  0  41.8  1.09796  0  0  1.09796  0  1.09796  0.000133729  0  0  0.000133729  0  0.000133729
1.263e+12  0  42.1  1.09797  0  0  1.09797  0  1.09797  0.000134702  0  0  0.000134702  0  0.000134702
1.272e+12  0  42.4  1.09797  0  0  1.09797  0  1.09797  0.000135675  0  0  0.000135675  0  0.000135675
1.281e+12  0  42.7  1.09798  0  0  1.09798  0  1.09798  0.000136649  0  0  0.000136649  0  0.000136649
1.29e+12  0  43  1.09798  0  0  1.09798  0  1.09798  0.000137623  0  0  0.000137623  0  0.000137623
1.299e+12  0  43.3  1.09799  0  0  1.09799  0  1.09799  0.000138597  0  0  0.000138597  0  0.000138597
1.308e+12  0  43.6  1.09799  0  0  1.09799  0  1.09799  0.000139572  0  0  0.000139572  0  0.000139572
1.317e+12  0  43.9  1.098  0  0  1.098  0  1.098  0.000140547  0  0  0.000140547  0  0.000140547
1.326e+12  0  44.2  1.098  0  0  1.098  0  1.098  0.000141522  0  0  0.000141522  0  0.000141522
1.335e+12  0  44.5  1.09801  0  0  1.09801  0  1.09801  0.000142497  0  0  0.000142497  0  0.000142497
1.344e+12  0  44.8  1.09801  0  0  1.09801  0  1.09801  0.000143473  0  0  0.000143473  0  0.000143473
1.353e+12  0  45.1  1.09802  0  0  1.09802  0  1.09802  0.000144449  0  0  0.000144449  0  0.000144449
1.362e+12  0  45.4  1.09802  0  0  1.09802  0  1.09802  0.000145426  0  0  0.000145426  0  0.000145426
1.371e+12  0  45.7  1.09803  0  0  1.09803  0  1.09803  0.000146403  0  0  0.000146403  0  0.000146403
1.38e+12  0  46  1.09803  0  0  1.09803  0  1.09803  0.00014738  0  0  0.00014738  0  0.00014738
1.389e+12  0  46.3  1.09804  0  0  1.09804  0  1.09804  0.000148357  0  0  0.000148357  0  0.000148357
1.398e+12  0  46.6  1.09804  0  0  1.09804  0  1.09804  0.000149335  0  0  0.000149335  0  0.000149335
1.407e+12  0  46.9  1.09805  0  0  1.09805  0  1.09805  0.000150313  0  0  0.000150313  0  0.000150313
1.416e+12  0  47.2  1.09805  0  0  1.09805  0  1.09805  0.000151291  0  0  0.000151291  0  0.000151291
1.425e+12  0  47.5  1.09806  0  0  1.09806  0  1.09806  0.00015227  0  0  0.00015227  0  0.00015227
1.434e+12  0  47.8  1.09807  0  0  1.09807  0  1.09807  0.000153249  0  0  0.000153249  0  0.000153249
1.443e+12  0  48.1  1.09807  0  0  1.09807  0  1.09807  0.000154228  0  0  0.000154228  0  0.000154228
1.452e+12  0  48.4  1.09808  0  0  1.09808  0  1.09808  0.000155208  0  0  0.000155208  0  0.000155208
1.461e+12  0  48.7  1.09808  0  0  1.09808  0  1.09808  0.000156188  0  0  0.000156188  0  0.000156188
1.47e+12  0  49  1.09809  0  0  1.09809  0  1.09809  0.000157168  0  0  0.000157168  0  0.000157168
1.479e+12  0  49.3  1.09809  0  0  1.09809  0  1.09809  0.000158149  0  0  0.000158149  0  0.000158149
1.488e+12  0  49.6  1.0981  0  0  1.0981  0  1.0981  0.00015913  0  0  0.00015913  0  0.00015913
1.497e+12  0  49.9  1.0981  0  0  1.0981  0  1.0981  0.000160111  0  0  0.000160111  0  0.000160111
1.506e+12  0  50.2  1.09811  0  0  1.09811  0  1.09811  0.000161093  0  0  0.000161093  0  0.000161093
1.515e+12  0  50.5  1.09812  0  0  1.09812  0  1.09812  0.000162075  0  0  0.000162075  0  0.000162075
1.524e+12  0  50.8  1.09812  0  0  1.09812  0  1.09812  0.000163057  0  0  0.000163057  0  0.000163057
1.533e+12  0  51.1  1.09813  0  0  1.09813  0  1.09813  0.00016404  0  0  0.00016404  0  0.00016404
1.542e+12  0  51.4  1.09813  0  0  1.09813  0  1.09813  0.000165023  0  0  0.000165023  0  0.000165023
1.551e+12  0  51.7  1.09814  0  0  1.09814  0  1.09814  0.000166007  0  0  0.000166007  0  0.000166007
1.56e+12  0  52  1.09815  0  0  1.09815  0  1.09815  0.000166991  0  0  0.000166991  0  0.000166991
1.569e+12  0  52.3  1.09815  0  0  1.09815  0  1.09815  0.000167975  0  0  0.000167975  0  0.000167975
1.578e+12  0  52.6  1.09816  0  0  1.09816  0  1.09816  0.000168959  0  0  0.000168959  0  0.000168959
1.587e+12  0  52.9  1.09816  0  0  1.09816  0  1.09816  0.000169944  0  0  0.000169944  0  0.000169944
1.596e+12  0  53.2  1.09817  0  0  1.09817  0  1.09817  0.000170929  0  0  0.000170929  0  0.000170929
1.605e+12  0  53.5  1.09818  0  0  1.09818  0  1.09818  0.000171915  0  0  0.000171915  0  0.000171915
1.614e+12  0  53.8  1.09818  0  0  1.09818  0  1.09818  0.000172901  0  0  0.000172901  0  0.000172901
1.623e+12  0  54.1  1.09819  0  0  1.09819  0  1.09819  0.000173887  0  0  0.000173887  0  0.000173887
1.632e+12  0  54.4  1.0982  0  0  1.0982  0  1.0982  0.000174874  0  0  0.000174874  0  0.000174874
1.641e+12  0  54.7  1.0982  0  0  1.0982  0  1.0982  0.000175861  0  0  0.000175861  0  0.000175861
1.65e+12  0  55  1.09821  0  0  1.09821  0  1.09821  0.000176849  0  0  0.000176849  0  0.000176849
1.659e+12  0  55.3  1.09822  0  0  1.09822  0  1.09822  0.000177837  0  0  0.000177837  0  0.000177837
1.668e+12  0  55.6  1.09822  0  0  1.09822  0  1.09822  0.000178825  0  0  0.000178825  0  0.000178825
1.677e+12  0  55.9  1.09823  0  0  1.09823  0  1.09823  0.000179814  0  0  0.000179814  0  0.000179814
1.686e+12  0  56.2  1.09823  0  0  1.09823  0  1.09823  0.000180803  0  0  0.000180803  0  0.000180803
1.695e+12  0  56.5  1.09824  0  0  1.09824  0  1.09824  0.000181792  0  0  0.000181792  0  0.000181792
1.704e+12  0  56.8  1.09825  0  0  1.09825  0  1.09825  0.000182782  0  0  0.000182782  0  0.000182782
1.713e+12  0  57.1  1.09825  0  0  1.09825  0  1.09825  0.000183772  0  0  0.000183772  0  0.000183772
1.722e+12  0  57.4  1.09826  0  0  1.09826  0  1.09826  0.000184763  0  0  0.000184763  0  0.000184763
1.731e+12  0  57.7  1.09827  0  0  1.09827  0  1.09827  0.000185754  0  0  0.000185754  0  0.000185754
1.74e+12  0  58  1.09828  0  0  1.09828  0  1.09828  0.000186746  0  0  0.000186746  0  0.000186746
1.749e+12  0  58.3  1.09828  0  0  1.09828  0  1.09828  0.000187737  0  0  0.000187737  0  0.000187737
1.758e+12  0  58.6  1.09829  0  0  1.09829  0  1.09829  0.00018873  0  0  0.00018873  0  0.00018873
1.767e+12  0  58.9  1.0983  0  0  1.0983  0  1.0983  0.000189722  0  0  0.000189722  0  0.000189722
1.776e+12  0  59.2  1.0983  0  0  1.0983  0  1.0983  0.000190715  0  0  0.000190715  0  0.000190715
1.785e+12  0  59.5  1.09831  0  0  1.09831  0  1.09831  0.000191709  0  0  0.000191709  0  0.000191709
1.794e+12  0  59.8  1.09832  0  0  1.09832  0  1.09832  0.000192703  0  0  0.000192703  0  0.000192703
1.803e+12  0  60.1  1.09832  0  0  1.09832  0  1.09832  0.000193697  0  0  0.000193697  0  0.000193697
1.812e+12  0  60.4  1.09833  0  0  1.09833  0  1.09833  0.000194692  0  0  0.000194692  0  0.000194692
1.821e+12  0  60.7  1.09834  0  0  1.09834  0  1.09834  0.000195687  0  0  0.000195687  0  0.000195687
1.83e+12  0  61  1.09834  0  0  1.09834  0  1.09834  0.000196683  0  0  0.000196683  0  0.000196683
1.839e+12  0  61.3  1.09835  0  0  1.09835  0  1.09835  0.000197679  0  0  0.000197679  0  0.000197679
1.848e+12  0  61.6  1.09836  0  0  1.09836  0  1.09836  0.000198675  0  0  0.000198675  0  0.000198675
1.857e+12  0  61.9  1.09837  0  0  1.09837  0  1.09837  0.000199672  0  0  0.000199672  0  0.000199672
1.866e+12  0  62.2  1.09837  0  0  1.09837  0  1.09837  0.000200669  0  0  0.000200669  0  0.000200669
1.875e+12  0  62.5  1.09838  0  0  1.09838  0  1.09838  0.000201667  0  0  0.000201667  0  0.000201667
1.884e+12  0  62.8  1.09839  0  0  1.09839  0  1.09839  0.000202665  0  0  0.000202665  0  0.000202665
1.893e+12  0  63.1  1.0984  0  0  1.0984  0  1.0984  0.000203664  0  0  0.000203664  0  0.000203664
1.902e+12  0  63.4  1.0984  0  0  1.0984  0  1.0984  0.000204663  0  0  0.000204663  0  0.000204663
1.911e+12  0  63.7  1.09841  0  0  1.09841  0  1.09841  0.000205662  0  0  0.000205662  0  0.000205662
1.92e+12  0  64  1.09842  0  0  1.09842  0  1.09842  0.000206662  0  0  0.000206662  0  0.000206662
1.929e+12  0  64.3  1.09843  0  0  1.09843  0  1.09843  0.000207663  0  0  0.000207663  0  0.000207663
1.938e+12  0  64.6  1.09843  0  0  1.09843  0  1.09843  0.000208664  0  0  0.000208664  0  0.000208664
1.947e+12  0  64.9  1.09844  0  0  1.09844  0  1.09844  0.000209665  0  0  0.000209665  0  0.000209665
1.956e+12  0  65.2  1.09845  0  0  1.09845  0  1.09845  0.000210667  0  0  0.000210667  0  0.000210667
1.965e+12  0  65.5  1.09846  0  0  1.09846  0  1.09846  0.000211669  0  0  0.000211669  0  0.000211669
1.974e+12  0  65.8  1.09846  0  0  1.09846  0  1.09846  0.000212672  0  0  0.000212672  0  0.000212672
1.983e+12  0  66.1  1.09847  0  0  1.09847  0  1.09847  0.000213675  0  0  0.000213675  0  0.000213675
1.992e+12  0  66.4  1.09848  0  0  1.09848  0  1.09848  0.000214678  0  0  0.000214678  0  0.000214678
2.001e+12  0  66.7  1.09849  0  0  1.09849  0  1.09849  0.000215682  0  0  0.000215682  0  0.000215682
2.01e+12  0  67  1.09849  0  0  1.09849  0  1.09849  0.000216687  0  0  0.000216687  0  0.000216687
2.019e+12  0  67.3  1.0985  0  0  1.0985  0  1.0985  0.000217692  0  0  0.000217692  0  0.000217692
2.028e+12  0  67.6  1.09851  0  0  1.09851  0  1.09851  0.000218698  0  0  0.000218698  0  0.000218698
2.037e+12  0  67.9  1.09852  0  0  1.09852  0  1.09852  0.000219704  0  0  0.000219704  0  0.000219704
2.046e+12  0  68.2  1.09853  0  0  1.09853  0  1.09853  0.00022071  0  0  0.00022071  0  0.00022071
2.055e+12  0  68.5  1.09853  0  0  1.09853  0  1.09853  0.000221717  0  0  0.000221717  0  0.000221717
2.064e+12  0  68.8  1.09854  0  0  1.09854  0  1.09854  0.000222724  0  0  0.000222724  0  0.000222724
2.073e+12  0  69.1  1.09855  0  0  1.09855  0  1.09855  0.000223732  0  0  0.000223732  0  0.000223732
2.082e+12  0  69.4  1.09856  0  0  1.09856  0  1.09856  0.000224741  0  0  0.000224741  0  0.000224741
2.091e+12  0  69.7  1.09857  0  0  1.09857  0  1.09857  0.00022575  0  0  0.00022575  0  0.00022575
2.1e+12  0  70  1.09858  0  0  1.09858  0  1.09858  0.000226759  0  0  0.000226759  0  0.000226759
2.109e+12  0  70.3  1.09858  0  0  1.09858  0  1.09858  0.000227769  0  0  0.000227769  0  0.000227769
2.118e+12  0  70.6  1.09859  0  0  1.09859  0  1.09859  0.000228779  0  0  0.000228779  0  0.000228779
2.127e+12  0  70.9  1.0986  0  0  1.0986  0  1.0986  0.00022979  0  0  0.00022979  0  0.00022979
2.136e+12  0  71.2  1.09861  0  0  1.09861  0  1.09861  0.000230801  0  0  0.000230801  0  0.000230801
2.145e+12  0  71.5  1.09862  0  0  1.09862  0  1.09862  0.000231813  0  0  0.000231813  0  0.000231813
2.154e+12  0  71.8  1.09863  0  0  1.09863  0  1.09863  0.000232826  0  0  0.000232826  0  0.000232826
2.163e+12  0  72.1  1.09863  0  0  1.09863  0  1.09863  0.000233839  0  0  0.000233839  0  0.000233839
2.172e+12  0  72.4  1.09864  0  0  1.09864  0  1.09864  0.000234852  0  0  0.000234852  0  0.000234852
2.181e+12  0  72.7  1.09865  0  0  1.09865  0  1.09865  0.000235866  0  0  0.000235866  0  0.000235866
2.19e+12  0  73  1.09866  0  0  1.09866  0  1.09866  0.00023688  0  0  0.00023688  0  0.00023688
2.199e+12  0  73.3  1.09867  0  0  1.09867  0  1.09867  0.000237895  0  0  0.000237895  0  0.000237895
2.208e+12  0  73.6  1.09868  0  0  1.09868  0  1.09868  0.000238911  0  0  0.000238911  0  0.000238911
2.217e+12  0  73.9  1.09869  0  0  1.09869  0  1.09869  0.000239927  0  0  0.000239927  0  0.000239927
2.226e+12  0  74.2  1.09869  0  0  1.09869  0  1.09869  0.000240943  0  0  0.000240943  0  0.000240943
2.235e+12  0  74.5  1.0987  0  0  1.0987  0  1.0987  0.000241961  0  0  0.000241961  0  0.000241961
2.244e+12  0  74.8  1.09871  0  0  1.09871  0  1.09871  0.000242978  0  0  0.000242978  0  0.000242978
2.253e+12  0  75.1  1.09872  0  0  1.09872  0  1.09872  0.000243996  0  0  0.000243996  0  0.000243996
2.262e+12  0  75.4  1.09873  0  0  1.09873  0  1.09873  0.000245015  0  0  0.000245015  0  0.000245015
2.271e+12  0  75.7  1.09874  0  0  1.09874  0  1.09874  0.000246034  0  0  0.000246034  0  0.000246034
2.28e+12  0  76  1.09875  0  0  1.09875  0  1.09875  0.000247054  0  0  0.000247054  0  0.000247054
2.289e+12  0  76.3  1.09876  0  0  1.09876  0  1.09876  0.000248074  0  0  0.000248074  0  0.000248074
2.298e+12  0  76.6  1.09877  0  0  1.09877  0  1.09877  0.000249095  0  0  0.000249095  0  0.000249095
2.307e+12  0  76.9  1.09877  0  0  1.09877  0  1.09877  0.000250116  0  0  0.000250116  0  0.000250116
2.316e+12  0  77.2  1.09878  0  0  1.09878  0  1.09878  0.000251138  0  0  0.000251138  0  0.000251138
2.325e+12  0  77.5  1.09879  0  0  1.09879  0  1.09879  0.000252161  0  0  0.000252161  0  0.000252161
2.334e+12  0  77.8  1.0988  0  0  1.0988  0  1.0988  0.000253184  0  0  0.000253184  0  0.000253184
2.343e+12  0  78.1  1.09881  0  0  1.09881  0  1.09881  0.000254207  0  0  0.000254207  0  0.000254207
2.352e+12  0  78.4  1.09882  0  0  1.09882  0  1.09882  0.000255232  0  0  0.000255232  0  0.000255232
2.361e+12  0  78.7  1.09883  0  0  1.09883  0  1.09883  0.000256256  0  0  0.000256256  0  0.000256256
2.37e+12  0  79  1.09884  0  0  1.09884  0  1.09884  0.000257282  0  0  0.000257282  0  0.000257282
2.379e+12  0  79.3  1.09885  0  0  1.09885  0  1.09885  0.000258307  0  0  0.000258307  0  0.000258307
2.388e+12  0  79.6  1.09886  0  0  1.09886  0  1.09886  0.000259334  0  0  0.000259334  0  0.000259334
2.397e+12  0  79.9  1.09887  0  0  1.09887  0  1.09887  0.000260361  0  0  0.000260361  0  0.000260361
2.406e+12  0  80.2  1.09888  0  0  1.09888  0  1.09888  0.000261388  0  0  0.000261388  0  0.000261388
2.415e+12  0  80.5  1.09889  0  0  1.09889  0  1.09889  0.000262417  0  0  0.000262417  0  0.000262417
2.424e+12  0  80.8  1.0989  0  0  1.0989  0  1.0989  0.000263445  0  0  0.000263445  0  0.000263445
2.433e+12  0  81.1  1.09891  0  0  1.09891  0  1.09891  0.000264475  0  0  0.000264475  0  0.000264475
2.442e+12  0  81.4  1.09892  0  0  1.09892  0  1.09892  0.000265504  0  0  0.000265504  0  0.000265504
2.451e+12  0  81.7  1.09892  0  0  1.09892  0  1.09892  0.000266535  0  0  0.000266535  0  0.000266535
2.46e+12  0  82  1.09893  0  0  1.09893  0  1.09893  0.000267566  0  0  0.000267566  0  0.000267566
2.469e+12  0  82.3  1.09894  0  0  1.09894  0  1.09894  0.000268598  0  0  0.000268598  0  0.000268598
2.478e+12  0  82.6  1.09895  0  0  1.09895  0  1.09895  0.00026963  0  0  0.00026963  0  0.00026963
2.487e+12  0  82.9  1.09896  0  0  1.09896  0  1.09896  0.000270663  0  0  0.000270663  0  0.000270663
2.496e+12  0  83.2  1.09897  0  0  1.09897  0  1.09897  0.000271696  0  0  0.000271696  0  0.000271696
2.505e+12  0  83.5  1.09898  0  0  1.09898  0  1.09898  0.00027273  0  0  0.00027273  0  0.00027273
2.514e+12  0  83.8  1.09899  0  0  1.09899  0  1.09899  0.000273765  0  0  0.000273765  0  0.000273765
2.523e+12  0  84.1  1.099  0  0  1.099  0  1.099  0.0002748  0  0  0.0002748  0  0.0002748
2.532e+12  0  84.4  1.09901  0  0  1.09901  0  1.09901  0.000275836  0  0  0.000275836  0  0.000275836
2.541e+12  0  84.7  1.09902  0  0  1.09902  0  1.09902  0.000276872  0  0  0.000276872  0  0.000276872
2.55e+12  0  85  1.09903  0  0  1.09903  0  1.09903  0.00027791  0  0  0.00027791  0  0.00027791
2.559e+12  0  85.3  1.09904  0  0  1.09904  0  1.09904  0.000278947  0  0  0.000278947  0  0.000278947
2.568e+12  0  85.6  1.09905  0  0  1.09905  0  1.09905  0.000279986  0  0  0.000279986  0  0.000279986
2.577e+12  0  85.9  1.09906  0  0  1.09906  0  1.09906  0.000281025  0  0  0.000281025  0  0.000281025
2.586e+12  0  86.2  1.09907  0  0  1.09907  0  1.09907  0.000282064  0  0  0.000282064  0  0.000282064
2.595e+12  0  86.5  1.09908  0  0  1.09908  0  1.09908  0.000283104  0  0  0.000283104  0  0.000283104
2.604e+12  0  86.8  1.09909  0  0  1.09909  0  1.09909  0.000284145  0  0  0.000284145  0  0.000284145
2.613e+12  0  87.1  1.09911  0  0  1.09911  0  1.09911  0.000285187  0  0  0.000285187  0  0.000285187
2.622e+12  0  87.4  1.09912  0  0  1.09912  0  1.09912  0.000286229  0  0  0.000286229  0  0.000286229
2.631e+12  0  87.7  1.09913  0  0  1.09913  0  1.09913  0.000287271  0  0  0.000287271  0  0.000287271
2.64e+12  0  88  1.09914  0  0  1.09914  0  1.09914  0.000288315  0  0  0.000288315  0  0.000288315
2.649e+12  0  88.3  1.09915  0  0  1.09915  0  1.09915  0.000289359  0  0  0.000289359  0  0.000289359
2.658e+12  0  88.6  1.09916  0  0  1.09916  0  1.09916  0.000290403  0  0  0.000290403  0  0.000290403
2.667e+12  0  88.9  1.09917  0  0  1.09917  0  1.09917  0.000291449  0  0  0.000291449  0  0.000291449
2.676e+12  0  89.2  1.09918  0  0  1.09918  0  1.09918  0.000292495  0  0  0.000292495  0  0.000292495
2.685e+12  0  89.5  1.09919  0  0  1.09919  0  1.09919  0.000293541  0  0  0.000293541  0  0.000293541
2.694e+12  0  89.8  1.0992  0  0  1.0992  0  1.0992  0.000294588  0  0  0.000294588  0  0.000294588
2.703e+12  0  90.1  1.09921  0  0  1.09921  0  1.09921  0.000295636  0  0  0.000295636  0  0.000295636
2.712e+12  0  90.4  1.09922  0  0  1.09922  0  1.09922  0.000296685  0  0  0.000296685  0  0.000296685
2.721e+12  0  90.7  1.09923  0  0  1.09923  0  1.09923  0.000297734  0  0  0.000297734  0  0.000297734
2.73e+12  0  91  1.09924  0  0  1.09924  0  1.09924  0.000298784  0  0  0.000298784  0  0.000298784
2.739e+12  0  91.3  1.09925  0  0  1.09925  0  1.09925  0.000299834  0  0  0.000299834  0  0.000299834
2.748e+12  0  91.6  1.09927  0  0  1.09927  0  1.09927  0.000300886  0  0  0.000300886  0  0.000300886
2.757e+12  0  91.9  1.09928  0  0  1.09928  0  1.09928  0.000301938  0  0  0.000301938  0  0.000301938
2.766e+12  0  92.2  1.09929  0  0  1.09929  0  1.09929  0.00030299  0  0  0.00030299  0  0.00030299
2.775e+12  0  92.5  1.0993  0  0  1.0993  0  1.0993  0.000304043  0  0  0.000304043  0  0.000304043
2.784e+12  0  92.8  1.09931  0  0  1.09931  0  1.09931  0.000305097  0  0  0.000305097  0  0.000305097
2.793e+12  0  93.1  1.09932  0  0  1.09932  0  1.09932  0.000306152  0  0  0.000306152  0  0.000306152
2.802e+12  0  93.4  1.09933  0  0  1.09933  0  1.09933  0.000307207  0  0  0.000307207  0  0.000307207
2.811e+12  0  93.7  1.09934  0  0  1.09934  0  1.09934  0.000308263  0  0  0.000308263  0  0.000308263
2.82e+12  0  94  1.09935  0  0  1.09935  0  1.09935  0.00030932  0  0  0.00030932  0  0.00030932
2.829e+12  0  94.3  1.09936  0  0  1.09936  0  1.09936  0.000310377  0  0  0.000310377  0  0.000310377
2.838e+12  0  94.6  1.09938  0  0  1.09938  0  1.09938  0.000311435  0  0  0.000311435  0  0.000311435
2.847e+12  0  94.9  1.09939  0  0  1.09939  0  1.09939  0.000312494  0  0  0.000312494  0  0.000312494
2.856e+12  0  95.2  1.0994  0  0  1.0994  0  1.0994  0.000313553  0  0  0.000313553  0  0.000313553
2.865e+12  0  95.5  1.09941  0  0  1.09941  0  1.09941  0.000314614  0  0  0.000314614  0  0.000314614
2.874e+12  0  95.8  1.09942  0  0  1.09942  0  1.09942  0.000315674  0  0  0.000315674  0  0.000315674
2.883e+12  0  96.1  1.09943  0  0  1.09943  0  1.09943  0.000316736  0  0  0.000316736  0  0.000316736
2.892e+12  0  96.4  1.09944  0  0  1.09944  0  1.09944  0.000317798  0  0  0.000317798  0  0.000317798
2.901e+12  0  96.7  1.09946  0  0  1.09946  0  1.09946  0.000318861  0  0  0.000318861  0  0.000318861
2.91e+12  0  97  1.09947  0  0  1.09947  0  1.09947  0.000319925  0  0  0.000319925  0  0.000319925
2.919e+12  0  97.3  1.09948  0  0  1.09948  0  1.09948  0.000320989  0  0  0.000320989  0  0.000320989
2.928e+12  0  97.6  1.09949  0  0  1.09949  0  1.09949  0.000322054  0  0  0.000322054  0  0.000322054
2.937e+12  0  97.9  1.0995  0  0  1.0995  0  1.0995  0.00032312  0  0  0.00032312  0  0.00032312
2.946e+12  0  98.2  1.09951  0  0  1.09951  0  1.09951  0.000324187  0  0  0.000324187  0  0.000324187
2.955e+12  0  98.5  1.09953  0  0  1.09953  0  1.09953  0.000325254  0  0  0.000325254  0  0.000325254
2.964e+12  0  98.8  1.09954  0  0  1.09954  0  1.09954  0.000326322  0  0  0.000326322  0  0.000326322
2.973e+12  0  99.1  1.09955  0  0  1.09955  0  1.09955  0.000327391  0  0  0.000327391  0  0.000327391
2.982e+12  0  99.4  1.09956  0  0  1.09956  0  1.09956  0.000328461  0  0  0.000328461  0  0.000328461
2.991e+12  0  99.7  1.09957  0  0  1.09957  0  1.09957  0.000329531  0  0  0.000329531  0  0.000329531
3e+12  0  100  1.09959  0  0  1.09959  0  1.09959  0.000330602  0  0  0.000330602  0  0.000330602
3.009e+12  0  100.3  1.0996  0  0  1.0996  0  1.0996  0.000331674  0  0  0.000331674  0  0.000331674
3.018e+12  0  100.6  1.09961  0  0  1.09961  0  1.09961  0.000332746  0  0  0.000332746  0  0.000332746
3.027e+12  0  100.9  1.09962  0  0  1.09962  0  1.09962  0.000333819  0  0  0.000333819  0  0.000333819
3.036e+12  0  101.2  1.09963  0  0  1.09963  0  1.09963  0.000334893  0  0  0.000334893  0  0.000334893
3.045e+12  0  101.5  1.09965  0  0  1.09965  0  1.09965  0.000335968  0  0  0.000335968  0  0.000335968
3.054e+12  0  101.8  1.09966  0  0  1.09966  0  1.09966  0.000337044  0  0  0.000337044  0  0.000337044
3.063e+12  0  102.1  1.09967  0  0  1.09967  0  1.09967  0.00033812  0  0  0.00033812  0  0.00033812
3.072e+12  0  102.4  1.09968  0  0  1.09968  0  1.09968  0.000339197  0  0  0.000339197  0  0.000339197
3.081e+12  0  102.7  1.0997  0  0  1.0997  0  1.0997  0.000340275  0  0  0.000340275  0  0.000340275
3.09e+12  0  103  1.09971  0  0  1.09971  0  1.09971  0.000341353  0  0  0.000341353  0  0.000341353
3.099e+12  0  103.3  1.09972  0  0  1.09972  0  1.09972  0.000342433  0  0  0.000342433  0  0.000342433
3.108e+12  0  103.6  1.09973  0  0  1.09973  0  1.09973  0.000343513  0  0  0.000343513  0  0.000343513
3.117e+12  0  103.9  1.09975  0  0  1.09975  0  1.09975  0.000344594  0  0  0.000344594  0  0.000344594
3.126e+12  0  104.2  1.09976  0  0  1.09976  0  1.09976  0.000345675  0  0  0.000345675  0  0.000345675
3.135e+12  0  104.5  1.09977  0  0  1.09977  0  1.09977  0.000346758  0  0  0.000346758  0  0.000346758
3.144e+12  0  104.8  1.09978  0  0  1.09978  0  1.09978  0.000347841  0  0  0.000347841  0  0.000347841
3.153e+12  0  105.1  1.0998  0  0  1.0998  0  1.0998  0.000348925  0  0  0.000348925  0  0.000348925
3.162e+12  0  105.4  1.09981  0  0  1.09981  0  1.09981  0.00035001  0  0  0.00035001  0  0.00035001
3.171e+12  0  105.7  1.09982  0  0  1.09982  0  1.09982  0.000351096  0  0  0.000351096  0  0.000351096
3.18e+12  0  106  1.09983  0  0  1.09983  0  1.09983  0.000352182  0  0  0.000352182  0  0.000352182
3.189e+12  0  106.3  1.09985  0  0  1.09985  0  1.09985  0.000353269  0  0  0.000353269  0  0.000353269
3.198e+12  0  106.6  1.09986  0  0  1.09986  0  1.09986  0.000354357  0  0  0.000354357  0  0.000354357
3.207e+12  0  106.9  1.09987  0  0  1.09987  0  1.09987  0.000355446  0  0  0.000355446  0  0.000355446
3.216e+12  0  107.2  1.09989  0  0  1.09989  0  1.09989  0.000356536  0  0  0.000356536  0  0.000356536
3.225e+12  0  107.5  1.0999  0  0  1.0999  0  1.0999  0.000357626  0  0  0.000357626  0  0.000357626
3.234e+12  0  107.8  1.09991  0  0  1.09991  0  1.09991  0.000358717  0  0  0.000358717  0  0.000358717
3.243e+12  0  108.1  1.09992  0  0  1.09992  0  1.09992  0.000359809  0  0  0.000359809  0  0.000359809
3.252e+12  0  108.4  1.09994  0  0  1.09994  0  1.09994  0.000360902  0  0  0.000360902  0  0.000360902
3.261e+12  0  108.7  1.09995  0  0  1.09995  0  1.09995  0.000361996  0  0  0.000361996  0  0.000361996
3.27e+12  0  109  1.09996  0  0  1.09996  0  1.09996  0.000363091  0  0  0.000363091  0  0.000363091
3.279e+12  0  109.3  1.09998  0  0  1.09998  0  1.09998  0.000364186  0  0  0.000364186  0  0.000364186
3.288e+12  0  109.6  1.09999  0  0  1.09999  0  1.09999  0.000365282  0  0  0.000365282  0  0.000365282
3.297e+12  0  109.9  1.1  0  0  1.1  0  1.1  0.000366379  0  0  0.000366379  0  0.000366379
3.306e+12  0  110.2  1.10002  0  0  1.10002  0  1.10002  0.000367477  0  0  0.000367477  0  0.000367477
3.315e+12  0  110.5  1.10003  0  0  1.10003  0  1.10003  0.000368576  0  0  0.000368576  0  0.000368576
3.324e+12  0  110.8  1.10004  0  0  1.10004  0  1.10004  0.000369675  0  0  0.000369675  0  0.000369675
3.333e+12  0  111.1  1.10006  0  0  1.10006  0  1.10006  0.000370776  0  0  0.000370776  0  0.000370776
3.342e+12  0  111.4  1.10007  0  0  1.10007  0  1.10007  0.000371877  0  0  0.000371877  0  0.000371877
3.351e+12  0  111.7  1.10008  0  0  1.10008  0  1.10008  0.000372979  0  0  0.000372979  0  0.000372979
3.36e+12  0  112  1.1001  0  0  1.1001  0  1.1001  0.000374082  0  0  0.000374082  0  0.000374082
3.369e+12  0  112.3  1.10011  0  0  1.10011  0  1.10011  0.000375186  0  0  0.000375186  0  0.000375186
3.378e+12  0  112.6  1.10013  0  0  1.10013  0  1.10013  0.00037629  0  0  0.00037629  0  0.00037629
3.387e+12  0  112.9  1.10014  0  0  1.10014  0  1.10014  0.000377396  0  0  0.000377396  0  0.000377396
3.396e+12  0  113.2  1.10015  0  0  1.10015  0  1.10015  0.000378502  0  0  0.000378502  0  0.000378502
3.405e+12  0  113.5  1.10017  0  0  1.10017  0  1.10017  0.00037961  0  0  0.00037961  0  0.00037961
3.414e+12  0  113.8  1.10018  0  0  1.10018  0  1.10018  0.000380718  0  0  0.000380718  0  0.000380718
3.423e+12  0  114.1  1.10019  0  0  1.10019  0  1.10019  0.000381827  0  0  0.000381827  0  0.000381827
3.432e+12  0  114.4  1.10021  0  0  1.10021  0  1.10021  0.000382937  0  0  0.000382937  0  0.000382937
3.441e+12  0  114.7  1.10022  0  0  1.10022  0  1.10022  0.000384047  0  0  0.000384047  0  0.000384047
3.45e+12  0  115  1.10024  0  0  1.10024  0  1.10024  0.000385159  0  0  0.000385159  0  0.000385159
3.459e+12  0  115.3  1.10025  0  0  1.10025  0  1.10025  0.000386272  0  0  0.000386272  0  0.000386272
3.468e+12  0  115.6  1.10026  0  0  1.10026  0  1.10026  0.000387385  0  0  0.000387385  0  0.000387385
3.477e+12  0  115.9  1.10028  0  0  1.10028  0  1.10028  0.000388499  0  0  0.000388499  0  0.000388499
3.486e+12  0  116.2  1.10029  0  0  1.10029  0  1.10029  0.000389614  0  0  0.000389614  0  0.000389614
3.495e+12  0  116.5  1.10031  0  0  1.10031  0  1.10031  0.00039073  0  0  0.00039073  0  0.00039073
3.504e+12  0  116.8  1.10032  0  0  1.10032  0  1.10032  0.000391847  0  0  0.000391847  0  0.000391847
3.513e+12  0  117.1  1.10034  0  0  1.10034  0  1.10034  0.000392965  0  0  0.000392965  0  0.000392965
3.522e+12  0  117.4  1.10035  0  0  1.10035  0  1.10035  0.000394084  0  0  0.000394084  0  0.000394084
3.531e+12  0  117.7  1.10036  0  0  1.10036  0  1.10036  0.000395204  0  0  0.000395204  0  0.000395204
3.54e+12  0  118  1.10038  0  0  1.10038  0  1.10038  0.000396324  0  0  0.000396324  0  0.000396324
3.549e+12  0  118.3  1.10039  0  0  1.10039  0  1.10039  0.000397446  0  0  0.000397446  0  0.000397446
3.558e+12  0  118.6  1.10041  0  0  1.10041  0  1.10041  0.000398568  0  0  0.000398568  0  0.000398568
3.567e+12  0  118.9  1.10042  0  0  1.10042  0  1.10042  0.000399692  0  0  0.000399692  0  0.000399692
3.576e+12  0  119.2  1.10044  0  0  1.10044  0  1.10044  0.000400816  0  0  0.000400816  0  0.000400816
3.585e+12  0  119.5  1.10045  0  0  1.10045  0  1.10045  0.000401941  0  0  0.000401941  0  0.000401941
3.594e+12  0  119.8  1.10047  0  0  1.10047  0  1.10047  0.000403067  0  0  0.000403067  0  0.000403067
3.603e+12  0  120.1  1.10048  0  0  1.10048  0  1.10048  0.000404195  0  0  0.000404195  0  0.000404195
3.612e+12  0  120.4  1.10049  0  0  1.10049  0  1.10049  0.000405323  0  0  0.000405323  0  0.000405323
3.621e+12  0  120.7  1.10051  0  0  1.10051  0  1.10051  0.000406452  0  0  0.000406452  0  0.000406452
3.63e+12  0  121  1.10052  0  0  1.10052  0  1.10052  0.000407581  0  0  0.000407581  0  0.000407581
3.639e+12  0  121.3  1.10054  0  0  1.10054  0  1.10054  0.000408712  0  0  0.000408712  0  0.000408712
3.648e+12  0  121.6  1.10055  0  0  1.10055  0  1.10055  0.000409844  0  0  0.000409844  0  0.000409844
3.657e+12  0  121.9  1.10057  0  0  1.10057  0  1.10057  0.000410977  0  0  0.000410977  0  0.000410977
3.666e+12  0  122.2  1.10058  0  0  1.10058  0  1.10058  0.00041211  0  0  0.00041211  0  0.00041211
3.675e+12  0  122.5  1.1006  0  0  1.1006  0  1.1006  0.000413245  0  0  0.000413245  0  0.000413245
3.684e+12  0  122.8  1.10061  0  0  1.10061  0  1.10061  0.000414381  0  0  0.000414381  0  0.000414381
3.693e+12  0  123.1  1.10063  0  0  1.10063  0  1.10063  0.000415517  0  0  0.000415517  0  0.000415517
3.702e+12  0  123.4  1.10064  0  0  1.10064  0  1.10064  0.000416655  0  0  0.000416655  0  0.000416655
3.711e+12  0  123.7  1.10066  0  0  1.10066  0  1.10066  0.000417793  0  0  0.000417793  0  0.000417793
3.72e+12  0  124  1.10067  0  0  1.10067  0  1.10067  0.000418933  0  0  0.000418933  0  0.000418933
3.729e+12  0  124.3  1.10069  0  0  1.10069  0  1.10069  0.000420073  0  0  0.000420073  0  0.000420073
3.738e+12  0  124.6  1.10071  0  0  1.10071  0  1.10071  0.000421215  0  0  0.000421215  0  0.000421215
3.747e+12  0  124.9  1.10072  0  0  1.10072  0  1.10072  0.000422357  0  0  0.000422357  0  0.000422357
3.756e+12  0  125.2  1.10074  0  0  1.10074  0  1.10074  0.0004235  0  0  0.0004235  0  0.0004235
3.765e+12  0  125.5  1.10075  0  0  1.10075  0  1.10075  0.000424645  0  0  0.000424645  0  0.000424645
3.774e+12  0  125.8  1.10077  0  0  1.10077  0  1.10077  0.00042579  0  0  0.00042579  0  0.00042579
3.783e+12  0  126.1  1.10078  0  0  1.10078  0  1.10078  0.000426937  0  0  0.000426937  0  0.000426937
3.792e+12  0  126.4  1.1008  0  0  1.1008  0  1.1008  0.000428084  0  0  0.000428084  0  0.000428084
3.801e+12  0  126.7  1.10081  0  0  1.10081  0  1.10081  0.000429232  0  0  0.000429232  0  0.000429232
3.81e+12  0  127  1.10083  0  0  1.10083  0  1.10083  0.000430382  0  0  0.000430382  0  0.000430382
3.819e+12  0  127.3  1.10084  0  0  1.10084  0  1.10084  0.000431532  0  0  0.000431532  0  0.000431532
3.828e+12  0  127.6  1.10086  0  0  1.10086  0  1.10086  0.000432683  0  0  0.000432683  0  0.000432683
3.837e+12  0  127.9  1.10088  0  0  1.10088  0  1.10088  0.000433836  0  0  0.000433836  0  0.000433836
3.846e+12  0  128.2  1.10089  0  0  1.10089  0  1.10089  0.000434989  0  0  0.000434989  0  0.000434989
3.855e+12  0  128.5  1.10091  0  0  1.10091  0  1.10091  0.000436144  0  0  0.000436144  0  0.000436144
3.864e+12  0  128.8  1.10092  0  0  1.10092  0  1.10092  0.000437299  0  0  0.000437299  0  0.000437299
3.873e+12  0  129.1  1.10094  0  0  1.10094  0  1.10094  0.000438456  0  0  0.000438456  0  0.000438456
3.882e+12  0  129.4  1.10096  0  0  1.10096  0  1.10096  0.000439613  0  0  0.000439613  0  0.000439613
3.891e+12  0  129.7  1.10097  0  0  1.10097  0  1.10097  0.000440772  0  0  0.000440772  0  0.000440772
3.9e+12  0  130  1.10099  0  0  1.10099  0  1.10099  0.000441931  0  0  0.000441931  0  0.000441931
3.909e+12  0  130.3  1.101  0  0  1.101  0  1.101  0.000443092  0  0  0.000443092  0  0.000443092
3.918e+12  0  130.6  1.10102  0  0  1.10102  0  1.10102  0.000444254  0  0  0.000444254  0  0.000444254
3.927e+12  0  130.9  1.10104  0  0  1.10104  0  1.10104  0.000445416  0  0  0.000445416  0  0.000445416
3.936e+12  0  131.2  1.10105  0  0  1.10105  0  1.10105  0.00044658  0  0  0.00044658  0  0.00044658
3.945e+12  0  131.5  1.10107  0  0  1.10107  0  1.10107  0.000447745  0  0  0.000447745  0  0.000447745
3.954e+12  0  131.8  1.10108  0  0  1.10108  0  1.10108  0.000448911  0  0  0.000448911  0  0.000448911
3.963e+12  0  132.1  1.1011  0  0  1.1011  0  1.1011  0.000450078  0  0  0.000450078  0  0.000450078
3.972e+12  0  132.4  1.10112  0  0  1.10112  0  1.10112  0.000451245  0  0  0.000451245  0  0.000451245
3.981e+12  0  132.7  1.10113  0  0  1.10113  0  1.10113  0.000452415  0  0  0.000452415  0  0.000452415
3.99e+12  0  133  1.10115  0  0  1.10115  0  1.10115  0.000453585  0  0  0.000453585  0  0.000453585
3.999e+12  0  133.3  1.10117  0  0  1.10117  0  1.10117  0.000454756  0  0  0.000454756  0  0.000454756
4.008e+12  0  133.6  1.10118  0  0  1.10118  0  1.10118  0.000455928  0  0  0.000455928  0  0.000455928
4.017e+12  0  133.9  1.1012  0  0  1.1012  0  1.1012  0.000457101  0  0  0.000457101  0  0.000457101
4.026e+12  0  134.2  1.10122  0  0  1.10122  0  1.10122  0.000458276  0  0  0.000458276  0  0.000458276
4.035e+12  0  134.5  1.10123  0  0  1.10123  0  1.10123  0.000459451  0  0  0.000459451  0  0.000459451
4.044e+12  0  134.8  1.10125  0  0  1.10125  0  1.10125  0.000460628  0  0  0.000460628  0  0.000460628
4.053e+12  0  135.1  1.10127  0  0  1.10127  0  1.10127  0.000461805  0  0  0.000461805  0  0.000461805
4.062e+12  0  135.4  1.10128  0  0  1.10128  0  1.10128  0.000462984  0  0  0.000462984  0  0.000462984
4.071e+12  0  135.7  1.1013  0  0  1.1013  0  1.1013  0.000464164  0  0  0.000464164  0  0.000464164
4.08e+12  0  136  1.10132  0  0  1.10132  0  1.10132  0.000465345  0  0  0.000465345  0  0.000465345
4.089e+12  0  136.3  1.10133  0  0  1.10133  0  1.10133  0.000466527  0  0  0.000466527  0  0.000466527
4.098e+12  0  136.6  1.10135  0  0  1.10135  0  1.10135  0.00046771  0  0  0.00046771  0  0.00046771
4.107e+12  0  136.9  1.10137  0  0  1.10137  0  1.10137  0.000468895  0  0  0.000468895  0  0.000468895
4.116e+12  0  137.2  1.10139  0  0  1.10139  0  1.10139  0.00047008  0  0  0.00047008  0  0.00047008
4.125e+12  0  137.5  1.1014  0  0  1.1014  0  1.1014  0.000471266  0  0  0.000471266  0  0.000471266
4.134e+12  0  137.8  1.10142  0  0  1.10142  0  1.10142  0.000472454  0  0  0.000472454  0  0.000472454
4.143e+12  0  138.1  1.10144  0  0  1.10144  0  1.10144  0.000473643  0  0  0.000473643  0  0.000473643
4.152e+12  0  138.4  1.10145  0  0  1.10145  0  1.10145  0.000474833  0  0  0.000474833  0  0.000474833
4.161e+12  0  138.7  1.10147  0  0  1.10147  0  1.10147  0.000476024  0  0  0.000476024  0  0.000476024
4.17e+12  0  139  1.10149  0  0  1.10149  0  1.10149  0.000477216  0  0  0.000477216  0  0.000477216
4.179e+12  0  139.3  1.10151  0  0  1.10151  0  1.10151  0.000478409  0  0  0.000478409  0  0.000478409
4.188e+12  0  139.6  1.10152  0  0  1.10152  0  1.10152  0.000479604  0  0  0.000479604  0  0.000479604
4.197e+12  0  139.9  1.10154  0  0  1.10154  0  1.10154  0.000480799  0  0  0.000480799  0  0.000480799
4.206e+12  0  140.2  1.10156  0  0  1.10156  0  1.10156  0.000481996  0  0  0.000481996  0  0.000481996
4.215e+12  0  140.5  1.10158  0  0  1.10158  0  1.10158  0.000483194  0  0  0.000483194  0  0.000483194
4.224e+12  0  140.8  1.10159  0  0  1.10159  0  1.10159  0.000484393  0  0  0.000484393  0  0.000484393
4.233e+12  0  141.1  1.10161  0  0  1.10161  0  1.10161  0.000485593  0  0  0.000485593  0  0.000485593
4.242e+12  0  141.4  1.10163  0  0  1.10163  0  1.10163  0.000486794  0  0  0.000486794  0  0.000486794
4.251e+12  0  141.7  1.10165  0  0  1.10165  0  1.10165  0.000487997  0  0  0.000487997  0  0.000487997
4.26e+12  0  142  1.10166  0  0  1.10166  0  1.10166  0.0004892  0  0  0.0004892  0  0.0004892
4.269e+12  0  142.3  1.10168  0  0  1.10168  0  1.10168  0.000490405  0  0  0.000490405  0  0.000490405
4.278e+12  0  142.6  1.1017  0  0  1.1017  0  1.1017  0.000491611  0  0  0.000491611  0  0.000491611
4.287e+12  0  142.9  1.10172  0  0  1.10172  0  1.10172  0.000492818  0  0  0.000492818  0  0.000492818
4.296e+12  0  143.2  1.10174  0  0  1.10174  0  1.10174  0.000494027  0  0  0.000494027  0  0.000494027
4.305e+12  0  143.5  1.10175  0  0  1.10175  0  1.10175  0.000495236  0  0  0.000495236  0  0.000495236
4.314e+12  0  143.8  1.10177  0  0  1.10177  0  1.10177  0.000496447  0  0  0.000496447  0  0.000496447
4.323e+12  0  144.1  1.10179  0  0  1.10179  0  1.10179  0.000497659  0  0  0.000497659  0  0.000497659
4.332e+12  0  144.4  1.10181  0  0  1.10181  0  1.10181  0.000498872  0  0  0.000498872  0  0.000498872
4.341e+12  0  144.7  1.10183  0  0  1.10183  0  1.10183  0.000500087  0  0  0.000500087  0  0.000500087
4.35e+12  0  145  1.10184  0  0  1.10184  0  1.10184  0.000501302  0  0  0.000501302  0  0.000501302
4.359e+12  0  145.3  1.10186  0  0  1.10186  0  1.10186  0.000502519  0  0  0.000502519  0  0.000502519
4.368e+12  0  145.6  1.10188  0  0  1.10188  0  1.10188  0.000503737  0  0  0.000503737  0  0.000503737
4.377e+12  0  145.9  1.1019  0  0  1.1019  0  1.1019  0.000504956  0  0  0.000504956  0  0.000504956
4.386e+12  0  146.2  1.10192  0  0  1.10192  0  1.10192  0.000506176  0  0  0.000506176  0  0.000506176
4.395e+12  0  146.5  1.10194  0  0  1.10194  0  1.10194  0.000507398  0  0  0.000507398  0  0.000507398
4.404e+12  0  146.8  1.10195  0  0  1.10195  0  1.10195  0.000508621  0  0  0.000508621  0  0.000508621
4.413e+12  0  147.1  1.10197  0  0  1.10197  0  1.10197  0.000509845  0  0  0.000509845  0  0.000509845
4.422e+12  0  147.4  1.10199  0  0  1.10199  0  1.10199  0.00051107  0  0  0.00051107  0  0.00051107
4.431e+12  0  147.7  1.10201  0  0  1.10201  0  1.10201  0.000512297  0  0  0.000512297  0  0.000512297
4.44e+12  0  148  1.10203  0  0  1.10203  0  1.10203  0.000513525  0  0  0.000513525  0  0.000513525
4.449e+12  0  148.3  1.10205  0  0  1.10205  0  1.10205  0.000514754  0  0  0.000514754  0  0.000514754
4.458e+12  0  148.6  1.10207  0  0  1.10207  0  1.10207  0.000515984  0  0  0.000515984  0  0.000515984
4.467e+12  0  148.9  1.10208  0  0  1.10208  0  1.10208  0.000517215  0  0  0.000517215  0  0.000517215
4.476e+12  0  149.2  1.1021  0  0  1.1021  0  1.1021  0.000518448  0  0  0.000518448  0  0.000518448
4.485e+12  0  149.5  1.10212  0  0  1.10212  0  1.10212  0.000519682  0  0  0.000519682  0  0.000519682
4.494e+12  0  149.8  1.10214  0  0  1.10214  0  1.10214  0.000520918  0  0  0.000520918  0  0.000520918
4.503e+12  0  150.1  1.10216  0  0  1.10216  0  1.10216  0.000522154  0  0  0.000522154  0  0.000522154
4.512e+12  0  150.4  1.10218  0  0  1.10218  0  1.10218  0.000523392  0  0  0.000523392  0  0.000523392
4.521e+12  0  150.7  1.1022  0  0  1.1022  0  1.1022  0.000524631  0  0  0.000524631  0  0.000524631
4.53e+12  0  151  1.10222  0  0  1.10222  0  1.10222  0.000525871  0  0  0.000525871  0  0.000525871
4.539e+12  0  151.3  1.10224  0  0  1.10224  0  1.10224  0.000527113  0  0  0.000527113  0  0.000527113
4.548e+12  0  151.6  1.10226  0  0  1.10226  0  1.10226  0.000528356  0  0  0.000528356  0  0.000528356
4.557e+12  0  151.9  1.10228  0  0  1.10228  0  1.10228  0.0005296  0  0  0.0005296  0  0.0005296
4.566e+12  0  152.2  1.10229  0  0  1.10229  0  1.10229  0.000530846  0  0  0.000530846  0  0.000530846
4.575e+12  0  152.5  1.10231  0  0  1.10231  0  1.10231  0.000532093  0  0  0.000532093  0  0.000532093
4.584e+12  0  152.8  1.10233  0  0  1.10233  0  1.10233  0.000533341  0  0  0.000533341  0  0.000533341
4.593e+12  0  153.1  1.10235  0  0  1.10235  0  1.10235  0.00053459  0  0  0.00053459  0  0.00053459
4.602e+12  0  153.4  1.10237  0  0  1.10237  0  1.10237  0.000535841  0  0  0.000535841  0  0.000535841
4.611e+12  0  153.7  1.10239  0  0  1.10239  0  1.10239  0.000537093  0  0  0.000537093  0  0.000537093
4.62e+12  0  154  1.10241  0  0  1.10241  0  1.10241  0.000538346  0  0  0.000538346  0  0.000538346
4.629e+12  0  154.3  1.10243  0  0  1.10243  0  1.10243  0.000539601  0  0  0.000539601  0  0.000539601
4.638e+12  0  154.6  1.10245  0  0  1.10245  0  1.10245  0.000540857  0  0  0.000540857  0  0.000540857
4.647e+12  0  154.9  1.10247  0  0  1.10247  0  1.10247  0.000542114  0  0  0.000542114  0  0.000542114
4.656e+12  0  155.2  1.10249  0  0  1.10249  0  1.10249  0.000543373  0  0  0.000543373  0  0.000543373
4.665e+12  0  155.5  1.10251  0  0  1.10251  0  1.10251  0.000544633  0  0  0.000544633  0  0.000544633
4.674e+12  0  155.8  1.10253  0  0  1.10253  0  1.10253  0.000545894  0  0  0.000545894  0  0.000545894
4.683e+12  0  156.1  1.10255  0  0  1.10255  0  1.10255  0.000547157  0  0  0.000547157  0  0.000547157
4.692e+12  0  156.4  1.10257  0  0  1.10257  0  1.10257  0.000548421  0  0  0.000548421  0  0.000548421
4.701e+12  0  156.7  1.10259  0  0  1.10259  0  1.10259  0.000549686  0  0  0.000549686  0  0.000549686
4.71e+12  0  157  1.10261  0  0  1.10261  0  1.10261  0.000550953  0  0  0.000550953  0  0.000550953
4.719e+12  0  157.3  1.10263  0  0  1.10263  0  1.10263  0.000552221  0  0  0.000552221  0  0.000552221
4.728e+12  0  157.6  1.10265  0  0  1.10265  0  1.10265  0.000553491  0  0  0.000553491  0  0.000553491
4.737e+12  0  157.9  1.10267  0  0  1.10267  0  1.10267  0.000554761  0  0  0.000554761  0  0.000554761
4.746e+12  0  158.2  1.10269  0  0  1.10269  0  1.10269  0.000556033  0  0  0.000556033  0  0.000556033
4.755e+12  0  158.5  1.10271  0  0  1.10271  0  1.10271  0.000557307  0  0  0.000557307  0  0.000557307
4.764e+12  0  158.8  1.10273  0  0  1.10273  0  1.10273  0.000558582  0  0  0.000558582  0  0.000558582
4.773e+12  0  159.1  1.10275  0  0  1.10275  0  1.10275  0.000559858  0  0  0.000559858  0  0.000559858
4.782e+12  0  159.4  1.10277  0  0  1.10277  0  1.10277  0.000561136  0  0  0.000561136  0  0.000561136
4.791e+12  0  159.7  1.10279  0  0  1.10279  0  1.10279  0.000562415  0  0  0.000562415  0  0.000562415
4.8e+12  0  160  1.10281  0  0  1.10281  0  1.10281  0.000563695  0  0  0.000563695  0  0.000563695
4.809e+12  0  160.3  1.10283  0  0  1.10283  0  1.10283  0.000564977  0  0  0.000564977  0  0.000564977
4.818e+12  0  160.6  1.10285  0  0  1.10285  0  1.10285  0.00056626  0  0  0.00056626  0  0.00056626
4.827e+12  0  160.9  1.10287  0  0  1.10287  0  1.10287  0.000567545  0  0  0.000567545  0  0.000567545
4.836e+12  0  161.2  1.10289  0  0  1.10289  0  1.10289  0.000568831  0  0  0.000568831  0  0.000568831
4.845e+12  0  161.5  1.10291  0  0  1.10291  0  1.10291  0.000570119  0  0  0.000570119  0  0.000570119
4.854e+12  0  161.8  1.10294  0  0  1.10294  0  1.10294  0.000571407  0  0  0.000571407  0  0.000571407
4.863e+12  0  162.1  1.10296  0  0  1.10296  0  1.10296  0.000572698  0  0  0.000572698  0  0.000572698
4.872e+12  0  162.4  1.10298  0  0  1.10298  0  1.10298  0.00057399  0  0  0.00057399  0  0.00057399
4.881e+12  0  162.7  1.103  0  0  1.103  0  1.103  0.000575283  0  0  0.000575283  0  0.000575283
4.89e+12  0  163  1.10302  0  0  1.10302  0  1.10302  0.000576577  0  0  0.000576577  0  0.000576577
4.899e+12  0  163.3  1.10304  0  0  1.10304  0  1.10304  0.000577873  0  0  0.000577873  0  0.000577873
4.908e+12  0  163.6  1.10306  0  0  1.10306  0  1.10306  0.000579171  0  0  0.000579171  0  0.000579171
4.917e+12  0  163.9  1.10308  0  0  1.10308  0  1.10308  0.00058047  0  0  0.00058047  0  0.00058047
4.926e+12  0  164.2  1.1031  0  0  1.1031  0  1.1031  0.00058177  0  0  0.00058177  0  0.00058177
4.935e+12  0  164.5  1.10312  0  0  1.10312  0  1.10312  0.000583072  0  0  0.000583072  0  0.000583072
4.944e+12  0  164.8  1.10315  0  0  1.10315  0  1.10315  0.000584375  0  0  0.000584375  0  0.000584375
4.953e+12  0  165.1  1.10317  0  0  1.10317  0  1.10317  0.00058568  0  0  0.00058568  0  0.00058568
4.962e+12  0  165.4  1.10319  0  0  1.10319  0  1.10319  0.000586986  0  0  0.000586986  0  0.000586986
4.971e+12  0  165.7  1.10321  0  0  1.10321  0  1.10321  0.000588294  0  0  0.000588294  0  0.000588294
4.98e+12  0  166  1.10323  0  0  1.10323  0  1.10323  0.000589603  0  0  0.000589603  0  0.000589603
4.989e+12  0  166.3  1.10325  0  0  1.10325  0  1.10325  0.000590913  0  0  0.000590913  0  0.000590913
4.998e+12  0  166.6  1.10327  0  0  1.10327  0  1.10327  0.000592225  0  0  0.000592225  0  0.000592225
5.007e+12  0  166.9  1.1033  0  0  1.1033  0  1.1033  0.000593539  0  0  0.000593539  0  0.000593539
5.016e+12  0  167.2  1.10332  0  0  1.10332  0  1.10332  0.000594854  0  0  0.000594854  0  0.000594854
5.025e+12  0  167.5  1.10334  0  0  1.10334  0  1.10334  0.000596171  0  0  0.000596171  0  0.000596171
5.034e+12  0  167.8  1.10336  0  0  1.10336  0  1.10336  0.000597489  0  0  0.000597489  0  0.000597489
5.043e+12  0  168.1  1.10338  0  0  1.10338  0  1.10338  0.000598808  0  0  0.000598808  0  0.000598808
5.052e+12  0  168.4  1.1034  0  0  1.1034  0  1.1034  0.000600129  0  0  0.000600129  0  0.000600129
5.061e+12  0  168.7  1.10343  0  0  1.10343  0  1.10343  0.000601452  0  0  0.000601452  0  0.000601452
5.07e+12  0  169  1.10345  0  0  1.10345  0  1.10345  0.000602776  0  0  0.000602776  0  0.000602776
5.079e+12  0  169.3  1.10347  0  0  1.10347  0  1.10347  0.000604102  0  0  0.000604102  0  0.000604102
5.088e+12  0  169.6  1.10349  0  0  1.10349  0  1.10349  0.000605429  0  0  0.000605429  0  0.000605429
5.097e+12  0  169.9  1.10351  0  0  1.10351  0  1.10351  0.000606757  0  0  0.000606757  0  0.000606757
5.106e+12  0  170.2  1.10354  0  0  1.10354  0  1.10354  0.000608088  0  0  0.000608088  0  0.000608088
5.115e+12  0  170.5  1.10356  0  0  1.10356  0  1.10356  0.000609419  0  0  0.000609419  0  0.000609419
5.124e+12  0  170.8  1.10358  0  0  1.10358  0  1.10358  0.000610753  0  0  0.000610753  0  0.000610753
5.133e+12  0  171.1  1.1036  0  0  1.1036  0  1.1036  0.000612088  0  0  0.000612088  0  0.000612088
5.142e+12  0  171.4  1.10362  0  0  1.10362  0  1.10362  0.000613424  0  0  0.000613424  0  0.000613424
5.151e+12  0  171.7  1.10365  0  0  1.10365  0  1.10365  0.000614762  0  0  0.000614762  0  0.000614762
5.16e+12  0  172  1.10367  0  0  1.10367  0  1.10367  0.000616101  0  0  0.000616101  0  0.000616101
5.169e+12  0  172.3  1.10369  0  0  1.10369  0  1.10369  0.000617442  0  0  0.000617442  0  0.000617442
5.178e+12  0  172.6  1.10371  0  0  1.10371  0  1.10371  0.000618785  0  0  0.000618785  0  0.000618785
5.187e+12  0  172.9  1.10374  0  0  1.10374  0  1.10374  0.000620129  0  0  0.000620129  0  0.000620129
5.196e+12  0  173.2  1.10376  0  0  1.10376  0  1.10376  0.000621475  0  0  0.000621475  0  0.000621475
5.205e+12  0  173.5  1.10378  0  0  1.10378  0  1.10378  0.000622822  0  0  0.000622822  0  0.000622822
5.214e+12  0  173.8  1.1038  0  0  1.1038  0  1.1038  0.000624171  0  0  0.000624171  0  0.000624171
5.223e+12  0  174.1  1.10383  0  0  1.10383  0  1.10383  0.000625522  0  0  0.000625522  0  0.000625522
5.232e+12  0  174.4  1.10385  0  0  1.10385  0  1.10385  0.000626874  0  0  0.000626874  0  0.000626874
5.241e+12  0  174.7  1.10387  0  0  1.10387  0  1.10387  0.000628228  0  0  0.000628228  0  0.000628228
5.25e+12  0  175  1.1039  0  0  1.1039  0  1.1039  0.000629583  0  0  0.000629583  0  0.000629583
5.259e+12  0  175.3  1.10392  0  0  1.10392  0  1.10392  0.00063094  0  0  0.00063094  0  0.00063094
5.268e+12  0  175.6  1.10394  0  0  1.10394  0  1.10394  0.000632298  0  0  0.000632298  0  0.000632298
5.277e+12  0  175.9  1.10396  0  0  1.10396  0  1.10396  0.000633659  0  0  0.000633659  0  0.000633659
5.286e+12  0  176.2  1.10399  0  0  1.10399  0  1.10399  0.00063502  0  0  0.00063502  0  0.00063502
5.295e+12  0  176.5  1.10401  0  0  1.10401  0  1.10401  0.000636384  0  0  0.000636384  0  0.000636384
5.304e+12  0  176.8  1.10403  0  0  1.10403  0  1.10403  0.000637749  0  0  0.000637749  0  0.000637749
5.313e+12  0  177.1  1.10406  0  0  1.10406  0  1.10406  0.000639115  0  0  0.000639115  0  0.000639115
5.322e+12  0  177.4  1.10408  0  0  1.10408  0  1.10408  0.000640484  0  0  0.000640484  0  0.000640484
5.331e+12  0  177.7  1.1041  0  0  1.1041  0  1.1041  0.000641854  0  0  0.000641854  0  0.000641854
5.34e+12  0  178  1.10413  0  0  1.10413  0  1.10413  0.000643225  0  0  0.000643225  0  0.000643225
5.349e+12  0  178.3  1.10415  0  0  1.10415  0  1.10415  0.000644598  0  0  0.000644598  0  0.000644598
5.358e+12  0  178.6  1.10417  0  0  1.10417  0  1.10417  0.000645973  0  0  0.000645973  0  0.000645973
5.367e+12  0  178.9  1.1042  0  0  1.1042  0  1.1042  0.00064735  0  0  0.00064735  0  0.00064735
5.376e+12  0  179.2  1.10422  0  0  1.10422  0  1.10422  0.000648728  0  0  0.000648728  0  0.000648728
5.385e+12  0  179.5  1.10425  0  0  1.10425  0  1.10425  0.000650108  0  0  0.000650108  0  0.000650108
5.394e+12  0  179.8  1.10427  0  0  1.10427  0  1.10427  0.00065149  0  0  0.00065149  0  0.00065149
5.403e+12  0  180.1  1.10429  0  0  1.10429  0  1.10429  0.000652873  0  0  0.000652873  0  0.000652873
5.412e+12  0  180.4  1.10432  0  0  1.10432  0  1.10432  0.000654258  0  0  0.000654258  0  0.000654258
5.421e+12  0  180.7  1.10434  0  0  1.10434  0  1.10434  0.000655645  0  0  0.000655645  0  0.000655645
5.43e+12  0  181  1.10436  0  0  1.10436  0  1.10436  0.000657033  0  0  0.000657033  0  0.000657033
5.439e+12  0  181.3  1.10439  0  0  1.10439  0  1.10439  0.000658423  0  0  0.000658423  0  0.000658423
5.448e+12  0  181.6  1.10441  0  0  1.10441  0  1.10441  0.000659815  0  0  0.000659815  0  0.000659815
5.457e+12  0  181.9  1.10444  0  0  1.10444  0  1.10444  0.000661208  0  0  0.000661208  0  0.000661208
5.466e+12  0  182.2  1.10446  0  0  1.10446  0  1.10446  0.000662603  0  0  0.000662603  0  0.000662603
5.475e+12  0  182.5  1.10448  0  0  1.10448  0  1.10448  0.000664  0  0  0.000664  0  0.000664
5.484e+12  0  182.8  1.10451  0  0  1.10451  0  1.10451  0.000665399  0  0  0.000665399  0  0.000665399
5.493e+12  0  183.1  1.10453  0  0  1.10453  0  1.10453  0.000666799  0  0  0.000666799  0  0.000666799
5.502e+12  0  183.4  1.10456  0  0  1.10456  0  1.10456  0.000668201  0  0  0.000668201  0  0.000668201
5.511e+12  0  183.7  1.10458  0  0  1.10458  0  1.10458  0.000669605  0  0  0.000669605  0  0.000669605
5.52e+12  0  184  1.10461  0  0  1.10461  0  1.10461  0.00067101  0  0  0.00067101  0  0.00067101
5.529e+12  0  184.3  1.10463  0  0  1.10463  0  1.10463  0.000672418  0  0  0.000672418  0  0.000672418
5.538e+12  0  184.6  1.10465  0  0  1.10465  0  1.10465  0.000673827  0  0  0.000673827  0  0.000673827
5.547e+12  0  184.9  1.10468  0  0  1.10468  0  1.10468  0.000675238  0  0  0.000675238  0  0.000675238
5.556e+12  0  185.2  1.1047  0  0  1.1047  0  1.1047  0.00067665  0  0  0.00067665  0  0.00067665
5.565e+12  0  185.5  1.10473  0  0  1.10473  0  1.10473  0.000678064  0  0  0.000678064  0  0.000678064
5.574e+12  0  185.8  1.10475  0  0  1.10475  0  1.10475  0.000679481  0  0  0.000679481  0  0.000679481
5.583e+12  0  186.1  1.10478  0  0  1.10478  0  1.10478  0.000680898  0  0  0.000680898  0  0.000680898
5.592e+12  0  186.4  1.1048  0  0  1.1048  0  1.1048  0.000682318  0  0  0.000682318  0  0.000682318
5.601e+12  0  186.7  1.10483  0  0  1.10483  0  1.10483  0.00068374  0  0  0.00068374  0  0.00068374
5.61e+12  0  187  1.10485  0  0  1.10485  0  1.10485  0.000685163  0  0  0.000685163  0  0.000685163
5.619e+12  0  187.3  1.10488  0  0  1.10488  0  1.10488  0.000686588  0  0  0.000686588  0  0.000686588
5.628e+12  0  187.6  1.1049  0  0  1.1049  0  1.1049  0.000688015  0  0  0.000688015  0  0.000688015
5.637e+12  0  187.9  1.10493  0  0  1.10493  0  1.10493  0.000689443  0  0  0.000689443  0  0.000689443
5.646e+12  0  188.2  1.10495  0  0  1.10495  0  1.10495  0.000690874  0  0  0.000690874  0  0.000690874
5.655e+12  0  188.5  1.10498  0  0  1.10498  0  1.10498  0.000692306  0  0  0.000692306  0  0.000692306
5.664e+12  0  188.8  1.105  0  0  1.105  0  1.105  0.00069374  0  0  0.00069374  0  0.00069374
5.673e+12  0  189.1  1.10503  0  0  1.10503  0  1.10503  0.000695176  0  0  0.000695176  0  0.000695176
5.682e+12  0  189.4  1.10505  0  0  1.10505  0  1.10505  0.000696614  0  0  0.000696614  0  0.000696614
5.691e+12  0  189.7  1.10508  0  0  1.10508  0  1.10508  0.000698053  0  0  0.000698053  0  0.000698053
5.7e+12  0  190  1.1051  0  0  1.1051  0  1.1051  0.000699495  0  0  0.000699495  0  0.000699495
5.709e+12  0  190.3  1.10513  0  0  1.10513  0  1.10513  0.000700938  0  0  0.000700938  0  0.000700938
5.718e+12  0  190.6  1.10515  0  0  1.10515  0  1.10515  0.000702383  0  0  0.000702383  0  0.000702383
5.727e+12  0  190.9  1.10518  0  0  1.10518  0  1.10518  0.00070383  0  0  0.00070383  0  0.00070383
5.736e+12  0  191.2  1.10521  0  0  1.10521  0  1.10521  0.000705279  0  0  0.000705279  0  0.000705279
5.745e+12  0  191.5  1.10523  0  0  1.10523  0  1.10523  0.00070673  0  0  0.00070673  0  0.00070673
5.754e+12  0  191.8  1.10526  0  0  1.10526  0  1.10526  0.000708182  0  0  0.000708182  0  0.000708182
5.763e+12  0  192.1  1.10528  0  0  1.10528  0  1.10528  0.000709637  0  0  0.000709637  0  0.000709637
5.772e+12  0  192.4  1.10531  0  0  1.10531  0  1.10531  0.000711093  0  0  0.000711093  0  0.000711093
5.781e+12  0  192.7  1.10533  0  0  1.10533  0  1.10533  0.000712551  0  0  0.000712551  0  0.000712551
5.79e+12  0  193  1.10536  0  0  1.10536  0  1.10536  0.000714012  0  0  0.000714012  0  0.000714012
5.799e+12  0  193.3  1.10539  0  0  1.10539  0  1.10539  0.000715474  0  0  0.000715474  0  0.000715474
5.808e+12  0  193.6  1.10541  0  0  1.10541  0  1.10541  0.000716938  0  0  0.000716938  0  0.000716938
5.817e+12  0  193.9  1.10544  0  0  1.10544  0  1.10544  0.000718403  0  0  0.000718403  0  0.000718403
5.826e+12  0  194.2  1.10547  0  0  1.10547  0  1.10547  0.000719871  0  0  0.000719871  0  0.000719871
5.835e+12  0  194.5  1.10549  0  0  1.10549  0  1.10549  0.000721341  0  0  0.000721341  0  0.000721341
5.844e+12  0  194.8  1.10552  0  0  1.10552  0  1.10552  0.000722812  0  0  0.000722812  0  0.000722812
5.853e+12  0  195.1  1.10554  0  0  1.10554  0  1.10554  0.000724286  0  0  0.000724286  0  0.000724286
5.862e+12  0  195.4  1.10557  0  0  1.10557  0  1.10557  0.000725761  0  0  0.000725761  0  0.000725761
5.871e+12  0  195.7  1.1056  0  0  1.1056  0  1.1056  0.000727239  0  0  0.000727239  0  0.000727239
5.88e+12  0  196  1.10562  0  0  1.10562  0  1.10562  0.000728718  0  0  0.000728718  0  0.000728718
5.889e+12  0  196.3  1.10565  0  0  1.10565  0  1.10565  0.000730199  0  0  0.000730199  0  0.000730199
5.898e+12  0  196.6  1.10568  0  0  1.10568  0  1.10568  0.000731683  0  0  0.000731683  0  0.000731683
5.907e+12  0  196.9  1.1057  0  0  1.1057  0  1.1057  0.000733168  0  0  0.000733168  0  0.000733168
5.916e+12  0  197.2  1.10573  0  0  1.10573  0  1.10573  0.000734655  0  0  0.000734655  0  0.000734655
5.925e+12  0  197.5  1.10576  0  0  1.10576  0  1.10576  0.000736144  0  0  0.000736144  0  0.000736144
5.934e+12  0  197.8  1.10578  0  0  1.10578  0  1.10578  0.000737635  0  0  0.000737635  0  0.000737635
5.943e+12  0  198.1  1.10581  0  0  1.10581  0  1.10581  0.000739129  0  0  0.000739129  0  0.000739129
5.952e+12  0  198.4  1.10584  0  0  1.10584  0  1.10584  0.000740624  0  0  0.000740624  0  0.000740624
5.961e+12  0  198.7  1.10586  0  0  1.10586  0  1.10586  0.000742121  0  0  0.000742121  0  0.000742121
5.97e+12  0  199  1.10589  0  0  1.10589  0  1.10589  0.00074362  0  0  0.00074362  0  0.00074362
5.979e+12  0  199.3  1.10592  0  0  1.10592  0  1.10592  0.000745121  0  0  0.000745121  0  0.000745121
5.988e+12  0  199.6  1.10595  0  0  1.10595  0  1.10595  0.000746624  0  0  0.000746624  0  0.000746624
5.997e+12  0  199.9  1.10597  0  0  1.10597  0  1.10597  0.000748129  0  0  0.000748129  0  0.000748129
6.006e+12  0  200.2  1.106  0  0  1.106  0  1.106  0.000749637  0  0  0.000749637  0  0.000749637
6.015e+12  0  200.5  1.10603  0  0  1.10603  0  1.10603  0.000751146  0  0  0.000751146  0  0.000751146
6.024e+12  0  200.8  1.10605  0  0  1.10605  0  1.10605  0.000752657  0  0  0.000752657  0  0.000752657
6.033e+12  0  201.1  1.10608  0  0  1.10608  0  1.10608  0.00075417  0  0  0.00075417  0  0.00075417
6.042e+12  0  201.4  1.10611  0  0  1.10611  0  1.10611  0.000755686  0  0  0.000755686  0  0.000755686
6.051e+12  0  201.7  1.10614  0  0  1.10614  0  1.10614  0.000757203  0  0  0.000757203  0  0.000757203
6.06e+12  0  202  1.10616  0  0  1.10616  0  1.10616  0.000758722  0  0  0.000758722  0  0.000758722
6.069e+12  0  202.3  1.10619  0  0  1.10619  0  1.10619  0.000760244  0  0  0.000760244  0  0.000760244
6.078e+12  0  202.6  1.10622  0  0  1.10622  0  1.10622  0.000761767  0  0  0.000761767  0  0.000761767
6.087e+12  0  202.9  1.10625  0  0  1.10625  0  1.10625  0.000763293  0  0  0.000763293  0  0.000763293
6.096e+12  0  203.2  1.10628  0  0  1.10628  0  1.10628  0.000764821  0  0  0.000764821  0  0.000764821
6.105e+12  0  203.5  1.1063  0  0  1.1063  0  1.1063  0.000766351  0  0  0.000766351  0  0.000766351
6.114e+12  0  203.8  1.10633  0  0  1.10633  0  1.10633  0.000767882  0  0  0.000767882  0  0.000767882
6.123e+12  0  204.1  1.10636  0  0  1.10636  0  1.10636  0.000769416  0  0  0.000769416  0  0.000769416
6.132e+12  0  204.4  1.10639  0  0  1.10639  0  1.10639  0.000770953  0  0  0.000770953  0  0.000770953
6.141e+12  0  204.7  1.10641  0  0  1.10641  0  1.10641  0.000772491  0  0  0.000772491  0  0.000772491
6.15e+12  0  205  1.10644  0  0  1.10644  0  1.10644  0.000774031  0  0  0.000774031  0  0.000774031
6.159e+12  0  205.3  1.10647  0  0  1.10647  0  1.10647  0.000775573  0  0  0.000775573  0  0.000775573
6.168e+12  0  205.6  1.1065  0  0  1.1065  0  1.1065  0.000777118  0  0  0.000777118  0  0.000777118
6.177e+12  0  205.9  1.10653  0  0  1.10653  0  1.10653  0.000778665  0  0  0.000778665  0  0.000778665
6.186e+12  0  206.2  1.10656  0  0  1.10656  0  1.10656  0.000780213  0  0  0.000780213  0  0.000780213
6.195e+12  0  206.5  1.10658  0  0  1.10658  0  1.10658  0.000781764  0  0  0.000781764  0  0.000781764
6.204e+12  0  206.8  1.10661  0  0  1.10661  0  1.10661  0.000783318  0  0  0.000783318  0  0.000783318
6.213e+12  0  207.1  1.10664  0  0  1.10664  0  1.10664  0.000784873  0  0  0.000784873  0  0.000784873
6.222e+12  0  207.4  1.10667  0  0  1.10667  0  1.10667  0.00078643  0  0  0.00078643  0  0.00078643
6.231e+12  0  207.7  1.1067  0  0  1.1067  0  1.1067  0.00078799  0  0  0.00078799  0  0.00078799
6.24e+12  0  208  1.10673  0  0  1.10673  0  1.10673  0.000789552  0  0  0.000789552  0  0.000789552
6.249e+12  0  208.3  1.10676  0  0  1.10676  0  1.10676  0.000791116  0  0  0.000791116  0  0.000791116
6.258e+12  0  208.6  1.10679  0  0  1.10679  0  1.10679  0.000792682  0  0  0.000792682  0  0.000792682
6.267e+12  0  208.9  1.10681  0  0  1.10681  0  1.10681  0.00079425  0  0  0.00079425  0  0.00079425
6.276e+12  0  209.2  1.10684  0  0  1.10684  0  1.10684  0.000795821  0  0  0.000795821  0  0.000795821
6.285e+12  0  209.5  1.10687  0  0  1.10687  0  1.10687  0.000797393  0  0  0.000797393  0  0.000797393
6.294e+12  0  209.8  1.1069  0  0  1.1069  0  1.1069  0.000798968  0  0  0.000798968  0  0.000798968
6.303e+12  0  210.1  1.10693  0  0  1.10693  0  1.10693  0.000800545  0  0  0.000800545  0  0.000800545
6.312e+12  0  210.4  1.10696  0  0  1.10696  0  1.10696  0.000802125  0  0  0.000802125  0  0.000802125
6.321e+12  0  210.7  1.10699  0  0  1.10699  0  1.10699  0.000803706  0  0  0.000803706  0  0.000803706
6.33e+12  0  211  1.10702  0  0  1.10702  0  1.10702  0.00080529  0  0  0.00080529  0  0.00080529
6.339e+12  0  211.3  1.10705  0  0  1.10705  0  1.10705  0.000806876  0  0  0.000806876  0  0.000806876
6.348e+12  0  211.6  1.10708  0  0  1.10708  0  1.10708  0.000808465  0  0  0.000808465  0  0.000808465
6.357e+12  0  211.9  1.10711  0  0  1.10711  0  1.10711  0.000810055  0  0  0.000810055  0  0.000810055
6.366e+12  0  212.2  1.10714  0  0  1.10714  0  1.10714  0.000811648  0  0  0.000811648  0  0.000811648
6.375e+12  0  212.5  1.10716  0  0  1.10716  0  1.10716  0.000813243  0  0  0.000813243  0  0.000813243
6.384e+12  0  212.8  1.10719  0  0  1.10719  0  1.10719  0.00081484  0  0  0.00081484  0  0.00081484
6.393e+12  0  213.1  1.10722  0  0  1.10722  0  1.10722  0.00081644  0  0  0.00081644  0  0.00081644
6.402e+12  0  213.4  1.10725  0  0  1.10725  0  1.10725  0.000818042  0  0  0.000818042  0  0.000818042
6.411e+12  0  213.7  1.10728  0  0  1.10728  0  1.10728  0.000819646  0  0  0.000819646  0  0.000819646
6.42e+12  0  214  1.10731  0  0  1.10731  0  1.10731  0.000821253  0  0  0.000821253  0  0.000821253
6.429e+12  0  214.3  1.10734  0  0  1.10734  0  1.10734  0.000822861  0  0  0.000822861  0  0.000822861
6.438e+12  0  214.6  1.10737  0  0  1.10737  0  1.10737  0.000824473  0  0  0.000824473  0  0.000824473
6.447e+12  0  214.9  1.1074  0  0  1.1074  0  1.1074  0.000826086  0  0  0.000826086  0  0.000826086
6.456e+12  0  215.2  1.10743  0  0  1.10743  0  1.10743  0.000827702  0  0  0.000827702  0  0.000827702
6.465e+12  0  215.5  1.10746  0  0  1.10746  0  1.10746  0.00082932  0  0  0.00082932  0  0.00082932
6.474e+12  0  215.8  1.10749  0  0  1.10749  0  1.10749  0.00083094  0  0  0.00083094  0  0.00083094
6.483e+12  0  216.1  1.10752  0  0  1.10752  0  1.10752  0.000832563  0  0  0.000832563  0  0.000832563
6.492e+12  0  216.4  1.10755  0  0  1.10755  0  1.10755  0.000834188  0  0  0.000834188  0  0.000834188
6.501e+12  0  216.7  1.10758  0  0  1.10758  0  1.10758  0.000835816  0  0  0.000835816  0  0.000835816
6.51e+12  0  217  1.10762  0  0  1.10762  0  1.10762  0.000837445  0  0  0.000837445  0  0.000837445
6.519e+12  0  217.3  1.10765  0  0  1.10765  0  1.10765  0.000839078  0  0  0.000839078  0  0.000839078
6.528e+12  0  217.6  1.10768  0  0  1.10768  0  1.10768  0.000840712  0  0  0.000840712  0  0.000840712
6.537e+12  0  217.9  1.10771  0  0  1.10771  0  1.10771  0.000842349  0  0  0.000842349  0  0.000842349
6.546e+12  0  218.2  1.10774  0  0  1.10774  0  1.10774  0.000843988  0  0  0.000843988  0  0.000843988
6.555e+12  0  218.5  1.10777  0  0  1.10777  0  1.10777  0.00084563  0  0  0.00084563  0  0.00084563
6.564e+12  0  218.8  1.1078  0  0  1.1078  0  1.1078  0.000847274  0  0  0.000847274  0  0.000847274
6.573e+12  0  219.1  1.10783  0  0  1.10783  0  1.10783  0.000848921  0  0  0.000848921  0  0.000848921
6.582e+12  0  219.4  1.10786  0  0  1.10786  0  1.10786  0.00085057  0  0  0.00085057  0  0.00085057
6.591e+12  0  219.7  1.10789  0  0  1.10789  0  1.10789  0.000852221  0  0  0.000852221  0  0.000852221
6.6e+12  0  220  1.10792  0  0  1.10792  0  1.10792  0.000853875  0  0  0.000853875  0  0.000853875
6.609e+12  0  220.3  1.10795  0  0  1.10795  0  1.10795  0.000855531  0  0  0.000855531  0  0.000855531
6.618e+12  0  220.6  1.10799  0  0  1.10799  0  1.10799  0.00085719  0  0  0.00085719  0  0.00085719
6.627e+12  0  220.9  1.10802  0  0  1.10802  0  1.10802  0.000858851  0  0  0.000858851  0  0.000858851
6.636e+12  0  221.2  1.10805  0  0  1.10805  0  1.10805  0.000860514  0  0  0.000860514  0  0.000860514
6.645e+12  0  221.5  1.10808  0  0  1.10808  0  1.10808  0.00086218  0  0  0.00086218  0  0.00086218
6.654e+12  0  221.8  1.10811  0  0  1.10811  0  1.10811  0.000863849  0  0  0.000863849  0  0.000863849
6.663e+12  0  222.1  1.10814  0  0  1.10814  0  1.10814  0.00086552  0  0  0.00086552  0  0.00086552
6.672e+12  0  222.4  1.10817  0  0  1.10817  0  1.10817  0.000867193  0  0  0.000867193  0  0.000867193
6.681e+12  0  222.7  1.10821  0  0  1.10821  0  1.10821  0.000868869  0  0  0.000868869  0  0.000868869
6.69e+12  0  223  1.10824  0  0  1.10824  0  1.10824  0.000870548  0  0  0.000870548  0  0.000870548
6.699e+12  0  223.3  1.10827  0  0  1.10827  0  1.10827  0.000872228  0  0  0.000872228  0  0.000872228
6.708e+12  0  223.6  1.1083  0  0  1.1083  0  1.1083  0.000873912  0  0  0.000873912  0  0.000873912
6.717e+12  0  223.9  1.10833  0  0  1.10833  0  1.10833  0.000875598  0  0  0.000875598  0  0.000875598
6.726e+12  0  224.2  1.10836  0  0  1.10836  0  1.10836  0.000877286  0  0  0.000877286  0  0.000877286
6.735e+12  0  224.5  1.1084  0  0  1.1084  0  1.1084  0.000878977  0  0  0.000878977  0  0.000878977
6.744e+12  0  224.8  1.10843  0  0  1.10843  0  1.10843  0.000880671  0  0  0.000880671  0  0.000880671
6.753e+12  0  225.1  1.10846  0  0  1.10846  0  1.10846  0.000882367  0  0  0.000882367  0  0.000882367
6.762e+12  0  225.4  1.10849  0  0  1.10849  0  1.10849  0.000884065  0  0  0.000884065  0  0.000884065
6.771e+12  0  225.7  1.10852  0  0  1.10852  0  1.10852  0.000885767  0  0  0.000885767  0  0.000885767
6.78e+12  0  226  1.10856  0  0  1.10856  0  1.10856  0.00088747  0  0  0.00088747  0  0.00088747
6.789e+12  0  226.3  1.10859  0  0  1.10859  0  1.10859  0.000889177  0  0  0.000889177  0  0.000889177
6.798e+12  0  226.6  1.10862  0  0  1.10862  0  1.10862  0.000890886  0  0  0.000890886  0  0.000890886
6.807e+12  0  226.9  1.10865  0  0  1.10865  0  1.10865  0.000892597  0  0  0.000892597  0  0.000892597
6.816e+12  0  227.2  1.10869  0  0  1.10869  0  1.10869  0.000894311  0  0  0.000894311  0  0.000894311
6.825e+12  0  227.5  1.10872  0  0  1.10872  0  1.10872  0.000896028  0  0  0.000896028  0  0.000896028
6.834e+12  0  227.8  1.10875  0  0  1.10875  0  1.10875  0.000897747  0  0  0.000897747  0  0.000897747
6.843e+12  0  228.1  1.10878  0  0  1.10878  0  1.10878  0.000899469  0  0  0.000899469  0  0.000899469
6.852e+12  0  228.4  1.10882  0  0  1.10882  0  1.10882  0.000901193  0  0  0.000901193  0  0.000901193
6.861e+12  0  228.7  1.10885  0  0  1.10885  0  1.10885  0.00090292  0  0  0.00090292  0  0.00090292
6.87e+12  0  229  1.10888  0  0  1.10888  0  1.10888  0.00090465  0  0  0.00090465  0  0.00090465
6.879e+12  0  229.3  1.10892  0  0  1.10892  0  1.10892  0.000906383  0  0  0.000906383  0  0.000906383
6.888e+12  0  229.6  1.10895  0  0  1.10895  0  1.10895  0.000908118  0  0  0.000908118  0  0.000908118
6.897e+12  0  229.9  1.10898  0  0  1.10898  0  1.10898  0.000909855  0  0  0.000909855  0  0.000909855
6.906e+12  0  230.2  1.10901  0  0  1.10901  0  1.10901  0.000911596  0  0  0.000911596  0  0.000911596
6.915e+12  0  230.5  1.10905  0  0  1.10905  0  1.10905  0.000913339  0  0  0.000913339  0  0.000913339
6.924e+12  0  230.8  1.10908  0  0  1.10908  0  1.10908  0.000915085  0  0  0.000915085  0  0.000915085
6.933e+12  0  231.1  1.10911  0  0  1.10911  0  1.10911  0.000916833  0  0  0.000916833  0  0.000916833
6.942e+12  0  231.4  1.10915  0  0  1.10915  0  1.10915  0.000918584  0  0  0.000918584  0  0.000918584
6.951e+12  0  231.7  1.10918  0  0  1.10918  0  1.10918  0.000920338  0  0  0.000920338  0  0.000920338
6.96e+12  0  232  1.10922  0  0  1.10922  0  1.10922  0.000922095  0  0  0.000922095  0  0.000922095
6.969e+12  0  232.3  1.10925  0  0  1.10925  0  1.10925  0.000923854  0  0  0.000923854  0  0.000923854
6.978e+12  0  232.6  1.10928  0  0  1.10928  0  1.10928  0.000925616  0  0  0.000925616  0  0.000925616
6.987e+12  0  232.9  1.10932  0  0  1.10932  0  1.10932  0.00092738  0  0  0.00092738  0  0.00092738
6.996e+12  0  233.2  1.10935  0  0  1.10935  0  1.10935  0.000929148  0  0  0.000929148  0  0.000929148
7.005e+12  0  233.5  1.10938  0  0  1.10938  0  1.10938  0.000930918  0  0  0.000930918  0  0.000930918
7.014e+12  0  233.8  1.10942  0  0  1.10942  0  1.10942  0.000932691  0  0  0.000932691  0  0.000932691
7.023e+12  0  234.1  1.10945  0  0  1.10945  0  1.10945  0.000934467  0  0  0.000934467  0  0.000934467
7.032e+12  0  234.4  1.10949  0  0  1.10949  0  1.10949  0.000936245  0  0  0.000936245  0  0.000936245
7.041e+12  0  234.7  1.10952  0  0  1.10952  0  1.10952  0.000938027  0  0  0.000938027  0  0.000938027
7.05e+12  0  235  1.10955  0  0  1.10955  0  1.10955  0.000939811  0  0  0.000939811  0  0.000939811
7.059e+12  0  235.3  1.10959  0  0  1.10959  0  1.10959  0.000941597  0  0  0.000941597  0  0.000941597
7.068e+12  0  235.6  1.10962  0  0  1.10962  0  1.10962  0.000943387  0  0  0.000943387  0  0.000943387
7.077e+12  0  235.9  1.10966  0  0  1.10966  0  1.10966  0.00094518  0  0  0.00094518  0  0.00094518
7.086e+12  0  236.2  1.10969  0  0  1.10969  0  1.10969  0.000946975  0  0  0.000946975  0  0.000946975
7.095e+12  0  236.5  1.10973  0  0  1.10973  0  1.10973  0.000948773  0  0  0.000948773  0  0.000948773
7.104e+12  0  236.8  1.10976  0  0  1.10976  0  1.10976  0.000950574  0  0  0.000950574  0  0.000950574
7.113e+12  0  237.1  1.10979  0  0  1.10979  0  1.10979  0.000952378  0  0  0.000952378  0  0.000952378
7.122e+12  0  237.4  1.10983  0  0  1.10983  0  1.10983  0.000954184  0  0  0.000954184  0  0.000954184
7.131e+12  0  237.7  1.10986  0  0  1.10986  0  1.10986  0.000955994  0  0  0.000955994  0  0.000955994
7.14e+12  0  238  1.1099  0  0  1.1099  0  1.1099  0.000957806  0  0  0.000957806  0  0.000957806
7.149e+12  0  238.3  1.10993  0  0  1.10993  0  1.10993  0.000959621  0  0  0.000959621  0  0.000959621
7.158e+12  0  238.6  1.10997  0  0  1.10997  0  1.10997  0.000961439  0  0  0.000961439  0  0.000961439
7.167e+12  0  238.9  1.11  0  0  1.11  0  1.11  0.00096326  0  0  0.00096326  0  0.00096326
7.176e+12  0  239.2  1.11004  0  0  1.11004  0  1.11004  0.000965084  0  0  0.000965084  0  0.000965084
7.185e+12  0  239.5  1.11007  0  0  1.11007  0  1.11007  0.000966911  0  0  0.000966911  0  0.000966911
7.194e+12  0  239.8  1.11011  0  0  1.11011  0  1.11011  0.000968741  0  0  0.000968741  0  0.000968741
7.203e+12  0  240.1  1.11014  0  0  1.11014  0  1.11014  0.000970573  0  0  0.000970573  0  0.000970573
7.212e+12  0  240.4  1.11018  0  0  1.11018  0  1.11018  0.000972409  0  0  0.000972409  0  0.000972409
7.221e+12  0  240.7  1.11022  0  0  1.11022  0  1.11022  0.000974247  0  0  0.000974247  0  0.000974247
7.23e+12  0  241  1.11025  0  0  1.11025  0  1.11025  0.000976089  0  0  0.000976089  0  0.000976089
7.239e+12  0  241.3  1.11029  0  0  1.11029  0  1.11029  0.000977933  0  0  0.000977933  0  0.000977933
7.248e+12  0  241.6  1.11032  0  0  1.11032  0  1.11032  0.000979781  0  0  0.000979781  0  0.000979781
7.257e+12  0  241.9  1.11036  0  0  1.11036  0  1.11036  0.000981631  0  0  0.000981631  0  0.000981631
7.266e+12  0  242.2  1.11039  0  0  1.11039  0  1.11039  0.000983484  0  0  0.000983484  0  0.000983484
7.275e+12  0  242.5  1.11043  0  0  1.11043  0  1.11043  0.000985341  0  0  0.000985341  0  0.000985341
7.284e+12  0  242.8  1.11047  0  0  1.11047  0  1.11047  0.0009872  0  0  0.0009872  0  0.0009872
7.293e+12  0  243.1  1.1105  0  0  1.1105  0  1.1105  0.000989062  0  0  0.000989062  0  0.000989062
7.302e+12  0  243.4  1.11054  0  0  1.11054  0  1.11054  0.000990928  0  0  0.000990928  0  0.000990928
7.311e+12  0  243.7  1.11057  0  0  1.11057  0  1.11057  0.000992796  0  0  0.000992796  0  0.000992796
7.32e+12  0  244  1.11061  0  0  1.11061  0  1.11061  0.000994667  0  0  0.000994667  0  0.000994667
7.329e+12  0  244.3  1.11065  0  0  1.11065  0  1.11065  0.000996542  0  0  0.000996542  0  0.000996542
7.338e+12  0  244.6  1.11068  0  0  1.11068  0  1.11068  0.000998419  0  0  0.000998419  0  0.000998419
7.347e+12  0  244.9  1.11072  0  0  1.11072  0  1.11072  0.0010003  0  0  0.0010003  0  0.0010003
7.356e+12  0  245.2  1.11076  0  0  1.11076  0  1.11076  0.00100218  0  0  0.00100218  0  0.00100218
7.365e+12  0  245.5  1.11079  0  0  1.11079  0  1.11079  0.00100407  0  0  0.00100407  0  0.00100407
7.374e+12  0  245.8  1.11083  0  0  1.11083  0  1.11083  0.00100596  0  0  0.00100596  0  0.00100596
7.383e+12  0  246.1  1.11087  0  0  1.11087  0  1.11087  0.00100785  0  0  0.00100785  0  0.00100785
7.392e+12  0  246.4  1.1109  0  0  1.1109  0  1.1109  0.00100975  0  0  0.00100975  0  0.00100975
7.401e+12  0  246.7  1.11094  0  0  1.11094  0  1.11094  0.00101165  0  0  0.00101165  0  0.00101165
7.41e+12  0  247  1.11098  0  0  1.11098  0  1.11098  0.00101355  0  0  0.00101355  0  0.00101355
7.419e+12  0  247.3  1.11101  0  0  1.11101  0  1.11101  0.00101545  0  0  0.00101545  0  0.00101545
7.428e+12  0  247.6  1.11105  0  0  1.11105  0  1.11105  0.00101736  0  0  0.00101736  0  0.00101736
7.437e+12  0  247.9  1.11109  0  0  1.11109  0  1.11109  0.00101927  0  0  0.00101927  0  0.00101927
7.446e+12  0  248.2  1.11112  0  0  1.11112  0  1.11112  0.00102119  0  0  0.00102119  0  0.00102119
7.455e+12  0  248.5  1.11116  0  0  1.11116  0  1.11116  0.00102311  0  0  0.00102311  0  0.00102311
7.464e+12  0  248.8  1.1112  0  0  1.1112  0  1.1112  0.00102503  0  0  0.00102503  0  0.00102503
7.473e+12  0  249.1  1.11124  0  0  1.11124  0  1.11124  0.00102695  0  0  0.00102695  0  0.00102695
7.482e+12  0  249.4  1.11127  0  0  1.11127  0  1.11127  0.00102888  0  0  0.00102888  0  0.00102888
7.491e+12  0  249.7  1.11131  0  0  1.11131  0  1.11131  0.00103081  0  0  0.00103081  0  0.00103081
7.5e+12  0  250  1.11135  0  0  1.11135  0  1.11135  0.00103274  0  0  0.00103274  0  0.00103274
7.509e+12  0  250.3  1.11139  0  0  1.11139  0  1.11139  0.00103468  0  0  0.00103468  0  0.00103468
7.518e+12  0  250.6  1.11142  0  0  1.11142  0  1.11142  0.00103662  0  0  0.00103662  0  0.00103662
7.527e+12  0  250.9  1.11146  0  0  1.11146  0  1.11146  0.00103857  0  0  0.00103857  0  0.00103857
7.536e+12  0  251.2  1.1115  0  0  1.1115  0  1.1115  0.00104051  0  0  0.00104051  0  0.00104051
7.545e+12  0  251.5  1.11154  0  0  1.11154  0  1.11154  0.00104246  0  0  0.00104246  0  0.00104246
7.554e+12  0  251.8  1.11157  0  0  1.11157  0  1.11157  0.00104441  0  0  0.00104441  0  0.00104441
7.563e+12  0  252.1  1.11161  0  0  1.11161  0  1.11161  0.00104637  0  0  0.00104637  0  0.00104637
7.572e+12  0  252.4  1.11165  0  0  1.11165  0  1.11165  0.00104833  0  0  0.00104833  0  0.00104833
7.581e+12  0  252.7  1.11169  0  0  1.11169  0  1.11169  0.00105029  0  0  0.00105029  0  0.00105029
7.59e+12  0  253  1.11173  0  0  1.11173  0  1.11173  0.00105226  0  0  0.00105226  0  0.00105226
7.599e+12  0  253.3  1.11177  0  0  1.11177  0  1.11177  0.00105423  0  0  0.00105423  0  0.00105423
7.608e+12  0  253.6  1.1118  0  0  1.1118  0  1.1118  0.0010562  0  0  0.0010562  0  0.0010562
7.617e+12  0  253.9  1.11184  0  0  1.11184  0  1.11184  0.00105818  0  0  0.00105818  0  0.00105818
7.626e+12  0  254.2  1.11188  0  0  1.11188  0  1.11188  0.00106016  0  0  0.00106016  0  0.00106016
7.635e+12  0  254.5  1.11192  0  0  1.11192  0  1.11192  0.00106214  0  0  0.00106214  0  0.00106214
7.644e+12  0  254.8  1.11196  0  0  1.11196  0  1.11196  0.00106413  0  0  0.00106413  0  0.00106413
7.653e+12  0  255.1  1.112  0  0  1.112  0  1.112  0.00106612  0  0  0.00106612  0  0.00106612
7.662e+12  0  255.4  1.11204  0  0  1.11204  0  1.11204  0.00106811  0  0  0.00106811  0  0.00106811
7.671e+12  0  255.7  1.11208  0  0  1.11208  0  1.11208  0.00107011  0  0  0.00107011  0  0.00107011
7.68e+12  0  256  1.11211  0  0  1.11211  0  1.11211  0.00107211  0  0  0.00107211  0  0.00107211
7.689e+12  0  256.3  1.11215  0  0  1.11215  0  1.11215  0.00107411  0  0  0.00107411  0  0.00107411
7.698e+12  0  256.6  1.11219  0  0  1.11219  0  1.11219  0.00107612  0  0  0.00107612  0  0.00107612
7.707e+12  0  256.9  1.11223  0  0  1.11223  0  1.11223  0.00107813  0  0  0.00107813  0  0.00107813
7.716e+12  0  257.2  1.11227  0  0  1.11227  0  1.11227  0.00108014  0  0  0.00108014  0  0.00108014
7.725e+12  0  257.5  1.11231  0  0  1.11231  0  1.11231  0.00108216  0  0  0.00108216  0  0.00108216
7.734e+12  0  257.8  1.11235  0  0  1.11235  0  1.11235  0.00108418  0  0  0.00108418  0  0.00108418
7.743e+12  0  258.1  1.11239  0  0  1.11239  0  1.11239  0.0010862  0  0  0.0010862  0  0.0010862
7.752e+12  0  258.4  1.11243  0  0  1.11243  0  1.11243  0.00108823  0  0  0.00108823  0  0.00108823
7.761e+12  0  258.7  1.11247  0  0  1.11247  0  1.11247  0.00109026  0  0  0.00109026  0  0.00109026
7.77e+12  0  259  1.11251  0  0  1.11251  0  1.11251  0.00109229  0  0  0.00109229  0  0.00109229
7.779e+12  0  259.3  1.11255  0  0  1.11255  0  1.11255  0.00109433  0  0  0.00109433  0  0.00109433
7.788e+12  0  259.6  1.11259  0  0  1.11259  0  1.11259  0.00109637  0  0  0.00109637  0  0.00109637
7.797e+12  0  259.9  1.11263  0  0  1.11263  0  1.11263  0.00109842  0  0  0.00109842  0  0.00109842
7.806e+12  0  260.2  1.11267  0  0  1.11267  0  1.11267  0.00110047  0  0  0.00110047  0  0.00110047
7.815e+12  0  260.5  1.11271  0  0  1.11271  0  1.11271  0.00110252  0  0  0.00110252  0  0.00110252
7.824e+12  0  260.8  1.11275  0  0  1.11275  0  1.11275  0.00110457  0  0  0.00110457  0  0.00110457
7.833e+12  0  261.1  1.11279  0  0  1.11279  0  1.11279  0.00110663  0  0  0.00110663  0  0.00110663
7.842e+12  0  261.4  1.11283  0  0  1.11283  0  1.11283  0.0011087  0  0  0.0011087  0  0.0011087
7.851e+12  0  261.7  1.11287  0  0  1.11287  0  1.11287  0.00111076  0  0  0.00111076  0  0.00111076
7.86e+12  0  262  1.11291  0  0  1.11291  0  1.11291  0.00111283  0  0  0.00111283  0  0.00111283
7.869e+12  0  262.3  1.11295  0  0  1.11295  0  1.11295  0.00111491  0  0  0.00111491  0  0.00111491
7.878e+12  0  262.6  1.11299  0  0  1.11299  0  1.11299  0.00111698  0  0  0.00111698  0  0.00111698
7.887e+12  0  262.9  1.11303  0  0  1.11303  0  1.11303  0.00111906  0  0  0.00111906  0  0.00111906
7.896e+12  0  263.2  1.11307  0  0  1.11307  0  1.11307  0.00112115  0  0  0.00112115  0  0.00112115
7.905e+12  0  263.5  1.11311  0  0  1.11311  0  1.11311  0.00112324  0  0  0.00112324  0  0.00112324
7.914e+12  0  263.8  1.11315  0  0  1.11315  0  1.11315  0.00112533  0  0  0.00112533  0  0.00112533
7.923e+12  0  264.1  1.1132  0  0  1.1132  0  1.1132  0.00112742  0  0  0.00112742  0  0.00112742
7.932e+12  0  264.4  1.11324  0  0  1.11324  0  1.11324  0.00112952  0  0  0.00112952  0  0.00112952
7.941e+12  0  264.7  1.11328  0  0  1.11328  0  1.11328  0.00113162  0  0  0.00113162  0  0.00113162
7.95e+12  0  265  1.11332  0  0  1.11332  0  1.11332  0.00113373  0  0  0.00113373  0  0.00113373
7.959e+12  0  265.3  1.11336  0  0  1.11336  0  1.11336  0.00113584  0  0  0.00113584  0  0.00113584
7.968e+12  0  265.6  1.1134  0  0  1.1134  0  1.1134  0.00113795  0  0  0.00113795  0  0.00113795
7.977e+12  0  265.9  1.11344  0  0  1.11344  0  1.11344  0.00114007  0  0  0.00114007  0  0.00114007
7.986e+12  0  266.2  1.11348  0  0  1.11348  0  1.11348  0.00114219  0  0  0.00114219  0  0.00114219
7.995e+12  0  266.5  1.11353  0  0  1.11353  0  1.11353  0.00114432  0  0  0.00114432  0  0.00114432
8.004e+12  0  266.8  1.11357  0  0  1.11357  0  1.11357  0.00114645  0  0  0.00114645  0  0.00114645
8.013e+12  0  267.1  1.11361  0  0  1.11361  0  1.11361  0.00114858  0  0  0.00114858  0  0.00114858
8.022e+12  0  267.4  1.11365  0  0  1.11365  0  1.11365  0.00115071  0  0  0.00115071  0  0.00115071
8.031e+12  0  267.7  1.11369  0  0  1.11369  0  1.11369  0.00115285  0  0  0.00115285  0  0.00115285
8.04e+12  0  268  1.11374  0  0  1.11374  0  1.11374  0.001155  0  0  0.001155  0  0.001155
8.049e+12  0  268.3  1.11378  0  0  1.11378  0  1.11378  0.00115715  0  0  0.00115715  0  0.00115715
8.058e+12  0  268.6  1.11382  0  0  1.11382  0  1.11382  0.0011593  0  0  0.0011593  0  0.0011593
8.067e+12  0  268.9  1.11386  0  0  1.11386  0  1.11386  0.00116145  0  0  0.00116145  0  0.00116145
8.076e+12  0  269.2  1.1139  0  0  1.1139  0  1.1139  0.00116361  0  0  0.00116361  0  0.00116361
8.085e+12  0  269.5  1.11395  0  0  1.11395  0  1.11395  0.00116577  0  0  0.00116577  0  0.00116577
8.094e+12  0  269.8  1.11399  0  0  1.11399  0  1.11399  0.00116794  0  0  0.00116794  0  0.00116794
8.103e+12  0  270.1  1.11403  0  0  1.11403  0  1.11403  0.00117011  0  0  0.00117011  0  0.00117011
8.112e+12  0  270.4  1.11407  0  0  1.11407  0  1.11407  0.00117229  0  0  0.00117229  0  0.00117229
8.121e+12  0  270.7  1.11412  0  0  1.11412  0  1.11412  0.00117447  0  0  0.00117447  0  0.00117447
8.13e+12  0  271  1.11416  0  0  1.11416  0  1.11416  0.00117665  0  0  0.00117665  0  0.00117665
8.139e+12  0  271.3  1.1142  0  0  1.1142  0  1.1142  0.00117883  0  0  0.00117883  0  0.00117883
8.148e+12  0  271.6  1.11425  0  0  1.11425  0  1.11425  0.00118102  0  0  0.00118102  0  0.00118102
8.157e+12  0  271.9  1.11429  0  0  1.11429  0  1.11429  0.00118322  0  0  0.00118322  0  0.00118322
8.166e+12  0  272.2  1.11433  0  0  1.11433  0  1.11433  0.00118542  0  0  0.00118542  0  0.00118542
8.175e+12  0  272.5  1.11438  0  0  1.11438  0  1.11438  0.00118762  0  0  0.00118762  0  0.00118762
8.184e+12  0  272.8  1.11442  0  0  1.11442  0  1.11442  0.00118983  0  0  0.00118983  0  0.00118983
8.193e+12  0  273.1  1.11446  0  0  1.11446  0  1.11446  0.00119204  0  0  0.00119204  0  0.00119204
8.202e+12  0  273.4  1.11451  0  0  1.11451  0  1.11451  0.00119425  0  0  0.00119425  0  0.00119425
8.211e+12  0  273.7  1.11455  0  0  1.11455  0  1.11455  0.00119647  0  0  0.00119647  0  0.00119647
8.22e+12  0  274  1.11459  0  0  1.11459  0  1.11459  0.00119869  0  0  0.00119869  0  0.00119869
8.229e+12  0  274.3  1.11464  0  0  1.11464  0  1.11464  0.00120092  0  0  0.00120092  0  0.00120092
8.238e+12  0  274.6  1.11468  0  0  1.11468  0  1.11468  0.00120315  0  0  0.00120315  0  0.00120315
8.247e+12  0  274.9  1.11472  0  0  1.11472  0  1.11472  0.00120538  0  0  0.00120538  0  0.00120538
8.256e+12  0  275.2  1.11477  0  0  1.11477  0  1.11477  0.00120762  0  0  0.00120762  0  0.00120762
8.265e+12  0  275.5  1.11481  0  0  1.11481  0  1.11481  0.00120986  0  0  0.00120986  0  0.00120986
8.274e+12  0  275.8  1.11486  0  0  1.11486  0  1.11486  0.00121211  0  0  0.00121211  0  0.00121211
8.283e+12  0  276.1  1.1149  0  0  1.1149  0  1.1149  0.00121436  0  0  0.00121436  0  0.00121436
8.292e+12  0  276.4  1.11494  0  0  1.11494  0  1.11494  0.00121662  0  0  0.00121662  0  0.00121662
8.301e+12  0  276.7  1.11499  0  0  1.11499  0  1.11499  0.00121887  0  0  0.00121887  0  0.00121887
8.31e+12  0  277  1.11503  0  0  1.11503  0  1.11503  0.00122114  0  0  0.00122114  0  0.00122114
8.319e+12  0  277.3  1.11508  0  0  1.11508  0  1.11508  0.0012234  0  0  0.0012234  0  0.0012234
8.328e+12  0  277.6  1.11512  0  0  1.11512  0  1.11512  0.00122568  0  0  0.00122568  0  0.00122568
8.337e+12  0  277.9  1.11517  0  0  1.11517  0  1.11517  0.00122795  0  0  0.00122795  0  0.00122795
8.346e+12  0  278.2  1.11521  0  0  1.11521  0  1.11521  0.00123023  0  0  0.00123023  0  0.00123023
8.355e+12  0  278.5  1.11526  0  0  1.11526  0  1.11526  0.00123252  0  0  0.00123252  0  0.00123252
8.364e+12  0  278.8  1.1153  0  0  1.1153  0  1.1153  0.0012348  0  0  0.0012348  0  0.0012348
8.373e+12  0  279.1  1.11535  0  0  1.11535  0  1.11535  0.0012371  0  0  0.0012371  0  0.0012371
8.382e+12  0  279.4  1.11539  0  0  1.11539  0  1.11539  0.00123939  0  0  0.00123939  0  0.00123939
8.391e+12  0  279.7  1.11544  0  0  1.11544  0  1.11544  0.0012417  0  0  0.0012417  0  0.0012417
8.4e+12  0  280  1.11548  0  0  1.11548  0  1.11548  0.001244  0  0  0.001244  0  0.001244
8.409e+12  0  280.3  1.11553  0  0  1.11553  0  1.11553  0.00124631  0  0  0.00124631  0  0.00124631
8.418e+12  0  280.6  1.11557  0  0  1.11557  0  1.11557  0.00124862  0  0  0.00124862  0  0.00124862
8.427e+12  0  280.9  1.11562  0  0  1.11562  0  1.11562  0.00125094  0  0  0.00125094  0  0.00125094
8.436e+12  0  281.2  1.11566  0  0  1.11566  0  1.11566  0.00125327  0  0  0.00125327  0  0.00125327
8.445e+12  0  281.5  1.11571  0  0  1.11571  0  1.11571  0.00125559  0  0  0.00125559  0  0.00125559
8.454e+12  0  281.8  1.11576  0  0  1.11576  0  1.11576  0.00125792  0  0  0.00125792  0  0.00125792
8.463e+12  0  282.1  1.1158  0  0  1.1158  0  1.1158  0.00126026  0  0  0.00126026  0  0.00126026
8.472e+12  0  282.4  1.11585  0  0  1.11585  0  1.11585  0.0012626  0  0  0.0012626  0  0.0012626
8.481e+12  0  282.7  1.11589  0  0  1.11589  0  1.11589  0.00126494  0  0  0.00126494  0  0.00126494
8.49e+12  0  283  1.11594  0  0  1.11594  0  1.11594  0.00126729  0  0  0.00126729  0  0.00126729
8.499e+12  0  283.3  1.11599  0  0  1.11599  0  1.11599  0.00126965  0  0  0.00126965  0  0.00126965
8.508e+12  0  283.6  1.11603  0  0  1.11603  0  1.11603  0.001272  0  0  0.001272  0  0.001272
8.517e+12  0  283.9  1.11608  0  0  1.11608  0  1.11608  0.00127437  0  0  0.00127437  0  0.00127437
8.526e+12  0  284.2  1.11613  0  0  1.11613  0  1.11613  0.00127673  0  0  0.00127673  0  0.00127673
8.535e+12  0  284.5  1.11617  0  0  1.11617  0  1.11617  0.0012791  0  0  0.0012791  0  0.0012791
8.544e+12  0  284.8  1.11622  0  0  1.11622  0  1.11622  0.00128148  0  0  0.00128148  0  0.00128148
8.553e+12  0  285.1  1.11627  0  0  1.11627  0  1.11627  0.00128386  0  0  0.00128386  0  0.00128386
8.562e+12  0  285.4  1.11631  0  0  1.11631  0  1.11631  0.00128624  0  0  0.00128624  0  0.00128624
8.571e+12  0  285.7  1.11636  0  0  1.11636  0  1.11636  0.00128863  0  0  0.00128863  0  0.00128863
8.58e+12  0  286  1.11641  0  0  1.11641  0  1.11641  0.00129103  0  0  0.00129103  0  0.00129103
8.589e+12  0  286.3  1.11645  0  0  1.11645  0  1.11645  0.00129342  0  0  0.00129342  0  0.00129342
8.598e+12  0  286.6  1.1165  0  0  1.1165  0  1.1165  0.00129583  0  0  0.00129583  0  0.00129583
8.607e+12  0  286.9  1.11655  0  0  1.11655  0  1.11655  0.00129823  0  0  0.00129823  0  0.00129823
8.616e+12  0  287.2  1.11659  0  0  1.11659  0  1.11659  0.00130065  0  0  0.00130065  0  0.00130065
8.625e+12  0  287.5  1.11664  0  0  1.11664  0  1.11664  0.00130306  0  0  0.00130306  0  0.00130306
8.634e+12  0  287.8  1.11669  0  0  1.11669  0  1.11669  0.00130548  0  0  0.00130548  0  0.00130548
8.643e+12  0  288.1  1.11674  0  0  1.11674  0  1.11674  0.00130791  0  0  0.00130791  0  0.00130791
8.652e+12  0  288.4  1.11678  0  0  1.11678  0  1.11678  0.00131034  0  0  0.00131034  0  0.00131034
8.661e+12  0  288.7  1.11683  0  0  1.11683  0  1.11683  0.00131278  0  0  0.00131278  0  0.00131278
8.67e+12  0  289  1.11688  0  0  1.11688  0  1.11688  0.00131521  0  0  0.00131521  0  0.00131521
8.679e+12  0  289.3  1.11693  0  0  1.11693  0  1.11693  0.00131766  0  0  0.00131766  0  0.00131766
8.688e+12  0  289.6  1.11698  0  0  1.11698  0  1.11698  0.00132011  0  0  0.00132011  0  0.00132011
8.697e+12  0  289.9  1.11702  0  0  1.11702  0  1.11702  0.00132256  0  0  0.00132256  0  0.00132256
8.706e+12  0  290.2  1.11707  0  0  1.11707  0  1.11707  0.00132502  0  0  0.00132502  0  0.00132502
8.715e+12  0  290.5  1.11712  0  0  1.11712  0  1.11712  0.00132748  0  0  0.00132748  0  0.00132748
8.724e+12  0  290.8  1.11717  0  0  1.11717  0  1.11717  0.00132995  0  0  0.00132995  0  0.00132995
8.733e+12  0  291.1  1.11722  0  0  1.11722  0  1.11722  0.00133242  0  0  0.00133242  0  0.00133242
8.742e+12  0  291.4  1.11727  0  0  1.11727  0  1.11727  0.0013349  0  0  0.0013349  0  0.0013349
8.751e+12  0  291.7  1.11732  0  0  1.11732  0  1.11732  0.00133738  0  0  0.00133738  0  0.00133738
8.76e+12  0  292  1.11736  0  0  1.11736  0  1.11736  0.00133987  0  0  0.00133987  0  0.00133987
8.769e+12  0  292.3  1.11741  0  0  1.11741  0  1.11741  0.00134236  0  0  0.00134236  0  0.00134236
8.778e+12  0  292.6  1.11746  0  0  1.11746  0  1.11746  0.00134486  0  0  0.00134486  0  0.00134486
8.787e+12  0  292.9  1.11751  0  0  1.11751  0  1.11751  0.00134736  0  0  0.00134736  0  0.00134736
8.796e+12  0  293.2  1.11756  0  0  1.11756  0  1.11756  0.00134987  0  0  0.00134987  0  0.00134987
8.805e+12  0  293.5  1.11761  0  0  1.11761  0  1.11761  0.00135238  0  0  0.00135238  0  0.00135238
8.814e+12  0  293.8  1.11766  0  0  1.11766  0  1.11766  0.0013549  0  0  0.0013549  0  0.0013549
8.823e+12  0  294.1  1.11771  0  0  1.11771  0  1.11771  0.00135742  0  0  0.00135742  0  0.00135742
8.832e+12  0  294.4  1.11776  0  0  1.11776  0  1.11776  0.00135994  0  0  0.00135994  0  0.00135994
8.841e+12  0  294.7  1.11781  0  0  1.11781  0  1.11781  0.00136248  0  0  0.00136248  0  0.00136248
8.85e+12  0  295  1.11786  0  0  1.11786  0  1.11786  0.00136501  0  0  0.00136501  0  0.00136501
8.859e+12  0  295.3  1.11791  0  0  1.11791  0  1.11791  0.00136755  0  0  0.00136755  0  0.00136755
8.868e+12  0  295.6  1.11796  0  0  1.11796  0  1.11796  0.0013701  0  0  0.0013701  0  0.0013701
8.877e+12  0  295.9  1.11801  0  0  1.11801  0  1.11801  0.00137265  0  0  0.00137265  0  0.00137265
8.886e+12  0  296.2  1.11806  0  0  1.11806  0  1.11806  0.00137521  0  0  0.00137521  0  0.00137521
8.895e+12  0  296.5  1.11811  0  0  1.11811  0  1.11811  0.00137777  0  0  0.00137777  0  0.00137777
8.904e+12  0  296.8  1.11816  0  0  1.11816  0  1.11816  0.00138033  0  0  0.00138033  0  0.00138033
8.913e+12  0  297.1  1.11821  0  0  1.11821  0  1.11821  0.0013829  0  0  0.0013829  0  0.0013829
8.922e+12  0  297.4  1.11826  0  0  1.11826  0  1.11826  0.00138548  0  0  0.00138548  0  0.00138548
8.931e+12  0  297.7  1.11831  0  0  1.11831  0  1.11831  0.00138806  0  0  0.00138806  0  0.00138806
8.94e+12  0  298  1.11836  0  0  1.11836  0  1.11836  0.00139065  0  0  0.00139065  0  0.00139065
8.949e+12  0  298.3  1.11841  0  0  1.11841  0  1.11841  0.00139324  0  0  0.00139324  0  0.00139324
8.958e+12  0  298.6  1.11846  0  0  1.11846  0  1.11846  0.00139584  0  0  0.00139584  0  0.00139584
8.967e+12  0  298.9  1.11851  0  0  1.11851  0  1.11851  0.00139844  0  0  0.00139844  0  0.00139844
8.976e+12  0  299.2  1.11856  0  0  1.11856  0  1.11856  0.00140105  0  0  0.00140105  0  0.00140105
8.985e+12  0  299.5  1.11861  0  0  1.11861  0  1.11861  0.00140366  0  0  0.00140366  0  0.00140366
8.994e+12  0  299.8  1.11866  0  0  1.11866  0  1.11866  0.00140628  0  0  0.00140628  0  0.00140628
9.003e+12  0  300.1  1.11872  0  0  1.11872  0  1.11872  0.0014089  0  0  0.0014089  0  0.0014089
9.012e+12  0  300.4  1.11877  0  0  1.11877  0  1.11877  0.00141153  0  0  0.00141153  0  0.00141153
9.021e+12  0  300.7  1.11882  0  0  1.11882  0  1.11882  0.00141416  0  0  0.00141416  0  0.00141416
9.03e+12  0  301  1.11887  0  0  1.11887  0  1.11887  0.0014168  0  0  0.0014168  0  0.0014168
9.039e+12  0  301.3  1.11892  0  0  1.11892  0  1.11892  0.00141944  0  0  0.00141944  0  0.00141944
9.048e+12  0  301.6  1.11897  0  0  1.11897  0  1.11897  0.00142209  0  0  0.00142209  0  0.00142209
9.057e+12  0  301.9  1.11903  0  0  1.11903  0  1.11903  0.00142475  0  0  0.00142475  0  0.00142475
9.066e+12  0  302.2  1.11908  0  0  1.11908  0  1.11908  0.00142741  0  0  0.00142741  0  0.00142741
9.075e+12  0  302.5  1.11913  0  0  1.11913  0  1.11913  0.00143007  0  0  0.00143007  0  0.00143007
9.084e+12  0  302.8  1.11918  0  0  1.11918  0  1.11918  0.00143274  0  0  0.00143274  0  0.00143274
9.093e+12  0  303.1  1.11923  0  0  1.11923  0  1.11923  0.00143542  0  0  0.00143542  0  0.00143542
9.102e+12  0  303.4  1.11929  0  0  1.11929  0  1.11929  0.0014381  0  0  0.0014381  0  0.0014381
9.111e+12  0  303.7  1.11934  0  0  1.11934  0  1.11934  0.00144079  0  0  0.00144079  0  0.00144079
9.12e+12  0  304  1.11939  0  0  1.11939  0  1.11939  0.00144348  0  0  0.00144348  0  0.00144348
9.129e+12  0  304.3  1.11944  0  0  1.11944  0  1.11944  0.00144618  0  0  0.00144618  0  0.00144618
9.138e+12  0  304.6  1.1195  0  0  1.1195  0  1.1195  0.00144888  0  0  0.00144888  0  0.00144888
9.147e+12  0  304.9  1.11955  0  0  1.11955  0  1.11955  0.00145159  0  0  0.00145159  0  0.00145159
9.156e+12  0  305.2  1.1196  0  0  1.1196  0  1.1196  0.0014543  0  0  0.0014543  0  0.0014543
9.165e+12  0  305.5  1.11966  0  0  1.11966  0  1.11966  0.00145702  0  0  0.00145702  0  0.00145702
9.174e+12  0  305.8  1.11971  0  0  1.11971  0  1.11971  0.00145975  0  0  0.00145975  0  0.00145975
9.183e+12  0  306.1  1.11976  0  0  1.11976  0  1.11976  0.00146248  0  0  0.00146248  0  0.00146248
9.192e+12  0  306.4  1.11982  0  0  1.11982  0  1.11982  0.00146521  0  0  0.00146521  0  0.00146521
9.201e+12  0  306.7  1.11987  0  0  1.11987  0  1.11987  0.00146796  0  0  0.00146796  0  0.00146796
9.21e+12  0  307  1.11992  0  0  1.11992  0  1.11992  0.0014707  0  0  0.0014707  0  0.0014707
9.219e+12  0  307.3  1.11998  0  0  1.11998  0  1.11998  0.00147346  0  0  0.00147346  0  0.00147346
9.228e+12  0  307.6  1.12003  0  0  1.12003  0  1.12003  0.00147621  0  0  0.00147621  0  0.00147621
9.237e+12  0  307.9  1.12008  0  0  1.12008  0  1.12008  0.00147898  0  0  0.00147898  0  0.00147898
9.246e+12  0  308.2  1.12014  0  0  1.12014  0  1.12014  0.00148175  0  0  0.00148175  0  0.00148175
9.255e+12  0  308.5  1.12019  0  0  1.12019  0  1.12019  0.00148453  0  0  0.00148453  0  0.00148453
9.264e+12  0  308.8  1.12025  0  0  1.12025  0  1.12025  0.00148731  0  0  0.00148731  0  0.00148731
9.273e+12  0  309.1  1.1203  0  0  1.1203  0  1.1203  0.00149009  0  0  0.00149009  0  0.00149009
9.282e+12  0  309.4  1.12036  0  0  1.12036  0  1.12036  0.00149289  0  0  0.00149289  0  0.00149289
9.291e+12  0  309.7  1.12041  0  0  1.12041  0  1.12041  0.00149569  0  0  0.00149569  0  0.00149569
9.3e+12  0  310  1.12046  0  0  1.12046  0  1.12046  0.00149849  0  0  0.00149849  0  0.00149849
9.309e+12  0  310.3  1.12052  0  0  1.12052  0  1.12052  0.0015013  0  0  0.0015013  0  0.0015013
9.318e+12  0  310.6  1.12057  0  0  1.12057  0  1.12057  0.00150412  0  0  0.00150412  0  0.00150412
9.327e+12  0  310.9  1.12063  0  0  1.12063  0  1.12063  0.00150694  0  0  0.00150694  0  0.00150694
9.336e+12  0  311.2  1.12068  0  0  1.12068  0  1.12068  0.00150977  0  0  0.00150977  0  0.00150977
9.345e+12  0  311.5  1.12074  0  0  1.12074  0  1.12074  0.0015126  0  0  0.0015126  0  0.0015126
9.354e+12  0  311.8  1.12079  0  0  1.12079  0  1.12079  0.00151544  0  0  0.00151544  0  0.00151544
9.363e+12  0  312.1  1.12085  0  0  1.12085  0  1.12085  0.00151828  0  0  0.00151828  0  0.00151828
9.372e+12  0  312.4  1.1209  0  0  1.1209  0  1.1209  0.00152114  0  0  0.00152114  0  0.00152114
9.381e+12  0  312.7  1.12096  0  0  1.12096  0  1.12096  0.00152399  0  0  0.00152399  0  0.00152399
9.39e+12  0  313  1.12102  0  0  1.12102  0  1.12102  0.00152686  0  0  0.00152686  0  0.00152686
9.399e+12  0  313.3  1.12107  0  0  1.12107  0  1.12107  0.00152973  0  0  0.00152973  0  0.00152973
9.408e+12  0  313.6  1.12113  0  0  1.12113  0  1.12113  0.0015326  0  0  0.0015326  0  0.0015326
9.417e+12  0  313.9  1.12118  0  0  1.12118  0  1.12118  0.00153548  0  0  0.00153548  0  0.00153548
9.426e+12  0  314.2  1.12124  0  0  1.12124  0  1.12124  0.00153837  0  0  0.00153837  0  0.00153837
9.435e+12  0  314.5  1.1213  0  0  1.1213  0  1.1213  0.00154126  0  0  0.00154126  0  0.00154126
9.444e+12  0  314.8  1.12135  0  0  1.12135  0  1.12135  0.00154416  0  0  0.00154416  0  0.00154416
9.453e+12  0  315.1  1.12141  0  0  1.12141  0  1.12141  0.00154707  0  0  0.00154707  0  0.00154707
9.462e+12  0  315.4  1.12146  0  0  1.12146  0  1.12146  0.00154998  0  0  0.00154998  0  0.00154998
9.471e+12  0  315.7  1.12152  0  0  1.12152  0  1.12152  0.0015529  0  0  0.0015529  0  0.0015529
9.48e+12  0  316  1.12158  0  0  1.12158  0  1.12158  0.00155582  0  0  0.00155582  0  0.00155582
9.489e+12  0  316.3  1.12163  0  0  1.12163  0  1.12163  0.00155875  0  0  0.00155875  0  0.00155875
9.498e+12  0  316.6  1.12169  0  0  1.12169  0  1.12169  0.00156169  0  0  0.00156169  0  0.00156169
9.507e+12  0  316.9  1.12175  0  0  1.12175  0  1.12175  0.00156463  0  0  0.00156463  0  0.00156463
9.516e+12  0  317.2  1.12181  0  0  1.12181  0  1.12181  0.00156758  0  0  0.00156758  0  0.00156758
9.525e+12  0  317.5  1.12186  0  0  1.12186  0  1.12186  0.00157053  0  0  0.00157053  0  0.00157053
9.534e+12  0  317.8  1.12192  0  0  1.12192  0  1.12192  0.00157349  0  0  0.00157349  0  0.00157349
9.543e+12  0  318.1  1.12198  0  0  1.12198  0  1.12198  0.00157646  0  0  0.00157646  0  0.00157646
9.552e+12  0  318.4  1.12203  0  0  1.12203  0  1.12203  0.00157944  0  0  0.00157944  0  0.00157944
9.561e+12  0  318.7  1.12209  0  0  1.12209  0  1.12209  0.00158242  0  0  0.00158242  0  0.00158242
9.57e+12  0  319  1.12215  0  0  1.12215  0  1.12215  0.0015854  0  0  0.0015854  0  0.0015854
9.579e+12  0  319.3  1.12221  0  0  1.12221  0  1.12221  0.0015884  0  0  0.0015884  0  0.0015884
9.588e+12  0  319.6  1.12227  0  0  1.12227  0  1.12227  0.0015914  0  0  0.0015914  0  0.0015914
9.597e+12  0  319.9  1.12232  0  0  1.12232  0  1.12232  0.0015944  0  0  0.0015944  0  0.0015944
9.606e+12  0  320.2  1.12238  0  0  1.12238  0  1.12238  0.00159741  0  0  0.00159741  0  0.00159741
9.615e+12  0  320.5  1.12244  0  0  1.12244  0  1.12244  0.00160043  0  0  0.00160043  0  0.00160043
9.624e+12  0  320.8  1.1225  0  0  1.1225  0  1.1225  0.00160346  0  0  0.00160346  0  0.00160346
9.633e+12  0  321.1  1.12256  0  0  1.12256  0  1.12256  0.00160649  0  0  0.00160649  0  0.00160649
9.642e+12  0  321.4  1.12262  0  0  1.12262  0  1.12262  0.00160953  0  0  0.00160953  0  0.00160953
9.651e+12  0  321.7  1.12268  0  0  1.12268  0  1.12268  0.00161257  0  0  0.00161257  0  0.00161257
9.66e+12  0  322  1.12273  0  0  1.12273  0  1.12273  0.00161562  0  0  0.00161562  0  0.00161562
9.669e+12  0  322.3  1.12279  0  0  1.12279  0  1.12279  0.00161868  0  0  0.00161868  0  0.00161868
9.678e+12  0  322.6  1.12285  0  0  1.12285  0  1.12285  0.00162174  0  0  0.00162174  0  0.00162174
9.687e+12  0  322.9  1.12291  0  0  1.12291  0  1.12291  0.00162482  0  0  0.00162482  0  0.00162482
9.696e+12  0  323.2  1.12297  0  0  1.12297  0  1.12297  0.00162789  0  0  0.00162789  0  0.00162789
9.705e+12  0  323.5  1.12303  0  0  1.12303  0  1.12303  0.00163098  0  0  0.00163098  0  0.00163098
9.714e+12  0  323.8  1.12309  0  0  1.12309  0  1.12309  0.00163407  0  0  0.00163407  0  0.00163407
9.723e+12  0  324.1  1.12315  0  0  1.12315  0  1.12315  0.00163717  0  0  0.00163717  0  0.00163717
9.732e+12  0  324.4  1.12321  0  0  1.12321  0  1.12321  0.00164027  0  0  0.00164027  0  0.00164027
9.741e+12  0  324.7  1.12327  0  0  1.12327  0  1.12327  0.00164338  0  0  0.00164338  0  0.00164338
9.75e+12  0  325  1.12333  0  0  1.12333  0  1.12333  0.0016465  0  0  0.0016465  0  0.0016465
9.759e+12  0  325.3  1.12339  0  0  1.12339  0  1.12339  0.00164962  0  0  0.00164962  0  0.00164962
9.768e+12  0  325.6  1.12345  0  0  1.12345  0  1.12345  0.00165276  0  0  0.00165276  0  0.00165276
9.777e+12  0  325.9  1.12351  0  0  1.12351  0  1.12351  0.00165589  0  0  0.00165589  0  0.00165589
9.786e+12  0  326.2  1.12357  0  0  1.12357  0  1.12357  0.00165904  0  0  0.00165904  0  0.00165904
9.795e+12  0  326.5  1.12363  0  0  1.12363  0  1.12363  0.00166219  0  0  0.00166219  0  0.00166219
9.804e+12  0  326.8  1.12369  0  0  1.12369  0  1.12369  0.00166535  0  0  0.00166535  0  0.00166535
9.813e+12  0  327.1  1.12375  0  0  1.12375  0  1.12375  0.00166852  0  0  0.00166852  0  0.00166852
9.822e+12  0  327.4  1.12381  0  0  1.12381  0  1.12381  0.00167169  0  0  0.00167169  0  0.00167169
9.831e+12  0  327.7  1.12387  0  0  1.12387  0  1.12387  0.00167487  0  0  0.00167487  0  0.00167487
9.84e+12  0  328  1.12393  0  0  1.12393  0  1.12393  0.00167806  0  0  0.00167806  0  0.00167806
9.849e+12  0  328.3  1.124  0  0  1.124  0  1.124  0.00168125  0  0  0.00168125  0  0.00168125
9.858e+12  0  328.6  1.12406  0  0  1.12406  0  1.12406  0.00168445  0  0  0.00168445  0  0.00168445
9.867e+12  0  328.9  1.12412  0  0  1.12412  0  1.12412  0.00168766  0  0  0.00168766  0  0.00168766
9.876e+12  0  329.2  1.12418  0  0  1.12418  0  1.12418  0.00169087  0  0  0.00169087  0  0.00169087
9.885e+12  0  329.5  1.12424  0  0  1.12424  0  1.12424  0.0016941  0  0  0.0016941  0  0.0016941
9.894e+12  0  329.8  1.1243  0  0  1.1243  0  1.1243  0.00169732  0  0  0.00169732  0  0.00169732
9.903e+12  0  330.1  1.12437  0  0  1.12437  0  1.12437  0.00170056  0  0  0.00170056  0  0.00170056
9.912e+12  0  330.4  1.12443  0  0  1.12443  0  1.12443  0.0017038  0  0  0.0017038  0  0.0017038
9.921e+12  0  330.7  1.12449  0  0  1.12449  0  1.12449  0.00170706  0  0  0.00170706  0  0.00170706
9.93e+12  0  331  1.12455  0  0  1.12455  0  1.12455  0.00171031  0  0  0.00171031  0  0.00171031
9.939e+12  0  331.3  1.12462  0  0  1.12462  0  1.12462  0.00171358  0  0  0.00171358  0  0.00171358
9.948e+12  0  331.6  1.12468  0  0  1.12468  0  1.12468  0.00171685  0  0  0.00171685  0  0.00171685
9.957e+12  0  331.9  1.12474  0  0  1.12474  0  1.12474  0.00172013  0  0  0.00172013  0  0.00172013
9.966e+12  0  332.2  1.1248  0  0  1.1248  0  1.1248  0.00172342  0  0  0.00172342  0  0.00172342
9.975e+12  0  332.5  1.12487  0  0  1.12487  0  1.12487  0.00172671  0  0  0.00172671  0  0.00172671
9.984e+12  0  332.8  1.12493  0  0  1.12493  0  1.12493  0.00173001  0  0  0.00173001  0  0.00173001
9.993e+12  0  333.1  1.12499  0  0  1.12499  0  1.12499  0.00173332  0  0  0.00173332  0  0.00173332
1.0002e+13  0  333.4  1.12506  0  0  1.12506  0  1.12506  0.00173664  0  0  0.00173664  0  0.00173664
1.0011e+13  0  333.7  1.12512  0  0  1.12512  0  1.12512  0.00173996  0  0  0.00173996  0  0.00173996
1.002e+13  0  334  1.12518  0  0  1.12518  0  1.12518  0.0017433  0  0  0.0017433  0  0.0017433
1.0029e+13  0  334.3  1.12525  0  0  1.12525  0  1.12525  0.00174663  0  0  0.00174663  0  0.00174663
1.0038e+13  0  334.6  1.12531  0  0  1.12531  0  1.12531  0.00174998  0  0  0.00174998  0  0.00174998
1.0047e+13  0  334.9  1.12537  0  0  1.12537  0  1.12537  0.00175333  0  0  0.00175333  0  0.00175333
1.0056e+13  0  335.2  1.12544  0  0  1.12544  0  1.12544  0.0017567  0  0  0.0017567  0  0.0017567
1.0065e+13  0  335.5  1.1255  0  0  1.1255  0  1.1255  0.00176007  0  0  0.00176007  0  0.00176007
1.0074e+13  0  335.8  1.12557  0  0  1.12557  0  1.12557  0.00176344  0  0  0.00176344  0  0.00176344
1.0083e+13  0  336.1  1.12563  0  0  1.12563  0  1.12563  0.00176683  0  0  0.00176683  0  0.00176683
1.0092e+13  0  336.4  1.1257  0  0  1.1257  0  1.1257  0.00177022  0  0  0.00177022  0  0.00177022
1.0101e+13  0  336.7  1.12576  0  0  1.12576  0  1.12576  0.00177362  0  0  0.00177362  0  0.00177362
1.011e+13  0  337  1.12582  0  0  1.12582  0  1.12582  0.00177703  0  0  0.00177703  0  0.00177703
1.0119e+13  0  337.3  1.12589  0  0  1.12589  0  1.12589  0.00178044  0  0  0.00178044  0  0.00178044
1.0128e+13  0  337.6  1.12595  0  0  1.12595  0  1.12595  0.00178386  0  0  0.00178386  0  0.00178386
1.0137e+13  0  337.9  1.12602  0  0  1.12602  0  1.12602  0.00178729  0  0  0.00178729  0  0.00178729
1.0146e+13  0  338.2  1.12609  0  0  1.12609  0  1.12609  0.00179073  0  0  0.00179073  0  0.00179073
1.0155e+13  0  338.5  1.12615  0  0  1.12615  0  1.12615  0.00179418  0  0  0.00179418  0  0.00179418
1.0164e+13  0  338.8  1.12622  0  0  1.12622  0  1.12622  0.00179763  0  0  0.00179763  0  0.00179763
1.0173e+13  0  339.1  1.12628  0  0  1.12628  0  1.12628  0.0018011  0  0  0.0018011  0  0.0018011
1.0182e+13  0  339.4  1.12635  0  0  1.12635  0  1.12635  0.00180457  0  0  0.00180457  0  0.00180457
1.0191e+13  0  339.7  1.12641  0  0  1.12641  0  1.12641  0.00180804  0  0  0.00180804  0  0.00180804
1.02e+13  0  340  1.12648  0  0  1.12648  0  1.12648  0.00181153  0  0  0.00181153  0  0.00181153
1.0209e+13  0  340.3  1.12655  0  0  1.12655  0  1.12655  0.00181502  0  0  0.00181502  0  0.00181502
1.0218e+13  0  340.6  1.12661  0  0  1.12661  0  1.12661  0.00181853  0  0  0.00181853  0  0.00181853
1.0227e+13  0  340.9  1.12668  0  0  1.12668  0  1.12668  0.00182204  0  0  0.00182204  0  0.00182204
1.0236e+13  0  341.2  1.12674  0  0  1.12674  0  1.12674  0.00182555  0  0  0.00182555  0  0.00182555
1.0245e+13  0  341.5  1.12681  0  0  1.12681  0  1.12681  0.00182908  0  0  0.00182908  0  0.00182908
1.0254e+13  0  341.8  1.12688  0  0  1.12688  0  1.12688  0.00183261  0  0  0.00183261  0  0.00183261
1.0263e+13  0  342.1  1.12695  0  0  1.12695  0  1.12695  0.00183616  0  0  0.00183616  0  0.00183616
1.0272e+13  0  342.4  1.12701  0  0  1.12701  0  1.12701  0.00183971  0  0  0.00183971  0  0.00183971
1.0281e+13  0  342.7  1.12708  0  0  1.12708  0  1.12708  0.00184327  0  0  0.00184327  0  0.00184327
1.029e+13  0  343  1.12715  0  0  1.12715  0  1.12715  0.00184683  0  0  0.00184683  0  0.00184683
1.0299e+13  0  343.3  1.12721  0  0  1.12721  0  1.12721  0.00185041  0  0  0.00185041  0  0.00185041
1.0308e+13  0  343.6  1.12728  0  0  1.12728  0  1.12728  0.00185399  0  0  0.00185399  0  0.00185399
1.0317e+13  0  343.9  1.12735  0  0  1.12735  0  1.12735  0.00185758  0  0  0.00185758  0  0.00185758
1.0326e+13  0  344.2  1.12742  0  0  1.12742  0  1.12742  0.00186118  0  0  0.00186118  0  0.00186118
1.0335e+13  0  344.5  1.12749  0  0  1.12749  0  1.12749  0.00186479  0  0  0.00186479  0  0.00186479
1.0344e+13  0  344.8  1.12755  0  0  1.12755  0  1.12755  0.00186841  0  0  0.00186841  0  0.00186841
1.0353e+13  0  345.1  1.12762  0  0  1.12762  0  1.12762  0.00187204  0  0  0.00187204  0  0.00187204
1.0362e+13  0  345.4  1.12769  0  0  1.12769  0  1.12769  0.00187567  0  0  0.00187567  0  0.00187567
1.0371e+13  0  345.7  1.12776  0  0  1.12776  0  1.12776  0.00187931  0  0  0.00187931  0  0.00187931
1.038e+13  0  346  1.12783  0  0  1.12783  0  1.12783  0.00188296  0  0  0.00188296  0  0.00188296
1.0389e+13  0  346.3  1.1279  0  0  1.1279  0  1.1279  0.00188662  0  0  0.00188662  0  0.00188662
1.0398e+13  0  346.6  1.12796  0  0  1.12796  0  1.12796  0.00189029  0  0  0.00189029  0  0.00189029
1.0407e+13  0  346.9  1.12803  0  0  1.12803  0  1.12803  0.00189397  0  0  0.00189397  0  0.00189397
1.0416e+13  0  347.2  1.1281  0  0  1.1281  0  1.1281  0.00189765  0  0  0.00189765  0  0.00189765
1.0425e+13  0  347.5  1.12817  0  0  1.12817  0  1.12817  0.00190135  0  0  0.00190135  0  0.00190135
1.0434e+13  0  347.8  1.12824  0  0  1.12824  0  1.12824  0.00190505  0  0  0.00190505  0  0.00190505
1.0443e+13  0  348.1  1.12831  0  0  1.12831  0  1.12831  0.00190876  0  0  0.00190876  0  0.00190876
1.0452e+13  0  348.4  1.12838  0  0  1.12838  0  1.12838  0.00191248  0  0  0.00191248  0  0.00191248
1.0461e+13  0  348.7  1.12845  0  0  1.12845  0  1.12845  0.00191621  0  0  0.00191621  0  0.00191621
1.047e+13  0  349  1.12852  0  0  1.12852  0  1.12852  0.00191995  0  0  0.00191995  0  0.00191995
1.0479e+13  0  349.3  1.12859  0  0  1.12859  0  1.12859  0.0019237  0  0  0.0019237  0  0.0019237
1.0488e+13  0  349.6  1.12866  0  0  1.12866  0  1.12866  0.00192745  0  0  0.00192745  0  0.00192745
1.0497e+13  0  349.9  1.12873  0  0  1.12873  0  1.12873  0.00193122  0  0  0.00193122  0  0.00193122
1.0506e+13  0  350.2  1.1288  0  0  1.1288  0  1.1288  0.00193499  0  0  0.00193499  0  0.00193499
1.0515e+13  0  350.5  1.12887  0  0  1.12887  0  1.12887  0.00193877  0  0  0.00193877  0  0.00193877
1.0524e+13  0  350.8  1.12894  0  0  1.12894  0  1.12894  0.00194256  0  0  0.00194256  0  0.00194256
1.0533e+13  0  351.1  1.12902  0  0  1.12902  0  1.12902  0.00194636  0  0  0.00194636  0  0.00194636
1.0542e+13  0  351.4  1.12909  0  0  1.12909  0  1.12909  0.00195017  0  0  0.00195017  0  0.00195017
1.0551e+13  0  351.7  1.12916  0  0  1.12916  0  1.12916  0.00195399  0  0  0.00195399  0  0.00195399
1.056e+13  0  352  1.12923  0  0  1.12923  0  1.12923  0.00195782  0  0  0.00195782  0  0.00195782
1.0569e+13  0  352.3  1.1293  0  0  1.1293  0  1.1293  0.00196166  0  0  0.00196166  0  0.00196166
1.0578e+13  0  352.6  1.12937  0  0  1.12937  0  1.12937  0.0019655  0  0  0.0019655  0  0.0019655
1.0587e+13  0  352.9  1.12944  0  0  1.12944  0  1.12944  0.00196936  0  0  0.00196936  0  0.00196936
1.0596e+13  0  353.2  1.12952  0  0  1.12952  0  1.12952  0.00197322  0  0  0.00197322  0  0.00197322
1.0605e+13  0  353.5  1.12959  0  0  1.12959  0  1.12959  0.00197709  0  0  0.00197709  0  0.00197709
1.0614e+13  0  353.8  1.12966  0  0  1.12966  0  1.12966  0.00198098  0  0  0.00198098  0  0.00198098
1.0623e+13  0  354.1  1.12973  0  0  1.12973  0  1.12973  0.00198487  0  0  0.00198487  0  0.00198487
1.0632e+13  0  354.4  1.12981  0  0  1.12981  0  1.12981  0.00198877  0  0  0.00198877  0  0.00198877
1.0641e+13  0  354.7  1.12988  0  0  1.12988  0  1.12988  0.00199268  0  0  0.00199268  0  0.00199268
1.065e+13  0  355  1.12995  0  0  1.12995  0  1.12995  0.0019966  0  0  0.0019966  0  0.0019966
1.0659e+13  0  355.3  1.13002  0  0  1.13002  0  1.13002  0.00200053  0  0  0.00200053  0  0.00200053
1.0668e+13  0  355.6  1.1301  0  0  1.1301  0  1.1301  0.00200447  0  0  0.00200447  0  0.00200447
1.0677e+13  0  355.9  1.13017  0  0  1.13017  0  1.13017  0.00200842  0  0  0.00200842  0  0.00200842
1.0686e+13  0  356.2  1.13024  0  0  1.13024  0  1.13024  0.00201238  0  0  0.00201238  0  0.00201238
1.0695e+13  0  356.5  1.13032  0  0  1.13032  0  1.13032  0.00201635  0  0  0.00201635  0  0.00201635
1.0704e+13  0  356.8  1.13039  0  0  1.13039  0  1.13039  0.00202033  0  0  0.00202033  0  0.00202033
1.0713e+13  0  357.1  1.13046  0  0  1.13046  0  1.13046  0.00202431  0  0  0.00202431  0  0.00202431
1.0722e+13  0  357.4  1.13054  0  0  1.13054  0  1.13054  0.00202831  0  0  0.00202831  0  0.00202831
1.0731e+13  0  357.7  1.13061  0  0  1.13061  0  1.13061  0.00203232  0  0  0.00203232  0  0.00203232
1.074e+13  0  358  1.13069  0  0  1.13069  0  1.13069  0.00203634  0  0  0.00203634  0  0.00203634
1.0749e+13  0  358.3  1.13076  0  0  1.13076  0  1.13076  0.00204036  0  0  0.00204036  0  0.00204036
1.0758e+13  0  358.6  1.13084  0  0  1.13084  0  1.13084  0.0020444  0  0  0.0020444  0  0.0020444
1.0767e+13  0  358.9  1.13091  0  0  1.13091  0  1.13091  0.00204844  0  0  0.00204844  0  0.00204844
1.0776e+13  0  359.2  1.13099  0  0  1.13099  0  1.13099  0.0020525  0  0  0.0020525  0  0.0020525
1.0785e+13  0  359.5  1.13106  0  0  1.13106  0  1.13106  0.00205657  0  0  0.00205657  0  0.00205657
1.0794e+13  0  359.8  1.13114  0  0  1.13114  0  1.13114  0.00206064  0  0  0.00206064  0  0.00206064
1.0803e+13  0  360.1  1.13121  0  0  1.13121  0  1.13121  0.00206473  0  0  0.00206473  0  0.00206473
1.0812e+13  0  360.4  1.13129  0  0  1.13129  0  1.13129  0.00206883  0  0  0.00206883  0  0.00206883
1.0821e+13  0  360.7  1.13136  0  0  1.13136  0  1.13136  0.00207293  0  0  0.00207293  0  0.00207293
1.083e+13  0  361  1.13144  0  0  1.13144  0  1.13144  0.00207705  0  0  0.00207705  0  0.00207705
1.0839e+13  0  361.3  1.13151  0  0  1.13151  0  1.13151  0.00208117  0  0  0.00208117  0  0.00208117
1.0848e+13  0  361.6  1.13159  0  0  1.13159  0  1.13159  0.00208531  0  0  0.00208531  0  0.00208531
1.0857e+13  0  361.9  1.13167  0  0  1.13167  0  1.13167  0.00208946  0  0  0.00208946  0  0.00208946
1.0866e+13  0  362.2  1.13174  0  0  1.13174  0  1.13174  0.00209362  0  0  0.00209362  0  0.00209362
1.0875e+13  0  362.5  1.13182  0  0  1.13182  0  1.13182  0.00209778  0  0  0.00209778  0  0.00209778
1.0884e+13  0  362.8  1.1319  0  0  1.1319  0  1.1319  0.00210196  0  0  0.00210196  0  0.00210196
1.0893e+13  0  363.1  1.13197  0  0  1.13197  0  1.13197  0.00210615  0  0  0.00210615  0  0.00210615
1.0902e+13  0  363.4  1.13205  0  0  1.13205  0  1.13205  0.00211035  0  0  0.00211035  0  0.00211035
1.0911e+13  0  363.7  1.13213  0  0  1.13213  0  1.13213  0.00211456  0  0  0.00211456  0  0.00211456
1.092e+13  0  364  1.1322  0  0  1.1322  0  1.1322  0.00211878  0  0  0.00211878  0  0.00211878
1.0929e+13  0  364.3  1.13228  0  0  1.13228  0  1.13228  0.00212301  0  0  0.00212301  0  0.00212301
1.0938e+13  0  364.6  1.13236  0  0  1.13236  0  1.13236  0.00212725  0  0  0.00212725  0  0.00212725
1.0947e+13  0  364.9  1.13244  0  0  1.13244  0  1.13244  0.0021315  0  0  0.0021315  0  0.0021315
1.0956e+13  0  365.2  1.13251  0  0  1.13251  0  1.13251  0.00213576  0  0  0.00213576  0  0.00213576
1.0965e+13  0  365.5  1.13259  0  0  1.13259  0  1.13259  0.00214003  0  0  0.00214003  0  0.00214003
1.0974e+13  0  365.8  1.13267  0  0  1.13267  0  1.13267  0.00214432  0  0  0.00214432  0  0.00214432
1.0983e+13  0  366.1  1.13275  0  0  1.13275  0  1.13275  0.00214861  0  0  0.00214861  0  0.00214861
1.0992e+13  0  366.4  1.13283  0  0  1.13283  0  1.13283  0.00215291  0  0  0.00215291  0  0.00215291
1.1001e+13  0  366.7  1.13291  0  0  1.13291  0  1.13291  0.00215723  0  0  0.00215723  0  0.00215723
1.101e+13  0  367  1.13298  0  0  1.13298  0  1.13298  0.00216156  0  0  0.00216156  0  0.00216156
1.1019e+13  0  367.3  1.13306  0  0  1.13306  0  1.13306  0.00216589  0  0  0.00216589  0  0.00216589
1.1028e+13  0  367.6  1.13314  0  0  1.13314  0  1.13314  0.00217024  0  0  0.00217024  0  0.00217024
1.1037e+13  0  367.9  1.13322  0  0  1.13322  0  1.13322  0.0021746  0  0  0.0021746  0  0.0021746
1.1046e+13  0  368.2  1.1333  0  0  1.1333  0  1.1333  0.00217897  0  0  0.00217897  0  0.00217897
1.1055e+13  0  368.5  1.13338  0  0  1.13338  0  1.13338  0.00218335  0  0  0.00218335  0  0.00218335
1.1064e+13  0  368.8  1.13346  0  0  1.13346  0  1.13346  0.00218774  0  0  0.00218774  0  0.00218774
1.1073e+13  0  369.1  1.13354  0  0  1.13354  0  1.13354  0.00219215  0  0  0.00219215  0  0.00219215
1.1082e+13  0  369.4  1.13362  0  0  1.13362  0  1.13362  0.00219656  0  0  0.00219656  0  0.00219656
1.1091e+13  0  369.7  1.1337  0  0  1.1337  0  1.1337  0.00220099  0  0  0.00220099  0  0.00220099
1.11e+13  0  370  1.13378  0  0  1.13378  0  1.13378  0.00220543  0  0  0.00220543  0  0.00220543
1.1109e+13  0  370.3  1.13386  0  0  1.13386  0  1.13386  0.00220987  0  0  0.00220987  0  0.00220987
1.1118e+13  0  370.6  1.13394  0  0  1.13394  0  1.13394  0.00221433  0  0  0.00221433  0  0.00221433
1.1127e+13  0  370.9  1.13402  0  0  1.13402  0  1.13402  0.00221881  0  0  0.00221881  0  0.00221881
1.1136e+13  0  371.2  1.13411  0  0  1.13411  0  1.13411  0.00222329  0  0  0.00222329  0  0.00222329
1.1145e+13  0  371.5  1.13419  0  0  1.13419  0  1.13419  0.00222778  0  0  0.00222778  0  0.00222778
1.1154e+13  0  371.8  1.13427  0  0  1.13427  0  1.13427  0.00223229  0  0  0.00223229  0  0.00223229
1.1163e+13  0  372.1  1.13435  0  0  1.13435  0  1.13435  0.0022368  0  0  0.0022368  0  0.0022368
1.1172e+13  0  372.4  1.13443  0  0  1.13443  0  1.13443  0.00224133  0  0  0.00224133  0  0.00224133
1.1181e+13  0  372.7  1.13451  0  0  1.13451  0  1.13451  0.00224587  0  0  0.00224587  0  0.00224587
1.119e+13  0  373  1.1346  0  0  1.1346  0  1.1346  0.00225043  0  0  0.00225043  0  0.00225043
1.1199e+13  0  373.3  1.13468  0  0  1.13468  0  1.13468  0.00225499  0  0  0.00225499  0  0.00225499
1.1208e+13  0  373.6  1.13476  0  0  1.13476  0  1.13476  0.00225956  0  0  0.00225956  0  0.00225956
1.1217e+13  0  373.9  1.13484  0  0  1.13484  0  1.13484  0.00226415  0  0  0.00226415  0  0.00226415
1.1226e+13  0  374.2  1.13493  0  0  1.13493  0  1.13493  0.00226875  0  0  0.00226875  0  0.00226875
1.1235e+13  0  374.5  1.13501  0  0  1.13501  0  1.13501  0.00227336  0  0  0.00227336  0  0.00227336
1.1244e+13  0  374.8  1.13509  0  0  1.13509  0  1.13509  0.00227798  0  0  0.00227798  0  0.00227798
1.1253e+13  0  375.1  1.13518  0  0  1.13518  0  1.13518  0.00228262  0  0  0.00228262  0  0.00228262
1.1262e+13  0  375.4  1.13526  0  0  1.13526  0  1.13526  0.00228727  0  0  0.00228727  0  0.00228727
1.1271e+13  0  375.7  1.13534  0  0  1.13534  0  1.13534  0.00229193  0  0  0.00229193  0  0.00229193
1.128e+13  0  376  1.13543  0  0  1.13543  0  1.13543  0.0022966  0  0  0.0022966  0  0.0022966
1.1289e+13  0  376.3  1.13551  0  0  1.13551  0  1.13551  0.00230128  0  0  0.00230128  0  0.00230128
1.1298e+13  0  376.6  1.13559  0  0  1.13559  0  1.13559  0.00230597  0  0  0.00230597  0  0.00230597
1.1307e+13  0  376.9  1.13568  0  0  1.13568  0  1.13568  0.00231068  0  0  0.00231068  0  0.00231068
1.1316e+13  0  377.2  1.13576  0  0  1.13576  0  1.13576  0.0023154  0  0  0.0023154  0  0.0023154
1.1325e+13  0  377.5  1.13585  0  0  1.13585  0  1.13585  0.00232013  0  0  0.00232013  0  0.00232013
1.1334e+13  0  377.8  1.13593  0  0  1.13593  0  1.13593  0.00232488  0  0  0.00232488  0  0.00232488
1.1343e+13  0  378.1  1.13602  0  0  1.13602  0  1.13602  0.00232964  0  0  0.00232964  0  0.00232964
1.1352e+13  0  378.4  1.1361  0  0  1.1361  0  1.1361  0.0023344  0  0  0.0023344  0  0.0023344
1.1361e+13  0  378.7  1.13619  0  0  1.13619  0  1.13619  0.00233919  0  0  0.00233919  0  0.00233919
1.137e+13  0  379  1.13627  0  0  1.13627  0  1.13627  0.00234398  0  0  0.00234398  0  0.00234398
1.1379e+13  0  379.3  1.13636  0  0  1.13636  0  1.13636  0.00234879  0  0  0.00234879  0  0.00234879
1.1388e+13  0  379.6  1.13645  0  0  1.13645  0  1.13645  0.00235361  0  0  0.00235361  0  0.00235361
1.1397e+13  0  379.9  1.13653  0  0  1.13653  0  1.13653  0.00235844  0  0  0.00235844  0  0.00235844
1.1406e+13  0  380.2  1.13662  0  0  1.13662  0  1.13662  0.00236329  0  0  0.00236329  0  0.00236329
1.1415e+13  0  380.5  1.1367  0  0  1.1367  0  1.1367  0.00236814  0  0  0.00236814  0  0.00236814
1.1424e+13  0  380.8  1.13679  0  0  1.13679  0  1.13679  0.00237301  0  0  0.00237301  0  0.00237301
1.1433e+13  0  381.1  1.13688  0  0  1.13688  0  1.13688  0.0023779  0  0  0.0023779  0  0.0023779
1.1442e+13  0  381.4  1.13696  0  0  1.13696  0  1.13696  0.00238279  0  0  0.00238279  0  0.00238279
1.1451e+13  0  381.7  1.13705  0  0  1.13705  0  1.13705  0.0023877  0  0  0.0023877  0  0.0023877
1.146e+13  0  382  1.13714  0  0  1.13714  0  1.13714  0.00239263  0  0  0.00239263  0  0.00239263
1.1469e+13  0  382.3  1.13723  0  0  1.13723  0  1.13723  0.00239756  0  0  0.00239756  0  0.00239756
1.1478e+13  0  382.6  1.13731  0  0  1.13731  0  1.13731  0.00240251  0  0  0.00240251  0  0.00240251
1.1487e+13  0  382.9  1.1374  0  0  1.1374  0  1.1374  0.00240747  0  0  0.00240747  0  0.00240747
1.1496e+13  0  383.2  1.13749  0  0  1.13749  0  1.13749  0.00241245  0  0  0.00241245  0  0.00241245
1.1505e+13  0  383.5  1.13758  0  0  1.13758  0  1.13758  0.00241744  0  0  0.00241744  0  0.00241744
1.1514e+13  0  383.8  1.13767  0  0  1.13767  0  1.13767  0.00242244  0  0  0.00242244  0  0.00242244
1.1523e+13  0  384.1  1.13776  0  0  1.13776  0  1.13776  0.00242745  0  0  0.00242745  0  0.00242745
1.1532e+13  0  384.4  1.13784  0  0  1.13784  0  1.13784  0.00243248  0  0  0.00243248  0  0.00243248
1.1541e+13  0  384.7  1.13793  0  0  1.13793  0  1.13793  0.00243752  0  0  0.00243752  0  0.00243752
1.155e+13  0  385  1.13802  0  0  1.13802  0  1.13802  0.00244258  0  0  0.00244258  0  0.00244258
1.1559e+13  0  385.3  1.13811  0  0  1.13811  0  1.13811  0.00244765  0  0  0.00244765  0  0.00244765
1.1568e+13  0  385.6  1.1382  0  0  1.1382  0  1.1382  0.00245273  0  0  0.00245273  0  0.00245273
1.1577e+13  0  385.9  1.13829  0  0  1.13829  0  1.13829  0.00245783  0  0  0.00245783  0  0.00245783
1.1586e+13  0  386.2  1.13838  0  0  1.13838  0  1.13838  0.00246294  0  0  0.00246294  0  0.00246294
1.1595e+13  0  386.5  1.13847  0  0  1.13847  0  1.13847  0.00246806  0  0  0.00246806  0  0.00246806
1.1604e+13  0  386.8  1.13856  0  0  1.13856  0  1.13856  0.0024732  0  0  0.0024732  0  0.0024732
1.1613e+13  0  387.1  1.13865  0  0  1.13865  0  1.13865  0.00247835  0  0  0.00247835  0  0.00247835
1.1622e+13  0  387.4  1.13874  0  0  1.13874  0  1.13874  0.00248352  0  0  0.00248352  0  0.00248352
1.1631e+13  0  387.7  1.13883  0  0  1.13883  0  1.13883  0.0024887  0  0  0.0024887  0  0.0024887
1.164e+13  0  388  1.13892  0  0  1.13892  0  1.13892  0.00249389  0  0  0.00249389  0  0.00249389
1.1649e+13  0  388.3  1.13902  0  0  1.13902  0  1.13902  0.0024991  0  0  0.0024991  0  0.0024991
1.1658e+13  0  388.6  1.13911  0  0  1.13911  0  1.13911  0.00250432  0  0  0.00250432  0  0.00250432
1.1667e+13  0  388.9  1.1392  0  0  1.1392  0  1.1392  0.00250956  0  0  0.00250956  0  0.00250956
1.1676e+13  0  389.2  1.13929  0  0  1.13929  0  1.13929  0.00251481  0  0  0.00251481  0  0.00251481
1.1685e+13  0  389.5  1.13938  0  0  1.13938  0  1.13938  0.00252007  0  0  0.00252007  0  0.00252007
1.1694e+13  0  389.8  1.13947  0  0  1.13947  0  1.13947  0.00252535  0  0  0.00252535  0  0.00252535
1.1703e+13  0  390.1  1.13957  0  0  1.13957  0  1.13957  0.00253064  0  0  0.00253064  0  0.00253064
1.1712e+13  0  390.4  1.13966  0  0  1.13966  0  1.13966  0.00253595  0  0  0.00253595  0  0.00253595
1.1721e+13  0  390.7  1.13975  0  0  1.13975  0  1.13975  0.00254127  0  0  0.00254127  0  0.00254127
1.173e+13  0  391  1.13985  0  0  1.13985  0  1.13985  0.00254661  0  0  0.00254661  0  0.00254661
1.1739e+13  0  391.3  1.13994  0  0  1.13994  0  1.13994  0.00255196  0  0  0.00255196  0  0.00255196
1.1748e+13  0  391.6  1.14003  0  0  1.14003  0  1.14003  0.00255733  0  0  0.00255733  0  0.00255733
1.1757e+13  0  391.9  1.14013  0  0  1.14013  0  1.14013  0.00256271  0  0  0.00256271  0  0.00256271
1.1766e+13  0  392.2  1.14022  0  0  1.14022  0  1.14022  0.00256811  0  0  0.00256811  0  0.00256811
1.1775e+13  0  392.5  1.14031  0  0  1.14031  0  1.14031  0.00257352  0  0  0.00257352  0  0.00257352
1.1784e+13  0  392.8  1.14041  0  0  1.14041  0  1.14041  0.00257894  0  0  0.00257894  0  0.00257894
1.1793e+13  0  393.1  1.1405  0  0  1.1405  0  1.1405  0.00258438  0  0  0.00258438  0  0.00258438
1.1802e+13  0  393.4  1.1406  0  0  1.1406  0  1.1406  0.00258984  0  0  0.00258984  0  0.00258984
1.1811e+13  0  393.7  1.14069  0  0  1.14069  0  1.14069  0.00259531  0  0  0.00259531  0  0.00259531
1.182e+13  0  394  1.14079  0  0  1.14079  0  1.14079  0.0026008  0  0  0.0026008  0  0.0026008
1.1829e+13  0  394.3  1.14088  0  0  1.14088  0  1.14088  0.0026063  0  0  0.0026063  0  0.0026063
1.1838e+13  0  394.6  1.14098  0  0  1.14098  0  1.14098  0.00261181  0  0  0.00261181  0  0.00261181
1.1847e+13  0  394.9  1.14107  0  0  1.14107  0  1.14107  0.00261734  0  0  0.00261734  0  0.00261734
1.1856e+13  0  395.2  1.14117  0  0  1.14117  0  1.14117  0.00262289  0  0  0.00262289  0  0.00262289
1.1865e+13  0  395.5  1.14126  0  0  1.14126  0  1.14126  0.00262845  0  0  0.00262845  0  0.00262845
1.1874e+13  0  395.8  1.14136  0  0  1.14136  0  1.14136  0.00263403  0  0  0.00263403  0  0.00263403
1.1883e+13  0  396.1  1.14146  0  0  1.14146  0  1.14146  0.00263963  0  0  0.00263963  0  0.00263963
1.1892e+13  0  396.4  1.14155  0  0  1.14155  0  1.14155  0.00264524  0  0  0.00264524  0  0.00264524
1.1901e+13  0  396.7  1.14165  0  0  1.14165  0  1.14165  0.00265086  0  0  0.00265086  0  0.00265086
1.191e+13  0  397  1.14175  0  0  1.14175  0  1.14175  0.0026565  0  0  0.0026565  0  0.0026565
1.1919e+13  0  397.3  1.14184  0  0  1.14184  0  1.14184  0.00266216  0  0  0.00266216  0  0.00266216
1.1928e+13  0  397.6  1.14194  0  0  1.14194  0  1.14194  0.00266783  0  0  0.00266783  0  0.00266783
1.1937e+13  0  397.9  1.14204  0  0  1.14204  0  1.14204  0.00267352  0  0  0.00267352  0  0.00267352
1.1946e+13  0  398.2  1.14214  0  0  1.14214  0  1.14214  0.00267922  0  0  0.00267922  0  0.00267922
1.1955e+13  0  398.5  1.14224  0  0  1.14224  0  1.14224  0.00268494  0  0  0.00268494  0  0.00268494
1.1964e+13  0  398.8  1.14233  0  0  1.14233  0  1.14233  0.00269068  0  0  0.00269068  0  0.00269068
1.1973e+13  0  399.1  1.14243  0  0  1.14243  0  1.14243  0.00269643  0  0  0.00269643  0  0.00269643
1.1982e+13  0  399.4  1.14253  0  0  1.14253  0  1.14253  0.0027022  0  0  0.0027022  0  0.0027022
1.1991e+13  0  399.7  1.14263  0  0  1.14263  0  1.14263  0.00270799  0  0  0.00270799  0  0.00270799
1.2e+13  0  400  1.14273  0  0  1.14273  0  1.14273  0.00271379  0  0  0.00271379  0  0.00271379
1.2009e+13  0  400.3  1.14283  0  0  1.14283  0  1.14283  0.00271961  0  0  0.00271961  0  0.00271961
1.2018e+13  0  400.6  1.14293  0  0  1.14293  0  1.14293  0.00272544  0  0  0.00272544  0  0.00272544
1.2027e+13  0  400.9  1.14303  0  0  1.14303  0  1.14303  0.0027313  0  0  0.0027313  0  0.0027313
1.2036e+13  0  401.2  1.14313  0  0  1.14313  0  1.14313  0.00273716  0  0  0.00273716  0  0.00273716
1.2045e+13  0  401.5  1.14323  0  0  1.14323  0  1.14323  0.00274305  0  0  0.00274305  0  0.00274305
1.2054e+13  0  401.8  1.14333  0  0  1.14333  0  1.14333  0.00274895  0  0  0.00274895  0  0.00274895
1.2063e+13  0  402.1  1.14343  0  0  1.14343  0  1.14343  0.00275487  0  0  0.00275487  0  0.00275487
1.2072e+13  0  402.4  1.14353  0  0  1.14353  0  1.14353  0.0027608  0  0  0.0027608  0  0.0027608
1.2081e+13  0  402.7  1.14363  0  0  1.14363  0  1.14363  0.00276676  0  0  0.00276676  0  0.00276676
1.209e+13  0  403  1.14373  0  0  1.14373  0  1.14373  0.00277272  0  0  0.00277272  0  0.00277272
1.2099e+13  0  403.3  1.14383  0  0  1.14383  0  1.14383  0.00277871  0  0  0.00277871  0  0.00277871
1.2108e+13  0  403.6  1.14394  0  0  1.14394  0  1.14394  0.00278471  0  0  0.00278471  0  0.00278471
1.2117e+13  0  403.9  1.14404  0  0  1.14404  0  1.14404  0.00279074  0  0  0.00279074  0  0.00279074
1.2126e+13  0  404.2  1.14414  0  0  1.14414  0  1.14414  0.00279677  0  0  0.00279677  0  0.00279677
1.2135e+13  0  404.5  1.14424  0  0  1.14424  0  1.14424  0.00280283  0  0  0.00280283  0  0.00280283
1.2144e+13  0  404.8  1.14434  0  0  1.14434  0  1.14434  0.0028089  0  0  0.0028089  0  0.0028089
1.2153e+13  0  405.1  1.14445  0  0  1.14445  0  1.14445  0.00281499  0  0  0.00281499  0  0.00281499
1.2162e+13  0  405.4  1.14455  0  0  1.14455  0  1.14455  0.0028211  0  0  0.0028211  0  0.0028211
1.2171e+13  0  405.7  1.14465  0  0  1.14465  0  1.14465  0.00282723  0  0  0.00282723  0  0.00282723
1.218e+13  0  406  1.14476  0  0  1.14476  0  1.14476  0.00283337  0  0  0.00283337  0  0.00283337
1.2189e+13  0  406.3  1.14486  0  0  1.14486  0  1.14486  0.00283953  0  0  0.00283953  0  0.00283953
1.2198e+13  0  406.6  1.14496  0  0  1.14496  0  1.14496  0.00284571  0  0  0.00284571  0  0.00284571
1.2207e+13  0  406.9  1.14507  0  0  1.14507  0  1.14507  0.00285191  0  0  0.00285191  0  0.00285191
1.2216e+13  0  407.2  1.14517  0  0  1.14517  0  1.14517  0.00285812  0  0  0.00285812  0  0.00285812
1.2225e+13  0  407.5  1.14528  0  0  1.14528  0  1.14528  0.00286436  0  0  0.00286436  0  0.00286436
1.2234e+13  0  407.8  1.14538  0  0  1.14538  0  1.14538  0.00287061  0  0  0.00287061  0  0.00287061
1.2243e+13  0  408.1  1.14549  0  0  1.14549  0  1.14549  0.00287688  0  0  0.00287688  0  0.00287688
1.2252e+13  0  408.4  1.14559  0  0  1.14559  0  1.14559  0.00288317  0  0  0.00288317  0  0.00288317
1.2261e+13  0  408.7  1.1457  0  0  1.1457  0  1.1457  0.00288947  0  0  0.00288947  0  0.00288947
1.227e+13  0  409  1.1458  0  0  1.1458  0  1.1458  0.0028958  0  0  0.0028958  0  0.0028958
1.2279e+13  0  409.3  1.14591  0  0  1.14591  0  1.14591  0.00290214  0  0  0.00290214  0  0.00290214
1.2288e+13  0  409.6  1.14602  0  0  1.14602  0  1.14602  0.0029085  0  0  0.0029085  0  0.0029085
1.2297e+13  0  409.9  1.14612  0  0  1.14612  0  1.14612  0.00291488  0  0  0.00291488  0  0.00291488
1.2306e+13  0  410.2  1.14623  0  0  1.14623  0  1.14623  0.00292128  0  0  0.00292128  0  0.00292128
1.2315e+13  0  410.5  1.14634  0  0  1.14634  0  1.14634  0.0029277  0  0  0.0029277  0  0.0029277
1.2324e+13  0  410.8  1.14644  0  0  1.14644  0  1.14644  0.00293414  0  0  0.00293414  0  0.00293414
1.2333e+13  0  411.1  1.14655  0  0  1.14655  0  1.14655  0.00294059  0  0  0.00294059  0  0.00294059
1.2342e+13  0  411.4  1.14666  0  0  1.14666  0  1.14666  0.00294707  0  0  0.00294707  0  0.00294707
1.2351e+13  0  411.7  1.14677  0  0  1.14677  0  1.14677  0.00295356  0  0  0.00295356  0  0.00295356
1.236e+13  0  412  1.14688  0  0  1.14688  0  1.14688  0.00296008  0  0  0.00296008  0  0.00296008
1.2369e+13  0  412.3  1.14698  0  0  1.14698  0  1.14698  0.00296661  0  0  0.00296661  0  0.00296661
1.2378e+13  0  412.6  1.14709  0  0  1.14709  0  1.14709  0.00297316  0  0  0.00297316  0  0.00297316
1.2387e+13  0  412.9  1.1472  0  0  1.1472  0  1.1472  0.00297974  0  0  0.00297974  0  0.00297974
1.2396e+13  0  413.2  1.14731  0  0  1.14731  0  1.14731  0.00298633  0  0  0.00298633  0  0.00298633
1.2405e+13  0  413.5  1.14742  0  0  1.14742  0  1.14742  0.00299294  0  0  0.00299294  0  0.00299294
1.2414e+13  0  413.8  1.14753  0  0  1.14753  0  1.14753  0.00299957  0  0  0.00299957  0  0.00299957
1.2423e+13  0  414.1  1.14764  0  0  1.14764  0  1.14764  0.00300622  0  0  0.00300622  0  0.00300622
1.2432e+13  0  414.4  1.14775  0  0  1.14775  0  1.14775  0.00301289  0  0  0.00301289  0  0.00301289
1.2441e+13  0  414.7  1.14786  0  0  1.14786  0  1.14786  0.00301958  0  0  0.00301958  0  0.00301958
1.245e+13  0  415  1.14797  0  0  1.14797  0  1.14797  0.00302629  0  0  0.00302629  0  0.00302629
1.2459e+13  0  415.3  1.14808  0  0  1.14808  0  1.14808  0.00303302  0  0  0.00303302  0  0.00303302
1.2468e+13  0  415.6  1.14819  0  0  1.14819  0  1.14819  0.00303977  0  0  0.00303977  0  0.00303977
1.2477e+13  0  415.9  1.1483  0  0  1.1483  0  1.1483  0.00304654  0  0  0.00304654  0  0.00304654
1.2486e+13  0  416.2  1.14842  0  0  1.14842  0  1.14842  0.00305334  0  0  0.00305334  0  0.00305334
1.2495e+13  0  416.5  1.14853  0  0  1.14853  0  1.14853  0.00306015  0  0  0.00306015  0  0.00306015
1.2504e+13  0  416.8  1.14864  0  0  1.14864  0  1.14864  0.00306698  0  0  0.00306698  0  0.00306698
1.2513e+13  0  417.1  1.14875  0  0  1.14875  0  1.14875  0.00307383  0  0  0.00307383  0  0.00307383
1.2522e+13  0  417.4  1.14886  0  0  1.14886  0  1.14886  0.00308071  0  0  0.00308071  0  0.00308071
1.2531e+13  0  417.7  1.14898  0  0  1.14898  0  1.14898  0.0030876  0  0  0.0030876  0  0.0030876
1.254e+13  0  418  1.14909  0  0  1.14909  0  1.14909  0.00309452  0  0  0.00309452  0  0.00309452
1.2549e+13  0  418.3  1.1492  0  0  1.1492  0  1.1492  0.00310145  0  0  0.00310145  0  0.00310145
1.2558e+13  0  418.6  1.14932  0  0  1.14932  0  1.14932  0.00310841  0  0  0.00310841  0  0.00310841
1.2567e+13  0  418.9  1.14943  0  0  1.14943  0  1.14943  0.00311539  0  0  0.00311539  0  0.00311539
1.2576e+13  0  419.2  1.14955  0  0  1.14955  0  1.14955  0.00312239  0  0  0.00312239  0  0.00312239
1.2585e+13  0  419.5  1.14966  0  0  1.14966  0  1.14966  0.00312941  0  0  0.00312941  0  0.00312941
1.2594e+13  0  419.8  1.14977  0  0  1.14977  0  1.14977  0.00313646  0  0  0.00313646  0  0.00313646
1.2603e+13  0  420.1  1.14989  0  0  1.14989  0  1.14989  0.00314352  0  0  0.00314352  0  0.00314352
1.2612e+13  0  420.4  1.15  0  0  1.15  0  1.15  0.00315061  0  0  0.00315061  0  0.00315061
1.2621e+13  0  420.7  1.15012  0  0  1.15012  0  1.15012  0.00315771  0  0  0.00315771  0  0.00315771
1.263e+13  0  421  1.15024  0  0  1.15024  0  1.15024  0.00316484  0  0  0.00316484  0  0.00316484
1.2639e+13  0  421.3  1.15035  0  0  1.15035  0  1.15035  0.00317199  0  0  0.00317199  0  0.00317199
1.2648e+13  0  421.6  1.15047  0  0  1.15047  0  1.15047  0.00317917  0  0  0.00317917  0  0.00317917
1.2657e+13  0  421.9  1.15058  0  0  1.15058  0  1.15058  0.00318636  0  0  0.00318636  0  0.00318636
1.2666e+13  0  422.2  1.1507  0  0  1.1507  0  1.1507  0.00319358  0  0  0.00319358  0  0.00319358
1.2675e+13  0  422.5  1.15082  0  0  1.15082  0  1.15082  0.00320082  0  0  0.00320082  0  0.00320082
1.2684e+13  0  422.8  1.15094  0  0  1.15094  0  1.15094  0.00320808  0  0  0.00320808  0  0.00320808
1.2693e+13  0  423.1  1.15105  0  0  1.15105  0  1.15105  0.00321537  0  0  0.00321537  0  0.00321537
1.2702e+13  0  423.4  1.15117  0  0  1.15117  0  1.15117  0.00322267  0  0  0.00322267  0  0.00322267
1.2711e+13  0  423.7  1.15129  0  0  1.15129  0  1.15129  0.00323  0  0  0.00323  0  0.00323
1.272e+13  0  424  1.15141  0  0  1.15141  0  1.15141  0.00323736  0  0  0.00323736  0  0.00323736
1.2729e+13  0  424.3  1.15153  0  0  1.15153  0  1.15153  0.00324473  0  0  0.00324473  0  0.00324473
1.2738e+13  0  424.6  1.15165  0  0  1.15165  0  1.15165  0.00325213  0  0  0.00325213  0  0.00325213
1.2747e+13  0  424.9  1.15176  0  0  1.15176  0  1.15176  0.00325955  0  0  0.00325955  0  0.00325955
1.2756e+13  0  425.2  1.15188  0  0  1.15188  0  1.15188  0.00326699  0  0  0.00326699  0  0.00326699
1.2765e+13  0  425.5  1.152  0  0  1.152  0  1.152  0.00327446  0  0  0.00327446  0  0.00327446
1.2774e+13  0  425.8  1.15212  0  0  1.15212  0  1.15212  0.00328195  0  0  0.00328195  0  0.00328195
1.2783e+13  0  426.1  1.15224  0  0  1.15224  0  1.15224  0.00328947  0  0  0.00328947  0  0.00328947
1.2792e+13  0  426.4  1.15236  0  0  1.15236  0  1.15236  0.00329701  0  0  0.00329701  0  0.00329701
1.2801e+13  0  426.7  1.15249  0  0  1.15249  0  1.15249  0.00330457  0  0  0.00330457  0  0.00330457
1.281e+13  0  427  1.15261  0  0  1.15261  0  1.15261  0.00331215  0  0  0.00331215  0  0.00331215
1.2819e+13  0  427.3  1.15273  0  0  1.15273  0  1.15273  0.00331976  0  0  0.00331976  0  0.00331976
1.2828e+13  0  427.6  1.15285  0  0  1.15285  0  1.15285  0.00332739  0  0  0.00332739  0  0.00332739
1.2837e+13  0  427.9  1.15297  0  0  1.15297  0  1.15297  0.00333505  0  0  0.00333505  0  0.00333505
1.2846e+13  0  428.2  1.15309  0  0  1.15309  0  1.15309  0.00334273  0  0  0.00334273  0  0.00334273
1.2855e+13  0  428.5  1.15322  0  0  1.15322  0  1.15322  0.00335044  0  0  0.00335044  0  0.00335044
1.2864e+13  0  428.8  1.15334  0  0  1.15334  0  1.15334  0.00335817  0  0  0.00335817  0  0.00335817
1.2873e+13  0  429.1  1.15346  0  0  1.15346  0  1.15346  0.00336592  0  0  0.00336592  0  0.00336592
1.2882e+13  0  429.4  1.15359  0  0  1.15359  0  1.15359  0.0033737  0  0  0.0033737  0  0.0033737
1.2891e+13  0  429.7  1.15371  0  0  1.15371  0  1.15371  0.0033815  0  0  0.0033815  0  0.0033815
1.29e+13  0  430  1.15383  0  0  1.15383  0  1.15383  0.00338933  0  0  0.00338933  0  0.00338933
1.2909e+13  0  430.3  1.15396  0  0  1.15396  0  1.15396  0.00339718  0  0  0.00339718  0  0.00339718
1.2918e+13  0  430.6  1.15408  0  0  1.15408  0  1.15408  0.00340506  0  0  0.00340506  0  0.00340506
1.2927e+13  0  430.9  1.15421  0  0  1.15421  0  1.15421  0.00341297  0  0  0.00341297  0  0.00341297
1.2936e+13  0  431.2  1.15433  0  0  1.15433  0  1.15433  0.00342089  0  0  0.00342089  0  0.00342089
1.2945e+13  0  431.5  1.15446  0  0  1.15446  0  1.15446  0.00342885  0  0  0.00342885  0  0.00342885
1.2954e+13  0  431.8  1.15458  0  0  1.15458  0  1.15458  0.00343683  0  0  0.00343683  0  0.00343683
1.2963e+13  0  432.1  1.15471  0  0  1.15471  0  1.15471  0.00344483  0  0  0.00344483  0  0.00344483
1.2972e+13  0  432.4  1.15484  0  0  1.15484  0  1.15484  0.00345286  0  0  0.00345286  0  0.00345286
1.2981e+13  0  432.7  1.15496  0  0  1.15496  0  1.15496  0.00346092  0  0  0.00346092  0  0.00346092
1.299e+13  0  433  1.15509  0  0  1.15509  0  1.15509  0.003469  0  0  0.003469  0  0.003469
1.2999e+13  0  433.3  1.15522  0  0  1.15522  0  1.15522  0.00347711  0  0  0.00347711  0  0.00347711
1.3008e+13  0  433.6  1.15534  0  0  1.15534  0  1.15534  0.00348524  0  0  0.00348524  0  0.00348524
1.3017e+13  0  433.9  1.15547  0  0  1.15547  0  1.15547  0.0034934  0  0  0.0034934  0  0.0034934
1.3026e+13  0  434.2  1.1556  0  0  1.1556  0  1.1556  0.00350159  0  0  0.00350159  0  0.00350159
1.3035e+13  0  434.5  1.15573  0  0  1.15573  0  1.15573  0.0035098  0  0  0.0035098  0  0.0035098
1.3044e+13  0  434.8  1.15586  0  0  1.15586  0  1.15586  0.00351804  0  0  0.00351804  0  0.00351804
1.3053e+13  0  435.1  1.15599  0  0  1.15599  0  1.15599  0.00352631  0  0  0.00352631  0  0.00352631
1.3062e+13  0  435.4  1.15611  0  0  1.15611  0  1.15611  0.0035346  0  0  0.0035346  0  0.0035346
1.3071e+13  0  435.7  1.15624  0  0  1.15624  0  1.15624  0.00354292  0  0  0.00354292  0  0.00354292
1.308e+13  0  436  1.15637  0  0  1.15637  0  1.15637  0.00355127  0  0  0.00355127  0  0.00355127
1.3089e+13  0  436.3  1.1565  0  0  1.1565  0  1.1565  0.00355964  0  0  0.00355964  0  0.00355964
1.3098e+13  0  436.6  1.15664  0  0  1.15664  0  1.15664  0.00356804  0  0  0.00356804  0  0.00356804
1.3107e+13  0  436.9  1.15677  0  0  1.15677  0  1.15677  0.00357647  0  0  0.00357647  0  0.00357647
1.3116e+13  0  437.2  1.1569  0  0  1.1569  0  1.1569  0.00358493  0  0  0.00358493  0  0.00358493
1.3125e+13  0  437.5  1.15703  0  0  1.15703  0  1.15703  0.00359342  0  0  0.00359342  0  0.00359342
1.3134e+13  0  437.8  1.15716  0  0  1.15716  0  1.15716  0.00360193  0  0  0.00360193  0  0.00360193
1.3143e+13  0  438.1  1.15729  0  0  1.15729  0  1.15729  0.00361047  0  0  0.00361047  0  0.00361047
1.3152e+13  0  438.4  1.15742  0  0  1.15742  0  1.15742  0.00361904  0  0  0.00361904  0  0.00361904
1.3161e+13  0  438.7  1.15756  0  0  1.15756  0  1.15756  0.00362763  0  0  0.00362763  0  0.00362763
1.317e+13  0  439  1.15769  0  0  1.15769  0  1.15769  0.00363626  0  0  0.00363626  0  0.00363626
1.3179e+13  0  439.3  1.15782  0  0  1.15782  0  1.15782  0.00364491  0  0  0.00364491  0  0.00364491
1.3188e+13  0  439.6  1.15796  0  0  1.15796  0  1.15796  0.00365359  0  0  0.00365359  0  0.00365359
1.3197e+13  0  439.9  1.15809  0  0  1.15809  0  1.15809  0.0036623  0  0  0.0036623  0  0.0036623
1.3206e+13  0  440.2  1.15823  0  0  1.15823  0  1.15823  0.00367104  0  0  0.00367104  0  0.00367104
1.3215e+13  0  440.5  1.15836  0  0  1.15836  0  1.15836  0.00367981  0  0  0.00367981  0  0.00367981
1.3224e+13  0  440.8  1.1585  0  0  1.1585  0  1.1585  0.0036886  0  0  0.0036886  0  0.0036886
1.3233e+13  0  441.1  1.15863  0  0  1.15863  0  1.15863  0.00369743  0  0  0.00369743  0  0.00369743
1.3242e+13  0  441.4  1.15877  0  0  1.15877  0  1.15877  0.00370629  0  0  0.00370629  0  0.00370629
1.3251e+13  0  441.7  1.1589  0  0  1.1589  0  1.1589  0.00371517  0  0  0.00371517  0  0.00371517
1.326e+13  0  442  1.15904  0  0  1.15904  0  1.15904  0.00372409  0  0  0.00372409  0  0.00372409
1.3269e+13  0  442.3  1.15918  0  0  1.15918  0  1.15918  0.00373303  0  0  0.00373303  0  0.00373303
1.3278e+13  0  442.6  1.15931  0  0  1.15931  0  1.15931  0.00374201  0  0  0.00374201  0  0.00374201
1.3287e+13  0  442.9  1.15945  0  0  1.15945  0  1.15945  0.00375101  0  0  0.00375101  0  0.00375101
1.3296e+13  0  443.2  1.15959  0  0  1.15959  0  1.15959  0.00376004  0  0  0.00376004  0  0.00376004
1.3305e+13  0  443.5  1.15973  0  0  1.15973  0  1.15973  0.00376911  0  0  0.00376911  0  0.00376911
1.3314e+13  0  443.8  1.15986  0  0  1.15986  0  1.15986  0.0037782  0  0  0.0037782  0  0.0037782
1.3323e+13  0  444.1  1.16  0  0  1.16  0  1.16  0.00378733  0  0  0.00378733  0  0.00378733
1.3332e+13  0  444.4  1.16014  0  0  1.16014  0  1.16014  0.00379649  0  0  0.00379649  0  0.00379649
1.3341e+13  0  444.7  1.16028  0  0  1.16028  0  1.16028  0.00380567  0  0  0.00380567  0  0.00380567
1.335e+13  0  445  1.16042  0  0  1.16042  0  1.16042  0.00381489  0  0  0.00381489  0  0.00381489
1.3359e+13  0  445.3  1.16056  0  0  1.16056  0  1.16056  0.00382414  0  0  0.00382414  0  0.00382414
1.3368e+13  0  445.6  1.1607  0  0  1.1607  0  1.1607  0.00383342  0  0  0.00383342  0  0.00383342
1.3377e+13  0  445.9  1.16084  0  0  1.16084  0  1.16084  0.00384273  0  0  0.00384273  0  0.00384273
1.3386e+13  0  446.2  1.16098  0  0  1.16098  0  1.16098  0.00385208  0  0  0.00385208  0  0.00385208
1.3395e+13  0  446.5  1.16112  0  0  1.16112  0  1.16112  0.00386145  0  0  0.00386145  0  0.00386145
1.3404e+13  0  446.8  1.16126  0  0  1.16126  0  1.16126  0.00387086  0  0  0.00387086  0  0.00387086
1.3413e+13  0  447.1  1.16141  0  0  1.16141  0  1.16141  0.0038803  0  0  0.0038803  0  0.0038803
1.3422e+13  0  447.4  1.16155  0  0  1.16155  0  1.16155  0.00388977  0  0  0.00388977  0  0.00388977
1.3431e+13  0  447.7  1.16169  0  0  1.16169  0  1.16169  0.00389928  0  0  0.00389928  0  0.00389928
1.344e+13  0  448  1.16184  0  0  1.16184  0  1.16184  0.00390881  0  0  0.00390881  0  0.00390881
1.3449e+13  0  448.3  1.16198  0  0  1.16198  0  1.16198  0.00391838  0  0  0.00391838  0  0.00391838
1.3458e+13  0  448.6  1.16212  0  0  1.16212  0  1.16212  0.00392798  0  0  0.00392798  0  0.00392798
1.3467e+13  0  448.9  1.16227  0  0  1.16227  0  1.16227  0.00393762  0  0  0.00393762  0  0.00393762
1.3476e+13  0  449.2  1.16241  0  0  1.16241  0  1.16241  0.00394728  0  0  0.00394728  0  0.00394728
1.3485e+13  0  449.5  1.16256  0  0  1.16256  0  1.16256  0.00395699  0  0  0.00395699  0  0.00395699
1.3494e+13  0  449.8  1.1627  0  0  1.1627  0  1.1627  0.00396672  0  0  0.00396672  0  0.00396672
1.3503e+13  0  450.1  1.16285  0  0  1.16285  0  1.16285  0.00397649  0  0  0.00397649  0  0.00397649
1.3512e+13  0  450.4  1.16299  0  0  1.16299  0  1.16299  0.00398629  0  0  0.00398629  0  0.00398629
1.3521e+13  0  450.7  1.16314  0  0  1.16314  0  1.16314  0.00399612  0  0  0.00399612  0  0.00399612
1.353e+13  0  451  1.16329  0  0  1.16329  0  1.16329  0.00400599  0  0  0.00400599  0  0.00400599
1.3539e+13  0  451.3  1.16343  0  0  1.16343  0  1.16343  0.0040159  0  0  0.0040159  0  0.0040159
1.3548e+13  0  451.6  1.16358  0  0  1.16358  0  1.16358  0.00402583  0  0  0.00402583  0  0.00402583
1.3557e+13  0  451.9  1.16373  0  0  1.16373  0  1.16373  0.00403581  0  0  0.00403581  0  0.00403581
1.3566e+13  0  452.2  1.16388  0  0  1.16388  0  1.16388  0.00404581  0  0  0.00404581  0  0.00404581
1.3575e+13  0  452.5  1.16402  0  0  1.16402  0  1.16402  0.00405586  0  0  0.00405586  0  0.00405586
1.3584e+13  0  452.8  1.16417  0  0  1.16417  0  1.16417  0.00406593  0  0  0.00406593  0  0.00406593
1.3593e+13  0  453.1  1.16432  0  0  1.16432  0  1.16432  0.00407605  0  0  0.00407605  0  0.00407605
1.3602e+13  0  453.4  1.16447  0  0  1.16447  0  1.16447  0.00408619  0  0  0.00408619  0  0.00408619
1.3611e+13  0  453.7  1.16462  0  0  1.16462  0  1.16462  0.00409638  0  0  0.00409638  0  0.00409638
1.362e+13  0  454  1.16477  0  0  1.16477  0  1.16477  0.00410659  0  0  0.00410659  0  0.00410659
1.3629e+13  0  454.3  1.16492  0  0  1.16492  0  1.16492  0.00411685  0  0  0.00411685  0  0.00411685
1.3638e+13  0  454.6  1.16507  0  0  1.16507  0  1.16507  0.00412714  0  0  0.00412714  0  0.00412714
1.3647e+13  0  454.9  1.16523  0  0  1.16523  0  1.16523  0.00413747  0  0  0.00413747  0  0.00413747
1.3656e+13  0  455.2  1.16538  0  0  1.16538  0  1.16538  0.00414783  0  0  0.00414783  0  0.00414783
1.3665e+13  0  455.5  1.16553  0  0  1.16553  0  1.16553  0.00415823  0  0  0.00415823  0  0.00415823
1.3674e+13  0  455.8  1.16568  0  0  1.16568  0  1.16568  0.00416867  0  0  0.00416867  0  0.00416867
1.3683e+13  0  456.1  1.16584  0  0  1.16584  0  1.16584  0.00417914  0  0  0.00417914  0  0.00417914
1.3692e+13  0  456.4  1.16599  0  0  1.16599  0  1.16599  0.00418965  0  0  0.00418965  0  0.00418965
1.3701e+13  0  456.7  1.16614  0  0  1.16614  0  1.16614  0.0042002  0  0  0.0042002  0  0.0042002
1.371e+13  0  457  1.1663  0  0  1.1663  0  1.1663  0.00421078  0  0  0.00421078  0  0.00421078
1.3719e+13  0  457.3  1.16645  0  0  1.16645  0  1.16645  0.0042214  0  0  0.0042214  0  0.0042214
1.3728e+13  0  457.6  1.16661  0  0  1.16661  0  1.16661  0.00423206  0  0  0.00423206  0  0.00423206
1.3737e+13  0  457.9  1.16676  0  0  1.16676  0  1.16676  0.00424276  0  0  0.00424276  0  0.00424276
1.3746e+13  0  458.2  1.16692  0  0  1.16692  0  1.16692  0.0042535  0  0  0.0042535  0  0.0042535
1.3755e+13  0  458.5  1.16707  0  0  1.16707  0  1.16707  0.00426427  0  0  0.00426427  0  0.00426427
1.3764e+13  0  458.8  1.16723  0  0  1.16723  0  1.16723  0.00427509  0  0  0.00427509  0  0.00427509
1.3773e+13  0  459.1  1.16739  0  0  1.16739  0  1.16739  0.00428594  0  0  0.00428594  0  0.00428594
1.3782e+13  0  459.4  1.16755  0  0  1.16755  0  1.16755  0.00429683  0  0  0.00429683  0  0.00429683
1.3791e+13  0  459.7  1.1677  0  0  1.1677  0  1.1677  0.00430776  0  0  0.00430776  0  0.00430776
1.38e+13  0  460  1.16786  0  0  1.16786  0  1.16786  0.00431873  0  0  0.00431873  0  0.00431873
1.3809e+13  0  460.3  1.16802  0  0  1.16802  0  1.16802  0.00432974  0  0  0.00432974  0  0.00432974
1.3818e+13  0  460.6  1.16818  0  0  1.16818  0  1.16818  0.00434079  0  0  0.00434079  0  0.00434079
1.3827e+13  0  460.9  1.16834  0  0  1.16834  0  1.16834  0.00435188  0  0  0.00435188  0  0.00435188
1.3836e+13  0  461.2  1.1685  0  0  1.1685  0  1.1685  0.00436301  0  0  0.00436301  0  0.00436301
1.3845e+13  0  461.5  1.16866  0  0  1.16866  0  1.16866  0.00437417  0  0  0.00437417  0  0.00437417
1.3854e+13  0  461.8  1.16882  0  0  1.16882  0  1.16882  0.00438538  0  0  0.00438538  0  0.00438538
1.3863e+13  0  462.1  1.16898  0  0  1.16898  0  1.16898  0.00439663  0  0  0.00439663  0  0.00439663
1.3872e+13  0  462.4  1.16914  0  0  1.16914  0  1.16914  0.00440792  0  0  0.00440792  0  0.00440792
1.3881e+13  0  462.7  1.1693  0  0  1.1693  0  1.1693  0.00441926  0  0  0.00441926  0  0.00441926
1.389e+13  0  463  1.16947  0  0  1.16947  0  1.16947  0.00443063  0  0  0.00443063  0  0.00443063
1.3899e+13  0  463.3  1.16963  0  0  1.16963  0  1.16963  0.00444204  0  0  0.00444204  0  0.00444204
1.3908e+13  0  463.6  1.16979  0  0  1.16979  0  1.16979  0.0044535  0  0  0.0044535  0  0.0044535
1.3917e+13  0  463.9  1.16995  0  0  1.16995  0  1.16995  0.004465  0  0  0.004465  0  0.004465
1.3926e+13  0  464.2  1.17012  0  0  1.17012  0  1.17012  0.00447654  0  0  0.00447654  0  0.00447654
1.3935e+13  0  464.5  1.17028  0  0  1.17028  0  1.17028  0.00448812  0  0  0.00448812  0  0.00448812
1.3944e+13  0  464.8  1.17045  0  0  1.17045  0  1.17045  0.00449975  0  0  0.00449975  0  0.00449975
1.3953e+13  0  465.1  1.17061  0  0  1.17061  0  1.17061  0.00451142  0  0  0.00451142  0  0.00451142
1.3962e+13  0  465.4  1.17078  0  0  1.17078  0  1.17078  0.00452313  0  0  0.00452313  0  0.00452313
1.3971e+13  0  465.7  1.17095  0  0  1.17095  0  1.17095  0.00453488  0  0  0.00453488  0  0.00453488
1.398e+13  0  466  1.17111  0  0  1.17111  0  1.17111  0.00454668  0  0  0.00454668  0  0.00454668
1.3989e+13  0  466.3  1.17128  0  0  1.17128  0  1.17128  0.00455852  0  0  0.00455852  0  0.00455852
1.3998e+13  0  466.6  1.17145  0  0  1.17145  0  1.17145  0.0045704  0  0  0.0045704  0  0.0045704
1.4007e+13  0  466.9  1.17161  0  0  1.17161  0  1.17161  0.00458233  0  0  0.00458233  0  0.00458233
1.4016e+13  0  467.2  1.17178  0  0  1.17178  0  1.17178  0.00459431  0  0  0.00459431  0  0.00459431
1.4025e+13  0  467.5  1.17195  0  0  1.17195  0  1.17195  0.00460632  0  0  0.00460632  0  0.00460632
1.4034e+13  0  467.8  1.17212  0  0  1.17212  0  1.17212  0.00461839  0  0  0.00461839  0  0.00461839
1.4043e+13  0  468.1  1.17229  0  0  1.17229  0  1.17229  0.00463049  0  0  0.00463049  0  0.00463049
1.4052e+13  0  468.4  1.17246  0  0  1.17246  0  1.17246  0.00464265  0  0  0.00464265  0  0.00464265
1.4061e+13  0  468.7  1.17263  0  0  1.17263  0  1.17263  0.00465485  0  0  0.00465485  0  0.00465485
1.407e+13  0  469  1.1728  0  0  1.1728  0  1.1728  0.00466709  0  0  0.00466709  0  0.00466709
1.4079e+13  0  469.3  1.17297  0  0  1.17297  0  1.17297  0.00467938  0  0  0.00467938  0  0.00467938
1.4088e+13  0  469.6  1.17315  0  0  1.17315  0  1.17315  0.00469171  0  0  0.00469171  0  0.00469171
1.4097e+13  0  469.9  1.17332  0  0  1.17332  0  1.17332  0.0047041  0  0  0.0047041  0  0.0047041
1.4106e+13  0  470.2  1.17349  0  0  1.17349  0  1.17349  0.00471653  0  0  0.00471653  0  0.00471653
1.4115e+13  0  470.5  1.17366  0  0  1.17366  0  1.17366  0.004729  0  0  0.004729  0  0.004729
1.4124e+13  0  470.8  1.17384  0  0  1.17384  0  1.17384  0.00474152  0  0  0.00474152  0  0.00474152
1.4133e+13  0  471.1  1.17401  0  0  1.17401  0  1.17401  0.00475409  0  0  0.00475409  0  0.00475409
1.4142e+13  0  471.4  1.17419  0  0  1.17419  0  1.17419  0.00476671  0  0  0.00476671  0  0.00476671
1.4151e+13  0  471.7  1.17436  0  0  1.17436  0  1.17436  0.00477938  0  0  0.00477938  0  0.00477938
1.416e+13  0  472  1.17454  0  0  1.17454  0  1.17454  0.00479209  0  0  0.00479209  0  0.00479209
1.4169e+13  0  472.3  1.17471  0  0  1.17471  0  1.17471  0.00480485  0  0  0.00480485  0  0.00480485
1.4178e+13  0  472.6  1.17489  0  0  1.17489  0  1.17489  0.00481766  0  0  0.00481766  0  0.00481766
1.4187e+13  0  472.9  1.17507  0  0  1.17507  0  1.17507  0.00483052  0  0  0.00483052  0  0.00483052
1.4196e+13  0  473.2  1.17525  0  0  1.17525  0  1.17525  0.00484343  0  0  0.00484343  0  0.00484343
1.4205e+13  0  473.5  1.17542  0  0  1.17542  0  1.17542  0.00485638  0  0  0.00485638  0  0.00485638
1.4214e+13  0  473.8  1.1756  0  0  1.1756  0  1.1756  0.00486939  0  0  0.00486939  0  0.00486939
1.4223e+13  0  474.1  1.17578  0  0  1.17578  0  1.17578  0.00488245  0  0  0.00488245  0  0.00488245
1.4232e+13  0  474.4  1.17596  0  0  1.17596  0  1.17596  0.00489555  0  0  0.00489555  0  0.00489555
1.4241e+13  0  474.7  1.17614  0  0  1.17614  0  1.17614  0.00490871  0  0  0.00490871  0  0.00490871
1.425e+13  0  475  1.17632  0  0  1.17632  0  1.17632  0.00492192  0  0  0.00492192  0  0.00492192
1.4259e+13  0  475.3  1.1765  0  0  1.1765  0  1.1765  0.00493518  0  0  0.00493518  0  0.00493518
1.4268e+13  0  475.6  1.17668  0  0  1.17668  0  1.17668  0.00494848  0  0  0.00494848  0  0.00494848
1.4277e+13  0  475.9  1.17686  0  0  1.17686  0  1.17686  0.00496185  0  0  0.00496185  0  0.00496185
1.4286e+13  0  476.2  1.17705  0  0  1.17705  0  1.17705  0.00497526  0  0  0.00497526  0  0.00497526
1.4295e+13  0  476.5  1.17723  0  0  1.17723  0  1.17723  0.00498872  0  0  0.00498872  0  0.00498872
1.4304e+13  0  476.8  1.17741  0  0  1.17741  0  1.17741  0.00500224  0  0  0.00500224  0  0.00500224
1.4313e+13  0  477.1  1.1776  0  0  1.1776  0  1.1776  0.00501581  0  0  0.00501581  0  0.00501581
1.4322e+13  0  477.4  1.17778  0  0  1.17778  0  1.17778  0.00502943  0  0  0.00502943  0  0.00502943
1.4331e+13  0  477.7  1.17797  0  0  1.17797  0  1.17797  0.0050431  0  0  0.0050431  0  0.0050431
1.434e+13  0  478  1.17815  0  0  1.17815  0  1.17815  0.00505683  0  0  0.00505683  0  0.00505683
1.4349e+13  0  478.3  1.17834  0  0  1.17834  0  1.17834  0.00507061  0  0  0.00507061  0  0.00507061
1.4358e+13  0  478.6  1.17852  0  0  1.17852  0  1.17852  0.00508445  0  0  0.00508445  0  0.00508445
1.4367e+13  0  478.9  1.17871  0  0  1.17871  0  1.17871  0.00509834  0  0  0.00509834  0  0.00509834
1.4376e+13  0  479.2  1.1789  0  0  1.1789  0  1.1789  0.00511228  0  0  0.00511228  0  0.00511228
1.4385e+13  0  479.5  1.17909  0  0  1.17909  0  1.17909  0.00512628  0  0  0.00512628  0  0.00512628
1.4394e+13  0  479.8  1.17928  0  0  1.17928  0  1.17928  0.00514034  0  0  0.00514034  0  0.00514034
1.4403e+13  0  480.1  1.17946  0  0  1.17946  0  1.17946  0.00515445  0  0  0.00515445  0  0.00515445
1.4412e+13  0  480.4  1.17965  0  0  1.17965  0  1.17965  0.00516861  0  0  0.00516861  0  0.00516861
1.4421e+13  0  480.7  1.17984  0  0  1.17984  0  1.17984  0.00518283  0  0  0.00518283  0  0.00518283
1.443e+13  0  481  1.18003  0  0  1.18003  0  1.18003  0.00519711  0  0  0.00519711  0  0.00519711
1.4439e+13  0  481.3  1.18023  0  0  1.18023  0  1.18023  0.00521144  0  0  0.00521144  0  0.00521144
1.4448e+13  0  481.6  1.18042  0  0  1.18042  0  1.18042  0.00522583  0  0  0.00522583  0  0.00522583
1.4457e+13  0  481.9  1.18061  0  0  1.18061  0  1.18061  0.00524028  0  0  0.00524028  0  0.00524028
1.4466e+13  0  482.2  1.1808  0  0  1.1808  0  1.1808  0.00525479  0  0  0.00525479  0  0.00525479
1.4475e+13  0  482.5  1.181  0  0  1.181  0  1.181  0.00526935  0  0  0.00526935  0  0.00526935
1.4484e+13  0  482.8  1.18119  0  0  1.18119  0  1.18119  0.00528397  0  0  0.00528397  0  0.00528397
1.4493e+13  0  483.1  1.18138  0  0  1.18138  0  1.18138  0.00529865  0  0  0.00529865  0  0.00529865
1.4502e+13  0  483.4  1.18158  0  0  1.18158  0  1.18158  0.00531339  0  0  0.00531339  0  0.00531339
1.4511e+13  0  483.7  1.18177  0  0  1.18177  0  1.18177  0.00532819  0  0  0.00532819  0  0.00532819
1.452e+13  0  484  1.18197  0  0  1.18197  0  1.18197  0.00534304  0  0  0.00534304  0  0.00534304
1.4529e+13  0  484.3  1.18217  0  0  1.18217  0  1.18217  0.00535796  0  0  0.00535796  0  0.00535796
1.4538e+13  0  484.6  1.18236  0  0  1.18236  0  1.18236  0.00537293  0  0  0.00537293  0  0.00537293
1.4547e+13  0  484.9  1.18256  0  0  1.18256  0  1.18256  0.00538797  0  0  0.00538797  0  0.00538797
1.4556e+13  0  485.2  1.18276  0  0  1.18276  0  1.18276  0.00540307  0  0  0.00540307  0  0.00540307
1.4565e+13  0  485.5  1.18296  0  0  1.18296  0  1.18296  0.00541823  0  0  0.00541823  0  0.00541823
1.4574e+13  0  485.8  1.18316  0  0  1.18316  0  1.18316  0.00543345  0  0  0.00543345  0  0.00543345
1.4583e+13  0  486.1  1.18336  0  0  1.18336  0  1.18336  0.00544873  0  0  0.00544873  0  0.00544873
1.4592e+13  0  486.4  1.18356  0  0  1.18356  0  1.18356  0.00546407  0  0  0.00546407  0  0.00546407
1.4601e+13  0  486.7  1.18376  0  0  1.18376  0  1.18376  0.00547948  0  0  0.00547948  0  0.00547948
1.461e+13  0  487  1.18396  0  0  1.18396  0  1.18396  0.00549494  0  0  0.00549494  0  0.00549494
1.4619e+13  0  487.3  1.18416  0  0  1.18416  0  1.18416  0.00551048  0  0  0.00551048  0  0.00551048
1.4628e+13  0  487.6  1.18437  0  0  1.18437  0  1.18437  0.00552607  0  0  0.00552607  0  0.00552607
1.4637e+13  0  487.9  1.18457  0  0  1.18457  0  1.18457  0.00554173  0  0  0.00554173  0  0.00554173
1.4646e+13  0  488.2  1.18477  0  0  1.18477  0  1.18477  0.00555745  0  0  0.00555745  0  0.00555745
1.4655e+13  0  488.5  1.18498  0  0  1.18498  0  1.18498  0.00557324  0  0  0.00557324  0  0.00557324
1.4664e+13  0  488.8  1.18518  0  0  1.18518  0  1.18518  0.00558909  0  0  0.00558909  0  0.00558909
1.4673e+13  0  489.1  1.18539  0  0  1.18539  0  1.18539  0.00560501  0  0  0.00560501  0  0.00560501
1.4682e+13  0  489.4  1.18559  0  0  1.18559  0  1.18559  0.00562099  0  0  0.00562099  0  0.00562099
1.4691e+13  0  489.7  1.1858  0  0  1.1858  0  1.1858  0.00563704  0  0  0.00563704  0  0.00563704
1.47e+13  0  490  1.18601  0  0  1.18601  0  1.18601  0.00565315  0  0  0.00565315  0  0.00565315
1.4709e+13  0  490.3  1.18622  0  0  1.18622  0  1.18622  0.00566933  0  0  0.00566933  0  0.00566933
1.4718e+13  0  490.6  1.18643  0  0  1.18643  0  1.18643  0.00568558  0  0  0.00568558  0  0.00568558
1.4727e+13  0  490.9  1.18663  0  0  1.18663  0  1.18663  0.0057019  0  0  0.0057019  0  0.0057019
1.4736e+13  0  491.2  1.18684  0  0  1.18684  0  1.18684  0.00571828  0  0  0.00571828  0  0.00571828
1.4745e+13  0  491.5  1.18705  0  0  1.18705  0  1.18705  0.00573473  0  0  0.00573473  0  0.00573473
1.4754e+13  0  491.8  1.18727  0  0  1.18727  0  1.18727  0.00575125  0  0  0.00575125  0  0.00575125
1.4763e+13  0  492.1  1.18748  0  0  1.18748  0  1.18748  0.00576784  0  0  0.00576784  0  0.00576784
1.4772e+13  0  492.4  1.18769  0  0  1.18769  0  1.18769  0.0057845  0  0  0.0057845  0  0.0057845
1.4781e+13  0  492.7  1.1879  0  0  1.1879  0  1.1879  0.00580123  0  0  0.00580123  0  0.00580123
1.479e+13  0  493  1.18812  0  0  1.18812  0  1.18812  0.00581803  0  0  0.00581803  0  0.00581803
1.4799e+13  0  493.3  1.18833  0  0  1.18833  0  1.18833  0.0058349  0  0  0.0058349  0  0.0058349
1.4808e+13  0  493.6  1.18855  0  0  1.18855  0  1.18855  0.00585184  0  0  0.00585184  0  0.00585184
1.4817e+13  0  493.9  1.18876  0  0  1.18876  0  1.18876  0.00586885  0  0  0.00586885  0  0.00586885
1.4826e+13  0  494.2  1.18898  0  0  1.18898  0  1.18898  0.00588593  0  0  0.00588593  0  0.00588593
1.4835e+13  0  494.5  1.18919  0  0  1.18919  0  1.18919  0.00590309  0  0  0.00590309  0  0.00590309
1.4844e+13  0  494.8  1.18941  0  0  1.18941  0  1.18941  0.00592031  0  0  0.00592031  0  0.00592031
1.4853e+13  0  495.1  1.18963  0  0  1.18963  0  1.18963  0.00593761  0  0  0.00593761  0  0.00593761
1.4862e+13  0  495.4  1.18985  0  0  1.18985  0  1.18985  0.00595499  0  0  0.00595499  0  0.00595499
1.4871e+13  0  495.7  1.19007  0  0  1.19007  0  1.19007  0.00597244  0  0  0.00597244  0  0.00597244
1.488e+13  0  496  1.19029  0  0  1.19029  0  1.19029  0.00598996  0  0  0.00598996  0  0.00598996
1.4889e+13  0  496.3  1.19051  0  0  1.19051  0  1.19051  0.00600755  0  0  0.00600755  0  0.00600755
1.4898e+13  0  496.6  1.19073  0  0  1.19073  0  1.19073  0.00602523  0  0  0.00602523  0  0.00602523
1.4907e+13  0  496.9  1.19095  0  0  1.19095  0  1.19095  0.00604297  0  0  0.00604297  0  0.00604297
1.4916e+13  0  497.2  1.19117  0  0  1.19117  0  1.19117  0.0060608  0  0  0.0060608  0  0.0060608
1.4925e+13  0  497.5  1.1914  0  0  1.1914  0  1.1914  0.0060787  0  0  0.0060787  0  0.0060787
1.4934e+13  0  497.8  1.19162  0  0  1.19162  0  1.19162  0.00609667  0  0  0.00609667  0  0.00609667
1.4943e+13  0  498.1  1.19184  0  0  1.19184  0  1.19184  0.00611473  0  0  0.00611473  0  0.00611473
1.4952e+13  0  498.4  1.19207  0  0  1.19207  0  1.19207  0.00613286  0  0  0.00613286  0  0.00613286
1.4961e+13  0  498.7  1.19229  0  0  1.19229  0  1.19229  0.00615107  0  0  0.00615107  0  0.00615107
1.497e+13  0  499  1.19252  0  0  1.19252  0  1.19252  0.00616936  0  0  0.00616936  0  0.00616936
1.4979e+13  0  499.3  1.19275  0  0  1.19275  0  1.19275  0.00618772  0  0  0.00618772  0  0.00618772
1.4988e+13  0  499.6  1.19298  0  0  1.19298  0  1.19298  0.00620617  0  0  0.00620617  0  0.00620617
1.4997e+13  0  499.9  1.1932  0  0  1.1932  0  1.1932  0.0062247  0  0  0.0062247  0  0.0062247
1.5006e+13  0  500.2  1.19343  0  0  1.19343  0  1.19343  0.00624331  0  0  0.00624331  0  0.00624331
1.5015e+13  0  500.5  1.19366  0  0  1.19366  0  1.19366  0.00626199  0  0  0.00626199  0  0.00626199
1.5024e+13  0  500.8  1.19389  0  0  1.19389  0  1.19389  0.00628076  0  0  0.00628076  0  0.00628076
1.5033e+13  0  501.1  1.19413  0  0  1.19413  0  1.19413  0.00629962  0  0  0.00629962  0  0.00629962
1.5042e+13  0  501.4  1.19436  0  0  1.19436  0  1.19436  0.00631855  0  0  0.00631855  0  0.00631855
1.5051e+13  0  501.7  1.19459  0  0  1.19459  0  1.19459  0.00633757  0  0  0.00633757  0  0.00633757
1.506e+13  0  502  1.19482  0  0  1.19482  0  1.19482  0.00635667  0  0  0.00635667  0  0.00635667
1.5069e+13  0  502.3  1.19506  0  0  1.19506  0  1.19506  0.00637586  0  0  0.00637586  0  0.00637586
1.5078e+13  0  502.6  1.19529  0  0  1.19529  0  1.19529  0.00639513  0  0  0.00639513  0  0.00639513
1.5087e+13  0  502.9  1.19553  0  0  1.19553  0  1.19553  0.00641448  0  0  0.00641448  0  0.00641448
1.5096e+13  0  503.2  1.19577  0  0  1.19577  0  1.19577  0.00643392  0  0  0.00643392  0  0.00643392
1.5105e+13  0  503.5  1.196  0  0  1.196  0  1.196  0.00645345  0  0  0.00645345  0  0.00645345
1.5114e+13  0  503.8  1.19624  0  0  1.19624  0  1.19624  0.00647306  0  0  0.00647306  0  0.00647306
1.5123e+13  0  504.1  1.19648  0  0  1.19648  0  1.19648  0.00649276  0  0  0.00649276  0  0.00649276
1.5132e+13  0  504.4  1.19672  0  0  1.19672  0  1.19672  0.00651254  0  0  0.00651254  0  0.00651254
1.5141e+13  0  504.7  1.19696  0  0  1.19696  0  1.19696  0.00653242  0  0  0.00653242  0  0.00653242
1.515e+13  0  505  1.1972  0  0  1.1972  0  1.1972  0.00655238  0  0  0.00655238  0  0.00655238
1.5159e+13  0  505.3  1.19744  0  0  1.19744  0  1.19744  0.00657244  0  0  0.00657244  0  0.00657244
1.5168e+13  0  505.6  1.19768  0  0  1.19768  0  1.19768  0.00659258  0  0  0.00659258  0  0.00659258
1.5177e+13  0  505.9  1.19792  0  0  1.19792  0  1.19792  0.00661281  0  0  0.00661281  0  0.00661281
1.5186e+13  0  506.2  1.19817  0  0  1.19817  0  1.19817  0.00663313  0  0  0.00663313  0  0.00663313
1.5195e+13  0  506.5  1.19841  0  0  1.19841  0  1.19841  0.00665355  0  0  0.00665355  0  0.00665355
1.5204e+13  0  506.8  1.19866  0  0  1.19866  0  1.19866  0.00667406  0  0  0.00667406  0  0.00667406
1.5213e+13  0  507.1  1.1989  0  0  1.1989  0  1.1989  0.00669466  0  0  0.00669466  0  0.00669466
1.5222e+13  0  507.4  1.19915  0  0  1.19915  0  1.19915  0.00671535  0  0  0.00671535  0  0.00671535
1.5231e+13  0  507.7  1.1994  0  0  1.1994  0  1.1994  0.00673613  0  0  0.00673613  0  0.00673613
1.524e+13  0  508  1.19965  0  0  1.19965  0  1.19965  0.00675701  0  0  0.00675701  0  0.00675701
1.5249e+13  0  508.3  1.1999  0  0  1.1999  0  1.1999  0.00677799  0  0  0.00677799  0  0.00677799
1.5258e+13  0  508.6  1.20015  0  0  1.20015  0  1.20015  0.00679906  0  0  0.00679906  0  0.00679906
1.5267e+13  0  508.9  1.2004  0  0  1.2004  0  1.2004  0.00682022  0  0  0.00682022  0  0.00682022
1.5276e+13  0  509.2  1.20065  0  0  1.20065  0  1.20065  0.00684148  0  0  0.00684148  0  0.00684148
1.5285e+13  0  509.5  1.2009  0  0  1.2009  0  1.2009  0.00686284  0  0  0.00686284  0  0.00686284
1.5294e+13  0  509.8  1.20115  0  0  1.20115  0  1.20115  0.0068843  0  0  0.0068843  0  0.0068843
1.5303e+13  0  510.1  1.20141  0  0  1.20141  0  1.20141  0.00690586  0  0  0.00690586  0  0.00690586
1.5312e+13  0  510.4  1.20166  0  0  1.20166  0  1.20166  0.00692751  0  0  0.00692751  0  0.00692751
1.5321e+13  0  510.7  1.20192  0  0  1.20192  0  1.20192  0.00694926  0  0  0.00694926  0  0.00694926
1.533e+13  0  511  1.20217  0  0  1.20217  0  1.20217  0.00697112  0  0  0.00697112  0  0.00697112
1.5339e+13  0  511.3  1.20243  0  0  1.20243  0  1.20243  0.00699307  0  0  0.00699307  0  0.00699307
1.5348e+13  0  511.6  1.20269  0  0  1.20269  0  1.20269  0.00701513  0  0  0.00701513  0  0.00701513
1.5357e+13  0  511.9  1.20295  0  0  1.20295  0  1.20295  0.00703729  0  0  0.00703729  0  0.00703729
1.5366e+13  0  512.2  1.2032  0  0  1.2032  0  1.2032  0.00705955  0  0  0.00705955  0  0.00705955
1.5375e+13  0  512.5  1.20347  0  0  1.20347  0  1.20347  0.00708191  0  0  0.00708191  0  0.00708191
1.5384e+13  0  512.8  1.20373  0  0  1.20373  0  1.20373  0.00710438  0  0  0.00710438  0  0.00710438
1.5393e+13  0  513.1  1.20399  0  0  1.20399  0  1.20399  0.00712695  0  0  0.00712695  0  0.00712695
1.5402e+13  0  513.4  1.20425  0  0  1.20425  0  1.20425  0.00714963  0  0  0.00714963  0  0.00714963
1.5411e+13  0  513.7  1.20451  0  0  1.20451  0  1.20451  0.00717241  0  0  0.00717241  0  0.00717241
1.542e+13  0  514  1.20478  0  0  1.20478  0  1.20478  0.0071953  0  0  0.0071953  0  0.0071953
1.5429e+13  0  514.3  1.20504  0  0  1.20504  0  1.20504  0.0072183  0  0  0.0072183  0  0.0072183
1.5438e+13  0  514.6  1.20531  0  0  1.20531  0  1.20531  0.00724141  0  0  0.00724141  0  0.00724141
1.5447e+13  0  514.9  1.20558  0  0  1.20558  0  1.20558  0.00726462  0  0  0.00726462  0  0.00726462
1.5456e+13  0  515.2  1.20585  0  0  1.20585  0  1.20585  0.00728794  0  0  0.00728794  0  0.00728794
1.5465e+13  0  515.5  1.20611  0  0  1.20611  0  1.20611  0.00731138  0  0  0.00731138  0  0.00731138
1.5474e+13  0  515.8  1.20638  0  0  1.20638  0  1.20638  0.00733492  0  0  0.00733492  0  0.00733492
1.5483e+13  0  516.1  1.20665  0  0  1.20665  0  1.20665  0.00735858  0  0  0.00735858  0  0.00735858
1.5492e+13  0  516.4  1.20693  0  0  1.20693  0  1.20693  0.00738235  0  0  0.00738235  0  0.00738235
1.5501e+13  0  516.7  1.2072  0  0  1.2072  0  1.2072  0.00740623  0  0  0.00740623  0  0.00740623
1.551e+13  0  517  1.20747  0  0  1.20747  0  1.20747  0.00743022  0  0  0.00743022  0  0.00743022
1.5519e+13  0  517.3  1.20775  0  0  1.20775  0  1.20775  0.00745433  0  0  0.00745433  0  0.00745433
1.5528e+13  0  517.6  1.20802  0  0  1.20802  0  1.20802  0.00747855  0  0  0.00747855  0  0.00747855
1.5537e+13  0  517.9  1.2083  0  0  1.2083  0  1.2083  0.00750289  0  0  0.00750289  0  0.00750289
1.5546e+13  0  518.2  1.20857  0  0  1.20857  0  1.20857  0.00752735  0  0  0.00752735  0  0.00752735
1.5555e+13  0  518.5  1.20885  0  0  1.20885  0  1.20885  0.00755192  0  0  0.00755192  0  0.00755192
1.5564e+13  0  518.8  1.20913  0  0  1.20913  0  1.20913  0.00757662  0  0  0.00757662  0  0.00757662
1.5573e+13  0  519.1  1.20941  0  0  1.20941  0  1.20941  0.00760143  0  0  0.00760143  0  0.00760143
1.5582e+13  0  519.4  1.20969  0  0  1.20969  0  1.20969  0.00762636  0  0  0.00762636  0  0.00762636
1.5591e+13  0  519.7  1.20997  0  0  1.20997  0  1.20997  0.00765141  0  0  0.00765141  0  0.00765141
1.56e+13  0  520  1.21025  0  0  1.21025  0  1.21025  0.00767658  0  0  0.00767658  0  0.00767658
1.5609e+13  0  520.3  1.21054  0  0  1.21054  0  1.21054  0.00770188  0  0  0.00770188  0  0.00770188
1.5618e+13  0  520.6  1.21082  0  0  1.21082  0  1.21082  0.00772729  0  0  0.00772729  0  0.00772729
1.5627e+13  0  520.9  1.2111  0  0  1.2111  0  1.2111  0.00775283  0  0  0.00775283  0  0.00775283
1.5636e+13  0  521.2  1.21139  0  0  1.21139  0  1.21139  0.0077785  0  0  0.0077785  0  0.0077785
1.5645e+13  0  521.5  1.21168  0  0  1.21168  0  1.21168  0.00780429  0  0  0.00780429  0  0.00780429
1.5654e+13  0  521.8  1.21197  0  0  1.21197  0  1.21197  0.00783021  0  0  0.00783021  0  0.00783021
1.5663e+13  0  522.1  1.21225  0  0  1.21225  0  1.21225  0.00785625  0  0  0.00785625  0  0.00785625
1.5672e+13  0  522.4  1.21254  0  0  1.21254  0  1.21254  0.00788242  0  0  0.00788242  0  0.00788242
1.5681e+13  0  522.7  1.21284  0  0  1.21284  0  1.21284  0.00790872  0  0  0.00790872  0  0.00790872
1.569e+13  0  523  1.21313  0  0  1.21313  0  1.21313  0.00793515  0  0  0.00793515  0  0.00793515
1.5699e+13  0  523.3  1.21342  0  0  1.21342  0  1.21342  0.00796171  0  0  0.00796171  0  0.00796171
1.5708e+13  0  523.6  1.21371  0  0  1.21371  0  1.21371  0.0079884  0  0  0.0079884  0  0.0079884
1.5717e+13  0  523.9  1.21401  0  0  1.21401  0  1.21401  0.00801523  0  0  0.00801523  0  0.00801523
1.5726e+13  0  524.2  1.2143  0  0  1.2143  0  1.2143  0.00804218  0  0  0.00804218  0  0.00804218
1.5735e+13  0  524.5  1.2146  0  0  1.2146  0  1.2146  0.00806928  0  0  0.00806928  0  0.00806928
1.5744e+13  0  524.8  1.2149  0  0  1.2149  0  1.2149  0.0080965  0  0  0.0080965  0  0.0080965
1.5753e+13  0  525.1  1.2152  0  0  1.2152  0  1.2152  0.00812386  0  0  0.00812386  0  0.00812386
1.5762e+13  0  525.4  1.2155  0  0  1.2155  0  1.2155  0.00815136  0  0  0.00815136  0  0.00815136
1.5771e+13  0  525.7  1.2158  0  0  1.2158  0  1.2158  0.00817899  0  0  0.00817899  0  0.00817899
1.578e+13  0  526  1.2161  0  0  1.2161  0  1.2161  0.00820677  0  0  0.00820677  0  0.00820677
1.5789e+13  0  526.3  1.2164  0  0  1.2164  0  1.2164  0.00823468  0  0  0.00823468  0  0.00823468
1.5798e+13  0  526.6  1.21671  0  0  1.21671  0  1.21671  0.00826273  0  0  0.00826273  0  0.00826273
1.5807e+13  0  526.9  1.21701  0  0  1.21701  0  1.21701  0.00829093  0  0  0.00829093  0  0.00829093
1.5816e+13  0  527.2  1.21732  0  0  1.21732  0  1.21732  0.00831927  0  0  0.00831927  0  0.00831927
1.5825e+13  0  527.5  1.21763  0  0  1.21763  0  1.21763  0.00834775  0  0  0.00834775  0  0.00834775
1.5834e+13  0  527.8  1.21793  0  0  1.21793  0  1.21793  0.00837637  0  0  0.00837637  0  0.00837637
1.5843e+13  0  528.1  1.21824  0  0  1.21824  0  1.21824  0.00840514  0  0  0.00840514  0  0.00840514
1.5852e+13  0  528.4  1.21855  0  0  1.21855  0  1.21855  0.00843406  0  0  0.00843406  0  0.00843406
1.5861e+13  0  528.7  1.21886  0  0  1.21886  0  1.21886  0.00846312  0  0  0.00846312  0  0.00846312
1.587e+13  0  529  1.21918  0  0  1.21918  0  1.21918  0.00849233  0  0  0.00849233  0  0.00849233
1.5879e+13  0  529.3  1.21949  0  0  1.21949  0  1.21949  0.0085217  0  0  0.0085217  0  0.0085217
1.5888e+13  0  529.6  1.21981  0  0  1.21981  0  1.21981  0.00855121  0  0  0.00855121  0  0.00855121
1.5897e+13  0  529.9  1.22012  0  0  1.22012  0  1.22012  0.00858087  0  0  0.00858087  0  0.00858087
1.5906e+13  0  530.2  1.22044  0  0  1.22044  0  1.22044  0.00861068  0  0  0.00861068  0  0.00861068
1.5915e+13  0  530.5  1.22076  0  0  1.22076  0  1.22076  0.00864065  0  0  0.00864065  0  0.00864065
1.5924e+13  0  530.8  1.22108  0  0  1.22108  0  1.22108  0.00867078  0  0  0.00867078  0  0.00867078
1.5933e+13  0  531.1  1.2214  0  0  1.2214  0  1.2214  0.00870106  0  0  0.00870106  0  0.00870106
1.5942e+13  0  531.4  1.22172  0  0  1.22172  0  1.22172  0.00873149  0  0  0.00873149  0  0.00873149
1.5951e+13  0  531.7  1.22204  0  0  1.22204  0  1.22204  0.00876209  0  0  0.00876209  0  0.00876209
1.596e+13  0  532  1.22236  0  0  1.22236  0  1.22236  0.00879284  0  0  0.00879284  0  0.00879284
1.5969e+13  0  532.3  1.22269  0  0  1.22269  0  1.22269  0.00882375  0  0  0.00882375  0  0.00882375
1.5978e+13  0  532.6  1.22301  0  0  1.22301  0  1.22301  0.00885483  0  0  0.00885483  0  0.00885483
1.5987e+13  0  532.9  1.22334  0  0  1.22334  0  1.22334  0.00888606  0  0  0.00888606  0  0.00888606
1.5996e+13  0  533.2  1.22367  0  0  1.22367  0  1.22367  0.00891746  0  0  0.00891746  0  0.00891746
1.6005e+13  0  533.5  1.224  0  0  1.224  0  1.224  0.00894903  0  0  0.00894903  0  0.00894903
1.6014e+13  0  533.8  1.22433  0  0  1.22433  0  1.22433  0.00898076  0  0  0.00898076  0  0.00898076
1.6023e+13  0  534.1  1.22466  0  0  1.22466  0  1.22466  0.00901265  0  0  0.00901265  0  0.00901265
1.6032e+13  0  534.4  1.22499  0  0  1.22499  0  1.22499  0.00904472  0  0  0.00904472  0  0.00904472
1.6041e+13  0  534.7  1.22533  0  0  1.22533  0  1.22533  0.00907695  0  0  0.00907695  0  0.00907695
1.605e+13  0  535  1.22566  0  0  1.22566  0  1.22566  0.00910936  0  0  0.00910936  0  0.00910936
1.6059e+13  0  535.3  1.226  0  0  1.226  0  1.226  0.00914194  0  0  0.00914194  0  0.00914194
1.6068e+13  0  535.6  1.22634  0  0  1.22634  0  1.22634  0.00917469  0  0  0.00917469  0  0.00917469
1.6077e+13  0  535.9  1.22668  0  0  1.22668  0  1.22668  0.00920761  0  0  0.00920761  0  0.00920761
1.6086e+13  0  536.2  1.22702  0  0  1.22702  0  1.22702  0.00924071  0  0  0.00924071  0  0.00924071
1.6095e+13  0  536.5  1.22736  0  0  1.22736  0  1.22736  0.00927399  0  0  0.00927399  0  0.00927399
1.6104e+13  0  536.8  1.2277  0  0  1.2277  0  1.2277  0.00930745  0  0  0.00930745  0  0.00930745
1.6113e+13  0  537.1  1.22804  0  0  1.22804  0  1.22804  0.00934108  0  0  0.00934108  0  0.00934108
1.6122e+13  0  537.4  1.22839  0  0  1.22839  0  1.22839  0.0093749  0  0  0.0093749  0  0.0093749
1.6131e+13  0  537.7  1.22874  0  0  1.22874  0  1.22874  0.0094089  0  0  0.0094089  0  0.0094089
1.614e+13  0  538  1.22908  0  0  1.22908  0  1.22908  0.00944308  0  0  0.00944308  0  0.00944308
1.6149e+13  0  538.3  1.22943  0  0  1.22943  0  1.22943  0.00947744  0  0  0.00947744  0  0.00947744
1.6158e+13  0  538.6  1.22978  0  0  1.22978  0  1.22978  0.00951199  0  0  0.00951199  0  0.00951199
1.6167e+13  0  538.9  1.23013  0  0  1.23013  0  1.23013  0.00954673  0  0  0.00954673  0  0.00954673
1.6176e+13  0  539.2  1.23049  0  0  1.23049  0  1.23049  0.00958166  0  0  0.00958166  0  0.00958166
1.6185e+13  0  539.5  1.23084  0  0  1.23084  0  1.23084  0.00961678  0  0  0.00961678  0  0.00961678
1.6194e+13  0  539.8  1.2312  0  0  1.2312  0  1.2312  0.00965209  0  0  0.00965209  0  0.00965209
1.6203e+13  0  540.1  1.23155  0  0  1.23155  0  1.23155  0.00968759  0  0  0.00968759  0  0.00968759
1.6212e+13  0  540.4  1.23191  0  0  1.23191  0  1.23191  0.00972329  0  0  0.00972329  0  0.00972329
1.6221e+13  0  540.7  1.23227  0  0  1.23227  0  1.23227  0.00975919  0  0  0.00975919  0  0.00975919
1.623e+13  0  541  1.23263  0  0  1.23263  0  1.23263  0.00979528  0  0  0.00979528  0  0.00979528
1.6239e+13  0  541.3  1.23299  0  0  1.23299  0  1.23299  0.00983157  0  0  0.00983157  0  0.00983157
1.6248e+13  0  541.6  1.23336  0  0  1.23336  0  1.23336  0.00986806  0  0  0.00986806  0  0.00986806
1.6257e+13  0  541.9  1.23372  0  0  1.23372  0  1.23372  0.00990475  0  0  0.00990475  0  0.00990475
1.6266e+13  0  542.2  1.23409  0  0  1.23409  0  1.23409  0.00994164  0  0  0.00994164  0  0.00994164
1.6275e+13  0  542.5  1.23446  0  0  1.23446  0  1.23446  0.00997874  0  0  0.00997874  0  0.00997874
1.6284e+13  0  542.8  1.23482  0  0  1.23482  0  1.23482  0.010016  0  0  0.010016  0  0.010016
1.6293e+13  0  543.1  1.23519  0  0  1.23519  0  1.23519  0.0100536  0  0  0.0100536  0  0.0100536
1.6302e+13  0  543.4  1.23557  0  0  1.23557  0  1.23557  0.0100913  0  0  0.0100913  0  0.0100913
1.6311e+13  0  543.7  1.23594  0  0  1.23594  0  1.23594  0.0101292  0  0  0.0101292  0  0.0101292
1.632e+13  0  544  1.23631  0  0  1.23631  0  1.23631  0.0101674  0  0  0.0101674  0  0.0101674
1.6329e+13  0  544.3  1.23669  0  0  1.23669  0  1.23669  0.0102057  0  0  0.0102057  0  0.0102057
1.6338e+13  0  544.6  1.23707  0  0  1.23707  0  1.23707  0.0102443  0  0  0.0102443  0  0.0102443
1.6347e+13  0  544.9  1.23745  0  0  1.23745  0  1.23745  0.0102831  0  0  0.0102831  0  0.0102831
1.6356e+13  0  545.2  1.23783  0  0  1.23783  0  1.23783  0.0103221  0  0  0.0103221  0  0.0103221
1.6365e+13  0  545.5  1.23821  0  0  1.23821  0  1.23821  0.0103614  0  0  0.0103614  0  0.0103614
1.6374e+13  0  545.8  1.23859  0  0  1.23859  0  1.23859  0.0104008  0  0  0.0104008  0  0.0104008
1.6383e+13  0  546.1  1.23898  0  0  1.23898  0  1.23898  0.0104405  0  0  0.0104405  0  0.0104405
1.6392e+13  0  546.4  1.23936  0  0  1.23936  0  1.23936  0.0104804  0  0  0.0104804  0  0.0104804
1.6401e+13  0  546.7  1.23975  0  0  1.23975  0  1.23975  0.0105205  0  0  0.0105205  0  0.0105205
1.641e+13  0  547  1.24014  0  0  1.24014  0  1.24014  0.0105609  0  0  0.0105609  0  0.0105609
1.6419e+13  0  547.3  1.24053  0  0  1.24053  0  1.24053  0.0106015  0  0  0.0106015  0  0.0106015
1.6428e+13  0  547.6  1.24092  0  0  1.24092  0  1.24092  0.0106423  0  0  0.0106423  0  0.0106423
1.6437e+13  0  547.9  1.24132  0  0  1.24132  0  1.24132  0.0106834  0  0  0.0106834  0  0.0106834
1.6446e+13  0  548.2  1.24171  0  0  1.24171  0  1.24171  0.0107247  0  0  0.0107247  0  0.0107247
1.6455e+13  0  548.5  1.24211  0  0  1.24211  0  1.24211  0.0107663  0  0  0.0107663  0  0.0107663
1.6464e+13  0  548.8  1.24251  0  0  1.24251  0  1.24251  0.010808  0  0  0.010808  0  0.010808
1.6473e+13  0  549.1  1.24291  0  0  1.24291  0  1.24291  0.0108501  0  0  0.0108501  0  0.0108501
1.6482e+13  0  549.4  1.24331  0  0  1.24331  0  1.24331  0.0108923  0  0  0.0108923  0  0.0108923
1.6491e+13  0  549.7  1.24371  0  0  1.24371  0  1.24371  0.0109349  0  0  0.0109349  0  0.0109349
1.65e+13  0  550  1.24411  0  0  1.24411  0  1.24411  0.0109776  0  0  0.0109776  0  0.0109776
1.6509e+13  0  550.3  1.24452  0  0  1.24452  0  1.24452  0.0110206  0  0  0.0110206  0  0.0110206
1.6518e+13  0  550.6  1.24493  0  0  1.24493  0  1.24493  0.0110639  0  0  0.0110639  0  0.0110639
1.6527e+13  0  550.9  1.24534  0  0  1.24534  0  1.24534  0.0111074  0  0  0.0111074  0  0.0111074
1.6536e+13  0  551.2  1.24575  0  0  1.24575  0  1.24575  0.0111512  0  0  0.0111512  0  0.0111512
1.6545e+13  0  551.5  1.24616  0  0  1.24616  0  1.24616  0.0111952  0  0  0.0111952  0  0.0111952
1.6554e+13  0  551.8  1.24658  0  0  1.24658  0  1.24658  0.0112395  0  0  0.0112395  0  0.0112395
1.6563e+13  0  552.1  1.24699  0  0  1.24699  0  1.24699  0.0112841  0  0  0.0112841  0  0.0112841
1.6572e+13  0  552.4  1.24741  0  0  1.24741  0  1.24741  0.0113289  0  0  0.0113289  0  0.0113289
1.6581e+13  0  552.7  1.24783  0  0  1.24783  0  1.24783  0.011374  0  0  0.011374  0  0.011374
1.659e+13  0  553  1.24825  0  0  1.24825  0  1.24825  0.0114194  0  0  0.0114194  0  0.0114194
1.6599e+13  0  553.3  1.24867  0  0  1.24867  0  1.24867  0.011465  0  0  0.011465  0  0.011465
1.6608e+13  0  553.6  1.2491  0  0  1.2491  0  1.2491  0.0115109  0  0  0.0115109  0  0.0115109
1.6617e+13  0  553.9  1.24952  0  0  1.24952  0  1.24952  0.0115571  0  0  0.0115571  0  0.0115571
1.6626e+13  0  554.2  1.24995  0  0  1.24995  0  1.24995  0.0116035  0  0  0.0116035  0  0.0116035
1.6635e+13  0  554.5  1.25038  0  0  1.25038  0  1.25038  0.0116503  0  0  0.0116503  0  0.0116503
1.6644e+13  0  554.8  1.25081  0  0  1.25081  0  1.25081  0.0116973  0  0  0.0116973  0  0.0116973
1.6653e+13  0  555.1  1.25124  0  0  1.25124  0  1.25124  0.0117446  0  0  0.0117446  0  0.0117446
1.6662e+13  0  555.4  1.25168  0  0  1.25168  0  1.25168  0.0117922  0  0  0.0117922  0  0.0117922
1.6671e+13  0  555.7  1.25211  0  0  1.25211  0  1.25211  0.01184  0  0  0.01184  0  0.01184
1.668e+13  0  556  1.25255  0  0  1.25255  0  1.25255  0.0118882  0  0  0.0118882  0  0.0118882
1.6689e+13  0  556.3  1.25299  0  0  1.25299  0  1.25299  0.0119367  0  0  0.0119367  0  0.0119367
1.6698e+13  0  556.6  1.25344  0  0  1.25344  0  1.25344  0.0119854  0  0  0.0119854  0  0.0119854
1.6707e+13  0  556.9  1.25388  0  0  1.25388  0  1.25388  0.0120345  0  0  0.0120345  0  0.0120345
1.6716e+13  0  557.2  1.25432  0  0  1.25432  0  1.25432  0.0120839  0  0  0.0120839  0  0.0120839
1.6725e+13  0  557.5  1.25477  0  0  1.25477  0  1.25477  0.0121335  0  0  0.0121335  0  0.0121335
1.6734e+13  0  557.8  1.25522  0  0  1.25522  0  1.25522  0.0121835  0  0  0.0121835  0  0.0121835
1.6743e+13  0  558.1  1.25567  0  0  1.25567  0  1.25567  0.0122338  0  0  0.0122338  0  0.0122338
1.6752e+13  0  558.4  1.25613  0  0  1.25613  0  1.25613  0.0122844  0  0  0.0122844  0  0.0122844
1.6761e+13  0  558.7  1.25658  0  0  1.25658  0  1.25658  0.0123353  0  0  0.0123353  0  0.0123353
1.677e+13  0  559  1.25704  0  0  1.25704  0  1.25704  0.0123865  0  0  0.0123865  0  0.0123865
1.6779e+13  0  559.3  1.2575  0  0  1.2575  0  1.2575  0.012438  0  0  0.012438  0  0.012438
1.6788e+13  0  559.6  1.25796  0  0  1.25796  0  1.25796  0.0124899  0  0  0.0124899  0  0.0124899
1.6797e+13  0  559.9  1.25842  0  0  1.25842  0  1.25842  0.0125421  0  0  0.0125421  0  0.0125421
1.6806e+13  0  560.2  1.25888  0  0  1.25888  0  1.25888  0.0125946  0  0  0.0125946  0  0.0125946
1.6815e+13  0  560.5  1.25935  0  0  1.25935  0  1.25935  0.0126475  0  0  0.0126475  0  0.0126475
1.6824e+13  0  560.8  1.25982  0  0  1.25982  0  1.25982  0.0127006  0  0  0.0127006  0  0.0127006
1.6833e+13  0  561.1  1.26029  0  0  1.26029  0  1.26029  0.0127542  0  0  0.0127542  0  0.0127542
1.6842e+13  0  561.4  1.26076  0  0  1.26076  0  1.26076  0.012808  0  0  0.012808  0  0.012808
1.6851e+13  0  561.7  1.26124  0  0  1.26124  0  1.26124  0.0128622  0  0  0.0128622  0  0.0128622
1.686e+13  0  562  1.26171  0  0  1.26171  0  1.26171  0.0129168  0  0  0.0129168  0  0.0129168
1.6869e+13  0  562.3  1.26219  0  0  1.26219  0  1.26219  0.0129717  0  0  0.0129717  0  0.0129717
1.6878e+13  0  562.6  1.26267  0  0  1.26267  0  1.26267  0.0130269  0  0  0.0130269  0  0.0130269
1.6887e+13  0  562.9  1.26315  0  0  1.26315  0  1.26315  0.0130825  0  0  0.0130825  0  0.0130825
1.6896e+13  0  563.2  1.26364  0  0  1.26364  0  1.26364  0.0131384  0  0  0.0131384  0  0.0131384
1.6905e+13  0  563.5  1.26413  0  0  1.26413  0  1.26413  0.0131948  0  0  0.0131948  0  0.0131948
1.6914e+13  0  563.8  1.26461  0  0  1.26461  0  1.26461  0.0132514  0  0  0.0132514  0  0.0132514
1.6923e+13  0  564.1  1.2651  0  0  1.2651  0  1.2651  0.0133085  0  0  0.0133085  0  0.0133085
1.6932e+13  0  564.4  1.2656  0  0  1.2656  0  1.2656  0.0133659  0  0  0.0133659  0  0.0133659
1.6941e+13  0  564.7  1.26609  0  0  1.26609  0  1.26609  0.0134237  0  0  0.0134237  0  0.0134237
1.695e+13  0  565  1.26659  0  0  1.26659  0  1.26659  0.0134818  0  0  0.0134818  0  0.0134818
1.6959e+13  0  565.3  1.26709  0  0  1.26709  0  1.26709  0.0135404  0  0  0.0135404  0  0.0135404
1.6968e+13  0  565.6  1.26759  0  0  1.26759  0  1.26759  0.0135993  0  0  0.0135993  0  0.0135993
1.6977e+13  0  565.9  1.2681  0  0  1.2681  0  1.2681  0.0136586  0  0  0.0136586  0  0.0136586
1.6986e+13  0  566.2  1.2686  0  0  1.2686  0  1.2686  0.0137183  0  0  0.0137183  0  0.0137183
1.6995e+13  0  566.5  1.26911  0  0  1.26911  0  1.26911  0.0137784  0  0  0.0137784  0  0.0137784
1.7004e+13  0  566.8  1.26962  0  0  1.26962  0  1.26962  0.0138389  0  0  0.0138389  0  0.0138389
1.7013e+13  0  567.1  1.27013  0  0  1.27013  0  1.27013  0.0138998  0  0  0.0138998  0  0.0138998
1.7022e+13  0  567.4  1.27065  0  0  1.27065  0  1.27065  0.0139611  0  0  0.0139611  0  0.0139611
1.7031e+13  0  567.7  1.27117  0  0  1.27117  0  1.27117  0.0140228  0  0  0.0140228  0  0.0140228
1.704e+13  0  568  1.27169  0  0  1.27169  0  1.27169  0.0140849  0  0  0.0140849  0  0.0140849
1.7049e+13  0  568.3  1.27221  0  0  1.27221  0  1.27221  0.0141474  0  0  0.0141474  0  0.0141474
1.7058e+13  0  568.6  1.27273  0  0  1.27273  0  1.27273  0.0142104  0  0  0.0142104  0  0.0142104
1.7067e+13  0  568.9  1.27326  0  0  1.27326  0  1.27326  0.0142738  0  0  0.0142738  0  0.0142738
1.7076e+13  0  569.2  1.27379  0  0  1.27379  0  1.27379  0.0143375  0  0  0.0143375  0  0.0143375
1.7085e+13  0  569.5  1.27432  0  0  1.27432  0  1.27432  0.0144018  0  0  0.0144018  0  0.0144018
1.7094e+13  0  569.8  1.27485  0  0  1.27485  0  1.27485  0.0144664  0  0  0.0144664  0  0.0144664
1.7103e+13  0  570.1  1.27539  0  0  1.27539  0  1.27539  0.0145315  0  0  0.0145315  0  0.0145315
1.7112e+13  0  570.4  1.27593  0  0  1.27593  0  1.27593  0.0145971  0  0  0.0145971  0  0.0145971
1.7121e+13  0  570.7  1.27647  0  0  1.27647  0  1.27647  0.0146631  0  0  0.0146631  0  0.0146631
1.713e+13  0  571  1.27701  0  0  1.27701  0  1.27701  0.0147295  0  0  0.0147295  0  0.0147295
1.7139e+13  0  571.3  1.27756  0  0  1.27756  0  1.27756  0.0147964  0  0  0.0147964  0  0.0147964
1.7148e+13  0  571.6  1.27811  0  0  1.27811  0  1.27811  0.0148637  0  0  0.0148637  0  0.0148637
1.7157e+13  0  571.9  1.27866  0  0  1.27866  0  1.27866  0.0149316  0  0  0.0149316  0  0.0149316
1.7166e+13  0  572.2  1.27921  0  0  1.27921  0  1.27921  0.0149998  0  0  0.0149998  0  0.0149998
1.7175e+13  0  572.5  1.27977  0  0  1.27977  0  1.27977  0.0150686  0  0  0.0150686  0  0.0150686
1.7184e+13  0  572.8  1.28033  0  0  1.28033  0  1.28033  0.0151378  0  0  0.0151378  0  0.0151378
1.7193e+13  0  573.1  1.28089  0  0  1.28089  0  1.28089  0.0152075  0  0  0.0152075  0  0.0152075
1.7202e+13  0  573.4  1.28145  0  0  1.28145  0  1.28145  0.0152777  0  0  0.0152777  0  0.0152777
1.7211e+13  0  573.7  1.28202  0  0  1.28202  0  1.28202  0.0153484  0  0  0.0153484  0  0.0153484
1.722e+13  0  574  1.28259  0  0  1.28259  0  1.28259  0.0154196  0  0  0.0154196  0  0.0154196
1.7229e+13  0  574.3  1.28316  0  0  1.28316  0  1.28316  0.0154913  0  0  0.0154913  0  0.0154913
1.7238e+13  0  574.6  1.28374  0  0  1.28374  0  1.28374  0.0155634  0  0  0.0155634  0  0.0155634
1.7247e+13  0  574.9  1.28431  0  0  1.28431  0  1.28431  0.0156361  0  0  0.0156361  0  0.0156361
1.7256e+13  0  575.2  1.28489  0  0  1.28489  0  1.28489  0.0157093  0  0  0.0157093  0  0.0157093
1.7265e+13  0  575.5  1.28548  0  0  1.28548  0  1.28548  0.0157831  0  0  0.0157831  0  0.0157831
1.7274e+13  0  575.8  1.28606  0  0  1.28606  0  1.28606  0.0158573  0  0  0.0158573  0  0.0158573
1.7283e+13  0  576.1  1.28665  0  0  1.28665  0  1.28665  0.0159321  0  0  0.0159321  0  0.0159321
1.7292e+13  0  576.4  1.28724  0  0  1.28724  0  1.28724  0.0160074  0  0  0.0160074  0  0.0160074
1.7301e+13  0  576.7  1.28783  0  0  1.28783  0  1.28783  0.0160832  0  0  0.0160832  0  0.0160832
1.731e+13  0  577  1.28843  0  0  1.28843  0  1.28843  0.0161596  0  0  0.0161596  0  0.0161596
1.7319e+13  0  577.3  1.28903  0  0  1.28903  0  1.28903  0.0162366  0  0  0.0162366  0  0.0162366
1.7328e+13  0  577.6  1.28963  0  0  1.28963  0  1.28963  0.0163141  0  0  0.0163141  0  0.0163141
1.7337e+13  0  577.9  1.29024  0  0  1.29024  0  1.29024  0.0163921  0  0  0.0163921  0  0.0163921
1.7346e+13  0  578.2  1.29085  0  0  1.29085  0  1.29085  0.0164707  0  0  0.0164707  0  0.0164707
1.7355e+13  0  578.5  1.29146  0  0  1.29146  0  1.29146  0.0165499  0  0  0.0165499  0  0.0165499
1.7364e+13  0  578.8  1.29207  0  0  1.29207  0  1.29207  0.0166297  0  0  0.0166297  0  0.0166297
1.7373e+13  0  579.1  1.29269  0  0  1.29269  0  1.29269  0.01671  0  0  0.01671  0  0.01671
1.7382e+13  0  579.4  1.29331  0  0  1.29331  0  1.29331  0.016791  0  0  0.016791  0  0.016791
1.7391e+13  0  579.7  1.29393  0  0  1.29393  0  1.29393  0.0168725  0  0  0.0168725  0  0.0168725
1.74e+13  0  580  1.29456  0  0  1.29456  0  1.29456  0.0169546  0  0  0.0169546  0  0.0169546
1.7409e+13  0  580.3  1.29519  0  0  1.29519  0  1.29519  0.0170374  0  0  0.0170374  0  0.0170374
1.7418e+13  0  580.6  1.29582  0  0  1.29582  0  1.29582  0.0171207  0  0  0.0171207  0  0.0171207
1.7427e+13  0  580.9  1.29646  0  0  1.29646  0  1.29646  0.0172047  0  0  0.0172047  0  0.0172047
1.7436e+13  0  581.2  1.29709  0  0  1.29709  0  1.29709  0.0172893  0  0  0.0172893  0  0.0172893
1.7445e+13  0  581.5  1.29774  0  0  1.29774  0  1.29774  0.0173745  0  0  0.0173745  0  0.0173745
1.7454e+13  0  581.8  1.29838  0  0  1.29838  0  1.29838  0.0174604  0  0  0.0174604  0  0.0174604
1.7463e+13  0  582.1  1.29903  0  0  1.29903  0  1.29903  0.0175469  0  0  0.0175469  0  0.0175469
1.7472e+13  0  582.4  1.29968  0  0  1.29968  0  1.29968  0.017634  0  0  0.017634  0  0.017634
1.7481e+13  0  582.7  1.30033  0  0  1.30033  0  1.30033  0.0177218  0  0  0.0177218  0  0.0177218
1.749e+13  0  583  1.30099  0  0  1.30099  0  1.30099  0.0178103  0  0  0.0178103  0  0.0178103
1.7499e+13  0  583.3  1.30165  0  0  1.30165  0  1.30165  0.0178994  0  0  0.0178994  0  0.0178994
1.7508e+13  0  583.6  1.30232  0  0  1.30232  0  1.30232  0.0179893  0  0  0.0179893  0  0.0179893
1.7517e+13  0  583.9  1.30299  0  0  1.30299  0  1.30299  0.0180798  0  0  0.0180798  0  0.0180798
1.7526e+13  0  584.2  1.30366  0  0  1.30366  0  1.30366  0.0181709  0  0  0.0181709  0  0.0181709
1.7535e+13  0  584.5  1.30433  0  0  1.30433  0  1.30433  0.0182628  0  0  0.0182628  0  0.0182628
1.7544e+13  0  584.8  1.30501  0  0  1.30501  0  1.30501  0.0183554  0  0  0.0183554  0  0.0183554
1.7553e+13  0  585.1  1.30569  0  0  1.30569  0  1.30569  0.0184487  0  0  0.0184487  0  0.0184487
1.7562e+13  0  585.4  1.30638  0  0  1.30638  0  1.30638  0.0185428  0  0  0.0185428  0  0.0185428
1.7571e+13  0  585.7  1.30706  0  0  1.30706  0  1.30706  0.0186375  0  0  0.0186375  0  0.0186375
1.758e+13  0  586  1.30776  0  0  1.30776  0  1.30776  0.018733  0  0  0.018733  0  0.018733
1.7589e+13  0  586.3  1.30845  0  0  1.30845  0  1.30845  0.0188293  0  0  0.0188293  0  0.0188293
1.7598e+13  0  586.6  1.30915  0  0  1.30915  0  1.30915  0.0189263  0  0  0.0189263  0  0.0189263
1.7607e+13  0  586.9  1.30985  0  0  1.30985  0  1.30985  0.019024  0  0  0.019024  0  0.019024
1.7616e+13  0  587.2  1.31056  0  0  1.31056  0  1.31056  0.0191225  0  0  0.0191225  0  0.0191225
1.7625e+13  0  587.5  1.31127  0  0  1.31127  0  1.31127  0.0192218  0  0  0.0192218  0  0.0192218
1.7634e+13  0  587.8  1.31198  0  0  1.31198  0  1.31198  0.0193219  0  0  0.0193219  0  0.0193219
1.7643e+13  0  588.1  1.3127  0  0  1.3127  0  1.3127  0.0194227  0  0  0.0194227  0  0.0194227
1.7652e+13  0  588.4  1.31342  0  0  1.31342  0  1.31342  0.0195244  0  0  0.0195244  0  0.0195244
1.7661e+13  0  588.7  1.31415  0  0  1.31415  0  1.31415  0.0196269  0  0  0.0196269  0  0.0196269
1.767e+13  0  589  1.31488  0  0  1.31488  0  1.31488  0.0197302  0  0  0.0197302  0  0.0197302
1.7679e+13  0  589.3  1.31561  0  0  1.31561  0  1.31561  0.0198343  0  0  0.0198343  0  0.0198343
1.7688e+13  0  589.6  1.31635  0  0  1.31635  0  1.31635  0.0199392  0  0  0.0199392  0  0.0199392
1.7697e+13  0  589.9  1.31709  0  0  1.31709  0  1.31709  0.020045  0  0  0.020045  0  0.020045
1.7706e+13  0  590.2  1.31783  0  0  1.31783  0  1.31783  0.0201517  0  0  0.0201517  0  0.0201517
1.7715e+13  0  590.5  1.31858  0  0  1.31858  0  1.31858  0.0202592  0  0  0.0202592  0  0.0202592
1.7724e+13  0  590.8  1.31933  0  0  1.31933  0  1.31933  0.0203676  0  0  0.0203676  0  0.0203676
1.7733e+13  0  591.1  1.32009  0  0  1.32009  0  1.32009  0.0204769  0  0  0.0204769  0  0.0204769
1.7742e+13  0  591.4  1.32085  0  0  1.32085  0  1.32085  0.020587  0  0  0.020587  0  0.020587
1.7751e+13  0  591.7  1.32161  0  0  1.32161  0  1.32161  0.0206981  0  0  0.0206981  0  0.0206981
1.776e+13  0  592  1.32238  0  0  1.32238  0  1.32238  0.0208101  0  0  0.0208101  0  0.0208101
1.7769e+13  0  592.3  1.32316  0  0  1.32316  0  1.32316  0.020923  0  0  0.020923  0  0.020923
1.7778e+13  0  592.6  1.32393  0  0  1.32393  0  1.32393  0.0210368  0  0  0.0210368  0  0.0210368
1.7787e+13  0  592.9  1.32471  0  0  1.32471  0  1.32471  0.0211516  0  0  0.0211516  0  0.0211516
1.7796e+13  0  593.2  1.3255  0  0  1.3255  0  1.3255  0.0212673  0  0  0.0212673  0  0.0212673
1.7805e+13  0  593.5  1.32629  0  0  1.32629  0  1.32629  0.021384  0  0  0.021384  0  0.021384
1.7814e+13  0  593.8  1.32708  0  0  1.32708  0  1.32708  0.0215017  0  0  0.0215017  0  0.0215017
1.7823e+13  0  594.1  1.32788  0  0  1.32788  0  1.32788  0.0216203  0  0  0.0216203  0  0.0216203
1.7832e+13  0  594.4  1.32869  0  0  1.32869  0  1.32869  0.02174  0  0  0.02174  0  0.02174
1.7841e+13  0  594.7  1.32949  0  0  1.32949  0  1.32949  0.0218606  0  0  0.0218606  0  0.0218606
1.785e+13  0  595  1.33031  0  0  1.33031  0  1.33031  0.0219823  0  0  0.0219823  0  0.0219823
1.7859e+13  0  595.3  1.33112  0  0  1.33112  0  1.33112  0.022105  0  0  0.022105  0  0.022105
1.7868e+13  0  595.6  1.33194  0  0  1.33194  0  1.33194  0.0222288  0  0  0.0222288  0  0.0222288
1.7877e+13  0  595.9  1.33277  0  0  1.33277  0  1.33277  0.0223536  0  0  0.0223536  0  0.0223536
1.7886e+13  0  596.2  1.3336  0  0  1.3336  0  1.3336  0.0224795  0  0  0.0224795  0  0.0224795
1.7895e+13  0  596.5  1.33444  0  0  1.33444  0  1.33444  0.0226065  0  0  0.0226065  0  0.0226065
1.7904e+13  0  596.8  1.33528  0  0  1.33528  0  1.33528  0.0227345  0  0  0.0227345  0  0.0227345
1.7913e+13  0  597.1  1.33612  0  0  1.33612  0  1.33612  0.0228637  0  0  0.0228637  0  0.0228637
1.7922e+13  0  597.4  1.33697  0  0  1.33697  0  1.33697  0.022994  0  0  0.022994  0  0.022994
1.7931e+13  0  597.7  1.33783  0  0  1.33783  0  1.33783  0.0231254  0  0  0.0231254  0  0.0231254
1.794e+13  0  598  1.33868  0  0  1.33868  0  1.33868  0.0232579  0  0  0.0232579  0  0.0232579
1.7949e+13  0  598.3  1.33955  0  0  1.33955  0  1.33955  0.0233917  0  0  0.0233917  0  0.0233917
1.7958e+13  0  598.6  1.34042  0  0  1.34042  0  1.34042  0.0235265  0  0  0.0235265  0  0.0235265
1.7967e+13  0  598.9  1.34129  0  0  1.34129  0  1.34129  0.0236626  0  0  0.0236626  0  0.0236626
1.7976e+13  0  599.2  1.34217  0  0  1.34217  0  1.34217  0.0237999  0  0  0.0237999  0  0.0237999
1.7985e+13  0  599.5  1.34306  0  0  1.34306  0  1.34306  0.0239384  0  0  0.0239384  0  0.0239384
1.7994e+13  0  599.8  1.34395  0  0  1.34395  0  1.34395  0.0240781  0  0  0.0240781  0  0.0240781
1.8003e+13  0  600.1  1.34484  0  0  1.34484  0  1.34484  0.0242191  0  0  0.0242191  0  0.0242191
1.8012e+13  0  600.4  1.34574  0  0  1.34574  0  1.34574  0.0243613  0  0  0.0243613  0  0.0243613
1.8021e+13  0  600.7  1.34665  0  0  1.34665  0  1.34665  0.0245048  0  0  0.0245048  0  0.0245048
1.803e+13  0  601  1.34756  0  0  1.34756  0  1.34756  0.0246496  0  0  0.0246496  0  0.0246496
1.8039e+13  0  601.3  1.34847  0  0  1.34847  0  1.34847  0.0247957  0  0  0.0247957  0  0.0247957
1.8048e+13  0  601.6  1.3494  0  0  1.3494  0  1.3494  0.0249432  0  0  0.0249432  0  0.0249432
1.8057e+13  0  601.9  1.35032  0  0  1.35032  0  1.35032  0.0250919  0  0  0.0250919  0  0.0250919
1.8066e+13  0  602.2  1.35126  0  0  1.35126  0  1.35126  0.025242  0  0  0.025242  0  0.025242
1.8075e+13  0  602.5  1.35219  0  0  1.35219  0  1.35219  0.0253935  0  0  0.0253935  0  0.0253935
1.8084e+13  0  602.8  1.35314  0  0  1.35314  0  1.35314  0.0255464  0  0  0.0255464  0  0.0255464
1.8093e+13  0  603.1  1.35409  0  0  1.35409  0  1.35409  0.0257007  0  0  0.0257007  0  0.0257007
1.8102e+13  0  603.4  1.35504  0  0  1.35504  0  1.35504  0.0258564  0  0  0.0258564  0  0.0258564
1.8111e+13  0  603.7  1.356  0  0  1.356  0  1.356  0.0260136  0  0  0.0260136  0  0.0260136
1.812e+13  0  604  1.35697  0  0  1.35697  0  1.35697  0.0261722  0  0  0.0261722  0  0.0261722
1.8129e+13  0  604.3  1.35794  0  0  1.35794  0  1.35794  0.0263323  0  0  0.0263323  0  0.0263323
1.8138e+13  0  604.6  1.35892  0  0  1.35892  0  1.35892  0.0264939  0  0  0.0264939  0  0.0264939
1.8147e+13  0  604.9  1.35991  0  0  1.35991  0  1.35991  0.026657  0  0  0.026657  0  0.026657
1.8156e+13  0  605.2  1.3609  0  0  1.3609  0  1.3609  0.0268216  0  0  0.0268216  0  0.0268216
1.8165e+13  0  605.5  1.36189  0  0  1.36189  0  1.36189  0.0269878  0  0  0.0269878  0  0.0269878
1.8174e+13  0  605.8  1.3629  0  0  1.3629  0  1.3629  0.0271556  0  0  0.0271556  0  0.0271556
1.8183e+13  0  606.1  1.36391  0  0  1.36391  0  1.36391  0.027325  0  0  0.027325  0  0.027325
1.8192e+13  0  606.4  1.36492  0  0  1.36492  0  1.36492  0.0274959  0  0  0.0274959  0  0.0274959
1.8201e+13  0  606.7  1.36594  0  0  1.36594  0  1.36594  0.0276686  0  0  0.0276686  0  0.0276686
1.821e+13  0  607  1.36697  0  0  1.36697  0  1.36697  0.0278428  0  0  0.0278428  0  0.0278428
1.8219e+13  0  607.3  1.36801  0  0  1.36801  0  1.36801  0.0280188  0  0  0.0280188  0  0.0280188
1.8228e+13  0  607.6  1.36905  0  0  1.36905  0  1.36905  0.0281964  0  0  0.0281964  0  0.0281964
1.8237e+13  0  607.9  1.3701  0  0  1.3701  0  1.3701  0.0283758  0  0  0.0283758  0  0.0283758
1.8246e+13  0  608.2  1.37115  0  0  1.37115  0  1.37115  0.028557  0  0  0.028557  0  0.028557
1.8255e+13  0  608.5  1.37221  0  0  1.37221  0  1.37221  0.0287399  0  0  0.0287399  0  0.0287399
1.8264e+13  0  608.8  1.37328  0  0  1.37328  0  1.37328  0.0289246  0  0  0.0289246  0  0.0289246
1.8273e+13  0  609.1  1.37436  0  0  1.37436  0  1.37436  0.0291111  0  0  0.0291111  0  0.0291111
1.8282e+13  0  609.4  1.37544  0  0  1.37544  0  1.37544  0.0292994  0  0  0.0292994  0  0.0292994
1.8291e+13  0  609.7  1.37653  0  0  1.37653  0  1.37653  0.0294896  0  0  0.0294896  0  0.0294896
1.83e+13  0  610  1.37763  0  0  1.37763  0  1.37763  0.0296817  0  0  0.0296817  0  0.0296817
1.8309e+13  0  610.3  1.37873  0  0  1.37873  0  1.37873  0.0298758  0  0  0.0298758  0  0.0298758
1.8318e+13  0  610.6  1.37984  0  0  1.37984  0  1.37984  0.0300717  0  0  0.0300717  0  0.0300717
1.8327e+13  0  610.9  1.38096  0  0  1.38096  0  1.38096  0.0302697  0  0  0.0302697  0  0.0302697
1.8336e+13  0  611.2  1.38208  0  0  1.38208  0  1.38208  0.0304696  0  0  0.0304696  0  0.0304696
1.8345e+13  0  611.5  1.38321  0  0  1.38321  0  1.38321  0.0306716  0  0  0.0306716  0  0.0306716
1.8354e+13  0  611.8  1.38435  0  0  1.38435  0  1.38435  0.0308756  0  0  0.0308756  0  0.0308756
1.8363e+13  0  612.1  1.3855  0  0  1.3855  0  1.3855  0.0310817  0  0  0.0310817  0  0.0310817
1.8372e+13  0  612.4  1.38666  0  0  1.38666  0  1.38666  0.0312898  0  0  0.0312898  0  0.0312898
1.8381e+13  0  612.7  1.38782  0  0  1.38782  0  1.38782  0.0315002  0  0  0.0315002  0  0.0315002
1.839e+13  0  613  1.38899  0  0  1.38899  0  1.38899  0.0317127  0  0  0.0317127  0  0.0317127
1.8399e+13  0  613.3  1.39017  0  0  1.39017  0  1.39017  0.0319274  0  0  0.0319274  0  0.0319274
1.8408e+13  0  613.6  1.39136  0  0  1.39136  0  1.39136  0.0321443  0  0  0.0321443  0  0.0321443
1.8417e+13  0  613.9  1.39255  0  0  1.39255  0  1.39255  0.0323635  0  0  0.0323635  0  0.0323635
1.8426e+13  0  614.2  1.39375  0  0  1.39375  0  1.39375  0.032585  0  0  0.032585  0  0.032585
1.8435e+13  0  614.5  1.39497  0  0  1.39497  0  1.39497  0.0328088  0  0  0.0328088  0  0.0328088
1.8444e+13  0  614.8  1.39619  0  0  1.39619  0  1.39619  0.0330349  0  0  0.0330349  0  0.0330349
1.8453e+13  0  615.1  1.39741  0  0  1.39741  0  1.39741  0.0332635  0  0  0.0332635  0  0.0332635
1.8462e+13  0  615.4  1.39865  0  0  1.39865  0  1.39865  0.0334944  0  0  0.0334944  0  0.0334944
1.8471e+13  0  615.7  1.39989  0  0  1.39989  0  1.39989  0.0337279  0  0  0.0337279  0  0.0337279
1.848e+13  0  616  1.40115  0  0  1.40115  0  1.40115  0.0339638  0  0  0.0339638  0  0.0339638
1.8489e+13  0  616.3  1.40241  0  0  1.40241  0  1.40241  0.0342023  0  0  0.0342023  0  0.0342023
1.8498e+13  0  616.6  1.40368  0  0  1.40368  0  1.40368  0.0344433  0  0  0.0344433  0  0.0344433
1.8507e+13  0  616.9  1.40496  0  0  1.40496  0  1.40496  0.034687  0  0  0.034687  0  0.034687
1.8516e+13  0  617.2  1.40625  0  0  1.40625  0  1.40625  0.0349332  0  0  0.0349332  0  0.0349332
1.8525e+13  0  617.5  1.40755  0  0  1.40755  0  1.40755  0.0351822  0  0  0.0351822  0  0.0351822
1.8534e+13  0  617.8  1.40885  0  0  1.40885  0  1.40885  0.0354339  0  0  0.0354339  0  0.0354339
1.8543e+13  0  618.1  1.41017  0  0  1.41017  0  1.41017  0.0356883  0  0  0.0356883  0  0.0356883
1.8552e+13  0  618.4  1.4115  0  0  1.4115  0  1.4115  0.0359456  0  0  0.0359456  0  0.0359456
1.8561e+13  0  618.7  1.41283  0  0  1.41283  0  1.41283  0.0362057  0  0  0.0362057  0  0.0362057
1.857e+13  0  619  1.41418  0  0  1.41418  0  1.41418  0.0364687  0  0  0.0364687  0  0.0364687
1.8579e+13  0  619.3  1.41553  0  0  1.41553  0  1.41553  0.0367346  0  0  0.0367346  0  0.0367346
1.8588e+13  0  619.6  1.4169  0  0  1.4169  0  1.4169  0.0370035  0  0  0.0370035  0  0.0370035
1.8597e+13  0  619.9  1.41827  0  0  1.41827  0  1.41827  0.0372755  0  0  0.0372755  0  0.0372755
1.8606e+13  0  620.2  1.41966  0  0  1.41966  0  1.41966  0.0375505  0  0  0.0375505  0  0.0375505
1.8615e+13  0  620.5  1.42105  0  0  1.42105  0  1.42105  0.0378286  0  0  0.0378286  0  0.0378286
1.8624e+13  0  620.8  1.42246  0  0  1.42246  0  1.42246  0.0381099  0  0  0.0381099  0  0.0381099
1.8633e+13  0  621.1  1.42387  0  0  1.42387  0  1.42387  0.0383944  0  0  0.0383944  0  0.0383944
1.8642e+13  0  621.4  1.4253  0  0  1.4253  0  1.4253  0.0386821  0  0  0.0386821  0  0.0386821
1.8651e+13  0  621.7  1.42674  0  0  1.42674  0  1.42674  0.0389732  0  0  0.0389732  0  0.0389732
1.866e+13  0  622  1.42818  0  0  1.42818  0  1.42818  0.0392676  0  0  0.0392676  0  0.0392676
1.8669e+13  0  622.3  1.42964  0  0  1.42964  0  1.42964  0.0395655  0  0  0.0395655  0  0.0395655
1.8678e+13  0  622.6  1.43111  0  0  1.43111  0  1.43111  0.0398668  0  0  0.0398668  0  0.0398668
1.8687e+13  0  622.9  1.43259  0  0  1.43259  0  1.43259  0.0401716  0  0  0.0401716  0  0.0401716
1.8696e+13  0  623.2  1.43408  0  0  1.43408  0  1.43408  0.0404801  0  0  0.0404801  0  0.0404801
1.8705e+13  0  623.5  1.43559  0  0  1.43559  0  1.43559  0.0407922  0  0  0.0407922  0  0.0407922
1.8714e+13  0  623.8  1.4371  0  0  1.4371  0  1.4371  0.0411079  0  0  0.0411079  0  0.0411079
1.8723e+13  0  624.1  1.43863  0  0  1.43863  0  1.43863  0.0414275  0  0  0.0414275  0  0.0414275
1.8732e+13  0  624.4  1.44016  0  0  1.44016  0  1.44016  0.0417508  0  0  0.0417508  0  0.0417508
1.8741e+13  0  624.7  1.44171  0  0  1.44171  0  1.44171  0.042078  0  0  0.042078  0  0.042078
1.875e+13  0  625  1.44328  0  0  1.44328  0  1.44328  0.0424092  0  0  0.0424092  0  0.0424092
1.8759e+13  0  625.3  1.44485  0  0  1.44485  0  1.44485  0.0427444  0  0  0.0427444  0  0.0427444
1.8768e+13  0  625.6  1.44644  0  0  1.44644  0  1.44644  0.0430836  0  0  0.0430836  0  0.0430836
1.8777e+13  0  625.9  1.44804  0  0  1.44804  0  1.44804  0.043427  0  0  0.043427  0  0.043427
1.8786e+13  0  626.2  1.44965  0  0  1.44965  0  1.44965  0.0437746  0  0  0.0437746  0  0.0437746
1.8795e+13  0  626.5  1.45127  0  0  1.45127  0  1.45127  0.0441265  0  0  0.0441265  0  0.0441265
1.8804e+13  0  626.8  1.45291  0  0  1.45291  0  1.45291  0.0444827  0  0  0.0444827  0  0.0444827
1.8813e+13  0  627.1  1.45456  0  0  1.45456  0  1.45456  0.0448434  0  0  0.0448434  0  0.0448434
1.8822e+13  0  627.4  1.45622  0  0  1.45622  0  1.45622  0.0452085  0  0  0.0452085  0  0.0452085
1.8831e+13  0  627.7  1.4579  0  0  1.4579  0  1.4579  0.0455783  0  0  0.0455783  0  0.0455783
1.884e+13  0  628  1.45959  0  0  1.45959  0  1.45959  0.0459526  0  0  0.0459526  0  0.0459526
1.8849e+13  0  628.3  1.46129  0  0  1.46129  0  1.46129  0.0463317  0  0  0.0463317  0  0.0463317
1.8858e+13  0  628.6  1.46301  0  0  1.46301  0  1.46301  0.0467157  0  0  0.0467157  0  0.0467157
1.8867e+13  0  628.9  1.46474  0  0  1.46474  0  1.46474  0.0471045  0  0  0.0471045  0  0.0471045
1.8876e+13  0  629.2  1.46649  0  0  1.46649  0  1.46649  0.0474983  0  0  0.0474983  0  0.0474983
1.8885e+13  0  629.5  1.46825  0  0  1.46825  0  1.46825  0.0478971  0  0  0.0478971  0  0.0478971
1.8894e+13  0  629.8  1.47003  0  0  1.47003  0  1.47003  0.0483011  0  0  0.0483011  0  0.0483011
1.8903e+13  0  630.1  1.47182  0  0  1.47182  0  1.47182  0.0487104  0  0  0.0487104  0  0.0487104
1.8912e+13  0  630.4  1.47362  0  0  1.47362  0  1.47362  0.049125  0  0  0.049125  0  0.049125
1.8921e+13  0  630.7  1.47544  0  0  1.47544  0  1.47544  0.049545  0  0  0.049545  0  0.049545
1.893e+13  0  631  1.47728  0  0  1.47728  0  1.47728  0.0499706  0  0  0.0499706  0  0.0499706
1.8939e+13  0  631.3  1.47913  0  0  1.47913  0  1.47913  0.0504018  0  0  0.0504018  0  0.0504018
1.8948e+13  0  631.6  1.481  0  0  1.481  0  1.481  0.0508387  0  0  0.0508387  0  0.0508387
1.8957e+13  0  631.9  1.48288  0  0  1.48288  0  1.48288  0.0512814  0  0  0.0512814  0  0.0512814
1.8966e+13  0  632.2  1.48478  0  0  1.48478  0  1.48478  0.0517301  0  0  0.0517301  0  0.0517301
1.8975e+13  0  632.5  1.4867  0  0  1.4867  0  1.4867  0.0521848  0  0  0.0521848  0  0.0521848
1.8984e+13  0  632.8  1.48863  0  0  1.48863  0  1.48863  0.0526457  0  0  0.0526457  0  0.0526457
1.8993e+13  0  633.1  1.49058  0  0  1.49058  0  1.49058  0.0531128  0  0  0.0531128  0  0.0531128
1.9002e+13  0  633.4  1.49254  0  0  1.49254  0  1.49254  0.0535863  0  0  0.0535863  0  0.0535863
1.9011e+13  0  633.7  1.49453  0  0  1.49453  0  1.49453  0.0540664  0  0  0.0540664  0  0.0540664
1.902e+13  0  634  1.49653  0  0  1.49653  0  1.49653  0.054553  0  0  0.054553  0  0.054553
1.9029e+13  0  634.3  1.49855  0  0  1.49855  0  1.49855  0.0550464  0  0  0.0550464  0  0.0550464
1.9038e+13  0  634.6  1.50058  0  0  1.50058  0  1.50058  0.0555466  0  0  0.0555466  0  0.0555466
1.9047e+13  0  634.9  1.50264  0  0  1.50264  0  1.50264  0.0560539  0  0  0.0560539  0  0.0560539
1.9056e+13  0  635.2  1.50471  0  0  1.50471  0  1.50471  0.0565683  0  0  0.0565683  0  0.0565683
1.9065e+13  0  635.5  1.5068  0  0  1.5068  0  1.5068  0.0570899  0  0  0.0570899  0  0.0570899
1.9074e+13  0  635.8  1.50891  0  0  1.50891  0  1.50891  0.057619  0  0  0.057619  0  0.057619
1.9083e+13  0  636.1  1.51104  0  0  1.51104  0  1.51104  0.0581556  0  0  0.0581556  0  0.0581556
1.9092e+13  0  636.4  1.51319  0  0  1.51319  0  1.51319  0.0586999  0  0  0.0586999  0  0.0586999
1.9101e+13  0  636.7  1.51536  0  0  1.51536  0  1.51536  0.0592521  0  0  0.0592521  0  0.0592521
1.911e+13  0  637  1.51755  0  0  1.51755  0  1.51755  0.0598123  0  0  0.0598123  0  0.0598123
1.9119e+13  0  637.3  1.51976  0  0  1.51976  0  1.51976  0.0603806  0  0  0.0603806  0  0.0603806
1.9128e+13  0  637.6  1.52199  0  0  1.52199  0  1.52199  0.0609572  0  0  0.0609572  0  0.0609572
1.9137e+13  0  637.9  1.52424  0  0  1.52424  0  1.52424  0.0615423  0  0  0.0615423  0  0.0615423
1.9146e+13  0  638.2  1.52652  0  0  1.52652  0  1.52652  0.0621361  0  0  0.0621361  0  0.0621361
1.9155e+13  0  638.5  1.52881  0  0  1.52881  0  1.52881  0.0627387  0  0  0.0627387  0  0.0627387
1.9164e+13  0  638.8  1.53112  0  0  1.53112  0  1.53112  0.0633503  0  0  0.0633503  0  0.0633503
1.9173e+13  0  639.1  1.53346  0  0  1.53346  0  1.53346  0.0639711  0  0  0.0639711  0  0.0639711
1.9182e+13  0  639.4  1.53582  0  0  1.53582  0  1.53582  0.0646012  0  0  0.0646012  0  0.0646012
1.9191e+13  0  639.7  1.5382  0  0  1.5382  0  1.5382  0.0652409  0  0  0.0652409  0  0.0652409
1.92e+13  0  640  1.54061  0  0  1.54061  0  1.54061  0.0658904  0  0  0.0658904  0  0.0658904
1.9209e+13  0  640.3  1.54304  0  0  1.54304  0  1.54304  0.0665498  0  0  0.0665498  0  0.0665498
1.9218e+13  0  640.6  1.54549  0  0  1.54549  0  1.54549  0.0672194  0  0  0.0672194  0  0.0672194
1.9227e+13  0  640.9  1.54797  0  0  1.54797  0  1.54797  0.0678993  0  0  0.0678993  0  0.0678993
1.9236e+13  0  641.2  1.55047  0  0  1.55047  0  1.55047  0.0685899  0  0  0.0685899  0  0.0685899
1.9245e+13  0  641.5  1.553  0  0  1.553  0  1.553  0.0692912  0  0  0.0692912  0  0.0692912
1.9254e+13  0  641.8  1.55555  0  0  1.55555  0  1.55555  0.0700037  0  0  0.0700037  0  0.0700037
1.9263e+13  0  642.1  1.55812  0  0  1.55812  0  1.55812  0.0707274  0  0  0.0707274  0  0.0707274
1.9272e+13  0  642.4  1.56073  0  0  1.56073  0  1.56073  0.0714626  0  0  0.0714626  0  0.0714626
1.9281e+13  0  642.7  1.56336  0  0  1.56336  0  1.56336  0.0722096  0  0  0.0722096  0  0.0722096
1.929e+13  0  643  1.56601  0  0  1.56601  0  1.56601  0.0729686  0  0  0.0729686  0  0.0729686
1.9299e+13  0  643.3  1.56869  0  0  1.56869  0  1.56869  0.0737399  0  0  0.0737399  0  0.0737399
1.9308e+13  0  643.6  1.5714  0  0  1.5714  0  1.5714  0.0745237  0  0  0.0745237  0  0.0745237
1.9317e+13  0  643.9  1.57414  0  0  1.57414  0  1.57414  0.0753204  0  0  0.0753204  0  0.0753204
1.9326e+13  0  644.2  1.57691  0  0  1.57691  0  1.57691  0.0761302  0  0  0.0761302  0  0.0761302
1.9335e+13  0  644.5  1.5797  0  0  1.5797  0  1.5797  0.0769535  0  0  0.0769535  0  0.0769535
1.9344e+13  0  644.8  1.58253  0  0  1.58253  0  1.58253  0.0777904  0  0  0.0777904  0  0.0777904
1.9353e+13  0  645.1  1.58538  0  0  1.58538  0  1.58538  0.0786413  0  0  0.0786413  0  0.0786413
1.9362e+13  0  645.4  1.58827  0  0  1.58827  0  1.58827  0.0795066  0  0  0.0795066  0  0.0795066
1.9371e+13  0  645.7  1.59118  0  0  1.59118  0  1.59118  0.0803865  0  0  0.0803865  0  0.0803865
1.938e+13  0  646  1.59413  0  0  1.59413  0  1.59413  0.0812814  0  0  0.0812814  0  0.0812814
1.9389e+13  0  646.3  1.59711  0  0  1.59711  0  1.59711  0.0821917  0  0  0.0821917  0  0.0821917
1.9398e+13  0  646.6  1.60012  0  0  1.60012  0  1.60012  0.0831176  0  0  0.0831176  0  0.0831176
1.9407e+13  0  646.9  1.60316  0  0  1.60316  0  1.60316  0.0840596  0  0  0.0840596  0  0.0840596
1.9416e+13  0  647.2  1.60624  0  0  1.60624  0  1.60624  0.0850181  0  0  0.0850181  0  0.0850181
1.9425e+13  0  647.5  1.60935  0  0  1.60935  0  1.60935  0.0859933  0  0  0.0859933  0  0.0859933
1.9434e+13  0  647.8  1.61249  0  0  1.61249  0  1.61249  0.0869858  0  0  0.0869858  0  0.0869858
1.9443e+13  0  648.1  1.61567  0  0  1.61567  0  1.61567  0.0879959  0  0  0.0879959  0  0.0879959
1.9452e+13  0  648.4  1.61889  0  0  1.61889  0  1.61889  0.0890241  0  0  0.0890241  0  0.0890241
1.9461e+13  0  648.7  1.62214  0  0  1.62214  0  1.62214  0.0900707  0  0  0.0900707  0  0.0900707
1.947e+13  0  649  1.62543  0  0  1.62543  0  1.62543  0.0911363  0  0  0.0911363  0  0.0911363
1.9479e+13  0  649.3  1.62875  0  0  1.62875  0  1.62875  0.0922213  0  0  0.0922213  0  0.0922213
1.9488e+13  0  649.6  1.63211  0  0  1.63211  0  1.63211  0.0933261  0  0  0.0933261  0  0.0933261
1.9497e+13  0  649.9  1.63551  0  0  1.63551  0  1.63551  0.0944513  0  0  0.0944513  0  0.0944513
1.9506e+13  0  650.2  1.63896  0  0  1.63896  0  1.63896  0.0955974  0  0  0.0955974  0  0.0955974
1.9515e+13  0  650.5  1.64244  0  0  1.64244  0  1.64244  0.0967648  0  0  0.0967648  0  0.0967648
1.9524e+13  0  650.8  1.64596  0  0  1.64596  0  1.64596  0.0979542  0  0  0.0979542  0  0.0979542
1.9533e+13  0  651.1  1.64952  0  0  1.64952  0  1.64952  0.0991661  0  0  0.0991661  0  0.0991661
1.9542e+13  0  651.4  1.65312  0  0  1.65312  0  1.65312  0.100401  0  0  0.100401  0  0.100401
1.9551e+13  0  651.7  1.65677  0  0  1.65677  0  1.65677  0.10166  0  0  0.10166  0  0.10166
1.956e+13  0  652  1.66046  0  0  1.66046  0  1.66046  0.102942  0  0  0.102942  0  0.102942
1.9569e+13  0  652.3  1.6642  0  0  1.6642  0  1.6642  0.10425  0  0  0.10425  0  0.10425
1.9578e+13  0  652.6  1.66798  0  0  1.66798  0  1.66798  0.105583  0  0  0.105583  0  0.105583
1.9587e+13  0  652.9  1.6718  0  0  1.6718  0  1.6718  0.106943  0  0  0.106943  0  0.106943
1.9596e+13  0  653.2  1.67567  0  0  1.67567  0  1.67567  0.108329  0  0  0.108329  0  0.108329
1.9605e+13  0  653.5  1.67959  0  0  1.67959  0  1.67959  0.109743  0  0  0.109743  0  0.109743
1.9614e+13  0  653.8  1.68356  0  0  1.68356  0  1.68356  0.111185  0  0  0.111185  0  0.111185
1.9623e+13  0  654.1  1.68758  0  0  1.68758  0  1.68758  0.112656  0  0  0.112656  0  0.112656
1.9632e+13  0  654.4  1.69165  0  0  1.69165  0  1.69165  0.114158  0  0  0.114158  0  0.114158
1.9641e+13  0  654.7  1.69576  0  0  1.69576  0  1.69576  0.11569  0  0  0.11569  0  0.11569
1.965e+13  0  655  1.69994  0  0  1.69994  0  1.69994  0.117253  0  0  0.117253  0  0.117253
1.9659e+13  0  655.3  1.70416  0  0  1.70416  0  1.70416  0.118849  0  0  0.118849  0  0.118849
1.9668e+13  0  655.6  1.70844  0  0  1.70844  0  1.70844  0.120479  0  0  0.120479  0  0.120479
1.9677e+13  0  655.9  1.71277  0  0  1.71277  0  1.71277  0.122142  0  0  0.122142  0  0.122142
1.9686e+13  0  656.2  1.71716  0  0  1.71716  0  1.71716  0.123841  0  0  0.123841  0  0.123841
1.9695e+13  0  656.5  1.7216  0  0  1.7216  0  1.7216  0.125576  0  0  0.125576  0  0.125576
1.9704e+13  0  656.8  1.72611  0  0  1.72611  0  1.72611  0.127348  0  0  0.127348  0  0.127348
1.9713e+13  0  657.1  1.73067  0  0  1.73067  0  1.73067  0.129159  0  0  0.129159  0  0.129159
1.9722e+13  0  657.4  1.73529  0  0  1.73529  0  1.73529  0.131009  0  0  0.131009  0  0.131009
1.9731e+13  0  657.7  1.73998  0  0  1.73998  0  1.73998  0.1329  0  0  0.1329  0  0.1329
1.974e+13  0  658  1.74472  0  0  1.74472  0  1.74472  0.134832  0  0  0.134832  0  0.134832
1.9749e+13  0  658.3  1.74954  0  0  1.74954  0  1.74954  0.136808  0  0  0.136808  0  0.136808
1.9758e+13  0  658.6  1.75441  0  0  1.75441  0  1.75441  0.138828  0  0  0.138828  0  0.138828
1.9767e+13  0  658.9  1.75936  0  0  1.75936  0  1.75936  0.140894  0  0  0.140894  0  0.140894
1.9776e+13  0  659.2  1.76437  0  0  1.76437  0  1.76437  0.143006  0  0  0.143006  0  0.143006
1.9785e+13  0  659.5  1.76945  0  0  1.76945  0  1.76945  0.145167  0  0  0.145167  0  0.145167
1.9794e+13  0  659.8  1.7746  0  0  1.7746  0  1.7746  0.147378  0  0  0.147378  0  0.147378
1.9803e+13  0  660.1  1.77982  0  0  1.77982  0  1.77982  0.149641  0  0  0.149641  0  0.149641
1.9812e+13  0  660.4  1.78512  0  0  1.78512  0  1.78512  0.151957  0  0  0.151957  0  0.151957
1.9821e+13  0  660.7  1.79049  0  0  1.79049  0  1.79049  0.154327  0  0  0.154327  0  0.154327
1.983e+13  0  661  1.79593  0  0  1.79593  0  1.79593  0.156754  0  0  0.156754  0  0.156754
1.9839e+13  0  661.3  1.80146  0  0  1.80146  0  1.80146  0.15924  0  0  0.15924  0  0.15924
1.9848e+13  0  661.6  1.80706  0  0  1.80706  0  1.80706  0.161785  0  0  0.161785  0  0.161785
1.9857e+13  0  661.9  1.81275  0  0  1.81275  0  1.81275  0.164393  0  0  0.164393  0  0.164393
1.9866e+13  0  662.2  1.81852  0  0  1.81852  0  1.81852  0.167064  0  0  0.167064  0  0.167064
1.9875e+13  0  662.5  1.82437  0  0  1.82437  0  1.82437  0.169802  0  0  0.169802  0  0.169802
1.9884e+13  0  662.8  1.83031  0  0  1.83031  0  1.83031  0.172609  0  0  0.172609  0  0.172609
1.9893e+13  0  663.1  1.83634  0  0  1.83634  0  1.83634  0.175486  0  0  0.175486  0  0.175486
1.9902e+13  0  663.4  1.84245  0  0  1.84245  0  1.84245  0.178436  0  0  0.178436  0  0.178436
1.9911e+13  0  663.7  1.84866  0  0  1.84866  0  1.84866  0.181462  0  0  0.181462  0  0.181462
1.992e+13  0  664  1.85497  0  0  1.85497  0  1.85497  0.184566  0  0  0.184566  0  0.184566
1.9929e+13  0  664.3  1.86137  0  0  1.86137  0  1.86137  0.187751  0  0  0.187751  0  0.187751
1.9938e+13  0  664.6  1.86786  0  0  1.86786  0  1.86786  0.191019  0  0  0.191019  0  0.191019
1.9947e+13  0  664.9  1.87446  0  0  1.87446  0  1.87446  0.194374  0  0  0.194374  0  0.194374
1.9956e+13  0  665.2  1.88115  0  0  1.88115  0  1.88115  0.197819  0  0  0.197819  0  0.197819
1.9965e+13  0  665.5  1.88796  0  0  1.88796  0  1.88796  0.201356  0  0  0.201356  0  0.201356
1.9974e+13  0  665.8  1.89486  0  0  1.89486  0  1.89486  0.204989  0  0  0.204989  0  0.204989
1.9983e+13  0  666.1  1.90188  0  0  1.90188  0  1.90188  0.208722  0  0  0.208722  0  0.208722
1.9992e+13  0  666.4  1.90901  0  0  1.90901  0  1.90901  0.212558  0  0  0.212558  0  0.212558
2.0001e+13  0  666.7  1.91625  0  0  1.91625  0  1.91625  0.216501  0  0  0.216501  0  0.216501
2.001e+13  0  667  1.92361  0  0  1.92361  0  1.92361  0.220555  0  0  0.220555  0  0.220555
2.0019e+13  0  667.3  1.93108  0  0  1.93108  0  1.93108  0.224723  0  0  0.224723  0  0.224723
2.0028e+13  0  667.6  1.93868  0  0  1.93868  0  1.93868  0.229011  0  0  0.229011  0  0.229011
2.0037e+13  0  667.9  1.94639  0  0  1.94639  0  1.94639  0.233423  0  0  0.233423  0  0.233423
2.0046e+13  0  668.2  1.95424  0  0  1.95424  0  1.95424  0.237963  0  0  0.237963  0  0.237963
2.0055e+13  0  668.5  1.96221  0  0  1.96221  0  1.96221  0.242637  0  0  0.242637  0  0.242637
2.0064e+13  0  668.8  1.97031  0  0  1.97031  0  1.97031  0.24745  0  0  0.24745  0  0.24745
2.0073e+13  0  669.1  1.97855  0  0  1.97855  0  1.97855  0.252406  0  0  0.252406  0  0.252406
2.0082e+13  0  669.4  1.98693  0  0  1.98693  0  1.98693  0.257512  0  0  0.257512  0  0.257512
2.0091e+13  0  669.7  1.99544  0  0  1.99544  0  1.99544  0.262774  0  0  0.262774  0  0.262774
2.01e+13  0  670  2.0041  0  0  2.0041  0  2.0041  0.268198  0  0  0.268198  0  0.268198
2.0109e+13  0  670.3  2.0129  0  0  2.0129  0  2.0129  0.27379  0  0  0.27379  0  0.27379
2.0118e+13  0  670.6  2.02185  0  0  2.02185  0  2.02185  0.279557  0  0  0.279557  0  0.279557
2.0127e+13  0  670.9  2.03096  0  0  2.03096  0  2.03096  0.285507  0  0  0.285507  0  0.285507
2.0136e+13  0  671.2  2.04022  0  0  2.04022  0  2.04022  0.291647  0  0  0.291647  0  0.291647
2.0145e+13  0  671.5  2.04963  0  0  2.04963  0  2.04963  0.297985  0  0  0.297985  0  0.297985
2.0154e+13  0  671.8  2.05921  0  0  2.05921  0  2.05921  0.30453  0  0  0.30453  0  0.30453
2.0163e+13  0  672.1  2.06895  0  0  2.06895  0  2.06895  0.311289  0  0  0.311289  0  0.311289
2.0172e+13  0  672.4  2.07886  0  0  2.07886  0  2.07886  0.318273  0  0  0.318273  0  0.318273
2.0181e+13  0  672.7  2.08894  0  0  2.08894  0  2.08894  0.325491  0  0  0.325491  0  0.325491
2.019e+13  0  673  2.0992  0  0  2.0992  0  2.0992  0.332954  0  0  0.332954  0  0.332954
2.0199e+13  0  673.3  2.10963  0  0  2.10963  0  2.10963  0.340671  0  0  0.340671  0  0.340671
2.0208e+13  0  673.6  2.12024  0  0  2.12024  0  2.12024  0.348654  0  0  0.348654  0  0.348654
2.0217e+13  0  673.9  2.13104  0  0  2.13104  0  2.13104  0.356916  0  0  0.356916  0  0.356916
2.0226e+13  0  674.2  2.14202  0  0  2.14202  0  2.14202  0.365468  0  0  0.365468  0  0.365468
2.0235e+13  0  674.5  2.15319  0  0  2.15319  0  2.15319  0.374325  0  0  0.374325  0  0.374325
2.0244e+13  0  674.8  2.16456  0  0  2.16456  0  2.16456  0.383499  0  0  0.383499  0  0.383499
2.0253e+13  0  675.1  2.17612  0  0  2.17612  0  2.17612  0.393006  0  0  0.393006  0  0.393006
2.0262e+13  0  675.4  2.18787  0  0  2.18787  0  2.18787  0.402861  0  0  0.402861  0  0.402861
2.0271e+13  0  675.7  2.19983  0  0  2.19983  0  2.19983  0.41308  0  0  0.41308  0  0.41308
2.028e+13  0  676  2.21199  0  0  2.21199  0  2.21199  0.423681  0  0  0.423681  0  0.423681
2.0289e+13  0  676.3  2.22436  0  0  2.22436  0  2.22436  0.434682  0  0  0.434682  0  0.434682
2.0298e+13  0  676.6  2.23693  0  0  2.23693  0  2.23693  0.446102  0  0  0.446102  0  0.446102
2.0307e+13  0  676.9  2.24971  0  0  2.24971  0  2.24971  0.457961  0  0  0.457961  0  0.457961
2.0316e+13  0  677.2  2.2627  0  0  2.2627  0  2.2627  0.470281  0  0  0.470281  0  0.470281
2.0325e+13  0  677.5  2.27589  0  0  2.27589  0  2.27589  0.483084  0  0  0.483084  0  0.483084
2.0334e+13  0  677.8  2.2893  0  0  2.2893  0  2.2893  0.496395  0  0  0.496395  0  0.496395
2.0343e+13  0  678.1  2.30292  0  0  2.30292  0  2.30292  0.510239  0  0  0.510239  0  0.510239
2.0352e+13  0  678.4  2.31674  0  0  2.31674  0  2.31674  0.524642  0  0  0.524642  0  0.524642
2.0361e+13  0  678.7  2.33077  0  0  2.33077  0  2.33077  0.539632  0  0  0.539632  0  0.539632
2.037e+13  0  679  2.34501  0  0  2.34501  0  2.34501  0.55524  0  0  0.55524  0  0.55524
2.0379e+13  0  679.3  2.35944  0  0  2.35944  0  2.35944  0.571498  0  0  0.571498  0  0.571498
2.0388e+13  0  679.6  2.37407  0  0  2.37407  0  2.37407  0.588437  0  0  0.588437  0  0.588437
2.0397e+13  0  679.9  2.38889  0  0  2.38889  0  2.38889  0.606094  0  0  0.606094  0  0.606094
2.0406e+13  0  680.2  2.40389  0  0  2.40389  0  2.40389  0.624506  0  0  0.624506  0  0.624506
2.0415e+13  0  680.5  2.41907  0  0  2.41907  0  2.41907  0.643712  0  0  0.643712  0  0.643712
2.0424e+13  0  680.8  2.4344  0  0  2.4344  0  2.4344  0.663753  0  0  0.663753  0  0.663753
2.0433e+13  0  681.1  2.44989  0  0  2.44989  0  2.44989  0.684674  0  0  0.684674  0  0.684674
2.0442e+13  0  681.4  2.4655  0  0  2.4655  0  2.4655  0.70652  0  0  0.70652  0  0.70652
2.0451e+13  0  681.7  2.48123  0  0  2.48123  0  2.48123  0.729339  0  0  0.729339  0  0.729339
2.046e+13  0  682  2.49706  0  0  2.49706  0  2.49706  0.753184  0  0  0.753184  0  0.753184
2.0469e+13  0  682.3  2.51296  0  0  2.51296  0  2.51296  0.778107  0  0  0.778107  0  0.778107
2.0478e+13  0  682.6  2.52889  0  0  2.52889  0  2.52889  0.804166  0  0  0.804166  0  0.804166
2.0487e+13  0  682.9  2.54484  0  0  2.54484  0  2.54484  0.831419  0  0  0.831419  0  0.831419
2.0496e+13  0  683.2  2.56076  0  0  2.56076  0  2.56076  0.859927  0  0  0.859927  0  0.859927
2.0505e+13  0  683.5  2.57662  0  0  2.57662  0  2.57662  0.889757  0  0  0.889757  0  0.889757
2.0514e+13  0  683.8  2.59236  0  0  2.59236  0  2.59236  0.920974  0  0  0.920974  0  0.920974
2.0523e+13  0  684.1  2.60792  0  0  2.60792  0  2.60792  0.953649  0  0  0.953649  0  0.953649
2.0532e+13  0  684.4  2.62326  0  0  2.62326  0  2.62326  0.987854  0  0  0.987854  0  0.987854
2.0541e+13  0  684.7  2.63829  0  0  2.63829  0  2.63829  1.02366  0  0  1.02366  0  1.02366
2.055e+13  0  685  2.65294  0  0  2.65294  0  2.65294  1.06115  0  0  1.06115  0  1.06115
2.0559e+13  0  685.3  2.66713  0  0  2.66713  0  2.66713  1.1004  0  0  1.1004  0  1.1004
2.0568e+13  0  685.6  2.68074  0  0  2.68074  0  2.68074  1.14149  0  0  1.14149  0  1.14149
2.0577e+13  0  685.9  2.69368  0  0  2.69368  0  2.69368  1.18449  0  0  1.18449  0  1.18449
2.0586e+13  0  686.2  2.70581  0  0  2.70581  0  2.70581  1.22949  0  0  1.22949  0  1.22949
2.0595e+13  0  686.5  2.71701  0  0  2.71701  0  2.71701  1.27656  0  0  1.27656  0  1.27656
2.0604e+13  0  686.8  2.7271  0  0  2.7271  0  2.7271  1.32578  0  0  1.32578  0  1.32578
2.0613e+13  0  687.1  2.73593  0  0  2.73593  0  2.73593  1.37721  0  0  1.37721  0  1.37721
2.0622e+13  0  687.4  2.7433  0  0  2.7433  0  2.7433  1.43091  0  0  1.43091  0  1.43091
2.0631e+13  0  687.7  2.74901  0  0  2.74901  0  2.74901  1.48695  0  0  1.48695  0  1.48695
2.064e+13  0  688  2.75282  0  0  2.75282  0  2.75282  1.54535  0  0  1.54535  0  1.54535
2.0649e+13  0  688.3  2.75449  0  0  2.75449  0  2.75449  1.60616  0  0  1.60616  0  1.60616
2.0658e+13  0  688.6  2.75374  0  0  2.75374  0  2.75374  1.66937  0  0  1.66937  0  1.66937
2.0667e+13  0  688.9  2.75028  0  0  2.75028  0  2.75028  1.73498  0  0  1.73498  0  1.73498
2.0676e+13  0  689.2  2.7438  0  0  2.7438  0  2.7438  1.80295  0  0  1.80295  0  1.80295
2.0685e+13  0  689.5  2.73396  0  0  2.73396  0  2.73396  1.8732  0  0  1.8732  0  1.8732
2.0694e+13  0  689.8  2.72041  0  0  2.72041  0  2.72041  1.94562  0  0  1.94562  0  1.94562
2.0703e+13  0  690.1  2.70277  0  0  2.70277  0  2.70277  2.02007  0  0  2.02007  0  2.02007
2.0712e+13  0  690.4  2.68066  0  0  2.68066  0  2.68066  2.09634  0  0  2.09634  0  2.09634
2.0721e+13  0  690.7  2.6537  0  0  2.6537  0  2.6537  2.17418  0  0  2.17418  0  2.17418
2.073e+13  0  691  2.6215  0  0  2.6215  0  2.6215  2.25326  0  0  2.25326  0  2.25326
2.0739e+13  0  691.3  2.58368  0  0  2.58368  0  2.58368  2.33322  0  0  2.33322  0  2.33322
2.0748e+13  0  691.6  2.53987  0  0  2.53987  0  2.53987  2.41358  0  0  2.41358  0  2.41358
2.0757e+13  0  691.9  2.48975  0  0  2.48975  0  2.48975  2.49383  0  0  2.49383  0  2.49383
2.0766e+13  0  692.2  2.43304  0  0  2.43304  0  2.43304  2.57337  0  0  2.57337  0  2.57337
2.0775e+13  0  692.5  2.36953  0  0  2.36953  0  2.36953  2.65152  0  0  2.65152  0  2.65152
2.0784e+13  0  692.8  2.29905  0  0  2.29905  0  2.29905  2.72754  0  0  2.72754  0  2.72754
2.0793e+13  0  693.1  2.22158  0  0  2.22158  0  2.22158  2.80065  0  0  2.80065  0  2.80065
2.0802e+13  0  693.4  2.13716  0  0  2.13716  0  2.13716  2.86999  0  0  2.86999  0  2.86999
2.0811e+13  0  693.7  2.04598  0  0  2.04598  0  2.04598  2.93471  0  0  2.93471  0  2.93471
2.082e+13  0  694  1.94836  0  0  1.94836  0  1.94836  2.99392  0  0  2.99392  0  2.99392
2.0829e+13  0  694.3  1.84476  0  0  1.84476  0  1.84476  3.04678  0  0  3.04678  0  3.04678
2.0838e+13  0  694.6  1.73577  0  0  1.73577  0  1.73577  3.09247  0  0  3.09247  0  3.09247
2.0847e+13  0  694.9  1.62213  0  0  1.62213  0  1.62213  3.13027  0  0  3.13027  0  3.13027
2.0856e+13  0  695.2  1.50469  0  0  1.50469  0  1.50469  3.15953  0  0  3.15953  0  3.15953
2.0865e+13  0  695.5  1.38444  0  0  1.38444  0  1.38444  3.17976  0  0  3.17976  0  3.17976
2.0874e+13  0  695.8  1.2624  0  0  1.2624  0  1.2624  3.1906  0  0  3.1906  0  3.1906
2.0883e+13  0  696.1  1.1397  0  0  1.1397  0  1.1397  3.19186  0  0  3.19186  0  3.19186
2.0892e+13  0  696.4  1.01744  0  0  1.01744  0  1.01744  3.18351  0  0  3.18351  0  3.18351
2.0901e+13  0  696.7  0.896749  0  0  0.896749  0  0.896749  3.16572  0  0  3.16572  0  3.16572
2.091e+13  0  697  0.778676  0  0  0.778676  0  0.778676  3.13881  0  0  3.13881  0  3.13881
2.0919e+13  0  697.3  0.664212  0  0  0.664212  0  0.664212  3.10325  0  0  3.10325  0  3.10325
2.0928e+13  0  697.6  0.55424  0  0  0.55424  0  0.55424  3.05965  0  0  3.05965  0  3.05965
2.0937e+13  0  697.9  0.449525  0  0  0.449525  0  0.449525  3.00872  0  0  3.00872  0  3.00872
2.0946e+13  0  698.2  0.350693  0  0  0.350693  0  0.350693  2.95126  0  0  2.95126  0  2.95126
2.0955e+13  0  698.5  0.258233  0  0  0.258233  0  0.258233  2.88813  0  0  2.88813  0  2.88813
2.0964e+13  0  698.8  0.17249  0  0  0.17249  0  0.17249  2.82018  0  0  2.82018  0  2.82018
2.0973e+13  0  699.1  0.0936751  0  0  0.0936751  0  0.0936751  2.74829  0  0  2.74829  0  2.74829
2.0982e+13  0  699.4  0.0218734  0  0  0.0218734  0  0.0218734  2.6733  0  0  2.6733  0  2.6733
2.0991e+13  0  699.7  -0.0429424  0  0  -0.0429424  0  -0.0429424  2.59603  0  0  2.59603  0  2.59603
2.1e+13  0  700  -0.100897  0  0  -0.100897  0  -0.100897  2.51723  0  0  2.51723  0  2.51723
2.1009e+13  0  700.3  -0.152195  0  0  -0.152195  0  -0.152195  2.43757  0  0  2.43757  0  2.43757
2.1018e+13  0  700.6  -0.197107  0  0  -0.197107  0  -0.197107  2.35768  0  0  2.35768  0  2.35768
2.1027e+13  0  700.9  -0.235951  0  0  -0.235951  0  -0.235951  2.27811  0  0  2.27811  0  2.27811
2.1036e+13  0  701.2  -0.269081  0  0  -0.269081  0  -0.269081  2.19931  0  0  2.19931  0  2.19931
2.1045e+13  0  701.5  -0.296873  0  0  -0.296873  0  -0.296873  2.12168  0  0  2.12168  0  2.12168
2.1054e+13  0  701.8  -0.319714  0  0  -0.319714  0  -0.319714  2.04557  0  0  2.04557  0  2.04557
2.1063e+13  0  702.1  -0.337994  0  0  -0.337994  0  -0.337994  1.97123  0  0  1.97123  0  1.97123
2.1072e+13  0  702.4  -0.352096  0  0  -0.352096  0  -0.352096  1.89888  0  0  1.89888  0  1.89888
2.1081e+13  0  702.7  -0.362393  0  0  -0.362393  0  -0.362393  1.82868  0  0  1.82868  0  1.82868
2.109e+13  0  703  -0.369244  0  0  -0.369244  0  -0.369244  1.76074  0  0  1.76074  0  1.76074
2.1099e+13  0  703.3  -0.372988  0  0  -0.372988  0  -0.372988  1.69515  0  0  1.69515  0  1.69515
2.1108e+13  0  703.6  -0.373945  0  0  -0.373945  0  -0.373945  1.63196  0  0  1.63196  0  1.63196
2.1117e+13  0  703.9  -0.372412  0  0  -0.372412  0  -0.372412  1.57118  0  0  1.57118  0  1.57118
2.1126e+13  0  704.2  -0.368666  0  0  -0.368666  0  -0.368666  1.5128  0  0  1.5128  0  1.5128
2.1135e+13  0  704.5  -0.36296  0  0  -0.36296  0  -0.36296  1.45681  0  0  1.45681  0  1.45681
2.1144e+13  0  704.8  -0.355528  0  0  -0.355528  0  -0.355528  1.40315  0  0  1.40315  0  1.40315
2.1153e+13  0  705.1  -0.346583  0  0  -0.346583  0  -0.346583  1.3518  0  0  1.3518  0  1.3518
2.1162e+13  0  705.4  -0.336317  0  0  -0.336317  0  -0.336317  1.30267  0  0  1.30267  0  1.30267
2.1171e+13  0  705.7  -0.324905  0  0  -0.324905  0  -0.324905  1.25571  0  0  1.25571  0  1.25571
2.118e+13  0  706  -0.312505  0  0  -0.312505  0  -0.312505  1.21083  0  0  1.21083  0  1.21083
2.1189e+13  0  706.3  -0.299259  0  0  -0.299259  0  -0.299259  1.16798  0  0  1.16798  0  1.16798
2.1198e+13  0  706.6  -0.285293  0  0  -0.285293  0  -0.285293  1.12706  0  0  1.12706  0  1.12706
2.1207e+13  0  706.9  -0.270723  0  0  -0.270723  0  -0.270723  1.088  0  0  1.088  0  1.088
2.1216e+13  0  707.2  -0.255649  0  0  -0.255649  0  -0.255649  1.05073  0  0  1.05073  0  1.05073
2.1225e+13  0  707.5  -0.240161  0  0  -0.240161  0  -0.240161  1.01515  0  0  1.01515  0  1.01515
2.1234e+13  0  707.8  -0.224341  0  0  -0.224341  0  -0.224341  0.981202  0  0  0.981202  0  0.981202
2.1243e+13  0  708.1  -0.20826  0  0  -0.20826  0  -0.20826  0.948805  0  0  0.948805  0  0.948805
2.1252e+13  0  708.4  -0.191979  0  0  -0.191979  0  -0.191979  0.917886  0  0  0.917886  0  0.917886
2.1261e+13  0  708.7  -0.175556  0  0  -0.175556  0  -0.175556  0.888376  0  0  0.888376  0  0.888376
2.127e+13  0  709  -0.159039  0  0  -0.159039  0  -0.159039  0.860207  0  0  0.860207  0  0.860207
2.1279e+13  0  709.3  -0.142471  0  0  -0.142471  0  -0.142471  0.833313  0  0  0.833313  0  0.833313
2.1288e+13  0  709.6  -0.125889  0  0  -0.125889  0  -0.125889  0.807634  0  0  0.807634  0  0.807634
2.1297e+13  0  709.9  -0.109327  0  0  -0.109327  0  -0.109327  0.783109  0  0  0.783109  0  0.783109
2.1306e+13  0  710.2  -0.092813  0  0  -0.092813  0  -0.092813  0.759681  0  0  0.759681  0  0.759681
2.1315e+13  0  710.5  -0.076372  0  0  -0.076372  0  -0.076372  0.737297  0  0  0.737297  0  0.737297
2.1324e+13  0  710.8  -0.0600252  0  0  -0.0600252  0  -0.0600252  0.715905  0  0  0.715905  0  0.715905
2.1333e+13  0  711.1  -0.043791  0  0  -0.043791  0  -0.043791  0.695456  0  0  0.695456  0  0.695456
2.1342e+13  0  711.4  -0.0276852  0  0  -0.0276852  0  -0.0276852  0.675904  0  0  0.675904  0  0.675904
2.1351e+13  0  711.7  -0.0117211  0  0  -0.0117211  0  -0.0117211  0.657205  0  0  0.657205  0  0.657205
2.136e+13  0  712  0.00409033  0  0  0.00409033  0  0.00409033  0.639317  0  0  0.639317  0  0.639317
2.1369e+13  0  712.3  0.0197396  0  0  0.0197396  0  0.0197396  0.622201  0  0  0.622201  0  0.622201
2.1378e+13  0  712.6  0.0352191  0  0  0.0352191  0  0.0352191  0.60582  0  0  0.60582  0  0.60582
2.1387e+13  0  712.9  0.0505228  0  0  0.0505228  0  0.0505228  0.590137  0  0  0.590137  0  0.590137
2.1396e+13  0  713.2  0.0656456  0  0  0.0656456  0  0.0656456  0.575121  0  0  0.575121  0  0.575121
2.1405e+13  0  713.5  0.080584  0  0  0.080584  0  0.080584  0.560738  0  0  0.560738  0  0.560738
2.1414e+13  0  713.8  0.0953351  0  0  0.0953351  0  0.0953351  0.54696  0  0  0.54696  0  0.54696
2.1423e+13  0  714.1  0.109897  0  0  0.109897  0  0.109897  0.533757  0  0  0.533757  0  0.533757
2.1432e+13  0  714.4  0.124269  0  0  0.124269  0  0.124269  0.521103  0  0  0.521103  0  0.521103
2.1441e+13  0  714.7  0.138451  0  0  0.138451  0  0.138451  0.508974  0  0  0.508974  0  0.508974
2.145e+13  0  715  0.152442  0  0  0.152442  0  0.152442  0.497344  0  0  0.497344  0  0.497344
2.1459e+13  0  715.3  0.166245  0  0  0.166245  0  0.166245  0.486192  0  0  0.486192  0  0.486192
2.1468e+13  0  715.6  0.179858  0  0  0.179858  0  0.179858  0.475497  0  0  0.475497  0  0.475497
2.1477e+13  0  715.9  0.193286  0  0  0.193286  0  0.193286  0.465237  0  0  0.465237  0  0.465237
2.1486e+13  0  716.2  0.206528  0  0  0.206528  0  0.206528  0.455394  0  0  0.455394  0  0.455394
2.1495e+13  0  716.5  0.219589  0  0  0.219589  0  0.219589  0.44595  0  0  0.44595  0  0.44595
2.1504e+13  0  716.8  0.232469  0  0  0.232469  0  0.232469  0.436888  0  0  0.436888  0  0.436888
2.1513e+13  0  717.1  0.245172  0  0  0.245172  0  0.245172  0.428191  0  0  0.428191  0  0.428191
2.1522e+13  0  717.4  0.257702  0  0  0.257702  0  0.257702  0.419845  0  0  0.419845  0  0.419845
2.1531e+13  0  717.7  0.270059  0  0  0.270059  0  0.270059  0.411835  0  0  0.411835  0  0.411835
2.154e+13  0  718  0.282249  0  0  0.282249  0  0.282249  0.404148  0  0  0.404148  0  0.404148
2.1549e+13  0  718.3  0.294274  0  0  0.294274  0  0.294274  0.39677  0  0  0.39677  0  0.39677
2.1558e+13  0  718.6  0.306137  0  0  0.306137  0  0.306137  0.38969  0  0  0.38969  0  0.38969
2.1567e+13  0  718.9  0.317843  0  0  0.317843  0  0.317843  0.382895  0  0  0.382895  0  0.382895
2.1576e+13  0  719.2  0.329394  0  0  0.329394  0  0.329394  0.376375  0  0  0.376375  0  0.376375
2.1585e+13  0  719.5  0.340794  0  0  0.340794  0  0.340794  0.37012  0  0  0.37012  0  0.37012
2.1594e+13  0  719.8  0.352046  0  0  0.352046  0  0.352046  0.36412  0  0  0.36412  0  0.36412
2.1603e+13  0  720.1  0.363154  0  0  0.363154  0  0.363154  0.358365  0  0  0.358365  0  0.358365
2.1612e+13  0  720.4  0.374122  0  0  0.374122  0  0.374122  0.352847  0  0  0.352847  0  0.352847
2.1621e+13  0  720.7  0.384952  0  0  0.384952  0  0.384952  0.347557  0  0  0.347557  0  0.347557
2.163e+13  0  721  0.39565  0  0  0.39565  0  0.39565  0.342489  0  0  0.342489  0  0.342489
2.1639e+13  0  721.3  0.406217  0  0  0.406217  0  0.406217  0.337634  0  0  0.337634  0  0.337634
2.1648e+13  0  721.6  0.416657  0  0  0.416657  0  0.416657  0.332985  0  0  0.332985  0  0.332985
2.1657e+13  0  721.9  0.426975  0  0  0.426975  0  0.426975  0.328536  0  0  0.328536  0  0.328536
2.1666e+13  0  722.2  0.437173  0  0  0.437173  0  0.437173  0.32428  0  0  0.32428  0  0.32428
2.1675e+13  0  722.5  0.447255  0  0  0.447255  0  0.447255  0.320213  0  0  0.320213  0  0.320213
2.1684e+13  0  722.8  0.457223  0  0  0.457223  0  0.457223  0.316327  0  0  0.316327  0  0.316327
2.1693e+13  0  723.1  0.467083  0  0  0.467083  0  0.467083  0.312619  0  0  0.312619  0  0.312619
2.1702e+13  0  723.4  0.476835  0  0  0.476835  0  0.476835  0.309082  0  0  0.309082  0  0.309082
2.1711e+13  0  723.7  0.486485  0  0  0.486485  0  0.486485  0.305714  0  0  0.305714  0  0.305714
2.172e+13  0  724  0.496034  0  0  0.496034  0  0.496034  0.302508  0  0  0.302508  0  0.302508
2.1729e+13  0  724.3  0.505486  0  0  0.505486  0  0.505486  0.299461  0  0  0.299461  0  0.299461
2.1738e+13  0  724.6  0.514845  0  0  0.514845  0  0.514845  0.296569  0  0  0.296569  0  0.296569
2.1747e+13  0  724.9  0.524113  0  0  0.524113  0  0.524113  0.293829  0  0  0.293829  0  0.293829
2.1756e+13  0  725.2  0.533292  0  0  0.533292  0  0.533292  0.291238  0  0  0.291238  0  0.291238
2.1765e+13  0  725.5  0.542387  0  0  0.542387  0  0.542387  0.288791  0  0  0.288791  0  0.288791
2.1774e+13  0  725.8  0.5514  0  0  0.5514  0  0.5514  0.286487  0  0  0.286487  0  0.286487
2.1783e+13  0  726.1  0.560334  0  0  0.560334  0  0.560334  0.284323  0  0  0.284323  0  0.284323
2.1792e+13  0  726.4  0.569191  0  0  0.569191  0  0.569191  0.282295  0  0  0.282295  0  0.282295
2.1801e+13  0  726.7  0.577974  0  0  0.577974  0  0.577974  0.280403  0  0  0.280403  0  0.280403
2.181e+13  0  727  0.586687  0  0  0.586687  0  0.586687  0.278643  0  0  0.278643  0  0.278643
2.1819e+13  0  727.3  0.595331  0  0  0.595331  0  0.595331  0.277015  0  0  0.277015  0  0.277015
2.1828e+13  0  727.6  0.603909  0  0  0.603909  0  0.603909  0.275515  0  0  0.275515  0  0.275515
2.1837e+13  0  727.9  0.612424  0  0  0.612424  0  0.612424  0.274143  0  0  0.274143  0  0.274143
2.1846e+13  0  728.2  0.620878  0  0  0.620878  0  0.620878  0.272898  0  0  0.272898  0  0.272898
2.1855e+13  0  728.5  0.629274  0  0  0.629274  0  0.629274  0.271778  0  0  0.271778  0  0.271778
2.1864e+13  0  728.8  0.637614  0  0  0.637614  0  0.637614  0.270782  0  0  0.270782  0  0.270782
2.1873e+13  0  729.1  0.645901  0  0  0.645901  0  0.645901  0.269909  0  0  0.269909  0  0.269909
2.1882e+13  0  729.4  0.654136  0  0  0.654136  0  0.654136  0.26916  0  0  0.26916  0  0.26916
2.1891e+13  0  729.7  0.662322  0  0  0.662322  0  0.662322  0.268532  0  0  0.268532  0  0.268532
2.19e+13  0  730  0.670462  0  0  0.670462  0  0.670462  0.268026  0  0  0.268026  0  0.268026
2.1909e+13  0  730.3  0.678557  0  0  0.678557  0  0.678557  0.267642  0  0  0.267642  0  0.267642
2.1918e+13  0  730.6  0.68661  0  0  0.68661  0  0.68661  0.26738  0  0  0.26738  0  0.26738
2.1927e+13  0  730.9  0.694622  0  0  0.694622  0  0.694622  0.26724  0  0  0.26724  0  0.26724
2.1936e+13  0  731.2  0.702596  0  0  0.702596  0  0.702596  0.267222  0  0  0.267222  0  0.267222
2.1945e+13  0  731.5  0.710533  0  0  0.710533  0  0.710533  0.267326  0  0  0.267326  0  0.267326
2.1954e+13  0  731.8  0.718436  0  0  0.718436  0  0.718436  0.267554  0  0  0.267554  0  0.267554
2.1963e+13  0  732.1  0.726307  0  0  0.726307  0  0.726307  0.267906  0  0  0.267906  0  0.267906
2.1972e+13  0  732.4  0.734146  0  0  0.734146  0  0.734146  0.268383  0  0  0.268383  0  0.268383
2.1981e+13  0  732.7  0.741957  0  0  0.741957  0  0.741957  0.268986  0  0  0.268986  0  0.268986
2.199e+13  0  733  0.74974  0  0  0.74974  0  0.74974  0.269717  0  0  0.269717  0  0.269717
2.1999e+13  0  733.3  0.757497  0  0  0.757497  0  0.757497  0.270577  0  0  0.270577  0  0.270577
2.2008e+13  0  733.6  0.76523  0  0  0.76523  0  0.76523  0.271568  0  0  0.271568  0  0.271568
2.2017e+13  0  733.9  0.77294  0  0  0.77294  0  0.77294  0.272692  0  0  0.272692  0  0.272692
2.2026e+13  0  734.2  0.780629  0  0  0.780629  0  0.780629  0.27395  0  0  0.27395  0  0.27395
2.2035e+13  0  734.5  0.788298  0  0  0.788298  0  0.788298  0.275345  0  0  0.275345  0  0.275345
2.2044e+13  0  734.8  0.795948  0  0  0.795948  0  0.795948  0.276879  0  0  0.276879  0  0.276879
2.2053e+13  0  735.1  0.80358  0  0  0.80358  0  0.80358  0.278556  0  0  0.278556  0  0.278556
2.2062e+13  0  735.4  0.811195  0  0  0.811195  0  0.811195  0.280377  0  0  0.280377  0  0.280377
2.2071e+13  0  735.7  0.818795  0  0  0.818795  0  0.818795  0.282347  0  0  0.282347  0  0.282347
2.208e+13  0  736  0.826379  0  0  0.826379  0  0.826379  0.284467  0  0  0.284467  0  0.284467
2.2089e+13  0  736.3  0.83395  0  0  0.83395  0  0.83395  0.286742  0  0  0.286742  0  0.286742
2.2098e+13  0  736.6  0.841506  0  0  0.841506  0  0.841506  0.289176  0  0  0.289176  0  0.289176
2.2107e+13  0  736.9  0.849049  0  0  0.849049  0  0.849049  0.291772  0  0  0.291772  0  0.291772
2.2116e+13  0  737.2  0.85658  0  0  0.85658  0  0.85658  0.294534  0  0  0.294534  0  0.294534
2.2125e+13  0  737.5  0.864097  0  0  0.864097  0  0.864097  0.297468  0  0  0.297468  0  0.297468
2.2134e+13  0  737.8  0.871601  0  0  0.871601  0  0.871601  0.300577  0  0  0.300577  0  0.300577
2.2143e+13  0  738.1  0.879091  0  0  0.879091  0  0.879091  0.303867  0  0  0.303867  0  0.303867
2.2152e+13  0  738.4  0.886568  0  0  0.886568  0  0.886568  0.307343  0  0  0.307343  0  0.307343
2.2161e+13  0  738.7  0.894029  0  0  0.894029  0  0.894029  0.311011  0  0  0.311011  0  0.311011
2.217e+13  0  739  0.901476  0  0  0.901476  0  0.901476  0.314876  0  0  0.314876  0  0.314876
2.2179e+13  0  739.3  0.908905  0  0  0.908905  0  0.908905  0.318945  0  0  0.318945  0  0.318945
2.2188e+13  0  739.6  0.916315  0  0  0.916315  0  0.916315  0.323224  0  0  0.323224  0  0.323224
2.2197e+13  0  739.9  0.923705  0  0  0.923705  0  0.923705  0.32772  0  0  0.32772  0  0.32772
2.2206e+13  0  740.2  0.931072  0  0  0.931072  0  0.931072  0.332439  0  0  0.332439  0  0.332439
2.2215e+13  0  740.5  0.938414  0  0  0.938414  0  0.938414  0.33739  0  0  0.33739  0  0.33739
2.2224e+13  0  740.8  0.945727  0  0  0.945727  0  0.945727  0.34258  0  0  0.34258  0  0.34258
2.2233e+13  0  741.1  0.953008  0  0  0.953008  0  0.953008  0.348017  0  0  0.348017  0  0.348017
2.2242e+13  0  741.4  0.960252  0  0  0.960252  0  0.960252  0.35371  0  0  0.35371  0  0.35371
2.2251e+13  0  741.7  0.967456  0  0  0.967456  0  0.967456  0.359667  0  0  0.359667  0  0.359667
2.226e+13  0  742  0.974614  0  0  0.974614  0  0.974614  0.365898  0  0  0.365898  0  0.365898
2.2269e+13  0  742.3  0.981719  0  0  0.981719  0  0.981719  0.372412  0  0  0.372412  0  0.372412
2.2278e+13  0  742.6  0.988766  0  0  0.988766  0  0.988766  0.379219  0  0  0.379219  0  0.379219
2.2287e+13  0  742.9  0.995748  0  0  0.995748  0  0.995748  0.386329  0  0  0.386329  0  0.386329
2.2296e+13  0  743.2  1.00265  0  0  1.00265  0  1.00265  0.393752  0  0  0.393752  0  0.393752
2.2305e+13  0  743.5  1.00948  0  0  1.00948  0  1.00948  0.401499  0  0  0.401499  0  0.401499
2.2314e+13  0  743.8  1.01621  0  0  1.01621  0  1.01621  0.409582  0  0  0.409582  0  0.409582
2.2323e+13  0  744.1  1.02284  0  0  1.02284  0  1.02284  0.418011  0  0  0.418011  0  0.418011
2.2332e+13  0  744.4  1.02935  0  0  1.02935  0  1.02935  0.426798  0  0  0.426798  0  0.426798
2.2341e+13  0  744.7  1.03573  0  0  1.03573  0  1.03573  0.435955  0  0  0.435955  0  0.435955
2.235e+13  0  745  1.04196  0  0  1.04196  0  1.04196  0.445493  0  0  0.445493  0  0.445493
2.2359e+13  0  745.3  1.04803  0  0  1.04803  0  1.04803  0.455425  0  0  0.455425  0  0.455425
2.2368e+13  0  745.6  1.05393  0  0  1.05393  0  1.05393  0.465761  0  0  0.465761  0  0.465761
2.2377e+13  0  745.9  1.05962  0  0  1.05962  0  1.05962  0.476514  0  0  0.476514  0  0.476514
2.2386e+13  0  746.2  1.0651  0  0  1.0651  0  1.0651  0.487695  0  0  0.487695  0  0.487695
2.2395e+13  0  746.5  1.07034  0  0  1.07034  0  1.07034  0.499316  0  0  0.499316  0  0.499316
2.2404e+13  0  746.8  1.0753  0  0  1.0753  0  1.0753  0.511386  0  0  0.511386  0  0.511386
2.2413e+13  0  747.1  1.07997  0  0  1.07997  0  1.07997  0.523916  0  0  0.523916  0  0.523916
2.2422e+13  0  747.4  1.08432  0  0  1.08432  0  1.08432  0.536914  0  0  0.536914  0  0.536914
2.2431e+13  0  747.7  1.08831  0  0  1.08831  0  1.08831  0.550389  0  0  0.550389  0  0.550389
2.244e+13  0  748  1.09191  0  0  1.09191  0  1.09191  0.564347  0  0  0.564347  0  0.564347
2.2449e+13  0  748.3  1.09508  0  0  1.09508  0  1.09508  0.578794  0  0  0.578794  0  0.578794
2.2458e+13  0  748.6  1.09779  0  0  1.09779  0  1.09779  0.593732  0  0  0.593732  0  0.593732
2.2467e+13  0  748.9  1.09999  0  0  1.09999  0  1.09999  0.609163  0  0  0.609163  0  0.609163
2.2476e+13  0  749.2  1.10163  0  0  1.10163  0  1.10163  0.625084  0  0  0.625084  0  0.625084
2.2485e+13  0  749.5  1.10268  0  0  1.10268  0  1.10268  0.641491  0  0  0.641491  0  0.641491
2.2494e+13  0  749.8  1.10308  0  0  1.10308  0  1.10308  0.658376  0  0  0.658376  0  0.658376
2.2503e+13  0  750.1  1.10278  0  0  1.10278  0  1.10278  0.675725  0  0  0.675725  0  0.675725
2.2512e+13  0  750.4  1.10172  0  0  1.10172  0  1.10172  0.693524  0  0  0.693524  0  0.693524
2.2521e+13  0  750.7  1.09985  0  0  1.09985  0  1.09985  0.711749  0  0  0.711749  0  0.711749
2.253e+13  0  751  1.09711  0  0  1.09711  0  1.09711  0.730373  0  0  0.730373  0  0.730373
2.2539e+13  0  751.3  1.09344  0  0  1.09344  0  1.09344  0.749363  0  0  0.749363  0  0.749363
2.2548e+13  0  751.6  1.08879  0  0  1.08879  0  1.08879  0.768679  0  0  0.768679  0  0.768679
2.2557e+13  0  751.9  1.08308  0  0  1.08308  0  1.08308  0.788273  0  0  0.788273  0  0.788273
2.2566e+13  0  752.2  1.07627  0  0  1.07627  0  1.07627  0.808089  0  0  0.808089  0  0.808089
2.2575e+13  0  752.5  1.0683  0  0  1.0683  0  1.0683  0.828065  0  0  0.828065  0  0.828065
2.2584e+13  0  752.8  1.0591  0  0  1.0591  0  1.0591  0.848128  0  0  0.848128  0  0.848128
2.2593e+13  0  753.1  1.04864  0  0  1.04864  0  1.04864  0.868198  0  0  0.868198  0  0.868198
2.2602e+13  0  753.4  1.03686  0  0  1.03686  0  1.03686  0.888185  0  0  0.888185  0  0.888185
2.2611e+13  0  753.7  1.02372  0  0  1.02372  0  1.02372  0.907991  0  0  0.907991  0  0.907991
2.262e+13  0  754  1.0092  0  0  1.0092  0  1.0092  0.92751  0  0  0.92751  0  0.92751
2.2629e+13  0  754.3  0.993277  0  0  0.993277  0  0.993277  0.946626  0  0  0.946626  0  0.946626
2.2638e+13  0  754.6  0.975933  0  0  0.975933  0  0.975933  0.965219  0  0  0.965219  0  0.965219
2.2647e+13  0  754.9  0.957173  0  0  0.957173  0  0.957173  0.983161  0  0  0.983161  0  0.983161
2.2656e+13  0  755.2  0.937013  0  0  0.937013  0  0.937013  1.00032  0  0  1.00032  0  1.00032
2.2665e+13  0  755.5  0.915485  0  0  0.915485  0  0.915485  1.01656  0  0  1.01656  0  1.01656
2.2674e+13  0  755.8  0.892634  0  0  0.892634  0  0.892634  1.03175  0  0  1.03175  0  1.03175
2.2683e+13  0  756.1  0.868525  0  0  0.868525  0  0.868525  1.04576  0  0  1.04576  0  1.04576
2.2692e+13  0  756.4  0.843239  0  0  0.843239  0  0.843239  1.05844  0  0  1.05844  0  1.05844
2.2701e+13  0  756.7  0.816871  0  0  0.816871  0  0.816871  1.06969  0  0  1.06969  0  1.06969
2.271e+13  0  757  0.789537  0  0  0.789537  0  0.789537  1.07939  0  0  1.07939  0  1.07939
2.2719e+13  0  757.3  0.761364  0  0  0.761364  0  0.761364  1.08743  0  0  1.08743  0  1.08743
2.2728e+13  0  757.6  0.732496  0  0  0.732496  0  0.732496  1.09373  0  0  1.09373  0  1.09373
2.2737e+13  0  757.9  0.703086  0  0  0.703086  0  0.703086  1.09822  0  0  1.09822  0  1.09822
2.2746e+13  0  758.2  0.673298  0  0  0.673298  0  0.673298  1.10084  0  0  1.10084  0  1.10084
2.2755e+13  0  758.5  0.643302  0  0  0.643302  0  0.643302  1.10156  0  0  1.10156  0  1.10156
2.2764e+13  0  758.8  0.61327  0  0  0.61327  0  0.61327  1.10037  0  0  1.10037  0  1.10037
2.2773e+13  0  759.1  0.583376  0  0  0.583376  0  0.583376  1.09727  0  0  1.09727  0  1.09727
2.2782e+13  0  759.4  0.553791  0  0  0.553791  0  0.553791  1.09229  0  0  1.09229  0  1.09229
2.2791e+13  0  759.7  0.52468  0  0  0.52468  0  0.52468  1.08549  0  0  1.08549  0  1.08549
2.28e+13  0  760  0.4962  0  0  0.4962  0  0.4962  1.07693  0  0  1.07693  0  1.07693
2.2809e+13  0  760.3  0.468494  0  0  0.468494  0  0.468494  1.06669  0  0  1.06669  0  1.06669
2.2818e+13  0  760.6  0.441696  0  0  0.441696  0  0.441696  1.05487  0  0  1.05487  0  1.05487
2.2827e+13  0  760.9  0.415922  0  0  0.415922  0  0.415922  1.04159  0  0  1.04159  0  1.04159
2.2836e+13  0  761.2  0.391273  0  0  0.391273  0  0.391273  1.02696  0  0  1.02696  0  1.02696
2.2845e+13  0  761.5  0.367833  0  0  0.367833  0  0.367833  1.01112  0  0  1.01112  0  1.01112
2.2854e+13  0  761.8  0.34567  0  0  0.34567  0  0.34567  0.994193  0  0  0.994193  0  0.994193
2.2863e+13  0  762.1  0.324834  0  0  0.324834  0  0.324834  0.976316  0  0  0.976316  0  0.976316
2.2872e+13  0  762.4  0.305358  0  0  0.305358  0  0.305358  0.957623  0  0  0.957623  0  0.957623
2.2881e+13  0  762.7  0.287263  0  0  0.287263  0  0.287263  0.938249  0  0  0.938249  0  0.938249
2.289e+13  0  763  0.270553  0  0  0.270553  0  0.270553  0.91832  0  0  0.91832  0  0.91832
2.2899e+13  0  763.3  0.25522  0  0  0.25522  0  0.25522  0.89796  0  0  0.89796  0  0.89796
2.2908e+13  0  763.6  0.241243  0  0  0.241243  0  0.241243  0.877283  0  0  0.877283  0  0.877283
2.2917e+13  0  763.9  0.228595  0  0  0.228595  0  0.228595  0.856399  0  0  0.856399  0  0.856399
2.2926e+13  0  764.2  0.217238  0  0  0.217238  0  0.217238  0.835408  0  0  0.835408  0  0.835408
2.2935e+13  0  764.5  0.207127  0  0  0.207127  0  0.207127  0.814399  0  0  0.814399  0  0.814399
2.2944e+13  0  764.8  0.198211  0  0  0.198211  0  0.198211  0.793456  0  0  0.793456  0  0.793456
2.2953e+13  0  765.1  0.190438  0  0  0.190438  0  0.190438  0.772652  0  0  0.772652  0  0.772652
2.2962e+13  0  765.4  0.183751  0  0  0.183751  0  0.183751  0.752053  0  0  0.752053  0  0.752053
2.2971e+13  0  765.7  0.178089  0  0  0.178089  0  0.178089  0.731715  0  0  0.731715  0  0.731715
2.298e+13  0  766  0.173394  0  0  0.173394  0  0.173394  0.711686  0  0  0.711686  0  0.711686
2.2989e+13  0  766.3  0.169605  0  0  0.169605  0  0.169605  0.692008  0  0  0.692008  0  0.692008
2.2998e+13  0  766.6  0.166663  0  0  0.166663  0  0.166663  0.672717  0  0  0.672717  0  0.672717
2.3007e+13  0  766.9  0.164509  0  0  0.164509  0  0.164509  0.65384  0  0  0.65384  0  0.65384
2.3016e+13  0  767.2  0.163087  0  0  0.163087  0  0.163087  0.6354  0  0  0.6354  0  0.6354
2.3025e+13  0  767.5  0.162342  0  0  0.162342  0  0.162342  0.617414  0  0  0.617414  0  0.617414
2.3034e+13  0  767.8  0.162221  0  0  0.162221  0  0.162221  0.599896  0  0  0.599896  0  0.599896
2.3043e+13  0  768.1  0.162673  0  0  0.162673  0  0.162673  0.582855  0  0  0.582855  0  0.582855
2.3052e+13  0  768.4  0.163651  0  0  0.163651  0  0.163651  0.566295  0  0  0.566295  0  0.566295
2.3061e+13  0  768.7  0.165109  0  0  0.165109  0  0.165109  0.550218  0  0  0.550218  0  0.550218
2.307e+13  0  769  0.167004  0  0  0.167004  0  0.167004  0.534624  0  0  0.534624  0  0.534624
2.3079e+13  0  769.3  0.169297  0  0  0.169297  0  0.169297  0.51951  0  0  0.51951  0  0.51951
2.3088e+13  0  769.6  0.171951  0  0  0.171951  0  0.171951  0.504871  0  0  0.504871  0  0.504871
2.3097e+13  0  769.9  0.174929  0  0  0.174929  0  0.174929  0.4907  0  0  0.4907  0  0.4907
2.3106e+13  0  770.2  0.1782  0  0  0.1782  0  0.1782  0.476989  0  0  0.476989  0  0.476989
2.3115e+13  0  770.5  0.181733  0  0  0.181733  0  0.181733  0.463729  0  0  0.463729  0  0.463729
2.3124e+13  0  770.8  0.1855  0  0  0.1855  0  0.1855  0.45091  0  0  0.45091  0  0.45091
2.3133e+13  0  771.1  0.189475  0  0  0.189475  0  0.189475  0.438521  0  0  0.438521  0  0.438521
2.3142e+13  0  771.4  0.193635  0  0  0.193635  0  0.193635  0.42655  0  0  0.42655  0  0.42655
2.3151e+13  0  771.7  0.197958  0  0  0.197958  0  0.197958  0.414987  0  0  0.414987  0  0.414987
2.316e+13  0  772  0.202422  0  0  0.202422  0  0.202422  0.403818  0  0  0.403818  0  0.403818
2.3169e+13  0  772.3  0.20701  0  0  0.20701  0  0.20701  0.393032  0  0  0.393032  0  0.393032
2.3178e+13  0  772.6  0.211705  0  0  0.211705  0  0.211705  0.382616  0  0  0.382616  0  0.382616
2.3187e+13  0  772.9  0.216491  0  0  0.216491  0  0.216491  0.372558  0  0  0.372558  0  0.372558
2.3196e+13  0  773.2  0.221354  0  0  0.221354  0  0.221354  0.362847  0  0  0.362847  0  0.362847
2.3205e+13  0  773.5  0.226281  0  0  0.226281  0  0.226281  0.353469  0  0  0.353469  0  0.353469
2.3214e+13  0  773.8  0.231259  0  0  0.231259  0  0.231259  0.344414  0  0  0.344414  0  0.344414
2.3223e+13  0  774.1  0.236279  0  0  0.236279  0  0.236279  0.33567  0  0  0.33567  0  0.33567
2.3232e+13  0  774.4  0.24133  0  0  0.24133  0  0.24133  0.327225  0  0  0.327225  0  0.327225
2.3241e+13  0  774.7  0.246403  0  0  0.246403  0  0.246403  0.319068  0  0  0.319068  0  0.319068
2.325e+13  0  775  0.251492  0  0  0.251492  0  0.251492  0.311189  0  0  0.311189  0  0.311189
2.3259e+13  0  775.3  0.256587  0  0  0.256587  0  0.256587  0.303577  0  0  0.303577  0  0.303577
2.3268e+13  0  775.6  0.261682  0  0  0.261682  0  0.261682  0.296222  0  0  0.296222  0  0.296222
2.3277e+13  0  775.9  0.266773  0  0  0.266773  0  0.266773  0.289115  0  0  0.289115  0  0.289115
2.3286e+13  0  776.2  0.271852  0  0  0.271852  0  0.271852  0.282245  0  0  0.282245  0  0.282245
2.3295e+13  0  776.5  0.276916  0  0  0.276916  0  0.276916  0.275605  0  0  0.275605  0  0.275605
2.3304e+13  0  776.8  0.28196  0  0  0.28196  0  0.28196  0.269184  0  0  0.269184  0  0.269184
2.3313e+13  0  777.1  0.286981  0  0  0.286981  0  0.286981  0.262974  0  0  0.262974  0  0.262974
2.3322e+13  0  777.4  0.291974  0  0  0.291974  0  0.291974  0.256968  0  0  0.256968  0  0.256968
2.3331e+13  0  777.7  0.296937  0  0  0.296937  0  0.296937  0.251158  0  0  0.251158  0  0.251158
2.334e+13  0  778  0.301867  0  0  0.301867  0  0.301867  0.245535  0  0  0.245535  0  0.245535
2.3349e+13  0  778.3  0.306762  0  0  0.306762  0  0.306762  0.240093  0  0  0.240093  0  0.240093
2.3358e+13  0  778.6  0.31162  0  0  0.31162  0  0.31162  0.234825  0  0  0.234825  0  0.234825
2.3367e+13  0  778.9  0.316438  0  0  0.316438  0  0.316438  0.229724  0  0  0.229724  0  0.229724
2.3376e+13  0  779.2  0.321215  0  0  0.321215  0  0.321215  0.224784  0  0  0.224784  0  0.224784
2.3385e+13  0  779.5  0.32595  0  0  0.32595  0  0.32595  0.219998  0  0  0.219998  0  0.219998
2.3394e+13  0  779.8  0.330641  0  0  0.330641  0  0.330641  0.215361  0  0  0.215361  0  0.215361
2.3403e+13  0  780.1  0.335289  0  0  0.335289  0  0.335289  0.210866  0  0  0.210866  0  0.210866
2.3412e+13  0  780.4  0.33989  0  0  0.33989  0  0.33989  0.20651  0  0  0.20651  0  0.20651
2.3421e+13  0  780.7  0.344446  0  0  0.344446  0  0.344446  0.202285  0  0  0.202285  0  0.202285
2.343e+13  0  781  0.348956  0  0  0.348956  0  0.348956  0.198188  0  0  0.198188  0  0.198188
2.3439e+13  0  781.3  0.353418  0  0  0.353418  0  0.353418  0.194214  0  0  0.194214  0  0.194214
2.3448e+13  0  781.6  0.357833  0  0  0.357833  0  0.357833  0.190357  0  0  0.190357  0  0.190357
2.3457e+13  0  781.9  0.362201  0  0  0.362201  0  0.362201  0.186615  0  0  0.186615  0  0.186615
2.3466e+13  0  782.2  0.366521  0  0  0.366521  0  0.366521  0.182982  0  0  0.182982  0  0.182982
2.3475e+13  0  782.5  0.370793  0  0  0.370793  0  0.370793  0.179454  0  0  0.179454  0  0.179454
2.3484e+13  0  782.8  0.375018  0  0  0.375018  0  0.375018  0.176028  0  0  0.176028  0  0.176028
2.3493e+13  0  783.1  0.379195  0  0  0.379195  0  0.379195  0.1727  0  0  0.1727  0  0.1727
2.3502e+13  0  783.4  0.383325  0  0  0.383325  0  0.383325  0.169466  0  0  0.169466  0  0.169466
2.3511e+13  0  783.7  0.387407  0  0  0.387407  0  0.387407  0.166323  0  0  0.166323  0  0.166323
2.352e+13  0  784  0.391443  0  0  0.391443  0  0.391443  0.163268  0  0  0.163268  0  0.163268
2.3529e+13  0  784.3  0.395432  0  0  0.395432  0  0.395432  0.160297  0  0  0.160297  0  0.160297
2.3538e+13  0  784.6  0.399374  0  0  0.399374  0  0.399374  0.157409  0  0  0.157409  0  0.157409
2.3547e+13  0  784.9  0.403271  0  0  0.403271  0  0.403271  0.154599  0  0  0.154599  0  0.154599
2.3556e+13  0  785.2  0.407122  0  0  0.407122  0  0.407122  0.151864  0  0  0.151864  0  0.151864
2.3565e+13  0  785.5  0.410928  0  0  0.410928  0  0.410928  0.149204  0  0  0.149204  0  0.149204
2.3574e+13  0  785.8  0.414689  0  0  0.414689  0  0.414689  0.146614  0  0  0.146614  0  0.146614
2.3583e+13  0  786.1  0.418405  0  0  0.418405  0  0.418405  0.144092  0  0  0.144092  0  0.144092
2.3592e+13  0  786.4  0.422078  0  0  0.422078  0  0.422078  0.141637  0  0  0.141637  0  0.141637
2.3601e+13  0  786.7  0.425708  0  0  0.425708  0  0.425708  0.139246  0  0  0.139246  0  0.139246
2.361e+13  0  787  0.429295  0  0  0.429295  0  0.429295  0.136916  0  0  0.136916  0  0.136916
2.3619e+13  0  787.3  0.43284  0  0  0.43284  0  0.43284  0.134646  0  0  0.134646  0  0.134646
2.3628e+13  0  787.6  0.436342  0  0  0.436342  0  0.436342  0.132433  0  0  0.132433  0  0.132433
2.3637e+13  0  787.9  0.439804  0  0  0.439804  0  0.439804  0.130277  0  0  0.130277  0  0.130277
2.3646e+13  0  788.2  0.443225  0  0  0.443225  0  0.443225  0.128174  0  0  0.128174  0  0.128174
2.3655e+13  0  788.5  0.446605  0  0  0.446605  0  0.446605  0.126123  0  0  0.126123  0  0.126123
2.3664e+13  0  788.8  0.449946  0  0  0.449946  0  0.449946  0.124123  0  0  0.124123  0  0.124123
2.3673e+13  0  789.1  0.453248  0  0  0.453248  0  0.453248  0.122172  0  0  0.122172  0  0.122172
2.3682e+13  0  789.4  0.456511  0  0  0.456511  0  0.456511  0.120268  0  0  0.120268  0  0.120268
2.3691e+13  0  789.7  0.459737  0  0  0.459737  0  0.459737  0.11841  0  0  0.11841  0  0.11841
2.37e+13  0  790  0.462925  0  0  0.462925  0  0.462925  0.116596  0  0  0.116596  0  0.116596
2.3709e+13  0  790.3  0.466075  0  0  0.466075  0  0.466075  0.114825  0  0  0.114825  0  0.114825
2.3718e+13  0  790.6  0.46919  0  0  0.46919  0  0.46919  0.113096  0  0  0.113096  0  0.113096
2.3727e+13  0  790.9  0.472268  0  0  0.472268  0  0.472268  0.111407  0  0  0.111407  0  0.111407
2.3736e+13  0  791.2  0.475311  0  0  0.475311  0  0.475311  0.109758  0  0  0.109758  0  0.109758
2.3745e+13  0  791.5  0.47832  0  0  0.47832  0  0.47832  0.108146  0  0  0.108146  0  0.108146
2.3754e+13  0  791.8  0.481293  0  0  0.481293  0  0.481293  0.106571  0  0  0.106571  0  0.106571
2.3763e+13  0  792.1  0.484234  0  0  0.484234  0  0.484234  0.105031  0  0  0.105031  0  0.105031
2.3772e+13  0  792.4  0.48714  0  0  0.48714  0  0.48714  0.103527  0  0  0.103527  0  0.103527
2.3781e+13  0  792.7  0.490014  0  0  0.490014  0  0.490014  0.102055  0  0  0.102055  0  0.102055
2.379e+13  0  793  0.492856  0  0  0.492856  0  0.492856  0.100617  0  0  0.100617  0  0.100617
2.3799e+13  0  793.3  0.495666  0  0  0.495666  0  0.495666  0.0992096  0  0  0.0992096  0  0.0992096
2.3808e+13  0  793.6  0.498444  0  0  0.498444  0  0.498444  0.0978333  0  0  0.0978333  0  0.0978333
2.3817e+13  0  793.9  0.501192  0  0  0.501192  0  0.501192  0.0964868  0  0  0.0964868  0  0.0964868
2.3826e+13  0  794.2  0.503909  0  0  0.503909  0  0.503909  0.0951692  0  0  0.0951692  0  0.0951692
2.3835e+13  0  794.5  0.506596  0  0  0.506596  0  0.506596  0.0938798  0  0  0.0938798  0  0.0938798
2.3844e+13  0  794.8  0.509254  0  0  0.509254  0  0.509254  0.0926177  0  0  0.0926177  0  0.0926177
2.3853e+13  0  795.1  0.511883  0  0  0.511883  0  0.511883  0.0913821  0  0  0.0913821  0  0.0913821
2.3862e+13  0  795.4  0.514483  0  0  0.514483  0  0.514483  0.0901723  0  0  0.0901723  0  0.0901723
2.3871e+13  0  795.7  0.517055  0  0  0.517055  0  0.517055  0.0889877  0  0  0.0889877  0  0.0889877
2.388e+13  0  796  0.519599  0  0  0.519599  0  0.519599  0.0878274  0  0  0.0878274  0  0.0878274
2.3889e+13  0  796.3  0.522116  0  0  0.522116  0  0.522116  0.0866909  0  0  0.0866909  0  0.0866909
2.3898e+13  0  796.6  0.524606  0  0  0.524606  0  0.524606  0.0855774  0  0  0.0855774  0  0.0855774
2.3907e+13  0  796.9  0.52707  0  0  0.52707  0  0.52707  0.0844864  0  0  0.0844864  0  0.0844864
2.3916e+13  0  797.2  0.529507  0  0  0.529507  0  0.529507  0.0834172  0  0  0.0834172  0  0.0834172
2.3925e+13  0  797.5  0.531919  0  0  0.531919  0  0.531919  0.0823693  0  0  0.0823693  0  0.0823693
2.3934e+13  0  797.8  0.534306  0  0  0.534306  0  0.534306  0.0813421  0  0  0.0813421  0  0.0813421
2.3943e+13  0  798.1  0.536667  0  0  0.536667  0  0.536667  0.080335  0  0  0.080335  0  0.080335
2.3952e+13  0  798.4  0.539004  0  0  0.539004  0  0.539004  0.0793476  0  0  0.0793476  0  0.0793476
2.3961e+13  0  798.7  0.541317  0  0  0.541317  0  0.541317  0.0783792  0  0  0.0783792  0  0.0783792
2.397e+13  0  799  0.543607  0  0  0.543607  0  0.543607  0.0774295  0  0  0.0774295  0  0.0774295
2.3979e+13  0  799.3  0.545872  0  0  0.545872  0  0.545872  0.0764979  0  0  0.0764979  0  0.0764979
2.3988e+13  0  799.6  0.548115  0  0  0.548115  0  0.548115  0.0755839  0  0  0.0755839  0  0.0755839
2.3997e+13  0  799.9  0.550335  0  0  0.550335  0  0.550335  0.0746872  0  0  0.0746872  0  0.0746872
2.4006e+13  0  800.2  0.552532  0  0  0.552532  0  0.552532  0.0738072  0  0  0.0738072  0  0.0738072
2.4015e+13  0  800.5  0.554708  0  0  0.554708  0  0.554708  0.0729436  0  0  0.0729436  0  0.0729436
2.4024e+13  0  800.8  0.556862  0  0  0.556862  0  0.556862  0.0720959  0  0  0.0720959  0  0.0720959
2.4033e+13  0  801.1  0.558994  0  0  0.558994  0  0.558994  0.0712637  0  0  0.0712637  0  0.0712637
2.4042e+13  0  801.4  0.561105  0  0  0.561105  0  0.561105  0.0704468  0  0  0.0704468  0  0.0704468
2.4051e+13  0  801.7  0.563196  0  0  0.563196  0  0.563196  0.0696446  0  0  0.0696446  0  0.0696446
2.406e+13  0  802  0.565265  0  0  0.565265  0  0.565265  0.0688568  0  0  0.0688568  0  0.0688568
2.4069e+13  0  802.3  0.567315  0  0  0.567315  0  0.567315  0.0680832  0  0  0.0680832  0  0.0680832
2.4078e+13  0  802.6  0.569345  0  0  0.569345  0  0.569345  0.0673232  0  0  0.0673232  0  0.0673232
2.4087e+13  0  802.9  0.571355  0  0  0.571355  0  0.571355  0.0665767  0  0  0.0665767  0  0.0665767
2.4096e+13  0  803.2  0.573346  0  0  0.573346  0  0.573346  0.0658432  0  0  0.0658432  0  0.0658432
2.4105e+13  0  803.5  0.575318  0  0  0.575318  0  0.575318  0.0651226  0  0  0.0651226  0  0.0651226
2.4114e+13  0  803.8  0.577271  0  0  0.577271  0  0.577271  0.0644144  0  0  0.0644144  0  0.0644144
2.4123e+13  0  804.1  0.579206  0  0  0.579206  0  0.579206  0.0637183  0  0  0.0637183  0  0.0637183
2.4132e+13  0  804.4  0.581122  0  0  0.581122  0  0.581122  0.0630342  0  0  0.0630342  0  0.0630342
2.4141e+13  0  804.7  0.583021  0  0  0.583021  0  0.583021  0.0623617  0  0  0.0623617  0  0.0623617
2.415e+13  0  805  0.584901  0  0  0.584901  0  0.584901  0.0617006  0  0  0.0617006  0  0.0617006
2.4159e+13  0  805.3  0.586765  0  0  0.586765  0  0.586765  0.0610506  0  0  0.0610506  0  0.0610506
2.4168e+13  0  805.6  0.588611  0  0  0.588611  0  0.588611  0.0604114  0  0  0.0604114  0  0.0604114
2.4177e+13  0  805.9  0.59044  0  0  0.59044  0  0.59044  0.0597828  0  0  0.0597828  0  0.0597828
2.4186e+13  0  806.2  0.592252  0  0  0.592252  0  0.592252  0.0591645  0  0  0.0591645  0  0.0591645
2.4195e+13  0  806.5  0.594048  0  0  0.594048  0  0.594048  0.0585564  0  0  0.0585564  0  0.0585564
2.4204e+13  0  806.8  0.595827  0  0  0.595827  0  0.595827  0.0579582  0  0  0.0579582  0  0.0579582
2.4213e+13  0  807.1  0.597591  0  0  0.597591  0  0.597591  0.0573697  0  0  0.0573697  0  0.0573697
2.4222e+13  0  807.4  0.599338  0  0  0.599338  0  0.599338  0.0567906  0  0  0.0567906  0  0.0567906
2.4231e+13  0  807.7  0.60107  0  0  0.60107  0  0.60107  0.0562208  0  0  0.0562208  0  0.0562208
2.424e+13  0  808  0.602787  0  0  0.602787  0  0.602787  0.05566  0  0  0.05566  0  0.05566
2.4249e+13  0  808.3  0.604488  0  0  0.604488  0  0.604488  0.0551082  0  0  0.0551082  0  0.0551082
2.4258e+13  0  808.6  0.606175  0  0  0.606175  0  0.606175  0.054565  0  0  0.054565  0  0.054565
2.4267e+13  0  808.9  0.607846  0  0  0.607846  0  0.607846  0.0540302  0  0  0.0540302  0  0.0540302
2.4276e+13  0  809.2  0.609503  0  0  0.609503  0  0.609503  0.0535038  0  0  0.0535038  0  0.0535038
2.4285e+13  0  809.5  0.611146  0  0  0.611146  0  0.611146  0.0529856  0  0  0.0529856  0  0.0529856
2.4294e+13  0  809.8  0.612774  0  0  0.612774  0  0.612774  0.0524752  0  0  0.0524752  0  0.0524752
2.4303e+13  0  810.1  0.614389  0  0  0.614389  0  0.614389  0.0519727  0  0  0.0519727  0  0.0519727
2.4312e+13  0  810.4  0.615989  0  0  0.615989  0  0.615989  0.0514778  0  0  0.0514778  0  0.0514778
2.4321e+13  0  810.7  0.617576  0  0  0.617576  0  0.617576  0.0509904  0  0  0.0509904  0  0.0509904
2.433e+13  0  811  0.61915  0  0  0.61915  0  0.61915  0.0505103  0  0  0.0505103  0  0.0505103
2.4339e+13  0  811.3  0.62071  0  0  0.62071  0  0.62071  0.0500373  0  0  0.0500373  0  0.0500373
2.4348e+13  0  811.6  0.622257  0  0  0.622257  0  0.622257  0.0495714  0  0  0.0495714  0  0.0495714
2.4357e+13  0  811.9  0.623791  0  0  0.623791  0  0.623791  0.0491124  0  0  0.0491124  0  0.0491124
2.4366e+13  0  812.2  0.625312  0  0  0.625312  0  0.625312  0.0486601  0  0  0.0486601  0  0.0486601
2.4375e+13  0  812.5  0.626821  0  0  0.626821  0  0.626821  0.0482144  0  0  0.0482144  0  0.0482144
2.4384e+13  0  812.8  0.628317  0  0  0.628317  0  0.628317  0.0477752  0  0  0.0477752  0  0.0477752
2.4393e+13  0  813.1  0.629801  0  0  0.629801  0  0.629801  0.0473423  0  0  0.0473423  0  0.0473423
2.4402e+13  0  813.4  0.631273  0  0  0.631273  0  0.631273  0.0469157  0  0  0.0469157  0  0.0469157
2.4411e+13  0  813.7  0.632733  0  0  0.632733  0  0.632733  0.0464951  0  0  0.0464951  0  0.0464951
2.442e+13  0  814  0.634181  0  0  0.634181  0  0.634181  0.0460806  0  0  0.0460806  0  0.0460806
2.4429e+13  0  814.3  0.635618  0  0  0.635618  0  0.635618  0.0456719  0  0  0.0456719  0  0.0456719
2.4438e+13  0  814.6  0.637042  0  0  0.637042  0  0.637042  0.0452689  0  0  0.0452689  0  0.0452689
2.4447e+13  0  814.9  0.638456  0  0  0.638456  0  0.638456  0.0448716  0  0  0.0448716  0  0.0448716
2.4456e+13  0  815.2  0.639858  0  0  0.639858  0  0.639858  0.0444798  0  0  0.0444798  0  0.0444798
2.4465e+13  0  815.5  0.641249  0  0  0.641249  0  0.641249  0.0440934  0  0  0.0440934  0  0.0440934
2.4474e+13  0  815.8  0.642629  0  0  0.642629  0  0.642629  0.0437124  0  0  0.0437124  0  0.0437124
2.4483e+13  0  816.1  0.643998  0  0  0.643998  0  0.643998  0.0433365  0  0  0.0433365  0  0.0433365
2.4492e+13  0  816.4  0.645357  0  0  0.645357  0  0.645357  0.0429658  0  0  0.0429658  0  0.0429658
2.4501e+13  0  816.7  0.646705  0  0  0.646705  0  0.646705  0.0426002  0  0  0.0426002  0  0.0426002
2.451e+13  0  817  0.648042  0  0  0.648042  0  0.648042  0.0422394  0  0  0.0422394  0  0.0422394
2.4519e+13  0  817.3  0.649369  0  0  0.649369  0  0.649369  0.0418835  0  0  0.0418835  0  0.0418835
2.4528e+13  0  817.6  0.650686  0  0  0.650686  0  0.650686  0.0415324  0  0  0.0415324  0  0.0415324
2.4537e+13  0  817.9  0.651993  0  0  0.651993  0  0.651993  0.0411859  0  0  0.0411859  0  0.0411859
2.4546e+13  0  818.2  0.65329  0  0  0.65329  0  0.65329  0.040844  0  0  0.040844  0  0.040844
2.4555e+13  0  818.5  0.654577  0  0  0.654577  0  0.654577  0.0405066  0  0  0.0405066  0  0.0405066
2.4564e+13  0  818.8  0.655854  0  0  0.655854  0  0.655854  0.0401736  0  0  0.0401736  0  0.0401736
2.4573e+13  0  819.1  0.657122  0  0  0.657122  0  0.657122  0.039845  0  0  0.039845  0  0.039845
2.4582e+13  0  819.4  0.65838  0  0  0.65838  0  0.65838  0.0395206  0  0  0.0395206  0  0.0395206
2.4591e+13  0  819.7  0.659629  0  0  0.659629  0  0.659629  0.0392004  0  0  0.0392004  0  0.0392004
2.46e+13  0  820  0.660869  0  0  0.660869  0  0.660869  0.0388843  0  0  0.0388843  0  0.0388843
2.4609e+13  0  820.3  0.662099  0  0  0.662099  0  0.662099  0.0385723  0  0  0.0385723  0  0.0385723
2.4618e+13  0  820.6  0.66332  0  0  0.66332  0  0.66332  0.0382642  0  0  0.0382642  0  0.0382642
2.4627e+13  0  820.9  0.664533  0  0  0.664533  0  0.664533  0.03796  0  0  0.03796  0  0.03796
2.4636e+13  0  821.2  0.665736  0  0  0.665736  0  0.665736  0.0376597  0  0  0.0376597  0  0.0376597
2.4645e+13  0  821.5  0.666931  0  0  0.666931  0  0.666931  0.0373631  0  0  0.0373631  0  0.0373631
2.4654e+13  0  821.8  0.668117  0  0  0.668117  0  0.668117  0.0370702  0  0  0.0370702  0  0.0370702
2.4663e+13  0  822.1  0.669294  0  0  0.669294  0  0.669294  0.0367809  0  0  0.0367809  0  0.0367809
2.4672e+13  0  822.4  0.670463  0  0  0.670463  0  0.670463  0.0364953  0  0  0.0364953  0  0.0364953
2.4681e+13  0  822.7  0.671624  0  0  0.671624  0  0.671624  0.0362131  0  0  0.0362131  0  0.0362131
2.469e+13  0  823  0.672777  0  0  0.672777  0  0.672777  0.0359344  0  0  0.0359344  0  0.0359344
2.4699e+13  0  823.3  0.673921  0  0  0.673921  0  0.673921  0.0356591  0  0  0.0356591  0  0.0356591
2.4708e+13  0  823.6  0.675057  0  0  0.675057  0  0.675057  0.0353871  0  0  0.0353871  0  0.0353871
2.4717e+13  0  823.9  0.676185  0  0  0.676185  0  0.676185  0.0351184  0  0  0.0351184  0  0.0351184
2.4726e+13  0  824.2  0.677305  0  0  0.677305  0  0.677305  0.0348529  0  0  0.0348529  0  0.0348529
2.4735e+13  0  824.5  0.678417  0  0  0.678417  0  0.678417  0.0345906  0  0  0.0345906  0  0.0345906
2.4744e+13  0  824.8  0.679522  0  0  0.679522  0  0.679522  0.0343314  0  0  0.0343314  0  0.0343314
2.4753e+13  0  825.1  0.680619  0  0  0.680619  0  0.680619  0.0340753  0  0  0.0340753  0  0.0340753
2.4762e+13  0  825.4  0.681708  0  0  0.681708  0  0.681708  0.0338223  0  0  0.0338223  0  0.0338223
2.4771e+13  0  825.7  0.68279  0  0  0.68279  0  0.68279  0.0335722  0  0  0.0335722  0  0.0335722
2.478e+13  0  826  0.683865  0  0  0.683865  0  0.683865  0.033325  0  0  0.033325  0  0.033325
2.4789e+13  0  826.3  0.684932  0  0  0.684932  0  0.684932  0.0330807  0  0  0.0330807  0  0.0330807
2.4798e+13  0  826.6  0.685992  0  0  0.685992  0  0.685992  0.0328392  0  0  0.0328392  0  0.0328392
2.4807e+13  0  826.9  0.687044  0  0  0.687044  0  0.687044  0.0326005  0  0  0.0326005  0  0.0326005
2.4816e+13  0  827.2  0.68809  0  0  0.68809  0  0.68809  0.0323646  0  0  0.0323646  0  0.0323646
2.4825e+13  0  827.5  0.689128  0  0  0.689128  0  0.689128  0.0321313  0  0  0.0321313  0  0.0321313
2.4834e+13  0  827.8  0.69016  0  0  0.69016  0  0.69016  0.0319007  0  0  0.0319007  0  0.0319007
2.4843e+13  0  828.1  0.691185  0  0  0.691185  0  0.691185  0.0316728  0  0  0.0316728  0  0.0316728
2.4852e+13  0  828.4  0.692203  0  0  0.692203  0  0.692203  0.0314474  0  0  0.0314474  0  0.0314474
2.4861e+13  0  828.7  0.693214  0  0  0.693214  0  0.693214  0.0312245  0  0  0.0312245  0  0.0312245
2.487e+13  0  829  0.694218  0  0  0.694218  0  0.694218  0.0310041  0  0  0.0310041  0  0.0310041
2.4879e+13  0  829.3  0.695216  0  0  0.695216  0  0.695216  0.0307862  0  0  0.0307862  0  0.0307862
2.4888e+13  0  829.6  0.696207  0  0  0.696207  0  0.696207  0.0305707  0  0  0.0305707  0  0.0305707
2.4897e+13  0  829.9  0.697192  0  0  0.697192  0  0.697192  0.0303576  0  0  0.0303576  0  0.0303576
2.4906e+13  0  830.2  0.698171  0  0  0.698171  0  0.698171  0.0301468  0  0  0.0301468  0  0.0301468
2.4915e+13  0  830.5  0.699143  0  0  0.699143  0  0.699143  0.0299383  0  0  0.0299383  0  0.0299383
2.4924e+13  0  830.8  0.700109  0  0  0.700109  0  0.700109  0.0297321  0  0  0.0297321  0  0.0297321
2.4933e+13  0  831.1  0.701068  0  0  0.701068  0  0.701068  0.0295282  0  0  0.0295282  0  0.0295282
2.4942e+13  0  831.4  0.702022  0  0  0.702022  0  0.702022  0.0293265  0  0  0.0293265  0  0.0293265
2.4951e+13  0  831.7  0.702969  0  0  0.702969  0  0.702969  0.0291269  0  0  0.0291269  0  0.0291269
2.496e+13  0  832  0.703911  0  0  0.703911  0  0.703911  0.0289295  0  0  0.0289295  0  0.0289295
2.4969e+13  0  832.3  0.704846  0  0  0.704846  0  0.704846  0.0287341  0  0  0.0287341  0  0.0287341
2.4978e+13  0  832.6  0.705775  0  0  0.705775  0  0.705775  0.0285409  0  0  0.0285409  0  0.0285409
2.4987e+13  0  832.9  0.706699  0  0  0.706699  0  0.706699  0.0283497  0  0  0.0283497  0  0.0283497
2.4996e+13  0  833.2  0.707617  0  0  0.707617  0  0.707617  0.0281606  0  0  0.0281606  0  0.0281606
2.5005e+13  0  833.5  0.708529  0  0  0.708529  0  0.708529  0.0279734  0  0  0.0279734  0  0.0279734
2.5014e+13  0  833.8  0.709436  0  0  0.709436  0  0.709436  0.0277882  0  0  0.0277882  0  0.0277882
2.5023e+13  0  834.1  0.710336  0  0  0.710336  0  0.710336  0.0276049  0  0  0.0276049  0  0.0276049
2.5032e+13  0  834.4  0.711232  0  0  0.711232  0  0.711232  0.0274235  0  0  0.0274235  0  0.0274235
2.5041e+13  0  834.7  0.712121  0  0  0.712121  0  0.712121  0.027244  0  0  0.027244  0  0.027244
2.505e+13  0  835  0.713006  0  0  0.713006  0  0.713006  0.0270663  0  0  0.0270663  0  0.0270663
2.5059e+13  0  835.3  0.713884  0  0  0.713884  0  0.713884  0.0268905  0  0  0.0268905  0  0.0268905
2.5068e+13  0  835.6  0.714758  0  0  0.714758  0  0.714758  0.0267165  0  0  0.0267165  0  0.0267165
2.5077e+13  0  835.9  0.715626  0  0  0.715626  0  0.715626  0.0265442  0  0  0.0265442  0  0.0265442
2.5086e+13  0  836.2  0.716489  0  0  0.716489  0  0.716489  0.0263737  0  0  0.0263737  0  0.0263737
2.5095e+13  0  836.5  0.717347  0  0  0.717347  0  0.717347  0.0262049  0  0  0.0262049  0  0.0262049
2.5104e+13  0  836.8  0.718199  0  0  0.718199  0  0.718199  0.0260378  0  0  0.0260378  0  0.0260378
2.5113e+13  0  837.1  0.719047  0  0  0.719047  0  0.719047  0.0258724  0  0  0.0258724  0  0.0258724
2.5122e+13  0  837.4  0.719889  0  0  0.719889  0  0.719889  0.0257086  0  0  0.0257086  0  0.0257086
2.5131e+13  0  837.7  0.720727  0  0  0.720727  0  0.720727  0.0255465  0  0  0.0255465  0  0.0255465
2.514e+13  0  838  0.721559  0  0  0.721559  0  0.721559  0.025386  0  0  0.025386  0  0.025386
2.5149e+13  0  838.3  0.722387  0  0  0.722387  0  0.722387  0.0252271  0  0  0.0252271  0  0.0252271
2.5158e+13  0  838.6  0.723209  0  0  0.723209  0  0.723209  0.0250697  0  0  0.0250697  0  0.0250697
2.5167e+13  0  838.9  0.724027  0  0  0.724027  0  0.724027  0.0249139  0  0  0.0249139  0  0.0249139
2.5176e+13  0  839.2  0.72484  0  0  0.72484  0  0.72484  0.0247596  0  0  0.0247596  0  0.0247596
2.5185e+13  0  839.5  0.725648  0  0  0.725648  0  0.725648  0.0246067  0  0  0.0246067  0  0.0246067
2.5194e+13  0  839.8  0.726452  0  0  0.726452  0  0.726452  0.0244554  0  0  0.0244554  0  0.0244554
2.5203e+13  0  840.1  0.727251  0  0  0.727251  0  0.727251  0.0243056  0  0  0.0243056  0  0.0243056
2.5212e+13  0  840.4  0.728045  0  0  0.728045  0  0.728045  0.0241571  0  0  0.0241571  0  0.0241571
2.5221e+13  0  840.7  0.728835  0  0  0.728835  0  0.728835  0.0240101  0  0  0.0240101  0  0.0240101
2.523e+13  0  841  0.72962  0  0  0.72962  0  0.72962  0.0238646  0  0  0.0238646  0  0.0238646
2.5239e+13  0  841.3  0.730401  0  0  0.730401  0  0.730401  0.0237203  0  0  0.0237203  0  0.0237203
2.5248e+13  0  841.6  0.731177  0  0  0.731177  0  0.731177  0.0235775  0  0  0.0235775  0  0.0235775
2.5257e+13  0  841.9  0.731949  0  0  0.731949  0  0.731949  0.023436  0  0  0.023436  0  0.023436
2.5266e+13  0  842.2  0.732716  0  0  0.732716  0  0.732716  0.0232959  0  0  0.0232959  0  0.0232959
2.5275e+13  0  842.5  0.733479  0  0  0.733479  0  0.733479  0.023157  0  0  0.023157  0  0.023157
2.5284e+13  0  842.8  0.734238  0  0  0.734238  0  0.734238  0.0230195  0  0  0.0230195  0  0.0230195
2.5293e+13  0  843.1  0.734993  0  0  0.734993  0  0.734993  0.0228832  0  0  0.0228832  0  0.0228832
2.5302e+13  0  843.4  0.735743  0  0  0.735743  0  0.735743  0.0227482  0  0  0.0227482  0  0.0227482
2.5311e+13  0  843.7  0.736489  0  0  0.736489  0  0.736489  0.0226145  0  0  0.0226145  0  0.0226145
2.532e+13  0  844  0.737231  0  0  0.737231  0  0.737231  0.022482  0  0  0.022482  0  0.022482
2.5329e+13  0  844.3  0.737969  0  0  0.737969  0  0.737969  0.0223507  0  0  0.0223507  0  0.0223507
2.5338e+13  0  844.6  0.738703  0  0  0.738703  0  0.738703  0.0222206  0  0  0.0222206  0  0.0222206
2.5347e+13  0  844.9  0.739433  0  0  0.739433  0  0.739433  0.0220916  0  0  0.0220916  0  0.0220916
2.5356e+13  0  845.2  0.740158  0  0  0.740158  0  0.740158  0.0219639  0  0  0.0219639  0  0.0219639
2.5365e+13  0  845.5  0.74088  0  0  0.74088  0  0.74088  0.0218373  0  0  0.0218373  0  0.0218373
2.5374e+13  0  845.8  0.741598  0  0  0.741598  0  0.741598  0.0217119  0  0  0.0217119  0  0.0217119
2.5383e+13  0  846.1  0.742312  0  0  0.742312  0  0.742312  0.0215876  0  0  0.0215876  0  0.0215876
2.5392e+13  0  846.4  0.743022  0  0  0.743022  0  0.743022  0.0214644  0  0  0.0214644  0  0.0214644
2.5401e+13  0  846.7  0.743728  0  0  0.743728  0  0.743728  0.0213423  0  0  0.0213423  0  0.0213423
2.541e+13  0  847  0.744431  0  0  0.744431  0  0.744431  0.0212213  0  0  0.0212213  0  0.0212213
2.5419e+13  0  847.3  0.745129  0  0  0.745129  0  0.745129  0.0211013  0  0  0.0211013  0  0.0211013
2.5428e+13  0  847.6  0.745824  0  0  0.745824  0  0.745824  0.0209825  0  0  0.0209825  0  0.0209825
2.5437e+13  0  847.9  0.746515  0  0  0.746515  0  0.746515  0.0208646  0  0  0.0208646  0  0.0208646
2.5446e+13  0  848.2  0.747203  0  0  0.747203  0  0.747203  0.0207478  0  0  0.0207478  0  0.0207478
2.5455e+13  0  848.5  0.747887  0  0  0.747887  0  0.747887  0.0206321  0  0  0.0206321  0  0.0206321
2.5464e+13  0  848.8  0.748567  0  0  0.748567  0  0.748567  0.0205173  0  0  0.0205173  0  0.0205173
2.5473e+13  0  849.1  0.749244  0  0  0.749244  0  0.749244  0.0204035  0  0  0.0204035  0  0.0204035
2.5482e+13  0  849.4  0.749917  0  0  0.749917  0  0.749917  0.0202908  0  0  0.0202908  0  0.0202908
2.5491e+13  0  849.7  0.750586  0  0  0.750586  0  0.750586  0.020179  0  0  0.020179  0  0.020179
2.55e+13  0  850  0.751252  0  0  0.751252  0  0.751252  0.0200681  0  0  0.0200681  0  0.0200681
2.5509e+13  0  850.3  0.751915  0  0  0.751915  0  0.751915  0.0199582  0  0  0.0199582  0  0.0199582
2.5518e+13  0  850.6  0.752574  0  0  0.752574  0  0.752574  0.0198493  0  0  0.0198493  0  0.0198493
2.5527e+13  0  850.9  0.753229  0  0  0.753229  0  0.753229  0.0197413  0  0  0.0197413  0  0.0197413
2.5536e+13  0  851.2  0.753882  0  0  0.753882  0  0.753882  0.0196342  0  0  0.0196342  0  0.0196342
2.5545e+13  0  851.5  0.754531  0  0  0.754531  0  0.754531  0.019528  0  0  0.019528  0  0.019528
2.5554e+13  0  851.8  0.755176  0  0  0.755176  0  0.755176  0.0194227  0  0  0.0194227  0  0.0194227
2.5563e+13  0  852.1  0.755819  0  0  0.755819  0  0.755819  0.0193182  0  0  0.0193182  0  0.0193182
2.5572e+13  0  852.4  0.756458  0  0  0.756458  0  0.756458  0.0192147  0  0  0.0192147  0  0.0192147
2.5581e+13  0  852.7  0.757093  0  0  0.757093  0  0.757093  0.019112  0  0  0.019112  0  0.019112
2.559e+13  0  853  0.757726  0  0  0.757726  0  0.757726  0.0190102  0  0  0.0190102  0  0.0190102
2.5599e+13  0  853.3  0.758355  0  0  0.758355  0  0.758355  0.0189093  0  0  0.0189093  0  0.0189093
2.5608e+13  0  853.6  0.758981  0  0  0.758981  0  0.758981  0.0188091  0  0  0.0188091  0  0.0188091
2.5617e+13  0  853.9  0.759604  0  0  0.759604  0  0.759604  0.0187098  0  0  0.0187098  0  0.0187098
2.5626e+13  0  854.2  0.760224  0  0  0.760224  0  0.760224  0.0186113  0  0  0.0186113  0  0.0186113
2.5635e+13  0  854.5  0.760841  0  0  0.760841  0  0.760841  0.0185136  0  0  0.0185136  0  0.0185136
2.5644e+13  0  854.8  0.761454  0  0  0.761454  0  0.761454  0.0184168  0  0  0.0184168  0  0.0184168
2.5653e+13  0  855.1  0.762065  0  0  0.762065  0  0.762065  0.0183207  0  0  0.0183207  0  0.0183207
2.5662e+13  0  855.4  0.762672  0  0  0.762672  0  0.762672  0.0182254  0  0  0.0182254  0  0.0182254
2.5671e+13  0  855.7  0.763277  0  0  0.763277  0  0.763277  0.0181308  0  0  0.0181308  0  0.0181308
2.568e+13  0  856  0.763878  0  0  0.763878  0  0.763878  0.0180371  0  0  0.0180371  0  0.0180371
2.5689e+13  0  856.3  0.764477  0  0  0.764477  0  0.764477  0.017944  0  0  0.017944  0  0.017944
2.5698e+13  0  856.6  0.765072  0  0  0.765072  0  0.765072  0.0178518  0  0  0.0178518  0  0.0178518
2.5707e+13  0  856.9  0.765665  0  0  0.765665  0  0.765665  0.0177602  0  0  0.0177602  0  0.0177602
2.5716e+13  0  857.2  0.766255  0  0  0.766255  0  0.766255  0.0176694  0  0  0.0176694  0  0.0176694
2.5725e+13  0  857.5  0.766842  0  0  0.766842  0  0.766842  0.0175794  0  0  0.0175794  0  0.0175794
2.5734e+13  0  857.8  0.767426  0  0  0.767426  0  0.767426  0.01749  0  0  0.01749  0  0.01749
2.5743e+13  0  858.1  0.768007  0  0  0.768007  0  0.768007  0.0174013  0  0  0.0174013  0  0.0174013
2.5752e+13  0  858.4  0.768585  0  0  0.768585  0  0.768585  0.0173134  0  0  0.0173134  0  0.0173134
2.5761e+13  0  858.7  0.769161  0  0  0.769161  0  0.769161  0.0172261  0  0  0.0172261  0  0.0172261
2.577e+13  0  859  0.769734  0  0  0.769734  0  0.769734  0.0171395  0  0  0.0171395  0  0.0171395
2.5779e+13  0  859.3  0.770304  0  0  0.770304  0  0.770304  0.0170536  0  0  0.0170536  0  0.0170536
2.5788e+13  0  859.6  0.770871  0  0  0.770871  0  0.770871  0.0169684  0  0  0.0169684  0  0.0169684
2.5797e+13  0  859.9  0.771436  0  0  0.771436  0  0.771436  0.0168838  0  0  0.0168838  0  0.0168838
2.5806e+13  0  860.2  0.771998  0  0  0.771998  0  0.771998  0.0167999  0  0  0.0167999  0  0.0167999
2.5815e+13  0  860.5  0.772557  0  0  0.772557  0  0.772557  0.0167166  0  0  0.0167166  0  0.0167166
2.5824e+13  0  860.8  0.773114  0  0  0.773114  0  0.773114  0.016634  0  0  0.016634  0  0.016634
2.5833e+13  0  861.1  0.773668  0  0  0.773668  0  0.773668  0.016552  0  0  0.016552  0  0.016552
2.5842e+13  0  861.4  0.774219  0  0  0.774219  0  0.774219  0.0164706  0  0  0.0164706  0  0.0164706
2.5851e+13  0  861.7  0.774768  0  0  0.774768  0  0.774768  0.0163899  0  0  0.0163899  0  0.0163899
2.586e+13  0  862  0.775314  0  0  0.775314  0  0.775314  0.0163097  0  0  0.0163097  0  0.0163097
2.5869e+13  0  862.3  0.775858  0  0  0.775858  0  0.775858  0.0162302  0  0  0.0162302  0  0.0162302
2.5878e+13  0  862.6  0.776399  0  0  0.776399  0  0.776399  0.0161513  0  0  0.0161513  0  0.0161513
2.5887e+13  0  862.9  0.776938  0  0  0.776938  0  0.776938  0.016073  0  0  0.016073  0  0.016073
2.5896e+13  0  863.2  0.777474  0  0  0.777474  0  0.777474  0.0159952  0  0  0.0159952  0  0.0159952
2.5905e+13  0  863.5  0.778007  0  0  0.778007  0  0.778007  0.0159181  0  0  0.0159181  0  0.0159181
2.5914e+13  0  863.8  0.778539  0  0  0.778539  0  0.778539  0.0158415  0  0  0.0158415  0  0.0158415
2.5923e+13  0  864.1  0.779067  0  0  0.779067  0  0.779067  0.0157655  0  0  0.0157655  0  0.0157655
2.5932e+13  0  864.4  0.779594  0  0  0.779594  0  0.779594  0.0156901  0  0  0.0156901  0  0.0156901
2.5941e+13  0  864.7  0.780117  0  0  0.780117  0  0.780117  0.0156152  0  0  0.0156152  0  0.0156152
2.595e+13  0  865  0.780639  0  0  0.780639  0  0.780639  0.0155409  0  0  0.0155409  0  0.0155409
2.5959e+13  0  865.3  0.781158  0  0  0.781158  0  0.781158  0.0154671  0  0  0.0154671  0  0.0154671
2.5968e+13  0  865.6  0.781675  0  0  0.781675  0  0.781675  0.0153939  0  0  0.0153939  0  0.0153939
2.5977e+13  0  865.9  0.782189  0  0  0.782189  0  0.782189  0.0153212  0  0  0.0153212  0  0.0153212
2.5986e+13  0  866.2  0.782701  0  0  0.782701  0  0.782701  0.015249  0  0  0.015249  0  0.015249
2.5995e+13  0  866.5  0.783211  0  0  0.783211  0  0.783211  0.0151774  0  0  0.0151774  0  0.0151774
2.6004e+13  0  866.8  0.783718  0  0  0.783718  0  0.783718  0.0151063  0  0  0.0151063  0  0.0151063
2.6013e+13  0  867.1  0.784224  0  0  0.784224  0  0.784224  0.0150357  0  0  0.0150357  0  0.0150357
2.6022e+13  0  867.4  0.784727  0  0  0.784727  0  0.784727  0.0149656  0  0  0.0149656  0  0.0149656
2.6031e+13  0  867.7  0.785227  0  0  0.785227  0  0.785227  0.014896  0  0  0.014896  0  0.014896
2.604e+13  0  868  0.785726  0  0  0.785726  0  0.785726  0.0148269  0  0  0.0148269  0  0.0148269
2.6049e+13  0  868.3  0.786222  0  0  0.786222  0  0.786222  0.0147583  0  0  0.0147583  0  0.0147583
2.6058e+13  0  868.6  0.786716  0  0  0.786716  0  0.786716  0.0146902  0  0  0.0146902  0  0.0146902
2.6067e+13  0  868.9  0.787208  0  0  0.787208  0  0.787208  0.0146226  0  0  0.0146226  0  0.0146226
2.6076e+13  0  869.2  0.787697  0  0  0.787697  0  0.787697  0.0145555  0  0  0.0145555  0  0.0145555
2.6085e+13  0  869.5  0.788185  0  0  0.788185  0  0.788185  0.0144888  0  0  0.0144888  0  0.0144888
2.6094e+13  0  869.8  0.78867  0  0  0.78867  0  0.78867  0.0144227  0  0  0.0144227  0  0.0144227
2.6103e+13  0  870.1  0.789153  0  0  0.789153  0  0.789153  0.014357  0  0  0.014357  0  0.014357
2.6112e+13  0  870.4  0.789634  0  0  0.789634  0  0.789634  0.0142917  0  0  0.0142917  0  0.0142917
2.6121e+13  0  870.7  0.790113  0  0  0.790113  0  0.790113  0.0142269  0  0  0.0142269  0  0.0142269
2.613e+13  0  871  0.79059  0  0  0.79059  0  0.79059  0.0141626  0  0  0.0141626  0  0.0141626
2.6139e+13  0  871.3  0.791065  0  0  0.791065  0  0.791065  0.0140987  0  0  0.0140987  0  0.0140987
2.6148e+13  0  871.6  0.791538  0  0  0.791538  0  0.791538  0.0140353  0  0  0.0140353  0  0.0140353
2.6157e+13  0  871.9  0.792009  0  0  0.792009  0  0.792009  0.0139723  0  0  0.0139723  0  0.0139723
2.6166e+13  0  872.2  0.792477  0  0  0.792477  0  0.792477  0.0139097  0  0  0.0139097  0  0.0139097
2.6175e+13  0  872.5  0.792944  0  0  0.792944  0  0.792944  0.0138476  0  0  0.0138476  0  0.0138476
2.6184e+13  0  872.8  0.793409  0  0  0.793409  0  0.793409  0.0137859  0  0  0.0137859  0  0.0137859
2.6193e+13  0  873.1  0.793871  0  0  0.793871  0  0.793871  0.0137246  0  0  0.0137246  0  0.0137246
2.6202e+13  0  873.4  0.794332  0  0  0.794332  0  0.794332  0.0136637  0  0  0.0136637  0  0.0136637
2.6211e+13  0  873.7  0.794791  0  0  0.794791  0  0.794791  0.0136033  0  0  0.0136033  0  0.0136033
2.622e+13  0  874  0.795248  0  0  0.795248  0  0.795248  0.0135433  0  0  0.0135433  0  0.0135433
2.6229e+13  0  874.3  0.795703  0  0  0.795703  0  0.795703  0.0134837  0  0  0.0134837  0  0.0134837
2.6238e+13  0  874.6  0.796156  0  0  0.796156  0  0.796156  0.0134245  0  0  0.0134245  0  0.0134245
2.6247e+13  0  874.9  0.796607  0  0  0.796607  0  0.796607  0.0133656  0  0  0.0133656  0  0.0133656
2.6256e+13  0  875.2  0.797056  0  0  0.797056  0  0.797056  0.0133072  0  0  0.0133072  0  0.0133072
2.6265e+13  0  875.5  0.797503  0  0  0.797503  0  0.797503  0.0132492  0  0  0.0132492  0  0.0132492
2.6274e+13  0  875.8  0.797948  0  0  0.797948  0  0.797948  0.0131916  0  0  0.0131916  0  0.0131916
2.6283e+13  0  876.1  0.798392  0  0  0.798392  0  0.798392  0.0131344  0  0  0.0131344  0  0.0131344
2.6292e+13  0  876.4  0.798833  0  0  0.798833  0  0.798833  0.0130775  0  0  0.0130775  0  0.0130775
2.6301e+13  0  876.7  0.799273  0  0  0.799273  0  0.799273  0.013021  0  0  0.013021  0  0.013021
2.631e+13  0  877  0.799711  0  0  0.799711  0  0.799711  0.0129649  0  0  0.0129649  0  0.0129649
2.6319e+13  0  877.3  0.800147  0  0  0.800147  0  0.800147  0.0129092  0  0  0.0129092  0  0.0129092
2.6328e+13  0  877.6  0.800582  0  0  0.800582  0  0.800582  0.0128538  0  0  0.0128538  0  0.0128538
2.6337e+13  0  877.9  0.801014  0  0  0.801014  0  0.801014  0.0127988  0  0  0.0127988  0  0.0127988
2.6346e+13  0  878.2  0.801445  0  0  0.801445  0  0.801445  0.0127442  0  0  0.0127442  0  0.0127442
2.6355e+13  0  878.5  0.801874  0  0  0.801874  0  0.801874  0.0126899  0  0  0.0126899  0  0.0126899
2.6364e+13  0  878.8  0.802301  0  0  0.802301  0  0.802301  0.012636  0  0  0.012636  0  0.012636
2.6373e+13  0  879.1  0.802727  0  0  0.802727  0  0.802727  0.0125824  0  0  0.0125824  0  0.0125824
2.6382e+13  0  879.4  0.80315  0  0  0.80315  0  0.80315  0.0125292  0  0  0.0125292  0  0.0125292
2.6391e+13  0  879.7  0.803572  0  0  0.803572  0  0.803572  0.0124764  0  0  0.0124764  0  0.0124764
2.64e+13  0  880  0.803993  0  0  0.803993  0  0.803993  0.0124238  0  0  0.0124238  0  0.0124238
2.6409e+13  0  880.3  0.804411  0  0  0.804411  0  0.804411  0.0123717  0  0  0.0123717  0  0.0123717
2.6418e+13  0  880.6  0.804828  0  0  0.804828  0  0.804828  0.0123198  0  0  0.0123198  0  0.0123198
2.6427e+13  0  880.9  0.805244  0  0  0.805244  0  0.805244  0.0122683  0  0  0.0122683  0  0.0122683
2.6436e+13  0  881.2  0.805657  0  0  0.805657  0  0.805657  0.0122171  0  0  0.0122171  0  0.0122171
2.6445e+13  0  881.5  0.806069  0  0  0.806069  0  0.806069  0.0121663  0  0  0.0121663  0  0.0121663
2.6454e+13  0  881.8  0.806479  0  0  0.806479  0  0.806479  0.0121157  0  0  0.0121157  0  0.0121157
2.6463e+13  0  882.1  0.806888  0  0  0.806888  0  0.806888  0.0120655  0  0  0.0120655  0  0.0120655
2.6472e+13  0  882.4  0.807295  0  0  0.807295  0  0.807295  0.0120157  0  0  0.0120157  0  0.0120157
2.6481e+13  0  882.7  0.8077  0  0  0.8077  0  0.8077  0.0119661  0  0  0.0119661  0  0.0119661
2.649e+13  0  883  0.808104  0  0  0.808104  0  0.808104  0.0119168  0  0  0.0119168  0  0.0119168
2.6499e+13  0  883.3  0.808506  0  0  0.808506  0  0.808506  0.0118679  0  0  0.0118679  0  0.0118679
2.6508e+13  0  883.6  0.808906  0  0  0.808906  0  0.808906  0.0118193  0  0  0.0118193  0  0.0118193
2.6517e+13  0  883.9  0.809305  0  0  0.809305  0  0.809305  0.0117709  0  0  0.0117709  0  0.0117709
2.6526e+13  0  884.2  0.809703  0  0  0.809703  0  0.809703  0.0117229  0  0  0.0117229  0  0.0117229
2.6535e+13  0  884.5  0.810098  0  0  0.810098  0  0.810098  0.0116752  0  0  0.0116752  0  0.0116752
2.6544e+13  0  884.8  0.810493  0  0  0.810493  0  0.810493  0.0116278  0  0  0.0116278  0  0.0116278
2.6553e+13  0  885.1  0.810885  0  0  0.810885  0  0.810885  0.0115807  0  0  0.0115807  0  0.0115807
2.6562e+13  0  885.4  0.811277  0  0  0.811277  0  0.811277  0.0115338  0  0  0.0115338  0  0.0115338
2.6571e+13  0  885.7  0.811666  0  0  0.811666  0  0.811666  0.0114873  0  0  0.0114873  0  0.0114873
2.658e+13  0  886  0.812054  0  0  0.812054  0  0.812054  0.011441  0  0  0.011441  0  0.011441
2.6589e+13  0  886.3  0.812441  0  0  0.812441  0  0.812441  0.0113951  0  0  0.0113951  0  0.0113951
2.6598e+13  0  886.6  0.812826  0  0  0.812826  0  0.812826  0.0113494  0  0  0.0113494  0  0.0113494
2.6607e+13  0  886.9  0.81321  0  0  0.81321  0  0.81321  0.011304  0  0  0.011304  0  0.011304
2.6616e+13  0  887.2  0.813592  0  0  0.813592  0  0.813592  0.0112589  0  0  0.0112589  0  0.0112589
2.6625e+13  0  887.5  0.813972  0  0  0.813972  0  0.813972  0.011214  0  0  0.011214  0  0.011214
2.6634e+13  0  887.8  0.814352  0  0  0.814352  0  0.814352  0.0111694  0  0  0.0111694  0  0.0111694
2.6643e+13  0  888.1  0.814729  0  0  0.814729  0  0.814729  0.0111251  0  0  0.0111251  0  0.0111251
2.6652e+13  0  888.4  0.815106  0  0  0.815106  0  0.815106  0.0110811  0  0  0.0110811  0  0.0110811
2.6661e+13  0  888.7  0.81548  0  0  0.81548  0  0.81548  0.0110374  0  0  0.0110374  0  0.0110374
2.667e+13  0  889  0.815854  0  0  0.815854  0  0.815854  0.0109939  0  0  0.0109939  0  0.0109939
2.6679e+13  0  889.3  0.816226  0  0  0.816226  0  0.816226  0.0109506  0  0  0.0109506  0  0.0109506
2.6688e+13  0  889.6  0.816596  0  0  0.816596  0  0.816596  0.0109076  0  0  0.0109076  0  0.0109076
2.6697e+13  0  889.9  0.816965  0  0  0.816965  0  0.816965  0.0108649  0  0  0.0108649  0  0.0108649
2.6706e+13  0  890.2  0.817333  0  0  0.817333  0  0.817333  0.0108225  0  0  0.0108225  0  0.0108225
2.6715e+13  0  890.5  0.8177  0  0  0.8177  0  0.8177  0.0107803  0  0  0.0107803  0  0.0107803
2.6724e+13  0  890.8  0.818065  0  0  0.818065  0  0.818065  0.0107383  0  0  0.0107383  0  0.0107383
2.6733e+13  0  891.1  0.818428  0  0  0.818428  0  0.818428  0.0106966  0  0  0.0106966  0  0.0106966
2.6742e+13  0  891.4  0.81879  0  0  0.81879  0  0.81879  0.0106552  0  0  0.0106552  0  0.0106552
2.6751e+13  0  891.7  0.819151  0  0  0.819151  0  0.819151  0.0106139  0  0  0.0106139  0  0.0106139
2.676e+13  0  892  0.819511  0  0  0.819511  0  0.819511  0.010573  0  0  0.010573  0  0.010573
2.6769e+13  0  892.3  0.819869  0  0  0.819869  0  0.819869  0.0105323  0  0  0.0105323  0  0.0105323
2.6778e+13  0  892.6  0.820226  0  0  0.820226  0  0.820226  0.0104918  0  0  0.0104918  0  0.0104918
2.6787e+13  0  892.9  0.820582  0  0  0.820582  0  0.820582  0.0104515  0  0  0.0104515  0  0.0104515
2.6796e+13  0  893.2  0.820936  0  0  0.820936  0  0.820936  0.0104115  0  0  0.0104115  0  0.0104115
2.6805e+13  0  893.5  0.821289  0  0  0.821289  0  0.821289  0.0103718  0  0  0.0103718  0  0.0103718
2.6814e+13  0  893.8  0.82164  0  0  0.82164  0  0.82164  0.0103322  0  0  0.0103322  0  0.0103322
2.6823e+13  0  894.1  0.821991  0  0  0.821991  0  0.821991  0.0102929  0  0  0.0102929  0  0.0102929
2.6832e+13  0  894.4  0.82234  0  0  0.82234  0  0.82234  0.0102538  0  0  0.0102538  0  0.0102538
2.6841e+13  0  894.7  0.822687  0  0  0.822687  0  0.822687  0.010215  0  0  0.010215  0  0.010215
2.685e+13  0  895  0.823034  0  0  0.823034  0  0.823034  0.0101764  0  0  0.0101764  0  0.0101764
2.6859e+13  0  895.3  0.823379  0  0  0.823379  0  0.823379  0.010138  0  0  0.010138  0  0.010138
2.6868e+13  0  895.6  0.823723  0  0  0.823723  0  0.823723  0.0100998  0  0  0.0100998  0  0.0100998
2.6877e+13  0  895.9  0.824066  0  0  0.824066  0  0.824066  0.0100618  0  0  0.0100618  0  0.0100618
2.6886e+13  0  896.2  0.824407  0  0  0.824407  0  0.824407  0.0100241  0  0  0.0100241  0  0.0100241
2.6895e+13  0  896.5  0.824747  0  0  0.824747  0  0.824747  0.00998654  0  0  0.00998654  0  0.00998654
2.6904e+13  0  896.8  0.825086  0  0  0.825086  0  0.825086  0.00994923  0  0  0.00994923  0  0.00994923
2.6913e+13  0  897.1  0.825424  0  0  0.825424  0  0.825424  0.00991213  0  0  0.00991213  0  0.00991213
2.6922e+13  0  897.4  0.82576  0  0  0.82576  0  0.82576  0.00987524  0  0  0.00987524  0  0.00987524
2.6931e+13  0  897.7  0.826096  0  0  0.826096  0  0.826096  0.00983856  0  0  0.00983856  0  0.00983856
2.694e+13  0  898  0.82643  0  0  0.82643  0  0.82643  0.00980209  0  0  0.00980209  0  0.00980209
2.6949e+13  0  898.3  0.826763  0  0  0.826763  0  0.826763  0.00976583  0  0  0.00976583  0  0.00976583
2.6958e+13  0  898.6  0.827094  0  0  0.827094  0  0.827094  0.00972977  0  0  0.00972977  0  0.00972977
2.6967e+13  0  898.9  0.827425  0  0  0.827425  0  0.827425  0.00969392  0  0  0.00969392  0  0.00969392
2.6976e+13  0  899.2  0.827754  0  0  0.827754  0  0.827754  0.00965827  0  0  0.00965827  0  0.00965827
2.6985e+13  0  899.5  0.828082  0  0  0.828082  0  0.828082  0.00962282  0  0  0.00962282  0  0.00962282
2.6994e+13  0  899.8  0.828409  0  0  0.828409  0  0.828409  0.00958756  0  0  0.00958756  0  0.00958756
2.7003e+13  0  900.1  0.828735  0  0  0.828735  0  0.828735  0.00955251  0  0  0.00955251  0  0.00955251
2.7012e+13  0  900.4  0.82906  0  0  0.82906  0  0.82906  0.00951765  0  0  0.00951765  0  0.00951765
2.7021e+13  0  900.7  0.829383  0  0  0.829383  0  0.829383  0.00948298  0  0  0.00948298  0  0.00948298
2.703e+13  0  901  0.829706  0  0  0.829706  0  0.829706  0.00944851  0  0  0.00944851  0  0.00944851
2.7039e+13  0  901.3  0.830027  0  0  0.830027  0  0.830027  0.00941423  0  0  0.00941423  0  0.00941423
2.7048e+13  0  901.6  0.830347  0  0  0.830347  0  0.830347  0.00938014  0  0  0.00938014  0  0.00938014
2.7057e+13  0  901.9  0.830666  0  0  0.830666  0  0.830666  0.00934623  0  0  0.00934623  0  0.00934623
2.7066e+13  0  902.2  0.830984  0  0  0.830984  0  0.830984  0.00931252  0  0  0.00931252  0  0.00931252
2.7075e+13  0  902.5  0.8313  0  0  0.8313  0  0.8313  0.00927899  0  0  0.00927899  0  0.00927899
2.7084e+13  0  902.8  0.831616  0  0  0.831616  0  0.831616  0.00924564  0  0  0.00924564  0  0.00924564
2.7093e+13  0  903.1  0.831931  0  0  0.831931  0  0.831931  0.00921248  0  0  0.00921248  0  0.00921248
2.7102e+13  0  903.4  0.832244  0  0  0.832244  0  0.832244  0.0091795  0  0  0.0091795  0  0.0091795
2.7111e+13  0  903.7  0.832556  0  0  0.832556  0  0.832556  0.00914669  0  0  0.00914669  0  0.00914669
2.712e+13  0  904  0.832868  0  0  0.832868  0  0.832868  0.00911407  0  0  0.00911407  0  0.00911407
2.7129e+13  0  904.3  0.833178  0  0  0.833178  0  0.833178  0.00908163  0  0  0.00908163  0  0.00908163
2.7138e+13  0  904.6  0.833487  0  0  0.833487  0  0.833487  0.00904936  0  0  0.00904936  0  0.00904936
2.7147e+13  0  904.9  0.833795  0  0  0.833795  0  0.833795  0.00901726  0  0  0.00901726  0  0.00901726
2.7156e+13  0  905.2  0.834102  0  0  0.834102  0  0.834102  0.00898534  0  0  0.00898534  0  0.00898534
2.7165e+13  0  905.5  0.834408  0  0  0.834408  0  0.834408  0.00895359  0  0  0.00895359  0  0.00895359
2.7174e+13  0  905.8  0.834713  0  0  0.834713  0  0.834713  0.00892202  0  0  0.00892202  0  0.00892202
2.7183e+13  0  906.1  0.835017  0  0  0.835017  0  0.835017  0.00889061  0  0  0.00889061  0  0.00889061
2.7192e+13  0  906.4  0.83532  0  0  0.83532  0  0.83532  0.00885937  0  0  0.00885937  0  0.00885937
2.7201e+13  0  906.7  0.835621  0  0  0.835621  0  0.835621  0.0088283  0  0  0.0088283  0  0.0088283
2.721e+13  0  907  0.835922  0  0  0.835922  0  0.835922  0.00879739  0  0  0.00879739  0  0.00879739
2.7219e+13  0  907.3  0.836222  0  0  0.836222  0  0.836222  0.00876665  0  0  0.00876665  0  0.00876665
2.7228e+13  0  907.6  0.83652  0  0  0.83652  0  0.83652  0.00873607  0  0  0.00873607  0  0.00873607
2.7237e+13  0  907.9  0.836818  0  0  0.836818  0  0.836818  0.00870566  0  0  0.00870566  0  0.00870566
2.7246e+13  0  908.2  0.837115  0  0  0.837115  0  0.837115  0.0086754  0  0  0.0086754  0  0.0086754
2.7255e+13  0  908.5  0.837411  0  0  0.837411  0  0.837411  0.00864531  0  0  0.00864531  0  0.00864531
2.7264e+13  0  908.8  0.837705  0  0  0.837705  0  0.837705  0.00861538  0  0  0.00861538  0  0.00861538
2.7273e+13  0  909.1  0.837999  0  0  0.837999  0  0.837999  0.0085856  0  0  0.0085856  0  0.0085856
2.7282e+13  0  909.4  0.838292  0  0  0.838292  0  0.838292  0.00855598  0  0  0.00855598  0  0.00855598
2.7291e+13  0  909.7  0.838583  0  0  0.838583  0  0.838583  0.00852651  0  0  0.00852651  0  0.00852651
2.73e+13  0  910  0.838874  0  0  0.838874  0  0.838874  0.00849721  0  0  0.00849721  0  0.00849721
2.7309e+13  0  910.3  0.839164  0  0  0.839164  0  0.839164  0.00846805  0  0  0.00846805  0  0.00846805
2.7318e+13  0  910.6  0.839453  0  0  0.839453  0  0.839453  0.00843904  0  0  0.00843904  0  0.00843904
2.7327e+13  0  910.9  0.839741  0  0  0.839741  0  0.839741  0.00841019  0  0  0.00841019  0  0.00841019
2.7336e+13  0  911.2  0.840027  0  0  0.840027  0  0.840027  0.00838149  0  0  0.00838149  0  0.00838149
2.7345e+13  0  911.5  0.840313  0  0  0.840313  0  0.840313  0.00835293  0  0  0.00835293  0  0.00835293
2.7354e+13  0  911.8  0.840598  0  0  0.840598  0  0.840598  0.00832453  0  0  0.00832453  0  0.00832453
2.7363e+13  0  912.1  0.840882  0  0  0.840882  0  0.840882  0.00829627  0  0  0.00829627  0  0.00829627
2.7372e+13  0  912.4  0.841166  0  0  0.841166  0  0.841166  0.00826816  0  0  0.00826816  0  0.00826816
2.7381e+13  0  912.7  0.841448  0  0  0.841448  0  0.841448  0.00824019  0  0  0.00824019  0  0.00824019
2.739e+13  0  913  0.841729  0  0  0.841729  0  0.841729  0.00821236  0  0  0.00821236  0  0.00821236
2.7399e+13  0  913.3  0.842009  0  0  0.842009  0  0.842009  0.00818468  0  0  0.00818468  0  0.00818468
2.7408e+13  0  913.6  0.842289  0  0  0.842289  0  0.842289  0.00815714  0  0  0.00815714  0  0.00815714
2.7417e+13  0  913.9  0.842567  0  0  0.842567  0  0.842567  0.00812974  0  0  0.00812974  0  0.00812974
2.7426e+13  0  914.2  0.842845  0  0  0.842845  0  0.842845  0.00810249  0  0  0.00810249  0  0.00810249
2.7435e+13  0  914.5  0.843122  0  0  0.843122  0  0.843122  0.00807537  0  0  0.00807537  0  0.00807537
2.7444e+13  0  914.8  0.843397  0  0  0.843397  0  0.843397  0.00804838  0  0  0.00804838  0  0.00804838
2.7453e+13  0  915.1  0.843672  0  0  0.843672  0  0.843672  0.00802154  0  0  0.00802154  0  0.00802154
2.7462e+13  0  915.4  0.843946  0  0  0.843946  0  0.843946  0.00799483  0  0  0.00799483  0  0.00799483
2.7471e+13  0  915.7  0.844219  0  0  0.844219  0  0.844219  0.00796826  0  0  0.00796826  0  0.00796826
2.748e+13  0  916  0.844492  0  0  0.844492  0  0.844492  0.00794182  0  0  0.00794182  0  0.00794182
2.7489e+13  0  916.3  0.844763  0  0  0.844763  0  0.844763  0.00791551  0  0  0.00791551  0  0.00791551
2.7498e+13  0  916.6  0.845033  0  0  0.845033  0  0.845033  0.00788934  0  0  0.00788934  0  0.00788934
2.7507e+13  0  916.9  0.845303  0  0  0.845303  0  0.845303  0.0078633  0  0  0.0078633  0  0.0078633
2.7516e+13  0  917.2  0.845572  0  0  0.845572  0  0.845572  0.00783738  0  0  0.00783738  0  0.00783738
2.7525e+13  0  917.5  0.84584  0  0  0.84584  0  0.84584  0.0078116  0  0  0.0078116  0  0.0078116
2.7534e+13  0  917.8  0.846107  0  0  0.846107  0  0.846107  0.00778595  0  0  0.00778595  0  0.00778595
2.7543e+13  0  918.1  0.846373  0  0  0.846373  0  0.846373  0.00776042  0  0  0.00776042  0  0.00776042
2.7552e+13  0  918.4  0.846638  0  0  0.846638  0  0.846638  0.00773503  0  0  0.00773503  0  0.00773503
2.7561e+13  0  918.7  0.846902  0  0  0.846902  0  0.846902  0.00770975  0  0  0.00770975  0  0.00770975
2.757e+13  0  919  0.847166  0  0  0.847166  0  0.847166  0.00768461  0  0  0.00768461  0  0.00768461
2.7579e+13  0  919.3  0.847429  0  0  0.847429  0  0.847429  0.00765958  0  0  0.00765958  0  0.00765958
2.7588e+13  0  919.6  0.847691  0  0  0.847691  0  0.847691  0.00763469  0  0  0.00763469  0  0.00763469
2.7597e+13  0  919.9  0.847952  0  0  0.847952  0  0.847952  0.00760991  0  0  0.00760991  0  0.00760991
2.7606e+13  0  920.2  0.848212  0  0  0.848212  0  0.848212  0.00758526  0  0  0.00758526  0  0.00758526
2.7615e+13  0  920.5  0.848472  0  0  0.848472  0  0.848472  0.00756072  0  0  0.00756072  0  0.00756072
2.7624e+13  0  920.8  0.84873  0  0  0.84873  0  0.84873  0.00753631  0  0  0.00753631  0  0.00753631
2.7633e+13  0  921.1  0.848988  0  0  0.848988  0  0.848988  0.00751202  0  0  0.00751202  0  0.00751202
2.7642e+13  0  921.4  0.849245  0  0  0.849245  0  0.849245  0.00748784  0  0  0.00748784  0  0.00748784
2.7651e+13  0  921.7  0.849502  0  0  0.849502  0  0.849502  0.00746379  0  0  0.00746379  0  0.00746379
2.766e+13  0  922  0.849757  0  0  0.849757  0  0.849757  0.00743985  0  0  0.00743985  0  0.00743985
2.7669e+13  0  922.3  0.850012  0  0  0.850012  0  0.850012  0.00741603  0  0  0.00741603  0  0.00741603
2.7678e+13  0  922.6  0.850265  0  0  0.850265  0  0.850265  0.00739232  0  0  0.00739232  0  0.00739232
2.7687e+13  0  922.9  0.850518  0  0  0.850518  0  0.850518  0.00736873  0  0  0.00736873  0  0.00736873
2.7696e+13  0  923.2  0.850771  0  0  0.850771  0  0.850771  0.00734525  0  0  0.00734525  0  0.00734525
2.7705e+13  0  923.5  0.851022  0  0  0.851022  0  0.851022  0.00732189  0  0  0.00732189  0  0.00732189
2.7714e+13  0  923.8  0.851273  0  0  0.851273  0  0.851273  0.00729864  0  0  0.00729864  0  0.00729864
2.7723e+13  0  924.1  0.851523  0  0  0.851523  0  0.851523  0.0072755  0  0  0.0072755  0  0.0072755
2.7732e+13  0  924.4  0.851772  0  0  0.851772  0  0.851772  0.00725247  0  0  0.00725247  0  0.00725247
2.7741e+13  0  924.7  0.85202  0  0  0.85202  0  0.85202  0.00722955  0  0  0.00722955  0  0.00722955
2.775e+13  0  925  0.852268  0  0  0.852268  0  0.852268  0.00720674  0  0  0.00720674  0  0.00720674
2.7759e+13  0  925.3  0.852515  0  0  0.852515  0  0.852515  0.00718404  0  0  0.00718404  0  0.00718404
2.7768e+13  0  925.6  0.852761  0  0  0.852761  0  0.852761  0.00716145  0  0  0.00716145  0  0.00716145
2.7777e+13  0  925.9  0.853006  0  0  0.853006  0  0.853006  0.00713897  0  0  0.00713897  0  0.00713897
2.7786e+13  0  926.2  0.853251  0  0  0.853251  0  0.853251  0.00711659  0  0  0.00711659  0  0.00711659
2.7795e+13  0  926.5  0.853495  0  0  0.853495  0  0.853495  0.00709432  0  0  0.00709432  0  0.00709432
2.7804e+13  0  926.8  0.853738  0  0  0.853738  0  0.853738  0.00707216  0  0  0.00707216  0  0.00707216
2.7813e+13  0  927.1  0.85398  0  0  0.85398  0  0.85398  0.0070501  0  0  0.0070501  0  0.0070501
2.7822e+13  0  927.4  0.854222  0  0  0.854222  0  0.854222  0.00702814  0  0  0.00702814  0  0.00702814
2.7831e+13  0  927.7  0.854463  0  0  0.854463  0  0.854463  0.00700629  0  0  0.00700629  0  0.00700629
2.784e+13  0  928  0.854703  0  0  0.854703  0  0.854703  0.00698454  0  0  0.00698454  0  0.00698454
2.7849e+13  0  928.3  0.854942  0  0  0.854942  0  0.854942  0.00696289  0  0  0.00696289  0  0.00696289
2.7858e+13  0  928.6  0.855181  0  0  0.855181  0  0.855181  0.00694135  0  0  0.00694135  0  0.00694135
2.7867e+13  0  928.9  0.855419  0  0  0.855419  0  0.855419  0.0069199  0  0  0.0069199  0  0.0069199
2.7876e+13  0  929.2  0.855656  0  0  0.855656  0  0.855656  0.00689856  0  0  0.00689856  0  0.00689856
2.7885e+13  0  929.5  0.855893  0  0  0.855893  0  0.855893  0.00687731  0  0  0.00687731  0  0.00687731
2.7894e+13  0  929.8  0.856129  0  0  0.856129  0  0.856129  0.00685617  0  0  0.00685617  0  0.00685617
2.7903e+13  0  930.1  0.856364  0  0  0.856364  0  0.856364  0.00683512  0  0  0.00683512  0  0.00683512
2.7912e+13  0  930.4  0.856598  0  0  0.856598  0  0.856598  0.00681417  0  0  0.00681417  0  0.00681417
2.7921e+13  0  930.7  0.856832  0  0  0.856832  0  0.856832  0.00679332  0  0  0.00679332  0  0.00679332
2.793e+13  0  931  0.857065  0  0  0.857065  0  0.857065  0.00677256  0  0  0.00677256  0  0.00677256
2.7939e+13  0  931.3  0.857297  0  0  0.857297  0  0.857297  0.0067519  0  0  0.0067519  0  0.0067519
2.7948e+13  0  931.6  0.857529  0  0  0.857529  0  0.857529  0.00673134  0  0  0.00673134  0  0.00673134
2.7957e+13  0  931.9  0.85776  0  0  0.85776  0  0.85776  0.00671087  0  0  0.00671087  0  0.00671087
2.7966e+13  0  932.2  0.85799  0  0  0.85799  0  0.85799  0.00669049  0  0  0.00669049  0  0.00669049
2.7975e+13  0  932.5  0.85822  0  0  0.85822  0  0.85822  0.00667021  0  0  0.00667021  0  0.00667021
2.7984e+13  0  932.8  0.858449  0  0  0.858449  0  0.858449  0.00665002  0  0  0.00665002  0  0.00665002
2.7993e+13  0  933.1  0.858677  0  0  0.858677  0  0.858677  0.00662992  0  0  0.00662992  0  0.00662992
2.8002e+13  0  933.4  0.858904  0  0  0.858904  0  0.858904  0.00660992  0  0  0.00660992  0  0.00660992
2.8011e+13  0  933.7  0.859131  0  0  0.859131  0  0.859131  0.00659  0  0  0.00659  0  0.00659
2.802e+13  0  934  0.859358  0  0  0.859358  0  0.859358  0.00657018  0  0  0.00657018  0  0.00657018
2.8029e+13  0  934.3  0.859583  0  0  0.859583  0  0.859583  0.00655045  0  0  0.00655045  0  0.00655045
2.8038e+13  0  934.6  0.859808  0  0  0.859808  0  0.859808  0.0065308  0  0  0.0065308  0  0.0065308
2.8047e+13  0  934.9  0.860032  0  0  0.860032  0  0.860032  0.00651125  0  0  0.00651125  0  0.00651125
2.8056e+13  0  935.2  0.860256  0  0  0.860256  0  0.860256  0.00649178  0  0  0.00649178  0  0.00649178
2.8065e+13  0  935.5  0.860479  0  0  0.860479  0  0.860479  0.0064724  0  0  0.0064724  0  0.0064724
2.8074e+13  0  935.8  0.860701  0  0  0.860701  0  0.860701  0.00645311  0  0  0.00645311  0  0.00645311
2.8083e+13  0  936.1  0.860923  0  0  0.860923  0  0.860923  0.00643391  0  0  0.00643391  0  0.00643391
2.8092e+13  0  936.4  0.861144  0  0  0.861144  0  0.861144  0.00641479  0  0  0.00641479  0  0.00641479
2.8101e+13  0  936.7  0.861364  0  0  0.861364  0  0.861364  0.00639576  0  0  0.00639576  0  0.00639576
2.811e+13  0  937  0.861584  0  0  0.861584  0  0.861584  0.00637681  0  0  0.00637681  0  0.00637681
2.8119e+13  0  937.3  0.861803  0  0  0.861803  0  0.861803  0.00635795  0  0  0.00635795  0  0.00635795
2.8128e+13  0  937.6  0.862021  0  0  0.862021  0  0.862021  0.00633917  0  0  0.00633917  0  0.00633917
2.8137e+13  0  937.9  0.862239  0  0  0.862239  0  0.862239  0.00632048  0  0  0.00632048  0  0.00632048
2.8146e+13  0  938.2  0.862456  0  0  0.862456  0  0.862456  0.00630187  0  0  0.00630187  0  0.00630187
2.8155e+13  0  938.5  0.862673  0  0  0.862673  0  0.862673  0.00628334  0  0  0.00628334  0  0.00628334
2.8164e+13  0  938.8  0.862889  0  0  0.862889  0  0.862889  0.00626489  0  0  0.00626489  0  0.00626489
2.8173e+13  0  939.1  0.863104  0  0  0.863104  0  0.863104  0.00624653  0  0  0.00624653  0  0.00624653
2.8182e+13  0  939.4  0.863319  0  0  0.863319  0  0.863319  0.00622825  0  0  0.00622825  0  0.00622825
2.8191e+13  0  939.7  0.863533  0  0  0.863533  0  0.863533  0.00621005  0  0  0.00621005  0  0.00621005
2.82e+13  0  940  0.863746  0  0  0.863746  0  0.863746  0.00619192  0  0  0.00619192  0  0.00619192
2.8209e+13  0  940.3  0.863959  0  0  0.863959  0  0.863959  0.00617388  0  0  0.00617388  0  0.00617388
2.8218e+13  0  940.6  0.864172  0  0  0.864172  0  0.864172  0.00615592  0  0  0.00615592  0  0.00615592
2.8227e+13  0  940.9  0.864383  0  0  0.864383  0  0.864383  0.00613804  0  0  0.00613804  0  0.00613804
2.8236e+13  0  941.2  0.864594  0  0  0.864594  0  0.864594  0.00612023  0  0  0.00612023  0  0.00612023
2.8245e+13  0  941.5  0.864805  0  0  0.864805  0  0.864805  0.0061025  0  0  0.0061025  0  0.0061025
2.8254e+13  0  941.8  0.865015  0  0  0.865015  0  0.865015  0.00608485  0  0  0.00608485  0  0.00608485
2.8263e+13  0  942.1  0.865224  0  0  0.865224  0  0.865224  0.00606728  0  0  0.00606728  0  0.00606728
2.8272e+13  0  942.4  0.865433  0  0  0.865433  0  0.865433  0.00604978  0  0  0.00604978  0  0.00604978
2.8281e+13  0  942.7  0.865641  0  0  0.865641  0  0.865641  0.00603236  0  0  0.00603236  0  0.00603236
2.829e+13  0  943  0.865848  0  0  0.865848  0  0.865848  0.00601502  0  0  0.00601502  0  0.00601502
2.8299e+13  0  943.3  0.866055  0  0  0.866055  0  0.866055  0.00599775  0  0  0.00599775  0  0.00599775
2.8308e+13  0  943.6  0.866261  0  0  0.866261  0  0.866261  0.00598055  0  0  0.00598055  0  0.00598055
2.8317e+13  0  943.9  0.866467  0  0  0.866467  0  0.866467  0.00596343  0  0  0.00596343  0  0.00596343
2.8326e+13  0  944.2  0.866672  0  0  0.866672  0  0.866672  0.00594638  0  0  0.00594638  0  0.00594638
2.8335e+13  0  944.5  0.866877  0  0  0.866877  0  0.866877  0.00592941  0  0  0.00592941  0  0.00592941
2.8344e+13  0  944.8  0.867081  0  0  0.867081  0  0.867081  0.00591251  0  0  0.00591251  0  0.00591251
2.8353e+13  0  945.1  0.867284  0  0  0.867284  0  0.867284  0.00589568  0  0  0.00589568  0  0.00589568
2.8362e+13  0  945.4  0.867487  0  0  0.867487  0  0.867487  0.00587893  0  0  0.00587893  0  0.00587893
2.8371e+13  0  945.7  0.86769  0  0  0.86769  0  0.86769  0.00586224  0  0  0.00586224  0  0.00586224
2.838e+13  0  946  0.867892  0  0  0.867892  0  0.867892  0.00584563  0  0  0.00584563  0  0.00584563
2.8389e+13  0  946.3  0.868093  0  0  0.868093  0  0.868093  0.00582909  0  0  0.00582909  0  0.00582909
2.8398e+13  0  946.6  0.868293  0  0  0.868293  0  0.868293  0.00581262  0  0  0.00581262  0  0.00581262
2.8407e+13  0  946.9  0.868494  0  0  0.868494  0  0.868494  0.00579622  0  0  0.00579622  0  0.00579622
2.8416e+13  0  947.2  0.868693  0  0  0.868693  0  0.868693  0.00577989  0  0  0.00577989  0  0.00577989
2.8425e+13  0  947.5  0.868892  0  0  0.868892  0  0.868892  0.00576362  0  0  0.00576362  0  0.00576362
2.8434e+13  0  947.8  0.869091  0  0  0.869091  0  0.869091  0.00574743  0  0  0.00574743  0  0.00574743
2.8443e+13  0  948.1  0.869288  0  0  0.869288  0  0.869288  0.00573131  0  0  0.00573131  0  0.00573131
2.8452e+13  0  948.4  0.869486  0  0  0.869486  0  0.869486  0.00571525  0  0  0.00571525  0  0.00571525
2.8461e+13  0  948.7  0.869683  0  0  0.869683  0  0.869683  0.00569926  0  0  0.00569926  0  0.00569926
2.847e+13  0  949  0.869879  0  0  0.869879  0  0.869879  0.00568334  0  0  0.00568334  0  0.00568334
2.8479e+13  0  949.3  0.870075  0  0  0.870075  0  0.870075  0.00566749  0  0  0.00566749  0  0.00566749
2.8488e+13  0  949.6  0.87027  0  0  0.87027  0  0.87027  0.0056517  0  0  0.0056517  0  0.0056517
2.8497e+13  0  949.9  0.870465  0  0  0.870465  0  0.870465  0.00563598  0  0  0.00563598  0  0.00563598
2.8506e+13  0  950.2  0.870659  0  0  0.870659  0  0.870659  0.00562032  0  0  0.00562032  0  0.00562032
2.8515e+13  0  950.5  0.870852  0  0  0.870852  0  0.870852  0.00560473  0  0  0.00560473  0  0.00560473
2.8524e+13  0  950.8  0.871046  0  0  0.871046  0  0.871046  0.0055892  0  0  0.0055892  0  0.0055892
2.8533e+13  0  951.1  0.871238  0  0  0.871238  0  0.871238  0.00557374  0  0  0.00557374  0  0.00557374
2.8542e+13  0  951.4  0.87143  0  0  0.87143  0  0.87143  0.00555835  0  0  0.00555835  0  0.00555835
2.8551e+13  0  951.7  0.871622  0  0  0.871622  0  0.871622  0.00554302  0  0  0.00554302  0  0.00554302
2.856e+13  0  952  0.871813  0  0  0.871813  0  0.871813  0.00552775  0  0  0.00552775  0  0.00552775
2.8569e+13  0  952.3  0.872003  0  0  0.872003  0  0.872003  0.00551254  0  0  0.00551254  0  0.00551254
2.8578e+13  0  952.6  0.872193  0  0  0.872193  0  0.872193  0.0054974  0  0  0.0054974  0  0.0054974
2.8587e+13  0  952.9  0.872383  0  0  0.872383  0  0.872383  0.00548232  0  0  0.00548232  0  0.00548232
2.8596e+13  0  953.2  0.872572  0  0  0.872572  0  0.872572  0.0054673  0  0  0.0054673  0  0.0054673
2.8605e+13  0  953.5  0.87276  0  0  0.87276  0  0.87276  0.00545235  0  0  0.00545235  0  0.00545235
2.8614e+13  0  953.8  0.872948  0  0  0.872948  0  0.872948  0.00543745  0  0  0.00543745  0  0.00543745
2.8623e+13  0  954.1  0.873136  0  0  0.873136  0  0.873136  0.00542262  0  0  0.00542262  0  0.00542262
2.8632e+13  0  954.4  0.873323  0  0  0.873323  0  0.873323  0.00540785  0  0  0.00540785  0  0.00540785
2.8641e+13  0  954.7  0.873509  0  0  0.873509  0  0.873509  0.00539313  0  0  0.00539313  0  0.00539313
2.865e+13  0  955  0.873695  0  0  0.873695  0  0.873695  0.00537848  0  0  0.00537848  0  0.00537848
2.8659e+13  0  955.3  0.873881  0  0  0.873881  0  0.873881  0.00536389  0  0  0.00536389  0  0.00536389
2.8668e+13  0  955.6  0.874066  0  0  0.874066  0  0.874066  0.00534936  0  0  0.00534936  0  0.00534936
2.8677e+13  0  955.9  0.87425  0  0  0.87425  0  0.87425  0.00533488  0  0  0.00533488  0  0.00533488
2.8686e+13  0  956.2  0.874434  0  0  0.874434  0  0.874434  0.00532047  0  0  0.00532047  0  0.00532047
2.8695e+13  0  956.5  0.874618  0  0  0.874618  0  0.874618  0.00530611  0  0  0.00530611  0  0.00530611
2.8704e+13  0  956.8  0.874801  0  0  0.874801  0  0.874801  0.00529182  0  0  0.00529182  0  0.00529182
2.8713e+13  0  957.1  0.874983  0  0  0.874983  0  0.874983  0.00527758  0  0  0.00527758  0  0.00527758
2.8722e+13  0  957.4  0.875165  0  0  0.875165  0  0.875165  0.00526339  0  0  0.00526339  0  0.00526339
2.8731e+13  0  957.7  0.875347  0  0  0.875347  0  0.875347  0.00524927  0  0  0.00524927  0  0.00524927
2.874e+13  0  958  0.875528  0  0  0.875528  0  0.875528  0.0052352  0  0  0.0052352  0  0.0052352
2.8749e+13  0  958.3  0.875709  0  0  0.875709  0  0.875709  0.00522119  0  0  0.00522119  0  0.00522119
2.8758e+13  0  958.6  0.875889  0  0  0.875889  0  0.875889  0.00520724  0  0  0.00520724  0  0.00520724
2.8767e+13  0  958.9  0.876068  0  0  0.876068  0  0.876068  0.00519334  0  0  0.00519334  0  0.00519334
2.8776e+13  0  959.2  0.876248  0  0  0.876248  0  0.876248  0.00517949  0  0  0.00517949  0  0.00517949
2.8785e+13  0  959.5  0.876426  0  0  0.876426  0  0.876426  0.00516571  0  0  0.00516571  0  0.00516571
2.8794e+13  0  959.8  0.876605  0  0  0.876605  0  0.876605  0.00515197  0  0  0.00515197  0  0.00515197
2.8803e+13  0  960.1  0.876783  0  0  0.876783  0  0.876783  0.0051383  0  0  0.0051383  0  0.0051383
2.8812e+13  0  960.4  0.87696  0  0  0.87696  0  0.87696  0.00512467  0  0  0.00512467  0  0.00512467
2.8821e+13  0  960.7  0.877137  0  0  0.877137  0  0.877137  0.0051111  0  0  0.0051111  0  0.0051111
2.883e+13  0  961  0.877313  0  0  0.877313  0  0.877313  0.00509759  0  0  0.00509759  0  0.00509759
2.8839e+13  0  961.3  0.877489  0  0  0.877489  0  0.877489  0.00508413  0  0  0.00508413  0  0.00508413
2.8848e+13  0  961.6  0.877665  0  0  0.877665  0  0.877665  0.00507072  0  0  0.00507072  0  0.00507072
2.8857e+13  0  961.9  0.87784  0  0  0.87784  0  0.87784  0.00505736  0  0  0.00505736  0  0.00505736
2.8866e+13  0  962.2  0.878015  0  0  0.878015  0  0.878015  0.00504406  0  0  0.00504406  0  0.00504406
2.8875e+13  0  962.5  0.878189  0  0  0.878189  0  0.878189  0.00503081  0  0  0.00503081  0  0.00503081
2.8884e+13  0  962.8  0.878362  0  0  0.878362  0  0.878362  0.00501761  0  0  0.00501761  0  0.00501761
2.8893e+13  0  963.1  0.878536  0  0  0.878536  0  0.878536  0.00500447  0  0  0.00500447  0  0.00500447
2.8902e+13  0  963.4  0.878709  0  0  0.878709  0  0.878709  0.00499137  0  0  0.00499137  0  0.00499137
2.8911e+13  0  963.7  0.878881  0  0  0.878881  0  0.878881  0.00497833  0  0  0.00497833  0  0.00497833
2.892e+13  0  964  0.879053  0  0  0.879053  0  0.879053  0.00496534  0  0  0.00496534  0  0.00496534
2.8929e+13  0  964.3  0.879224  0  0  0.879224  0  0.879224  0.0049524  0  0  0.0049524  0  0.0049524
2.8938e+13  0  964.6  0.879395  0  0  0.879395  0  0.879395  0.00493951  0  0  0.00493951  0  0.00493951
2.8947e+13  0  964.9  0.879566  0  0  0.879566  0  0.879566  0.00492667  0  0  0.00492667  0  0.00492667
2.8956e+13  0  965.2  0.879736  0  0  0.879736  0  0.879736  0.00491388  0  0  0.00491388  0  0.00491388
2.8965e+13  0  965.5  0.879906  0  0  0.879906  0  0.879906  0.00490114  0  0  0.00490114  0  0.00490114
2.8974e+13  0  965.8  0.880075  0  0  0.880075  0  0.880075  0.00488845  0  0  0.00488845  0  0.00488845
2.8983e+13  0  966.1  0.880244  0  0  0.880244  0  0.880244  0.00487581  0  0  0.00487581  0  0.00487581
2.8992e+13  0  966.4  0.880413  0  0  0.880413  0  0.880413  0.00486322  0  0  0.00486322  0  0.00486322
2.9001e+13  0  966.7  0.880581  0  0  0.880581  0  0.880581  0.00485067  0  0  0.00485067  0  0.00485067
2.901e+13  0  967  0.880748  0  0  0.880748  0  0.880748  0.00483818  0  0  0.00483818  0  0.00483818
2.9019e+13  0  967.3  0.880916  0  0  0.880916  0  0.880916  0.00482573  0  0  0.00482573  0  0.00482573
2.9028e+13  0  967.6  0.881082  0  0  0.881082  0  0.881082  0.00481333  0  0  0.00481333  0  0.00481333
2.9037e+13  0  967.9  0.881249  0  0  0.881249  0  0.881249  0.00480098  0  0  0.00480098  0  0.00480098
2.9046e+13  0  968.2  0.881415  0  0  0.881415  0  0.881415  0.00478868  0  0  0.00478868  0  0.00478868
2.9055e+13  0  968.5  0.88158  0  0  0.88158  0  0.88158  0.00477642  0  0  0.00477642  0  0.00477642
2.9064e+13  0  968.8  0.881745  0  0  0.881745  0  0.881745  0.00476421  0  0  0.00476421  0  0.00476421
2.9073e+13  0  969.1  0.88191  0  0  0.88191  0  0.88191  0.00475205  0  0  0.00475205  0  0.00475205
2.9082e+13  0  969.4  0.882074  0  0  0.882074  0  0.882074  0.00473994  0  0  0.00473994  0  0.00473994
2.9091e+13  0  969.7  0.882238  0  0  0.882238  0  0.882238  0.00472787  0  0  0.00472787  0  0.00472787
2.91e+13  0  970  0.882402  0  0  0.882402  0  0.882402  0.00471584  0  0  0.00471584  0  0.00471584
2.9109e+13  0  970.3  0.882565  0  0  0.882565  0  0.882565  0.00470387  0  0  0.00470387  0  0.00470387
2.9118e+13  0  970.6  0.882727  0  0  0.882727  0  0.882727  0.00469193  0  0  0.00469193  0  0.00469193
2.9127e+13  0  970.9  0.88289  0  0  0.88289  0  0.88289  0.00468005  0  0  0.00468005  0  0.00468005
2.9136e+13  0  971.2  0.883052  0  0  0.883052  0  0.883052  0.00466821  0  0  0.00466821  0  0.00466821
2.9145e+13  0  971.5  0.883213  0  0  0.883213  0  0.883213  0.00465641  0  0  0.00465641  0  0.00465641
2.9154e+13  0  971.8  0.883374  0  0  0.883374  0  0.883374  0.00464466  0  0  0.00464466  0  0.00464466
2.9163e+13  0  972.1  0.883535  0  0  0.883535  0  0.883535  0.00463295  0  0  0.00463295  0  0.00463295
2.9172e+13  0  972.4  0.883695  0  0  0.883695  0  0.883695  0.00462129  0  0  0.00462129  0  0.00462129
2.9181e+13  0  972.7  0.883855  0  0  0.883855  0  0.883855  0.00460967  0  0  0.00460967  0  0.00460967
2.919e+13  0  973  0.884014  0  0  0.884014  0  0.884014  0.00459809  0  0  0.00459809  0  0.00459809
2.9199e+13  0  973.3  0.884173  0  0  0.884173  0  0.884173  0.00458656  0  0  0.00458656  0  0.00458656
2.9208e+13  0  973.6  0.884332  0  0  0.884332  0  0.884332  0.00457507  0  0  0.00457507  0  0.00457507
2.9217e+13  0  973.9  0.88449  0  0  0.88449  0  0.88449  0.00456362  0  0  0.00456362  0  0.00456362
2.9226e+13  0  974.2  0.884648  0  0  0.884648  0  0.884648  0.00455222  0  0  0.00455222  0  0.00455222
2.9235e+13  0  974.5  0.884806  0  0  0.884806  0  0.884806  0.00454086  0  0  0.00454086  0  0.00454086
2.9244e+13  0  974.8  0.884963  0  0  0.884963  0  0.884963  0.00452954  0  0  0.00452954  0  0.00452954
2.9253e+13  0  975.1  0.88512  0  0  0.88512  0  0.88512  0.00451827  0  0  0.00451827  0  0.00451827
2.9262e+13  0  975.4  0.885276  0  0  0.885276  0  0.885276  0.00450703  0  0  0.00450703  0  0.00450703
2.9271e+13  0  975.7  0.885432  0  0  0.885432  0  0.885432  0.00449584  0  0  0.00449584  0  0.00449584
2.928e+13  0  976  0.885587  0  0  0.885587  0  0.885587  0.00448469  0  0  0.00448469  0  0.00448469
2.9289e+13  0  976.3  0.885743  0  0  0.885743  0  0.885743  0.00447358  0  0  0.00447358  0  0.00447358
2.9298e+13  0  976.6  0.885898  0  0  0.885898  0  0.885898  0.00446251  0  0  0.00446251  0  0.00446251
2.9307e+13  0  976.9  0.886052  0  0  0.886052  0  0.886052  0.00445149  0  0  0.00445149  0  0.00445149
2.9316e+13  0  977.2  0.886206  0  0  0.886206  0  0.886206  0.0044405  0  0  0.0044405  0  0.0044405
2.9325e+13  0  977.5  0.88636  0  0  0.88636  0  0.88636  0.00442956  0  0  0.00442956  0  0.00442956
2.9334e+13  0  977.8  0.886513  0  0  0.886513  0  0.886513  0.00441865  0  0  0.00441865  0  0.00441865
2.9343e+13  0  978.1  0.886666  0  0  0.886666  0  0.886666  0.00440779  0  0  0.00440779  0  0.00440779
2.9352e+13  0  978.4  0.886819  0  0  0.886819  0  0.886819  0.00439696  0  0  0.00439696  0  0.00439696
2.9361e+13  0  978.7  0.886971  0  0  0.886971  0  0.886971  0.00438618  0  0  0.00438618  0  0.00438618
2.937e+13  0  979  0.887123  0  0  0.887123  0  0.887123  0.00437543  0  0  0.00437543  0  0.00437543
2.9379e+13  0  979.3  0.887274  0  0  0.887274  0  0.887274  0.00436472  0  0  0.00436472  0  0.00436472
2.9388e+13  0  979.6  0.887425  0  0  0.887425  0  0.887425  0.00435406  0  0  0.00435406  0  0.00435406
2.9397e+13  0  979.9  0.887576  0  0  0.887576  0  0.887576  0.00434343  0  0  0.00434343  0  0.00434343
2.9406e+13  0  980.2  0.887727  0  0  0.887727  0  0.887727  0.00433284  0  0  0.00433284  0  0.00433284
2.9415e+13  0  980.5  0.887877  0  0  0.887877  0  0.887877  0.00432229  0  0  0.00432229  0  0.00432229
2.9424e+13  0  980.8  0.888026  0  0  0.888026  0  0.888026  0.00431178  0  0  0.00431178  0  0.00431178
2.9433e+13  0  981.1  0.888176  0  0  0.888176  0  0.888176  0.0043013  0  0  0.0043013  0  0.0043013
2.9442e+13  0  981.4  0.888325  0  0  0.888325  0  0.888325  0.00429087  0  0  0.00429087  0  0.00429087
2.9451e+13  0  981.7  0.888473  0  0  0.888473  0  0.888473  0.00428047  0  0  0.00428047  0  0.00428047
2.946e+13  0  982  0.888622  0  0  0.888622  0  0.888622  0.00427011  0  0  0.00427011  0  0.00427011
2.9469e+13  0  982.3  0.88877  0  0  0.88877  0  0.88877  0.00425978  0  0  0.00425978  0  0.00425978
2.9478e+13  0  982.6  0.888917  0  0  0.888917  0  0.888917  0.0042495  0  0  0.0042495  0  0.0042495
2.9487e+13  0  982.9  0.889064  0  0  0.889064  0  0.889064  0.00423925  0  0  0.00423925  0  0.00423925
2.9496e+13  0  983.2  0.889211  0  0  0.889211  0  0.889211  0.00422904  0  0  0.00422904  0  0.00422904
2.9505e+13  0  983.5  0.889358  0  0  0.889358  0  0.889358  0.00421886  0  0  0.00421886  0  0.00421886
2.9514e+13  0  983.8  0.889504  0  0  0.889504  0  0.889504  0.00420872  0  0  0.00420872  0  0.00420872
2.9523e+13  0  984.1  0.88965  0  0  0.88965  0  0.88965  0.00419862  0  0  0.00419862  0  0.00419862
2.9532e+13  0  984.4  0.889795  0  0  0.889795  0  0.889795  0.00418856  0  0  0.00418856  0  0.00418856
2.9541e+13  0  984.7  0.88994  0  0  0.88994  0  0.88994  0.00417853  0  0  0.00417853  0  0.00417853
2.955e+13  0  985  0.890085  0  0  0.890085  0  0.890085  0.00416853  0  0  0.00416853  0  0.00416853
2.9559e+13  0  985.3  0.89023  0  0  0.89023  0  0.89023  0.00415857  0  0  0.00415857  0  0.00415857
2.9568e+13  0  985.6  0.890374  0  0  0.890374  0  0.890374  0.00414865  0  0  0.00414865  0  0.00414865
2.9577e+13  0  985.9  0.890518  0  0  0.890518  0  0.890518  0.00413876  0  0  0.00413876  0  0.00413876
2.9586e+13  0  986.2  0.890661  0  0  0.890661  0  0.890661  0.00412891  0  0  0.00412891  0  0.00412891
2.9595e+13  0  986.5  0.890804  0  0  0.890804  0  0.890804  0.00411909  0  0  0.00411909  0  0.00411909
2.9604e+13  0  986.8  0.890947  0  0  0.890947  0  0.890947  0.00410931  0  0  0.00410931  0  0.00410931
2.9613e+13  0  987.1  0.891089  0  0  0.891089  0  0.891089  0.00409956  0  0  0.00409956  0  0.00409956
2.9622e+13  0  987.4  0.891231  0  0  0.891231  0  0.891231  0.00408985  0  0  0.00408985  0  0.00408985
2.9631e+13  0  987.7  0.891373  0  0  0.891373  0  0.891373  0.00408017  0  0  0.00408017  0  0.00408017
2.964e+13  0  988  0.891515  0  0  0.891515  0  0.891515  0.00407053  0  0  0.00407053  0  0.00407053
2.9649e+13  0  988.3  0.891656  0  0  0.891656  0  0.891656  0.00406092  0  0  0.00406092  0  0.00406092
2.9658e+13  0  988.6  0.891797  0  0  0.891797  0  0.891797  0.00405134  0  0  0.00405134  0  0.00405134
2.9667e+13  0  988.9  0.891937  0  0  0.891937  0  0.891937  0.0040418  0  0  0.0040418  0  0.0040418
2.9676e+13  0  989.2  0.892077  0  0  0.892077  0  0.892077  0.00403229  0  0  0.00403229  0  0.00403229
2.9685e+13  0  989.5  0.892217  0  0  0.892217  0  0.892217  0.00402281  0  0  0.00402281  0  0.00402281
2.9694e+13  0  989.8  0.892357  0  0  0.892357  0  0.892357  0.00401337  0  0  0.00401337  0  0.00401337
2.9703e+13  0  990.1  0.892496  0  0  0.892496  0  0.892496  0.00400396  0  0  0.00400396  0  0.00400396
2.9712e+13  0  990.4  0.892635  0  0  0.892635  0  0.892635  0.00399458  0  0  0.00399458  0  0.00399458
2.9721e+13  0  990.7  0.892773  0  0  0.892773  0  0.892773  0.00398524  0  0  0.00398524  0  0.00398524
2.973e+13  0  991  0.892911  0  0  0.892911  0  0.892911  0.00397593  0  0  0.00397593  0  0.00397593
2.9739e+13  0  991.3  0.893049  0  0  0.893049  0  0.893049  0.00396665  0  0  0.00396665  0  0.00396665
2.9748e+13  0  991.6  0.893187  0  0  0.893187  0  0.893187  0.0039574  0  0  0.0039574  0  0.0039574
2.9757e+13  0  991.9  0.893324  0  0  0.893324  0  0.893324  0.00394819  0  0  0.00394819  0  0.00394819
2.9766e+13  0  992.2  0.893461  0  0  0.893461  0  0.893461  0.00393901  0  0  0.00393901  0  0.00393901
2.9775e+13  0  992.5  0.893598  0  0  0.893598  0  0.893598  0.00392985  0  0  0.00392985  0  0.00392985
2.9784e+13  0  992.8  0.893734  0  0  0.893734  0  0.893734  0.00392074  0  0  0.00392074  0  0.00392074
2.9793e+13  0  993.1  0.89387  0  0  0.89387  0  0.89387  0.00391165  0  0  0.00391165  0  0.00391165
2.9802e+13  0  993.4  0.894006  0  0  0.894006  0  0.894006  0.00390259  0  0  0.00390259  0  0.00390259
2.9811e+13  0  993.7  0.894141  0  0  0.894141  0  0.894141  0.00389357  0  0  0.00389357  0  0.00389357
2.982e+13  0  994  0.894276  0  0  0.894276  0  0.894276  0.00388457  0  0  0.00388457  0  0.00388457
2.9829e+13  0  994.3  0.894411  0  0  0.894411  0  0.894411  0.00387561  0  0  0.00387561  0  0.00387561
2.9838e+13  0  994.6  0.894546  0  0  0.894546  0  0.894546  0.00386668  0  0  0.00386668  0  0.00386668
2.9847e+13  0  994.9  0.89468  0  0  0.89468  0  0.89468  0.00385778  0  0  0.00385778  0  0.00385778
2.9856e+13  0  995.2  0.894814  0  0  0.894814  0  0.894814  0.00384891  0  0  0.00384891  0  0.00384891
2.9865e+13  0  995.5  0.894947  0  0  0.894947  0  0.894947  0.00384007  0  0  0.00384007  0  0.00384007
2.9874e+13  0  995.8  0.895081  0  0  0.895081  0  0.895081  0.00383126  0  0  0.00383126  0  0.00383126
2.9883e+13  0  996.1  0.895214  0  0  0.895214  0  0.895214  0.00382248  0  0  0.00382248  0  0.00382248
2.9892e+13  0  996.4  0.895346  0  0  0.895346  0  0.895346  0.00381373  0  0  0.00381373  0  0.00381373
2.9901e+13  0  996.7  0.895479  0  0  0.895479  0  0.895479  0.00380501  0  0  0.00380501  0  0.00380501
2.991e+13  0  997  0.895611  0  0  0.895611  0  0.895611  0.00379632  0  0  0.00379632  0  0.00379632
2.9919e+13  0  997.3  0.895742  0  0  0.895742  0  0.895742  0.00378766  0  0  0.00378766  0  0.00378766
2.9928e+13  0  997.6  0.895874  0  0  0.895874  0  0.895874  0.00377903  0  0  0.00377903  0  0.00377903
2.9937e+13  0  997.9  0.896005  0  0  0.896005  0  0.896005  0.00377042  0  0  0.00377042  0  0.00377042
2.9946e+13  0  998.2  0.896136  0  0  0.896136  0  0.896136  0.00376185  0  0  0.00376185  0  0.00376185
2.9955e+13  0  998.5  0.896267  0  0  0.896267  0  0.896267  0.00375331  0  0  0.00375331  0  0.00375331
2.9964e+13  0  998.8  0.896397  0  0  0.896397  0  0.896397  0.00374479  0  0  0.00374479  0  0.00374479
2.9973e+13  0  999.1  0.896527  0  0  0.896527  0  0.896527  0.00373631  0  0  0.00373631  0  0.00373631
2.9982e+13  0  999.4  0.896657  0  0  0.896657  0  0.896657  0.00372785  0  0  0.00372785  0  0.00372785
2.9991e+13  0  999.7  0.896786  0  0  0.896786  0  0.896786  0.00371942  0  0  0.00371942  0  0.00371942
3e+13  0  1000  0.896915  0  0  0.896915  0  0.896915  0.00371102  0  0  0.00371102  0  0.00371102
3.0009e+13  0  1000.3  0.897044  0  0  0.897044  0  0.897044  0.00370265  0  0  0.00370265  0  0.00370265
3.0018e+13  0  1000.6  0.897173  0  0  0.897173  0  0.897173  0.0036943  0  0  0.0036943  0  0.0036943
3.0027e+13  0  1000.9  0.897301  0  0  0.897301  0  0.897301  0.00368599  0  0  0.00368599  0  0.00368599
3.0036e+13  0  1001.2  0.897429  0  0  0.897429  0  0.897429  0.0036777  0  0  0.0036777  0  0.0036777
3.0045e+13  0  1001.5  0.897557  0  0  0.897557  0  0.897557  0.00366944  0  0  0.00366944  0  0.00366944
3.0054e+13  0  1001.8  0.897684  0  0  0.897684  0  0.897684  0.00366121  0  0  0.00366121  0  0.00366121
3.0063e+13  0  1002.1  0.897811  0  0  0.897811  0  0.897811  0.003653  0  0  0.003653  0  0.003653
3.0072e+13  0  1002.4  0.897938  0  0  0.897938  0  0.897938  0.00364482  0  0  0.00364482  0  0.00364482
3.0081e+13  0  1002.7  0.898065  0  0  0.898065  0  0.898065  0.00363667  0  0  0.00363667  0  0.00363667
3.009e+13  0  1003  0.898191  0  0  0.898191  0  0.898191  0.00362855  0  0  0.00362855  0  0.00362855
3.0099e+13  0  1003.3  0.898317  0  0  0.898317  0  0.898317  0.00362045  0  0  0.00362045  0  0.00362045
3.0108e+13  0  1003.6  0.898443  0  0  0.898443  0  0.898443  0.00361238  0  0  0.00361238  0  0.00361238
3.0117e+13  0  1003.9  0.898569  0  0  0.898569  0  0.898569  0.00360434  0  0  0.00360434  0  0.00360434
3.0126e+13  0  1004.2  0.898694  0  0  0.898694  0  0.898694  0.00359632  0  0  0.00359632  0  0.00359632
3.0135e+13  0  1004.5  0.898819  0  0  0.898819  0  0.898819  0.00358833  0  0  0.00358833  0  0.00358833
3.0144e+13  0  1004.8  0.898943  0  0  0.898943  0  0.898943  0.00358037  0  0  0.00358037  0  0.00358037
3.0153e+13  0  1005.1  0.899068  0  0  0.899068  0  0.899068  0.00357243  0  0  0.00357243  0  0.00357243
3.0162e+13  0  1005.4  0.899192  0  0  0.899192  0  0.899192  0.00356452  0  0  0.00356452  0  0.00356452
3.0171e+13  0  1005.7  0.899316  0  0  0.899316  0  0.899316  0.00355664  0  0  0.00355664  0  0.00355664
3.018e+13  0  1006  0.899439  0  0  0.899439  0  0.899439  0.00354878  0  0  0.00354878  0  0.00354878
3.0189e+13  0  1006.3  0.899563  0  0  0.899563  0  0.899563  0.00354095  0  0  0.00354095  0  0.00354095
3.0198e+13  0  1006.6  0.899686  0  0  0.899686  0  0.899686  0.00353314  0  0  0.00353314  0  0.00353314
3.0207e+13  0  1006.9  0.899809  0  0  0.899809  0  0.899809  0.00352536  0  0  0.00352536  0  0.00352536
3.0216e+13  0  1007.2  0.899931  0  0  0.899931  0  0.899931  0.0035176  0  0  0.0035176  0  0.0035176
3.0225e+13  0  1007.5  0.900053  0  0  0.900053  0  0.900053  0.00350987  0  0  0.00350987  0  0.00350987
3.0234e+13  0  1007.8  0.900175  0  0  0.900175  0  0.900175  0.00350217  0  0  0.00350217  0  0.00350217
3.0243e+13  0  1008.1  0.900297  0  0  0.900297  0  0.900297  0.00349448  0  0  0.00349448  0  0.00349448
3.0252e+13  0  1008.4  0.900419  0  0  0.900419  0  0.900419  0.00348683  0  0  0.00348683  0  0.00348683
3.0261e+13  0  1008.7  0.90054  0  0  0.90054  0  0.90054  0.0034792  0  0  0.0034792  0  0.0034792
3.027e+13  0  1009  0.900661  0  0  0.900661  0  0.900661  0.00347159  0  0  0.00347159  0  0.00347159
3.0279e+13  0  1009.3  0.900781  0  0  0.900781  0  0.900781  0.00346401  0  0  0.00346401  0  0.00346401
3.0288e+13  0  1009.6  0.900902  0  0  0.900902  0  0.900902  0.00345646  0  0  0.00345646  0  0.00345646
3.0297e+13  0  1009.9  0.901022  0  0  0.901022  0  0.901022  0.00344893  0  0  0.00344893  0  0.00344893
3.0306e+13  0  1010.2  0.901142  0  0  0.901142  0  0.901142  0.00344142  0  0  0.00344142  0  0.00344142
3.0315e+13  0  1010.5  0.901262  0  0  0.901262  0  0.901262  0.00343393  0  0  0.00343393  0  0.00343393
3.0324e+13  0  1010.8  0.901381  0  0  0.901381  0  0.901381  0.00342648  0  0  0.00342648  0  0.00342648
3.0333e+13  0  1011.1  0.9015  0  0  0.9015  0  0.9015  0.00341904  0  0  0.00341904  0  0.00341904
3.0342e+13  0  1011.4  0.901619  0  0  0.901619  0  0.901619  0.00341163  0  0  0.00341163  0  0.00341163
3.0351e+13  0  1011.7  0.901738  0  0  0.901738  0  0.901738  0.00340424  0  0  0.00340424  0  0.00340424
3.036e+13  0  1012  0.901856  0  0  0.901856  0  0.901856  0.00339688  0  0  0.00339688  0  0.00339688
3.0369e+13  0  1012.3  0.901974  0  0  0.901974  0  0.901974  0.00338954  0  0  0.00338954  0  0.00338954
3.0378e+13  0  1012.6  0.902092  0  0  0.902092  0  0.902092  0.00338223  0  0  0.00338223  0  0.00338223
3.0387e+13  0  1012.9  0.90221  0  0  0.90221  0  0.90221  0.00337493  0  0  0.00337493  0  0.00337493
3.0396e+13  0  1013.2  0.902327  0  0  0.902327  0  0.902327  0.00336766  0  0  0.00336766  0  0.00336766
3.0405e+13  0  1013.5  0.902444  0  0  0.902444  0  0.902444  0.00336042  0  0  0.00336042  0  0.00336042
3.0414e+13  0  1013.8  0.902561  0  0  0.902561  0  0.902561  0.0033532  0  0  0.0033532  0  0.0033532
3.0423e+13  0  1014.1  0.902678  0  0  0.902678  0  0.902678  0.003346  0  0  0.003346  0  0.003346
3.0432e+13  0  1014.4  0.902794  0  0  0.902794  0  0.902794  0.00333882  0  0  0.00333882  0  0.00333882
3.0441e+13  0  1014.7  0.90291  0  0  0.90291  0  0.90291  0.00333167  0  0  0.00333167  0  0.00333167
3.045e+13  0  1015  0.903026  0  0  0.903026  0  0.903026  0.00332453  0  0  0.00332453  0  0.00332453
3.0459e+13  0  1015.3  0.903142  0  0  0.903142  0  0.903142  0.00331743  0  0  0.00331743  0  0.00331743
3.0468e+13  0  1015.6  0.903257  0  0  0.903257  0  0.903257  0.00331034  0  0  0.00331034  0  0.00331034
3.0477e+13  0  1015.9  0.903372  0  0  0.903372  0  0.903372  0.00330328  0  0  0.00330328  0  0.00330328
3.0486e+13  0  1016.2  0.903487  0  0  0.903487  0  0.903487  0.00329624  0  0  0.00329624  0  0.00329624
3.0495e+13  0  1016.5  0.903602  0  0  0.903602  0  0.903602  0.00328922  0  0  0.00328922  0  0.00328922
3.0504e+13  0  1016.8  0.903716  0  0  0.903716  0  0.903716  0.00328222  0  0  0.00328222  0  0.00328222
3.0513e+13  0  1017.1  0.903831  0  0  0.903831  0  0.903831  0.00327525  0  0  0.00327525  0  0.00327525
3.0522e+13  0  1017.4  0.903945  0  0  0.903945  0  0.903945  0.0032683  0  0  0.0032683  0  0.0032683
3.0531e+13  0  1017.7  0.904058  0  0  0.904058  0  0.904058  0.00326136  0  0  0.00326136  0  0.00326136
3.054e+13  0  1018  0.904172  0  0  0.904172  0  0.904172  0.00325446  0  0  0.00325446  0  0.00325446
3.0549e+13  0  1018.3  0.904285  0  0  0.904285  0  0.904285  0.00324757  0  0  0.00324757  0  0.00324757
3.0558e+13  0  1018.6  0.904398  0  0  0.904398  0  0.904398  0.0032407  0  0  0.0032407  0  0.0032407
3.0567e+13  0  1018.9  0.904511  0  0  0.904511  0  0.904511  0.00323386  0  0  0.00323386  0  0.00323386
3.0576e+13  0  1019.2  0.904623  0  0  0.904623  0  0.904623  0.00322704  0  0  0.00322704  0  0.00322704
3.0585e+13  0  1019.5  0.904736  0  0  0.904736  0  0.904736  0.00322024  0  0  0.00322024  0  0.00322024
3.0594e+13  0  1019.8  0.904848  0  0  0.904848  0  0.904848  0.00321346  0  0  0.00321346  0  0.00321346
3.0603e+13  0  1020.1  0.90496  0  0  0.90496  0  0.90496  0.0032067  0  0  0.0032067  0  0.0032067
3.0612e+13  0  1020.4  0.905071  0  0  0.905071  0  0.905071  0.00319996  0  0  0.00319996  0  0.00319996
3.0621e+13  0  1020.7  0.905183  0  0  0.905183  0  0.905183  0.00319325  0  0  0.00319325  0  0.00319325
3.063e+13  0  1021  0.905294  0  0  0.905294  0  0.905294  0.00318655  0  0  0.00318655  0  0.00318655
3.0639e+13  0  1021.3  0.905405  0  0  0.905405  0  0.905405  0.00317988  0  0  0.00317988  0  0.00317988
3.0648e+13  0  1021.6  0.905515  0  0  0.905515  0  0.905515  0.00317322  0  0  0.00317322  0  0.00317322
3.0657e+13  0  1021.9  0.905626  0  0  0.905626  0  0.905626  0.00316659  0  0  0.00316659  0  0.00316659
3.0666e+13  0  1022.2  0.905736  0  0  0.905736  0  0.905736  0.00315998  0  0  0.00315998  0  0.00315998
3.0675e+13  0  1022.5  0.905846  0  0  0.905846  0  0.905846  0.00315339  0  0  0.00315339  0  0.00315339
3.0684e+13  0  1022.8  0.905956  0  0  0.905956  0  0.905956  0.00314681  0  0  0.00314681  0  0.00314681
3.0693e+13  0  1023.1  0.906066  0  0  0.906066  0  0.906066  0.00314026  0  0  0.00314026  0  0.00314026
3.0702e+13  0  1023.4  0.906175  0  0  0.906175  0  0.906175  0.00313373  0  0  0.00313373  0  0.00313373
3.0711e+13  0  1023.7  0.906284  0  0  0.906284  0  0.906284  0.00312722  0  0  0.00312722  0  0.00312722
3.072e+13  0  1024  0.906393  0  0  0.906393  0  0.906393  0.00312073  0  0  0.00312073  0  0.00312073
3.0729e+13  0  1024.3  0.906502  0  0  0.906502  0  0.906502  0.00311426  0  0  0.00311426  0  0.00311426
3.0738e+13  0  1024.6  0.90661  0  0  0.90661  0  0.90661  0.00310781  0  0  0.00310781  0  0.00310781
3.0747e+13  0  1024.9  0.906718  0  0  0.906718  0  0.906718  0.00310138  0  0  0.00310138  0  0.00310138
3.0756e+13  0  1025.2  0.906826  0  0  0.906826  0  0.906826  0.00309497  0  0  0.00309497  0  0.00309497
3.0765e+13  0  1025.5  0.906934  0  0  0.906934  0  0.906934  0.00308857  0  0  0.00308857  0  0.00308857
3.0774e+13  0  1025.8  0.907042  0  0  0.907042  0  0.907042  0.0030822  0  0  0.0030822  0  0.0030822
3.0783e+13  0  1026.1  0.907149  0  0  0.907149  0  0.907149  0.00307585  0  0  0.00307585  0  0.00307585
3.0792e+13  0  1026.4  0.907256  0  0  0.907256  0  0.907256  0.00306952  0  0  0.00306952  0  0.00306952
3.0801e+13  0  1026.7  0.907363  0  0  0.907363  0  0.907363  0.0030632  0  0  0.0030632  0  0.0030632
3.081e+13  0  1027  0.90747  0  0  0.90747  0  0.90747  0.00305691  0  0  0.00305691  0  0.00305691
3.0819e+13  0  1027.3  0.907576  0  0  0.907576  0  0.907576  0.00305063  0  0  0.00305063  0  0.00305063
3.0828e+13  0  1027.6  0.907682  0  0  0.907682  0  0.907682  0.00304437  0  0  0.00304437  0  0.00304437
3.0837e+13  0  1027.9  0.907788  0  0  0.907788  0  0.907788  0.00303814  0  0  0.00303814  0  0.00303814
3.0846e+13  0  1028.2  0.907894  0  0  0.907894  0  0.907894  0.00303192  0  0  0.00303192  0  0.00303192
3.0855e+13  0  1028.5  0.908  0  0  0.908  0  0.908  0.00302572  0  0  0.00302572  0  0.00302572
3.0864e+13  0  1028.8  0.908105  0  0  0.908105  0  0.908105  0.00301954  0  0  0.00301954  0  0.00301954
3.0873e+13  0  1029.1  0.90821  0  0  0.90821  0  0.90821  0.00301338  0  0  0.00301338  0  0.00301338
3.0882e+13  0  1029.4  0.908315  0  0  0.908315  0  0.908315  0.00300723  0  0  0.00300723  0  0.00300723
3.0891e+13  0  1029.7  0.90842  0  0  0.90842  0  0.90842  0.00300111  0  0  0.00300111  0  0.00300111
3.09e+13  0  1030  0.908525  0  0  0.908525  0  0.908525  0.002995  0  0  0.002995  0  0.002995
3.0909e+13  0  1030.3  0.908629  0  0  0.908629  0  0.908629  0.00298891  0  0  0.00298891  0  0.00298891
3.0918e+13  0  1030.6  0.908733  0  0  0.908733  0  0.908733  0.00298284  0  0  0.00298284  0  0.00298284
3.0927e+13  0  1030.9  0.908837  0  0  0.908837  0  0.908837  0.00297679  0  0  0.00297679  0  0.00297679
3.0936e+13  0  1031.2  0.908941  0  0  0.908941  0  0.908941  0.00297076  0  0  0.00297076  0  0.00297076
3.0945e+13  0  1031.5  0.909044  0  0  0.909044  0  0.909044  0.00296474  0  0  0.00296474  0  0.00296474
3.0954e+13  0  1031.8  0.909148  0  0  0.909148  0  0.909148  0.00295875  0  0  0.00295875  0  0.00295875
3.0963e+13  0  1032.1  0.909251  0  0  0.909251  0  0.909251  0.00295277  0  0  0.00295277  0  0.00295277
3.0972e+13  0  1032.4  0.909354  0  0  0.909354  0  0.909354  0.00294681  0  0  0.00294681  0  0.00294681
3.0981e+13  0  1032.7  0.909456  0  0  0.909456  0  0.909456  0.00294086  0  0  0.00294086  0  0.00294086
3.099e+13  0  1033  0.909559  0  0  0.909559  0  0.909559  0.00293494  0  0  0.00293494  0  0.00293494
3.0999e+13  0  1033.3  0.909661  0  0  0.909661  0  0.909661  0.00292903  0  0  0.00292903  0  0.00292903
3.1008e+13  0  1033.6  0.909763  0  0  0.909763  0  0.909763  0.00292314  0  0  0.00292314  0  0.00292314
3.1017e+13  0  1033.9  0.909865  0  0  0.909865  0  0.909865  0.00291727  0  0  0.00291727  0  0.00291727
3.1026e+13  0  1034.2  0.909967  0  0  0.909967  0  0.909967  0.00291141  0  0  0.00291141  0  0.00291141
3.1035e+13  0  1034.5  0.910068  0  0  0.910068  0  0.910068  0.00290557  0  0  0.00290557  0  0.00290557
3.1044e+13  0  1034.8  0.91017  0  0  0.91017  0  0.91017  0.00289975  0  0  0.00289975  0  0.00289975
3.1053e+13  0  1035.1  0.910271  0  0  0.910271  0  0.910271  0.00289395  0  0  0.00289395  0  0.00289395
3.1062e+13  0  1035.4  0.910372  0  0  0.910372  0  0.910372  0.00288816  0  0  0.00288816  0  0.00288816
3.1071e+13  0  1035.7  0.910472  0  0  0.910472  0  0.910472  0.00288239  0  0  0.00288239  0  0.00288239
3.108e+13  0  1036  0.910573  0  0  0.910573  0  0.910573  0.00287664  0  0  0.00287664  0  0.00287664
3.1089e+13  0  1036.3  0.910673  0  0  0.910673  0  0.910673  0.00287091  0  0  0.00287091  0  0.00287091
3.1098e+13  0  1036.6  0.910773  0  0  0.910773  0  0.910773  0.00286519  0  0  0.00286519  0  0.00286519
3.1107e+13  0  1036.9  0.910873  0  0  0.910873  0  0.910873  0.00285949  0  0  0.00285949  0  0.00285949
3.1116e+13  0  1037.2  0.910973  0  0  0.910973  0  0.910973  0.0028538  0  0  0.0028538  0  0.0028538
3.1125e+13  0  1037.5  0.911072  0  0  0.911072  0  0.911072  0.00284814  0  0  0.00284814  0  0.00284814
3.1134e+13  0  1037.8  0.911172  0  0  0.911172  0  0.911172  0.00284249  0  0  0.00284249  0  0.00284249
3.1143e+13  0  1038.1  0.911271  0  0  0.911271  0  0.911271  0.00283685  0  0  0.00283685  0  0.00283685
3.1152e+13  0  1038.4  0.91137  0  0  0.91137  0  0.91137  0.00283123  0  0  0.00283123  0  0.00283123
3.1161e+13  0  1038.7  0.911468  0  0  0.911468  0  0.911468  0.00282563  0  0  0.00282563  0  0.00282563
3.117e+13  0  1039  0.911567  0  0  0.911567  0  0.911567  0.00282005  0  0  0.00282005  0  0.00282005
3.1179e+13  0  1039.3  0.911665  0  0  0.911665  0  0.911665  0.00281448  0  0  0.00281448  0  0.00281448
3.1188e+13  0  1039.6  0.911763  0  0  0.911763  0  0.911763  0.00280893  0  0  0.00280893  0  0.00280893
3.1197e+13  0  1039.9  0.911861  0  0  0.911861  0  0.911861  0.00280339  0  0  0.00280339  0  0.00280339
3.1206e+13  0  1040.2  0.911959  0  0  0.911959  0  0.911959  0.00279787  0  0  0.00279787  0  0.00279787
3.1215e+13  0  1040.5  0.912057  0  0  0.912057  0  0.912057  0.00279237  0  0  0.00279237  0  0.00279237
3.1224e+13  0  1040.8  0.912154  0  0  0.912154  0  0.912154  0.00278688  0  0  0.00278688  0  0.00278688
3.1233e+13  0  1041.1  0.912251  0  0  0.912251  0  0.912251  0.00278141  0  0  0.00278141  0  0.00278141
3.1242e+13  0  1041.4  0.912348  0  0  0.912348  0  0.912348  0.00277595  0  0  0.00277595  0  0.00277595
3.1251e+13  0  1041.7  0.912445  0  0  0.912445  0  0.912445  0.00277051  0  0  0.00277051  0  0.00277051
3.126e+13  0  1042  0.912542  0  0  0.912542  0  0.912542  0.00276508  0  0  0.00276508  0  0.00276508
3.1269e+13  0  1042.3  0.912638  0  0  0.912638  0  0.912638  0.00275968  0  0  0.00275968  0  0.00275968
3.1278e+13  0  1042.6  0.912734  0  0  0.912734  0  0.912734  0.00275428  0  0  0.00275428  0  0.00275428
3.1287e+13  0  1042.9  0.912831  0  0  0.912831  0  0.912831  0.00274891  0  0  0.00274891  0  0.00274891
3.1296e+13  0  1043.2  0.912926  0  0  0.912926  0  0.912926  0.00274354  0  0  0.00274354  0  0.00274354
3.1305e+13  0  1043.5  0.913022  0  0  0.913022  0  0.913022  0.0027382  0  0  0.0027382  0  0.0027382
3.1314e+13  0  1043.8  0.913118  0  0  0.913118  0  0.913118  0.00273287  0  0  0.00273287  0  0.00273287
3.1323e+13  0  1044.1  0.913213  0  0  0.913213  0  0.913213  0.00272755  0  0  0.00272755  0  0.00272755
3.1332e+13  0  1044.4  0.913308  0  0  0.913308  0  0.913308  0.00272225  0  0  0.00272225  0  0.00272225
3.1341e+13  0  1044.7  0.913403  0  0  0.913403  0  0.913403  0.00271696  0  0  0.00271696  0  0.00271696
3.135e+13  0  1045  0.913498  0  0  0.913498  0  0.913498  0.00271169  0  0  0.00271169  0  0.00271169
3.1359e+13  0  1045.3  0.913593  0  0  0.913593  0  0.913593  0.00270644  0  0  0.00270644  0  0.00270644
3.1368e+13  0  1045.6  0.913687  0  0  0.913687  0  0.913687  0.0027012  0  0  0.0027012  0  0.0027012
3.1377e+13  0  1045.9  0.913781  0  0  0.913781  0  0.913781  0.00269597  0  0  0.00269597  0  0.00269597
3.1386e+13  0  1046.2  0.913875  0  0  0.913875  0  0.913875  0.00269076  0  0  0.00269076  0  0.00269076
3.1395e+13  0  1046.5  0.913969  0  0  0.913969  0  0.913969  0.00268557  0  0  0.00268557  0  0.00268557
3.1404e+13  0  1046.8  0.914063  0  0  0.914063  0  0.914063  0.00268039  0  0  0.00268039  0  0.00268039
3.1413e+13  0  1047.1  0.914157  0  0  0.914157  0  0.914157  0.00267522  0  0  0.00267522  0  0.00267522
3.1422e+13  0  1047.4  0.91425  0  0  0.91425  0  0.91425  0.00267007  0  0  0.00267007  0  0.00267007
3.1431e+13  0  1047.7  0.914343  0  0  0.914343  0  0.914343  0.00266494  0  0  0.00266494  0  0.00266494
3.144e+13  0  1048  0.914436  0  0  0.914436  0  0.914436  0.00265981  0  0  0.00265981  0  0.00265981
3.1449e+13  0  1048.3  0.914529  0  0  0.914529  0  0.914529  0.00265471  0  0  0.00265471  0  0.00265471
3.1458e+13  0  1048.6  0.914622  0  0  0.914622  0  0.914622  0.00264961  0  0  0.00264961  0  0.00264961
3.1467e+13  0  1048.9  0.914714  0  0  0.914714  0  0.914714  0.00264454  0  0  0.00264454  0  0.00264454
3.1476e+13  0  1049.2  0.914806  0  0  0.914806  0  0.914806  0.00263947  0  0  0.00263947  0  0.00263947
3.1485e+13  0  1049.5  0.914898  0  0  0.914898  0  0.914898  0.00263442  0  0  0.00263442  0  0.00263442
3.1494e+13  0  1049.8  0.91499  0  0  0.91499  0  0.91499  0.00262939  0  0  0.00262939  0  0.00262939
3.1503e+13  0  1050.1  0.915082  0  0  0.915082  0  0.915082  0.00262437  0  0  0.00262437  0  0.00262437
3.1512e+13  0  1050.4  0.915174  0  0  0.915174  0  0.915174  0.00261936  0  0  0.00261936  0  0.00261936
3.1521e+13  0  1050.7  0.915265  0  0  0.915265  0  0.915265  0.00261437  0  0  0.00261437  0  0.00261437
3.153e+13  0  1051  0.915357  0  0  0.915357  0  0.915357  0.00260939  0  0  0.00260939  0  0.00260939
3.1539e+13  0  1051.3  0.915448  0  0  0.915448  0  0.915448  0.00260442  0  0  0.00260442  0  0.00260442
3.1548e+13  0  1051.6  0.915539  0  0  0.915539  0  0.915539  0.00259947  0  0  0.00259947  0  0.00259947
3.1557e+13  0  1051.9  0.915629  0  0  0.915629  0  0.915629  0.00259454  0  0  0.00259454  0  0.00259454
3.1566e+13  0  1052.2  0.91572  0  0  0.91572  0  0.91572  0.00258961  0  0  0.00258961  0  0.00258961
3.1575e+13  0  1052.5  0.91581  0  0  0.91581  0  0.91581  0.00258471  0  0  0.00258471  0  0.00258471
3.1584e+13  0  1052.8  0.915901  0  0  0.915901  0  0.915901  0.00257981  0  0  0.00257981  0  0.00257981
3.1593e+13  0  1053.1  0.915991  0  0  0.915991  0  0.915991  0.00257493  0  0  0.00257493  0  0.00257493
3.1602e+13  0  1053.4  0.91608  0  0  0.91608  0  0.91608  0.00257006  0  0  0.00257006  0  0.00257006
3.1611e+13  0  1053.7  0.91617  0  0  0.91617  0  0.91617  0.00256521  0  0  0.00256521  0  0.00256521
3.162e+13  0  1054  0.91626  0  0  0.91626  0  0.91626  0.00256037  0  0  0.00256037  0  0.00256037
3.1629e+13  0  1054.3  0.916349  0  0  0.916349  0  0.916349  0.00255554  0  0  0.00255554  0  0.00255554
3.1638e+13  0  1054.6  0.916438  0  0  0.916438  0  0.916438  0.00255072  0  0  0.00255072  0  0.00255072
3.1647e+13  0  1054.9  0.916528  0  0  0.916528  0  0.916528  0.00254592  0  0  0.00254592  0  0.00254592
3.1656e+13  0  1055.2  0.916616  0  0  0.916616  0  0.916616  0.00254114  0  0  0.00254114  0  0.00254114
3.1665e+13  0  1055.5  0.916705  0  0  0.916705  0  0.916705  0.00253636  0  0  0.00253636  0  0.00253636
3.1674e+13  0  1055.8  0.916794  0  0  0.916794  0  0.916794  0.0025316  0  0  0.0025316  0  0.0025316
3.1683e+13  0  1056.1  0.916882  0  0  0.916882  0  0.916882  0.00252685  0  0  0.00252685  0  0.00252685
3.1692e+13  0  1056.4  0.91697  0  0  0.91697  0  0.91697  0.00252212  0  0  0.00252212  0  0.00252212
3.1701e+13  0  1056.7  0.917058  0  0  0.917058  0  0.917058  0.0025174  0  0  0.0025174  0  0.0025174
3.171e+13  0  1057  0.917146  0  0  0.917146  0  0.917146  0.00251269  0  0  0.00251269  0  0.00251269
3.1719e+13  0  1057.3  0.917234  0  0  0.917234  0  0.917234  0.00250799  0  0  0.00250799  0  0.00250799
3.1728e+13  0  1057.6  0.917322  0  0  0.917322  0  0.917322  0.00250331  0  0  0.00250331  0  0.00250331
3.1737e+13  0  1057.9  0.917409  0  0  0.917409  0  0.917409  0.00249864  0  0  0.00249864  0  0.00249864
3.1746e+13  0  1058.2  0.917496  0  0  0.917496  0  0.917496  0.00249399  0  0  0.00249399  0  0.00249399
3.1755e+13  0  1058.5  0.917584  0  0  0.917584  0  0.917584  0.00248934  0  0  0.00248934  0  0.00248934
3.1764e+13  0  1058.8  0.917671  0  0  0.917671  0  0.917671  0.00248471  0  0  0.00248471  0  0.00248471
3.1773e+13  0  1059.1  0.917757  0  0  0.917757  0  0.917757  0.00248009  0  0  0.00248009  0  0.00248009
3.1782e+13  0  1059.4  0.917844  0  0  0.917844  0  0.917844  0.00247549  0  0  0.00247549  0  0.00247549
3.1791e+13  0  1059.7  0.91793  0  0  0.91793  0  0.91793  0.00247089  0  0  0.00247089  0  0.00247089
3.18e+13  0  1060  0.918017  0  0  0.918017  0  0.918017  0.00246631  0  0  0.00246631  0  0.00246631
3.1809e+13  0  1060.3  0.918103  0  0  0.918103  0  0.918103  0.00246175  0  0  0.00246175  0  0.00246175
3.1818e+13  0  1060.6  0.918189  0  0  0.918189  0  0.918189  0.00245719  0  0  0.00245719  0  0.00245719
3.1827e+13  0  1060.9  0.918275  0  0  0.918275  0  0.918275  0.00245265  0  0  0.00245265  0  0.00245265
3.1836e+13  0  1061.2  0.918361  0  0  0.918361  0  0.918361  0.00244812  0  0  0.00244812  0  0.00244812
3.1845e+13  0  1061.5  0.918446  0  0  0.918446  0  0.918446  0.0024436  0  0  0.0024436  0  0.0024436
3.1854e+13  0  1061.8  0.918531  0  0  0.918531  0  0.918531  0.00243909  0  0  0.00243909  0  0.00243909
3.1863e+13  0  1062.1  0.918617  0  0  0.918617  0  0.918617  0.0024346  0  0  0.0024346  0  0.0024346
3.1872e+13  0  1062.4  0.918702  0  0  0.918702  0  0.918702  0.00243012  0  0  0.00243012  0  0.00243012
3.1881e+13  0  1062.7  0.918787  0  0  0.918787  0  0.918787  0.00242565  0  0  0.00242565  0  0.00242565
3.189e+13  0  1063  0.918871  0  0  0.918871  0  0.918871  0.00242119  0  0  0.00242119  0  0.00242119
3.1899e+13  0  1063.3  0.918956  0  0  0.918956  0  0.918956  0.00241675  0  0  0.00241675  0  0.00241675
3.1908e+13  0  1063.6  0.91904  0  0  0.91904  0  0.91904  0.00241231  0  0  0.00241231  0  0.00241231
3.1917e+13  0  1063.9  0.919125  0  0  0.919125  0  0.919125  0.00240789  0  0  0.00240789  0  0.00240789
3.1926e+13  0  1064.2  0.919209  0  0  0.919209  0  0.919209  0.00240348  0  0  0.00240348  0  0.00240348
3.1935e+13  0  1064.5  0.919293  0  0  0.919293  0  0.919293  0.00239909  0  0  0.00239909  0  0.00239909
3.1944e+13  0  1064.8  0.919377  0  0  0.919377  0  0.919377  0.0023947  0  0  0.0023947  0  0.0023947
3.1953e+13  0  1065.1  0.91946  0  0  0.91946  0  0.91946  0.00239033  0  0  0.00239033  0  0.00239033
3.1962e+13  0  1065.4  0.919544  0  0  0.919544  0  0.919544  0.00238596  0  0  0.00238596  0  0.00238596
3.1971e+13  0  1065.7  0.919627  0  0  0.919627  0  0.919627  0.00238161  0  0  0.00238161  0  0.00238161
3.198e+13  0  1066  0.919711  0  0  0.919711  0  0.919711  0.00237728  0  0  0.00237728  0  0.00237728
3.1989e+13  0  1066.3  0.919794  0  0  0.919794  0  0.919794  0.00237295  0  0  0.00237295  0  0.00237295
3.1998e+13  0  1066.6  0.919877  0  0  0.919877  0  0.919877  0.00236863  0  0  0.00236863  0  0.00236863
3.2007e+13  0  1066.9  0.919959  0  0  0.919959  0  0.919959  0.00236433  0  0  0.00236433  0  0.00236433
3.2016e+13  0  1067.2  0.920042  0  0  0.920042  0  0.920042  0.00236004  0  0  0.00236004  0  0.00236004
3.2025e+13  0  1067.5  0.920125  0  0  0.920125  0  0.920125  0.00235576  0  0  0.00235576  0  0.00235576
3.2034e+13  0  1067.8  0.920207  0  0  0.920207  0  0.920207  0.00235149  0  0  0.00235149  0  0.00235149
3.2043e+13  0  1068.1  0.920289  0  0  0.920289  0  0.920289  0.00234723  0  0  0.00234723  0  0.00234723
3.2052e+13  0  1068.4  0.920371  0  0  0.920371  0  0.920371  0.00234298  0  0  0.00234298  0  0.00234298
3.2061e+13  0  1068.7  0.920453  0  0  0.920453  0  0.920453  0.00233875  0  0  0.00233875  0  0.00233875
3.207e+13  0  1069  0.920535  0  0  0.920535  0  0.920535  0.00233453  0  0  0.00233453  0  0.00233453
3.2079e+13  0  1069.3  0.920616  0  0  0.920616  0  0.920616  0.00233031  0  0  0.00233031  0  0.00233031
3.2088e+13  0  1069.6  0.920698  0  0  0.920698  0  0.920698  0.00232611  0  0  0.00232611  0  0.00232611
3.2097e+13  0  1069.9  0.920779  0  0  0.920779  0  0.920779  0.00232192  0  0  0.00232192  0  0.00232192
3.2106e+13  0  1070.2  0.92086  0  0  0.92086  0  0.92086  0.00231774  0  0  0.00231774  0  0.00231774
3.2115e+13  0  1070.5  0.920941  0  0  0.920941  0  0.920941  0.00231357  0  0  0.00231357  0  0.00231357
3.2124e+13  0  1070.8  0.921022  0  0  0.921022  0  0.921022  0.00230942  0  0  0.00230942  0  0.00230942
3.2133e+13  0  1071.1  0.921103  0  0  0.921103  0  0.921103  0.00230527  0  0  0.00230527  0  0.00230527
3.2142e+13  0  1071.4  0.921184  0  0  0.921184  0  0.921184  0.00230114  0  0  0.00230114  0  0.00230114
3.2151e+13  0  1071.7  0.921264  0  0  0.921264  0  0.921264  0.00229701  0  0  0.00229701  0  0.00229701
3.216e+13  0  1072  0.921344  0  0  0.921344  0  0.921344  0.0022929  0  0  0.0022929  0  0.0022929
3.2169e+13  0  1072.3  0.921425  0  0  0.921425  0  0.921425  0.0022888  0  0  0.0022888  0  0.0022888
3.2178e+13  0  1072.6  0.921505  0  0  0.921505  0  0.921505  0.00228471  0  0  0.00228471  0  0.00228471
3.2187e+13  0  1072.9  0.921585  0  0  0.921585  0  0.921585  0.00228062  0  0  0.00228062  0  0.00228062
3.2196e+13  0  1073.2  0.921664  0  0  0.921664  0  0.921664  0.00227655  0  0  0.00227655  0  0.00227655
3.2205e+13  0  1073.5  0.921744  0  0  0.921744  0  0.921744  0.0022725  0  0  0.0022725  0  0.0022725
3.2214e+13  0  1073.8  0.921823  0  0  0.921823  0  0.921823  0.00226845  0  0  0.00226845  0  0.00226845
3.2223e+13  0  1074.1  0.921903  0  0  0.921903  0  0.921903  0.00226441  0  0  0.00226441  0  0.00226441
3.2232e+13  0  1074.4  0.921982  0  0  0.921982  0  0.921982  0.00226038  0  0  0.00226038  0  0.00226038
3.2241e+13  0  1074.7  0.922061  0  0  0.922061  0  0.922061  0.00225636  0  0  0.00225636  0  0.00225636
3.225e+13  0  1075  0.92214  0  0  0.92214  0  0.92214  0.00225236  0  0  0.00225236  0  0.00225236
3.2259e+13  0  1075.3  0.922219  0  0  0.922219  0  0.922219  0.00224836  0  0  0.00224836  0  0.00224836
3.2268e+13  0  1075.6  0.922297  0  0  0.922297  0  0.922297  0.00224438  0  0  0.00224438  0  0.00224438
3.2277e+13  0  1075.9  0.922376  0  0  0.922376  0  0.922376  0.0022404  0  0  0.0022404  0  0.0022404
3.2286e+13  0  1076.2  0.922454  0  0  0.922454  0  0.922454  0.00223644  0  0  0.00223644  0  0.00223644
3.2295e+13  0  1076.5  0.922532  0  0  0.922532  0  0.922532  0.00223248  0  0  0.00223248  0  0.00223248
3.2304e+13  0  1076.8  0.922611  0  0  0.922611  0  0.922611  0.00222854  0  0  0.00222854  0  0.00222854
3.2313e+13  0  1077.1  0.922688  0  0  0.922688  0  0.922688  0.0022246  0  0  0.0022246  0  0.0022246
3.2322e+13  0  1077.4  0.922766  0  0  0.922766  0  0.922766  0.00222068  0  0  0.00222068  0  0.00222068
3.2331e+13  0  1077.7  0.922844  0  0  0.922844  0  0.922844  0.00221677  0  0  0.00221677  0  0.00221677
3.234e+13  0  1078  0.922922  0  0  0.922922  0  0.922922  0.00221286  0  0  0.00221286  0  0.00221286
3.2349e+13  0  1078.3  0.922999  0  0  0.922999  0  0.922999  0.00220897  0  0  0.00220897  0  0.00220897
3.2358e+13  0  1078.6  0.923076  0  0  0.923076  0  0.923076  0.00220509  0  0  0.00220509  0  0.00220509
3.2367e+13  0  1078.9  0.923153  0  0  0.923153  0  0.923153  0.00220121  0  0  0.00220121  0  0.00220121
3.2376e+13  0  1079.2  0.92323  0  0  0.92323  0  0.92323  0.00219735  0  0  0.00219735  0  0.00219735
3.2385e+13  0  1079.5  0.923307  0  0  0.923307  0  0.923307  0.0021935  0  0  0.0021935  0  0.0021935
3.2394e+13  0  1079.8  0.923384  0  0  0.923384  0  0.923384  0.00218965  0  0  0.00218965  0  0.00218965
3.2403e+13  0  1080.1  0.923461  0  0  0.923461  0  0.923461  0.00218582  0  0  0.00218582  0  0.00218582
3.2412e+13  0  1080.4  0.923537  0  0  0.923537  0  0.923537  0.002182  0  0  0.002182  0  0.002182
3.2421e+13  0  1080.7  0.923613  0  0  0.923613  0  0.923613  0.00217818  0  0  0.00217818  0  0.00217818
3.243e+13  0  1081  0.92369  0  0  0.92369  0  0.92369  0.00217438  0  0  0.00217438  0  0.00217438
3.2439e+13  0  1081.3  0.923766  0  0  0.923766  0  0.923766  0.00217059  0  0  0.00217059  0  0.00217059
3.2448e+13  0  1081.6  0.923842  0  0  0.923842  0  0.923842  0.0021668  0  0  0.0021668  0  0.0021668
3.2457e+13  0  1081.9  0.923918  0  0  0.923918  0  0.923918  0.00216303  0  0  0.00216303  0  0.00216303
3.2466e+13  0  1082.2  0.923993  0  0  0.923993  0  0.923993  0.00215926  0  0  0.00215926  0  0.00215926
3.2475e+13  0  1082.5  0.924069  0  0  0.924069  0  0.924069  0.00215551  0  0  0.00215551  0  0.00215551
3.2484e+13  0  1082.8  0.924144  0  0  0.924144  0  0.924144  0.00215176  0  0  0.00215176  0  0.00215176
3.2493e+13  0  1083.1  0.924219  0  0  0.924219  0  0.924219  0.00214803  0  0  0.00214803  0  0.00214803
3.2502e+13  0  1083.4  0.924295  0  0  0.924295  0  0.924295  0.0021443  0  0  0.0021443  0  0.0021443
3.2511e+13  0  1083.7  0.92437  0  0  0.92437  0  0.92437  0.00214058  0  0  0.00214058  0  0.00214058
3.252e+13  0  1084  0.924445  0  0  0.924445  0  0.924445  0.00213687  0  0  0.00213687  0  0.00213687
3.2529e+13  0  1084.3  0.924519  0  0  0.924519  0  0.924519  0.00213318  0  0  0.00213318  0  0.00213318
3.2538e+13  0  1084.6  0.924594  0  0  0.924594  0  0.924594  0.00212949  0  0  0.00212949  0  0.00212949
3.2547e+13  0  1084.9  0.924669  0  0  0.924669  0  0.924669  0.00212581  0  0  0.00212581  0  0.00212581
3.2556e+13  0  1085.2  0.924743  0  0  0.924743  0  0.924743  0.00212214  0  0  0.00212214  0  0.00212214
3.2565e+13  0  1085.5  0.924817  0  0  0.924817  0  0.924817  0.00211848  0  0  0.00211848  0  0.00211848
3.2574e+13  0  1085.8  0.924891  0  0  0.924891  0  0.924891  0.00211483  0  0  0.00211483  0  0.00211483
3.2583e+13  0  1086.1  0.924965  0  0  0.924965  0  0.924965  0.00211118  0  0  0.00211118  0  0.00211118
3.2592e+13  0  1086.4  0.925039  0  0  0.925039  0  0.925039  0.00210755  0  0  0.00210755  0  0.00210755
3.2601e+13  0  1086.7  0.925113  0  0  0.925113  0  0.925113  0.00210393  0  0  0.00210393  0  0.00210393
3.261e+13  0  1087  0.925187  0  0  0.925187  0  0.925187  0.00210031  0  0  0.00210031  0  0.00210031
3.2619e+13  0  1087.3  0.92526  0  0  0.92526  0  0.92526  0.00209671  0  0  0.00209671  0  0.00209671
3.2628e+13  0  1087.6  0.925334  0  0  0.925334  0  0.925334  0.00209311  0  0  0.00209311  0  0.00209311
3.2637e+13  0  1087.9  0.925407  0  0  0.925407  0  0.925407  0.00208952  0  0  0.00208952  0  0.00208952
3.2646e+13  0  1088.2  0.92548  0  0  0.92548  0  0.92548  0.00208595  0  0  0.00208595  0  0.00208595
3.2655e+13  0  1088.5  0.925553  0  0  0.925553  0  0.925553  0.00208238  0  0  0.00208238  0  0.00208238
3.2664e+13  0  1088.8  0.925626  0  0  0.925626  0  0.925626  0.00207882  0  0  0.00207882  0  0.00207882
3.2673e+13  0  1089.1  0.925699  0  0  0.925699  0  0.925699  0.00207527  0  0  0.00207527  0  0.00207527
3.2682e+13  0  1089.4  0.925771  0  0  0.925771  0  0.925771  0.00207172  0  0  0.00207172  0  0.00207172
3.2691e+13  0  1089.7  0.925844  0  0  0.925844  0  0.925844  0.00206819  0  0  0.00206819  0  0.00206819
3.27e+13  0  1090  0.925916  0  0  0.925916  0  0.925916  0.00206466  0  0  0.00206466  0  0.00206466
3.2709e+13  0  1090.3  0.925989  0  0  0.925989  0  0.925989  0.00206115  0  0  0.00206115  0  0.00206115
3.2718e+13  0  1090.6  0.926061  0  0  0.926061  0  0.926061  0.00205764  0  0  0.00205764  0  0.00205764
3.2727e+13  0  1090.9  0.926133  0  0  0.926133  0  0.926133  0.00205414  0  0  0.00205414  0  0.00205414
3.2736e+13  0  1091.2  0.926205  0  0  0.926205  0  0.926205  0.00205065  0  0  0.00205065  0  0.00205065
3.2745e+13  0  1091.5  0.926277  0  0  0.926277  0  0.926277  0.00204717  0  0  0.00204717  0  0.00204717
3.2754e+13  0  1091.8  0.926348  0  0  0.926348  0  0.926348  0.0020437  0  0  0.0020437  0  0.0020437
3.2763e+13  0  1092.1  0.92642  0  0  0.92642  0  0.92642  0.00204024  0  0  0.00204024  0  0.00204024
3.2772e+13  0  1092.4  0.926491  0  0  0.926491  0  0.926491  0.00203678  0  0  0.00203678  0  0.00203678
3.2781e+13  0  1092.7  0.926563  0  0  0.926563  0  0.926563  0.00203334  0  0  0.00203334  0  0.00203334
3.279e+13  0  1093  0.926634  0  0  0.926634  0  0.926634  0.0020299  0  0  0.0020299  0  0.0020299
3.2799e+13  0  1093.3  0.926705  0  0  0.926705  0  0.926705  0.00202647  0  0  0.00202647  0  0.00202647
3.2808e+13  0  1093.6  0.926776  0  0  0.926776  0  0.926776  0.00202305  0  0  0.00202305  0  0.00202305
3.2817e+13  0  1093.9  0.926847  0  0  0.926847  0  0.926847  0.00201964  0  0  0.00201964  0  0.00201964
3.2826e+13  0  1094.2  0.926917  0  0  0.926917  0  0.926917  0.00201623  0  0  0.00201623  0  0.00201623
3.2835e+13  0  1094.5  0.926988  0  0  0.926988  0  0.926988  0.00201284  0  0  0.00201284  0  0.00201284
3.2844e+13  0  1094.8  0.927059  0  0  0.927059  0  0.927059  0.00200945  0  0  0.00200945  0  0.00200945
3.2853e+13  0  1095.1  0.927129  0  0  0.927129  0  0.927129  0.00200607  0  0  0.00200607  0  0.00200607
3.2862e+13  0  1095.4  0.927199  0  0  0.927199  0  0.927199  0.0020027  0  0  0.0020027  0  0.0020027
3.2871e+13  0  1095.7  0.927269  0  0  0.927269  0  0.927269  0.00199934  0  0  0.00199934  0  0.00199934
3.288e+13  0  1096  0.927339  0  0  0.927339  0  0.927339  0.00199599  0  0  0.00199599  0  0.00199599
3.2889e+13  0  1096.3  0.927409  0  0  0.927409  0  0.927409  0.00199264  0  0  0.00199264  0  0.00199264
3.2898e+13  0  1096.6  0.927479  0  0  0.927479  0  0.927479  0.0019893  0  0  0.0019893  0  0.0019893
3.2907e+13  0  1096.9  0.927549  0  0  0.927549  0  0.927549  0.00198597  0  0  0.00198597  0  0.00198597
3.2916e+13  0  1097.2  0.927618  0  0  0.927618  0  0.927618  0.00198265  0  0  0.00198265  0  0.00198265
3.2925e+13  0  1097.5  0.927688  0  0  0.927688  0  0.927688  0.00197934  0  0  0.00197934  0  0.00197934
3.2934e+13  0  1097.8  0.927757  0  0  0.927757  0  0.927757  0.00197604  0  0  0.00197604  0  0.00197604
3.2943e+13  0  1098.1  0.927826  0  0  0.927826  0  0.927826  0.00197274  0  0  0.00197274  0  0.00197274
3.2952e+13  0  1098.4  0.927895  0  0  0.927895  0  0.927895  0.00196945  0  0  0.00196945  0  0.00196945
3.2961e+13  0  1098.7  0.927964  0  0  0.927964  0  0.927964  0.00196617  0  0  0.00196617  0  0.00196617
3.297e+13  0  1099  0.928033  0  0  0.928033  0  0.928033  0.0019629  0  0  0.0019629  0  0.0019629
3.2979e+13  0  1099.3  0.928102  0  0  0.928102  0  0.928102  0.00195963  0  0  0.00195963  0  0.00195963
3.2988e+13  0  1099.6  0.928171  0  0  0.928171  0  0.928171  0.00195638  0  0  0.00195638  0  0.00195638
3.2997e+13  0  1099.9  0.928239  0  0  0.928239  0  0.928239  0.00195313  0  0  0.00195313  0  0.00195313
3.3006e+13  0  1100.2  0.928308  0  0  0.928308  0  0.928308  0.00194989  0  0  0.00194989  0  0.00194989
3.3015e+13  0  1100.5  0.928376  0  0  0.928376  0  0.928376  0.00194666  0  0  0.00194666  0  0.00194666
3.3024e+13  0  1100.8  0.928444  0  0  0.928444  0  0.928444  0.00194343  0  0  0.00194343  0  0.00194343
3.3033e+13  0  1101.1  0.928512  0  0  0.928512  0  0.928512  0.00194022  0  0  0.00194022  0  0.00194022
3.3042e+13  0  1101.4  0.92858  0  0  0.92858  0  0.92858  0.00193701  0  0  0.00193701  0  0.00193701
3.3051e+13  0  1101.7  0.928648  0  0  0.928648  0  0.928648  0.00193381  0  0  0.00193381  0  0.00193381
3.306e+13  0  1102  0.928716  0  0  0.928716  0  0.928716  0.00193061  0  0  0.00193061  0  0.00193061
3.3069e+13  0  1102.3  0.928784  0  0  0.928784  0  0.928784  0.00192743  0  0  0.00192743  0  0.00192743
3.3078e+13  0  1102.6  0.928851  0  0  0.928851  0  0.928851  0.00192425  0  0  0.00192425  0  0.00192425
3.3087e+13  0  1102.9  0.928918  0  0  0.928918  0  0.928918  0.00192108  0  0  0.00192108  0  0.00192108
3.3096e+13  0  1103.2  0.928986  0  0  0.928986  0  0.928986  0.00191791  0  0  0.00191791  0  0.00191791
3.3105e+13  0  1103.5  0.929053  0  0  0.929053  0  0.929053  0.00191476  0  0  0.00191476  0  0.00191476
3.3114e+13  0  1103.8  0.92912  0  0  0.92912  0  0.92912  0.00191161  0  0  0.00191161  0  0.00191161
3.3123e+13  0  1104.1  0.929187  0  0  0.929187  0  0.929187  0.00190847  0  0  0.00190847  0  0.00190847
3.3132e+13  0  1104.4  0.929254  0  0  0.929254  0  0.929254  0.00190534  0  0  0.00190534  0  0.00190534
3.3141e+13  0  1104.7  0.929321  0  0  0.929321  0  0.929321  0.00190221  0  0  0.00190221  0  0.00190221
3.315e+13  0  1105  0.929387  0  0  0.929387  0  0.929387  0.0018991  0  0  0.0018991  0  0.0018991
3.3159e+13  0  1105.3  0.929454  0  0  0.929454  0  0.929454  0.00189599  0  0  0.00189599  0  0.00189599
3.3168e+13  0  1105.6  0.92952  0  0  0.92952  0  0.92952  0.00189289  0  0  0.00189289  0  0.00189289
3.3177e+13  0  1105.9  0.929587  0  0  0.929587  0  0.929587  0.00188979  0  0  0.00188979  0  0.00188979
3.3186e+13  0  1106.2  0.929653  0  0  0.929653  0  0.929653  0.0018867  0  0  0.0018867  0  0.0018867
3.3195e+13  0  1106.5  0.929719  0  0  0.929719  0  0.929719  0.00188362  0  0  0.00188362  0  0.00188362
3.3204e+13  0  1106.8  0.929785  0  0  0.929785  0  0.929785  0.00188055  0  0  0.00188055  0  0.00188055
3.3213e+13  0  1107.1  0.929851  0  0  0.929851  0  0.929851  0.00187749  0  0  0.00187749  0  0.00187749
3.3222e+13  0  1107.4  0.929917  0  0  0.929917  0  0.929917  0.00187443  0  0  0.00187443  0  0.00187443
3.3231e+13  0  1107.7  0.929983  0  0  0.929983  0  0.929983  0.00187138  0  0  0.00187138  0  0.00187138
3.324e+13  0  1108  0.930048  0  0  0.930048  0  0.930048  0.00186833  0  0  0.00186833  0  0.00186833
3.3249e+13  0  1108.3  0.930114  0  0  0.930114  0  0.930114  0.0018653  0  0  0.0018653  0  0.0018653
3.3258e+13  0  1108.6  0.930179  0  0  0.930179  0  0.930179  0.00186227  0  0  0.00186227  0  0.00186227
3.3267e+13  0  1108.9  0.930244  0  0  0.930244  0  0.930244  0.00185925  0  0  0.00185925  0  0.00185925
3.3276e+13  0  1109.2  0.930309  0  0  0.930309  0  0.930309  0.00185623  0  0  0.00185623  0  0.00185623
3.3285e+13  0  1109.5  0.930375  0  0  0.930375  0  0.930375  0.00185322  0  0  0.00185322  0  0.00185322
3.3294e+13  0  1109.8  0.930439  0  0  0.930439  0  0.930439  0.00185022  0  0  0.00185022  0  0.00185022
3.3303e+13  0  1110.1  0.930504  0  0  0.930504  0  0.930504  0.00184723  0  0  0.00184723  0  0.00184723
3.3312e+13  0  1110.4  0.930569  0  0  0.930569  0  0.930569  0.00184424  0  0  0.00184424  0  0.00184424
3.3321e+13  0  1110.7  0.930634  0  0  0.930634  0  0.930634  0.00184127  0  0  0.00184127  0  0.00184127
3.333e+13  0  1111  0.930698  0  0  0.930698  0  0.930698  0.00183829  0  0  0.00183829  0  0.00183829
3.3339e+13  0  1111.3  0.930763  0  0  0.930763  0  0.930763  0.00183533  0  0  0.00183533  0  0.00183533
3.3348e+13  0  1111.6  0.930827  0  0  0.930827  0  0.930827  0.00183237  0  0  0.00183237  0  0.00183237
3.3357e+13  0  1111.9  0.930891  0  0  0.930891  0  0.930891  0.00182942  0  0  0.00182942  0  0.00182942
3.3366e+13  0  1112.2  0.930955  0  0  0.930955  0  0.930955  0.00182648  0  0  0.00182648  0  0.00182648
3.3375e+13  0  1112.5  0.931019  0  0  0.931019  0  0.931019  0.00182354  0  0  0.00182354  0  0.00182354
3.3384e+13  0  1112.8  0.931083  0  0  0.931083  0  0.931083  0.00182061  0  0  0.00182061  0  0.00182061
3.3393e+13  0  1113.1  0.931147  0  0  0.931147  0  0.931147  0.00181769  0  0  0.00181769  0  0.00181769
3.3402e+13  0  1113.4  0.931211  0  0  0.931211  0  0.931211  0.00181477  0  0  0.00181477  0  0.00181477
3.3411e+13  0  1113.7  0.931275  0  0  0.931275  0  0.931275  0.00181186  0  0  0.00181186  0  0.00181186
3.342e+13  0  1114  0.931338  0  0  0.931338  0  0.931338  0.00180896  0  0  0.00180896  0  0.00180896
3.3429e+13  0  1114.3  0.931402  0  0  0.931402  0  0.931402  0.00180606  0  0  0.00180606  0  0.00180606
3.3438e+13  0  1114.6  0.931465  0  0  0.931465  0  0.931465  0.00180317  0  0  0.00180317  0  0.00180317
3.3447e+13  0  1114.9  0.931528  0  0  0.931528  0  0.931528  0.00180029  0  0  0.00180029  0  0.00180029
3.3456e+13  0  1115.2  0.931591  0  0  0.931591  0  0.931591  0.00179741  0  0  0.00179741  0  0.00179741
3.3465e+13  0  1115.5  0.931654  0  0  0.931654  0  0.931654  0.00179455  0  0  0.00179455  0  0.00179455
3.3474e+13  0  1115.8  0.931717  0  0  0.931717  0  0.931717  0.00179168  0  0  0.00179168  0  0.00179168
3.3483e+13  0  1116.1  0.93178  0  0  0.93178  0  0.93178  0.00178883  0  0  0.00178883  0  0.00178883
3.3492e+13  0  1116.4  0.931843  0  0  0.931843  0  0.931843  0.00178598  0  0  0.00178598  0  0.00178598
3.3501e+13  0  1116.7  0.931905  0  0  0.931905  0  0.931905  0.00178314  0  0  0.00178314  0  0.00178314
3.351e+13  0  1117  0.931968  0  0  0.931968  0  0.931968  0.0017803  0  0  0.0017803  0  0.0017803
3.3519e+13  0  1117.3  0.93203  0  0  0.93203  0  0.93203  0.00177747  0  0  0.00177747  0  0.00177747
3.3528e+13  0  1117.6  0.932093  0  0  0.932093  0  0.932093  0.00177465  0  0  0.00177465  0  0.00177465
3.3537e+13  0  1117.9  0.932155  0  0  0.932155  0  0.932155  0.00177184  0  0  0.00177184  0  0.00177184
3.3546e+13  0  1118.2  0.932217  0  0  0.932217  0  0.932217  0.00176903  0  0  0.00176903  0  0.00176903
3.3555e+13  0  1118.5  0.932279  0  0  0.932279  0  0.932279  0.00176622  0  0  0.00176622  0  0.00176622
3.3564e+13  0  1118.8  0.932341  0  0  0.932341  0  0.932341  0.00176343  0  0  0.00176343  0  0.00176343
3.3573e+13  0  1119.1  0.932403  0  0  0.932403  0  0.932403  0.00176064  0  0  0.00176064  0  0.00176064
3.3582e+13  0  1119.4  0.932465  0  0  0.932465  0  0.932465  0.00175785  0  0  0.00175785  0  0.00175785
3.3591e+13  0  1119.7  0.932526  0  0  0.932526  0  0.932526  0.00175508  0  0  0.00175508  0  0.00175508
3.36e+13  0  1120  0.932588  0  0  0.932588  0  0.932588  0.00175231  0  0  0.00175231  0  0.00175231
3.3609e+13  0  1120.3  0.932649  0  0  0.932649  0  0.932649  0.00174954  0  0  0.00174954  0  0.00174954
3.3618e+13  0  1120.6  0.932711  0  0  0.932711  0  0.932711  0.00174679  0  0  0.00174679  0  0.00174679
3.3627e+13  0  1120.9  0.932772  0  0  0.932772  0  0.932772  0.00174403  0  0  0.00174403  0  0.00174403
3.3636e+13  0  1121.2  0.932833  0  0  0.932833  0  0.932833  0.00174129  0  0  0.00174129  0  0.00174129
3.3645e+13  0  1121.5  0.932894  0  0  0.932894  0  0.932894  0.00173855  0  0  0.00173855  0  0.00173855
3.3654e+13  0  1121.8  0.932955  0  0  0.932955  0  0.932955  0.00173582  0  0  0.00173582  0  0.00173582
3.3663e+13  0  1122.1  0.933016  0  0  0.933016  0  0.933016  0.00173309  0  0  0.00173309  0  0.00173309
3.3672e+13  0  1122.4  0.933077  0  0  0.933077  0  0.933077  0.00173037  0  0  0.00173037  0  0.00173037
3.3681e+13  0  1122.7  0.933138  0  0  0.933138  0  0.933138  0.00172766  0  0  0.00172766  0  0.00172766
3.369e+13  0  1123  0.933198  0  0  0.933198  0  0.933198  0.00172495  0  0  0.00172495  0  0.00172495
3.3699e+13  0  1123.3  0.933259  0  0  0.933259  0  0.933259  0.00172225  0  0  0.00172225  0  0.00172225
3.3708e+13  0  1123.6  0.933319  0  0  0.933319  0  0.933319  0.00171956  0  0  0.00171956  0  0.00171956
3.3717e+13  0  1123.9  0.933379  0  0  0.933379  0  0.933379  0.00171687  0  0  0.00171687  0  0.00171687
3.3726e+13  0  1124.2  0.93344  0  0  0.93344  0  0.93344  0.00171419  0  0  0.00171419  0  0.00171419
3.3735e+13  0  1124.5  0.9335  0  0  0.9335  0  0.9335  0.00171151  0  0  0.00171151  0  0.00171151
3.3744e+13  0  1124.8  0.93356  0  0  0.93356  0  0.93356  0.00170884  0  0  0.00170884  0  0.00170884
3.3753e+13  0  1125.1  0.93362  0  0  0.93362  0  0.93362  0.00170617  0  0  0.00170617  0  0.00170617
3.3762e+13  0  1125.4  0.93368  0  0  0.93368  0  0.93368  0.00170352  0  0  0.00170352  0  0.00170352
3.3771e+13  0  1125.7  0.933739  0  0  0.933739  0  0.933739  0.00170086  0  0  0.00170086  0  0.00170086
3.378e+13  0  1126  0.933799  0  0  0.933799  0  0.933799  0.00169822  0  0  0.00169822  0  0.00169822
3.3789e+13  0  1126.3  0.933859  0  0  0.933859  0  0.933859  0.00169558  0  0  0.00169558  0  0.00169558
3.3798e+13  0  1126.6  0.933918  0  0  0.933918  0  0.933918  0.00169294  0  0  0.00169294  0  0.00169294
3.3807e+13  0  1126.9  0.933978  0  0  0.933978  0  0.933978  0.00169032  0  0  0.00169032  0  0.00169032
3.3816e+13  0  1127.2  0.934037  0  0  0.934037  0  0.934037  0.00168769  0  0  0.00168769  0  0.00168769
3.3825e+13  0  1127.5  0.934096  0  0  0.934096  0  0.934096  0.00168508  0  0  0.00168508  0  0.00168508
3.3834e+13  0  1127.8  0.934155  0  0  0.934155  0  0.934155  0.00168247  0  0  0.00168247  0  0.00168247
3.3843e+13  0  1128.1  0.934214  0  0  0.934214  0  0.934214  0.00167986  0  0  0.00167986  0  0.00167986
3.3852e+13  0  1128.4  0.934273  0  0  0.934273  0  0.934273  0.00167727  0  0  0.00167727  0  0.00167727
3.3861e+13  0  1128.7  0.934332  0  0  0.934332  0  0.934332  0.00167467  0  0  0.00167467  0  0.00167467
3.387e+13  0  1129  0.934391  0  0  0.934391  0  0.934391  0.00167209  0  0  0.00167209  0  0.00167209
3.3879e+13  0  1129.3  0.93445  0  0  0.93445  0  0.93445  0.00166951  0  0  0.00166951  0  0.00166951
3.3888e+13  0  1129.6  0.934508  0  0  0.934508  0  0.934508  0.00166693  0  0  0.00166693  0  0.00166693
3.3897e+13  0  1129.9  0.934567  0  0  0.934567  0  0.934567  0.00166436  0  0  0.00166436  0  0.00166436
3.3906e+13  0  1130.2  0.934625  0  0  0.934625  0  0.934625  0.0016618  0  0  0.0016618  0  0.0016618
3.3915e+13  0  1130.5  0.934683  0  0  0.934683  0  0.934683  0.00165924  0  0  0.00165924  0  0.00165924
3.3924e+13  0  1130.8  0.934742  0  0  0.934742  0  0.934742  0.00165669  0  0  0.00165669  0  0.00165669
3.3933e+13  0  1131.1  0.9348  0  0  0.9348  0  0.9348  0.00165414  0  0  0.00165414  0  0.00165414
3.3942e+13  0  1131.4  0.934858  0  0  0.934858  0  0.934858  0.0016516  0  0  0.0016516  0  0.0016516
3.3951e+13  0  1131.7  0.934916  0  0  0.934916  0  0.934916  0.00164907  0  0  0.00164907  0  0.00164907
3.396e+13  0  1132  0.934974  0  0  0.934974  0  0.934974  0.00164654  0  0  0.00164654  0  0.00164654
3.3969e+13  0  1132.3  0.935031  0  0  0.935031  0  0.935031  0.00164402  0  0  0.00164402  0  0.00164402
3.3978e+13  0  1132.6  0.935089  0  0  0.935089  0  0.935089  0.0016415  0  0  0.0016415  0  0.0016415
3.3987e+13  0  1132.9  0.935147  0  0  0.935147  0  0.935147  0.00163899  0  0  0.00163899  0  0.00163899
3.3996e+13  0  1133.2  0.935204  0  0  0.935204  0  0.935204  0.00163648  0  0  0.00163648  0  0.00163648
3.4005e+13  0  1133.5  0.935262  0  0  0.935262  0  0.935262  0.00163398  0  0  0.00163398  0  0.00163398
3.4014e+13  0  1133.8  0.935319  0  0  0.935319  0  0.935319  0.00163148  0  0  0.00163148  0  0.00163148
3.4023e+13  0  1134.1  0.935376  0  0  0.935376  0  0.935376  0.00162899  0  0  0.00162899  0  0.00162899
3.4032e+13  0  1134.4  0.935434  0  0  0.935434  0  0.935434  0.00162651  0  0  0.00162651  0  0.00162651
3.4041e+13  0  1134.7  0.935491  0  0  0.935491  0  0.935491  0.00162403  0  0  0.00162403  0  0.00162403
3.405e+13  0  1135  0.935548  0  0  0.935548  0  0.935548  0.00162156  0  0  0.00162156  0  0.00162156
3.4059e+13  0  1135.3  0.935605  0  0  0.935605  0  0.935605  0.00161909  0  0  0.00161909  0  0.00161909
3.4068e+13  0  1135.6  0.935661  0  0  0.935661  0  0.935661  0.00161663  0  0  0.00161663  0  0.00161663
3.4077e+13  0  1135.9  0.935718  0  0  0.935718  0  0.935718  0.00161417  0  0  0.00161417  0  0.00161417
3.4086e+13  0  1136.2  0.935775  0  0  0.935775  0  0.935775  0.00161172  0  0  0.00161172  0  0.00161172
3.4095e+13  0  1136.5  0.935831  0  0  0.935831  0  0.935831  0.00160927  0  0  0.00160927  0  0.00160927
3.4104e+13  0  1136.8  0.935888  0  0  0.935888  0  0.935888  0.00160683  0  0  0.00160683  0  0.00160683
3.4113e+13  0  1137.1  0.935944  0  0  0.935944  0  0.935944  0.0016044  0  0  0.0016044  0  0.0016044
3.4122e+13  0  1137.4  0.936001  0  0  0.936001  0  0.936001  0.00160197  0  0  0.00160197  0  0.00160197
3.4131e+13  0  1137.7  0.936057  0  0  0.936057  0  0.936057  0.00159955  0  0  0.00159955  0  0.00159955
3.414e+13  0  1138  0.936113  0  0  0.936113  0  0.936113  0.00159713  0  0  0.00159713  0  0.00159713
3.4149e+13  0  1138.3  0.936169  0  0  0.936169  0  0.936169  0.00159471  0  0  0.00159471  0  0.00159471
3.4158e+13  0  1138.6  0.936225  0  0  0.936225  0  0.936225  0.00159231  0  0  0.00159231  0  0.00159231
3.4167e+13  0  1138.9  0.936281  0  0  0.936281  0  0.936281  0.0015899  0  0  0.0015899  0  0.0015899
3.4176e+13  0  1139.2  0.936337  0  0  0.936337  0  0.936337  0.00158751  0  0  0.00158751  0  0.00158751
3.4185e+13  0  1139.5  0.936393  0  0  0.936393  0  0.936393  0.00158511  0  0  0.00158511  0  0.00158511
3.4194e+13  0  1139.8  0.936448  0  0  0.936448  0  0.936448  0.00158273  0  0  0.00158273  0  0.00158273
3.4203e+13  0  1140.1  0.936504  0  0  0.936504  0  0.936504  0.00158034  0  0  0.00158034  0  0.00158034
3.4212e+13  0  1140.4  0.936559  0  0  0.936559  0  0.936559  0.00157797  0  0  0.00157797  0  0.00157797
3.4221e+13  0  1140.7  0.936615  0  0  0.936615  0  0.936615  0.0015756  0  0  0.0015756  0  0.0015756
3.423e+13  0  1141  0.93667  0  0  0.93667  0  0.93667  0.00157323  0  0  0.00157323  0  0.00157323
3.4239e+13  0  1141.3  0.936725  0  0  0.936725  0  0.936725  0.00157087  0  0  0.00157087  0  0.00157087
3.4248e+13  0  1141.6  0.93678  0  0  0.93678  0  0.93678  0.00156851  0  0  0.00156851  0  0.00156851
3.4257e+13  0  1141.9  0.936835  0  0  0.936835  0  0.936835  0.00156616  0  0  0.00156616  0  0.00156616
3.4266e+13  0  1142.2  0.93689  0  0  0.93689  0  0.93689  0.00156382  0  0  0.00156382  0  0.00156382
3.4275e+13  0  1142.5  0.936945  0  0  0.936945  0  0.936945  0.00156148  0  0  0.00156148  0  0.00156148
3.4284e+13  0  1142.8  0.937  0  0  0.937  0  0.937  0.00155914  0  0  0.00155914  0  0.00155914
3.4293e+13  0  1143.1  0.937055  0  0  0.937055  0  0.937055  0.00155681  0  0  0.00155681  0  0.00155681
3.4302e+13  0  1143.4  0.93711  0  0  0.93711  0  0.93711  0.00155449  0  0  0.00155449  0  0.00155449
3.4311e+13  0  1143.7  0.937164  0  0  0.937164  0  0.937164  0.00155217  0  0  0.00155217  0  0.00155217
3.432e+13  0  1144  0.937219  0  0  0.937219  0  0.937219  0.00154985  0  0  0.00154985  0  0.00154985
3.4329e+13  0  1144.3  0.937273  0  0  0.937273  0  0.937273  0.00154754  0  0  0.00154754  0  0.00154754
3.4338e+13  0  1144.6  0.937328  0  0  0.937328  0  0.937328  0.00154524  0  0  0.00154524  0  0.00154524
3.4347e+13  0  1144.9  0.937382  0  0  0.937382  0  0.937382  0.00154294  0  0  0.00154294  0  0.00154294
3.4356e+13  0  1145.2  0.937436  0  0  0.937436  0  0.937436  0.00154064  0  0  0.00154064  0  0.00154064
3.4365e+13  0  1145.5  0.93749  0  0  0.93749  0  0.93749  0.00153835  0  0  0.00153835  0  0.00153835
3.4374e+13  0  1145.8  0.937544  0  0  0.937544  0  0.937544  0.00153607  0  0  0.00153607  0  0.00153607
3.4383e+13  0  1146.1  0.937598  0  0  0.937598  0  0.937598  0.00153379  0  0  0.00153379  0  0.00153379
3.4392e+13  0  1146.4  0.937652  0  0  0.937652  0  0.937652  0.00153151  0  0  0.00153151  0  0.00153151
3.4401e+13  0  1146.7  0.937706  0  0  0.937706  0  0.937706  0.00152924  0  0  0.00152924  0  0.00152924
3.441e+13  0  1147  0.937759  0  0  0.937759  0  0.937759  0.00152698  0  0  0.00152698  0  0.00152698
3.4419e+13  0  1147.3  0.937813  0  0  0.937813  0  0.937813  0.00152472  0  0  0.00152472  0  0.00152472
3.4428e+13  0  1147.6  0.937867  0  0  0.937867  0  0.937867  0.00152246  0  0  0.00152246  0  0.00152246
3.4437e+13  0  1147.9  0.93792  0  0  0.93792  0  0.93792  0.00152021  0  0  0.00152021  0  0.00152021
3.4446e+13  0  1148.2  0.937974  0  0  0.937974  0  0.937974  0.00151797  0  0  0.00151797  0  0.00151797
3.4455e+13  0  1148.5  0.938027  0  0  0.938027  0  0.938027  0.00151573  0  0  0.00151573  0  0.00151573
3.4464e+13  0  1148.8  0.93808  0  0  0.93808  0  0.93808  0.00151349  0  0  0.00151349  0  0.00151349
3.4473e+13  0  1149.1  0.938133  0  0  0.938133  0  0.938133  0.00151126  0  0  0.00151126  0  0.00151126
3.4482e+13  0  1149.4  0.938186  0  0  0.938186  0  0.938186  0.00150903  0  0  0.00150903  0  0.00150903
3.4491e+13  0  1149.7  0.938239  0  0  0.938239  0  0.938239  0.00150681  0  0  0.00150681  0  0.00150681
3.45e+13  0  1150  0.938292  0  0  0.938292  0  0.938292  0.00150459  0  0  0.00150459  0  0.00150459
3.4509e+13  0  1150.3  0.938345  0  0  0.938345  0  0.938345  0.00150238  0  0  0.00150238  0  0.00150238
3.4518e+13  0  1150.6  0.938398  0  0  0.938398  0  0.938398  0.00150018  0  0  0.00150018  0  0.00150018
3.4527e+13  0  1150.9  0.938451  0  0  0.938451  0  0.938451  0.00149797  0  0  0.00149797  0  0.00149797
3.4536e+13  0  1151.2  0.938503  0  0  0.938503  0  0.938503  0.00149577  0  0  0.00149577  0  0.00149577
3.4545e+13  0  1151.5  0.938556  0  0  0.938556  0  0.938556  0.00149358  0  0  0.00149358  0  0.00149358
3.4554e+13  0  1151.8  0.938608  0  0  0.938608  0  0.938608  0.00149139  0  0  0.00149139  0  0.00149139
3.4563e+13  0  1152.1  0.938661  0  0  0.938661  0  0.938661  0.00148921  0  0  0.00148921  0  0.00148921
3.4572e+13  0  1152.4  0.938713  0  0  0.938713  0  0.938713  0.00148703  0  0  0.00148703  0  0.00148703
3.4581e+13  0  1152.7  0.938765  0  0  0.938765  0  0.938765  0.00148486  0  0  0.00148486  0  0.00148486
3.459e+13  0  1153  0.938817  0  0  0.938817  0  0.938817  0.00148269  0  0  0.00148269  0  0.00148269
3.4599e+13  0  1153.3  0.938869  0  0  0.938869  0  0.938869  0.00148052  0  0  0.00148052  0  0.00148052
3.4608e+13  0  1153.6  0.938921  0  0  0.938921  0  0.938921  0.00147836  0  0  0.00147836  0  0.00147836
3.4617e+13  0  1153.9  0.938973  0  0  0.938973  0  0.938973  0.0014762  0  0  0.0014762  0  0.0014762
3.4626e+13  0  1154.2  0.939025  0  0  0.939025  0  0.939025  0.00147405  0  0  0.00147405  0  0.00147405
3.4635e+13  0  1154.5  0.939077  0  0  0.939077  0  0.939077  0.00147191  0  0  0.00147191  0  0.00147191
3.4644e+13  0  1154.8  0.939129  0  0  0.939129  0  0.939129  0.00146976  0  0  0.00146976  0  0.00146976
3.4653e+13  0  1155.1  0.93918  0  0  0.93918  0  0.93918  0.00146763  0  0  0.00146763  0  0.00146763
3.4662e+13  0  1155.4  0.939232  0  0  0.939232  0  0.939232  0.00146549  0  0  0.00146549  0  0.00146549
3.4671e+13  0  1155.7  0.939283  0  0  0.939283  0  0.939283  0.00146336  0  0  0.00146336  0  0.00146336
3.468e+13  0  1156  0.939335  0  0  0.939335  0  0.939335  0.00146124  0  0  0.00146124  0  0.00146124
3.4689e+13  0  1156.3  0.939386  0  0  0.939386  0  0.939386  0.00145912  0  0  0.00145912  0  0.00145912
3.4698e+13  0  1156.6  0.939438  0  0  0.939438  0  0.939438  0.001457  0  0  0.001457  0  0.001457
3.4707e+13  0  1156.9  0.939489  0  0  0.939489  0  0.939489  0.00145489  0  0  0.00145489  0  0.00145489
3.4716e+13  0  1157.2  0.93954  0  0  0.93954  0  0.93954  0.00145279  0  0  0.00145279  0  0.00145279
3.4725e+13  0  1157.5  0.939591  0  0  0.939591  0  0.939591  0.00145069  0  0  0.00145069  0  0.00145069
3.4734e+13  0  1157.8  0.939642  0  0  0.939642  0  0.939642  0.00144859  0  0  0.00144859  0  0.00144859
3.4743e+13  0  1158.1  0.939693  0  0  0.939693  0  0.939693  0.0014465  0  0  0.0014465  0  0.0014465
3.4752e+13  0  1158.4  0.939744  0  0  0.939744  0  0.939744  0.00144441  0  0  0.00144441  0  0.00144441
3.4761e+13  0  1158.7  0.939794  0  0  0.939794  0  0.939794  0.00144232  0  0  0.00144232  0  0.00144232
3.477e+13  0  1159  0.939845  0  0  0.939845  0  0.939845  0.00144024  0  0  0.00144024  0  0.00144024
3.4779e+13  0  1159.3  0.939896  0  0  0.939896  0  0.939896  0.00143817  0  0  0.00143817  0  0.00143817
3.4788e+13  0  1159.6  0.939946  0  0  0.939946  0  0.939946  0.0014361  0  0  0.0014361  0  0.0014361
3.4797e+13  0  1159.9  0.939997  0  0  0.939997  0  0.939997  0.00143403  0  0  0.00143403  0  0.00143403
3.4806e+13  0  1160.2  0.940047  0  0  0.940047  0  0.940047  0.00143197  0  0  0.00143197  0  0.00143197
3.4815e+13  0  1160.5  0.940097  0  0  0.940097  0  0.940097  0.00142991  0  0  0.00142991  0  0.00142991
3.4824e+13  0  1160.8  0.940148  0  0  0.940148  0  0.940148  0.00142786  0  0  0.00142786  0  0.00142786
3.4833e+13  0  1161.1  0.940198  0  0  0.940198  0  0.940198  0.00142581  0  0  0.00142581  0  0.00142581
3.4842e+13  0  1161.4  0.940248  0  0  0.940248  0  0.940248  0.00142376  0  0  0.00142376  0  0.00142376
3.4851e+13  0  1161.7  0.940298  0  0  0.940298  0  0.940298  0.00142172  0  0  0.00142172  0  0.00142172
3.486e+13  0  1162  0.940348  0  0  0.940348  0  0.940348  0.00141968  0  0  0.00141968  0  0.00141968
3.4869e+13  0  1162.3  0.940398  0  0  0.940398  0  0.940398  0.00141765  0  0  0.00141765  0  0.00141765
3.4878e+13  0  1162.6  0.940448  0  0  0.940448  0  0.940448  0.00141562  0  0  0.00141562  0  0.00141562
3.4887e+13  0  1162.9  0.940497  0  0  0.940497  0  0.940497  0.0014136  0  0  0.0014136  0  0.0014136
3.4896e+13  0  1163.2  0.940547  0  0  0.940547  0  0.940547  0.00141158  0  0  0.00141158  0  0.00141158
3.4905e+13  0  1163.5  0.940597  0  0  0.940597  0  0.940597  0.00140956  0  0  0.00140956  0  0.00140956
3.4914e+13  0  1163.8  0.940646  0  0  0.940646  0  0.940646  0.00140755  0  0  0.00140755  0  0.00140755
3.4923e+13  0  1164.1  0.940696  0  0  0.940696  0  0.940696  0.00140554  0  0  0.00140554  0  0.00140554
3.4932e+13  0  1164.4  0.940745  0  0  0.940745  0  0.940745  0.00140354  0  0  0.00140354  0  0.00140354
3.4941e+13  0  1164.7  0.940795  0  0  0.940795  0  0.940795  0.00140154  0  0  0.00140154  0  0.00140154
3.495e+13  0  1165  0.940844  0  0  0.940844  0  0.940844  0.00139955  0  0  0.00139955  0  0.00139955
3.4959e+13  0  1165.3  0.940893  0  0  0.940893  0  0.940893  0.00139756  0  0  0.00139756  0  0.00139756
3.4968e+13  0  1165.6  0.940942  0  0  0.940942  0  0.940942  0.00139557  0  0  0.00139557  0  0.00139557
3.4977e+13  0  1165.9  0.940991  0  0  0.940991  0  0.940991  0.00139359  0  0  0.00139359  0  0.00139359
3.4986e+13  0  1166.2  0.94104  0  0  0.94104  0  0.94104  0.00139161  0  0  0.00139161  0  0.00139161
3.4995e+13  0  1166.5  0.941089  0  0  0.941089  0  0.941089  0.00138964  0  0  0.00138964  0  0.00138964
3.5004e+13  0  1166.8  0.941138  0  0  0.941138  0  0.941138  0.00138767  0  0  0.00138767  0  0.00138767
3.5013e+13  0  1167.1  0.941187  0  0  0.941187  0  0.941187  0.0013857  0  0  0.0013857  0  0.0013857
3.5022e+13  0  1167.4  0.941235  0  0  0.941235  0  0.941235  0.00138374  0  0  0.00138374  0  0.00138374
3.5031e+13  0  1167.7  0.941284  0  0  0.941284  0  0.941284  0.00138178  0  0  0.00138178  0  0.00138178
3.504e+13  0  1168  0.941333  0  0  0.941333  0  0.941333  0.00137983  0  0  0.00137983  0  0.00137983
3.5049e+13  0  1168.3  0.941381  0  0  0.941381  0  0.941381  0.00137788  0  0  0.00137788  0  0.00137788
3.5058e+13  0  1168.6  0.94143  0  0  0.94143  0  0.94143  0.00137593  0  0  0.00137593  0  0.00137593
3.5067e+13  0  1168.9  0.941478  0  0  0.941478  0  0.941478  0.00137399  0  0  0.00137399  0  0.00137399
3.5076e+13  0  1169.2  0.941526  0  0  0.941526  0  0.941526  0.00137205  0  0  0.00137205  0  0.00137205
3.5085e+13  0  1169.5  0.941575  0  0  0.941575  0  0.941575  0.00137012  0  0  0.00137012  0  0.00137012
3.5094e+13  0  1169.8  0.941623  0  0  0.941623  0  0.941623  0.00136819  0  0  0.00136819  0  0.00136819
3.5103e+13  0  1170.1  0.941671  0  0  0.941671  0  0.941671  0.00136626  0  0  0.00136626  0  0.00136626
3.5112e+13  0  1170.4  0.941719  0  0  0.941719  0  0.941719  0.00136434  0  0  0.00136434  0  0.00136434
3.5121e+13  0  1170.7  0.941767  0  0  0.941767  0  0.941767  0.00136242  0  0  0.00136242  0  0.00136242
3.513e+13  0  1171  0.941815  0  0  0.941815  0  0.941815  0.00136051  0  0  0.00136051  0  0.00136051
3.5139e+13  0  1171.3  0.941863  0  0  0.941863  0  0.941863  0.0013586  0  0  0.0013586  0  0.0013586
3.5148e+13  0  1171.6  0.94191  0  0  0.94191  0  0.94191  0.00135669  0  0  0.00135669  0  0.00135669
3.5157e+13  0  1171.9  0.941958  0  0  0.941958  0  0.941958  0.00135479  0  0  0.00135479  0  0.00135479
3.5166e+13  0  1172.2  0.942006  0  0  0.942006  0  0.942006  0.00135289  0  0  0.00135289  0  0.00135289
3.5175e+13  0  1172.5  0.942053  0  0  0.942053  0  0.942053  0.001351  0  0  0.001351  0  0.001351
3.5184e+13  0  1172.8  0.942101  0  0  0.942101  0  0.942101  0.0013491  0  0  0.0013491  0  0.0013491
3.5193e+13  0  1173.1  0.942148  0  0  0.942148  0  0.942148  0.00134722  0  0  0.00134722  0  0.00134722
3.5202e+13  0  1173.4  0.942196  0  0  0.942196  0  0.942196  0.00134533  0  0  0.00134533  0  0.00134533
3.5211e+13  0  1173.7  0.942243  0  0  0.942243  0  0.942243  0.00134346  0  0  0.00134346  0  0.00134346
3.522e+13  0  1174  0.94229  0  0  0.94229  0  0.94229  0.00134158  0  0  0.00134158  0  0.00134158
3.5229e+13  0  1174.3  0.942337  0  0  0.942337  0  0.942337  0.00133971  0  0  0.00133971  0  0.00133971
3.5238e+13  0  1174.6  0.942384  0  0  0.942384  0  0.942384  0.00133784  0  0  0.00133784  0  0.00133784
3.5247e+13  0  1174.9  0.942431  0  0  0.942431  0  0.942431  0.00133598  0  0  0.00133598  0  0.00133598
3.5256e+13  0  1175.2  0.942478  0  0  0.942478  0  0.942478  0.00133412  0  0  0.00133412  0  0.00133412
3.5265e+13  0  1175.5  0.942525  0  0  0.942525  0  0.942525  0.00133226  0  0  0.00133226  0  0.00133226
3.5274e+13  0  1175.8  0.942572  0  0  0.942572  0  0.942572  0.00133041  0  0  0.00133041  0  0.00133041
3.5283e+13  0  1176.1  0.942619  0  0  0.942619  0  0.942619  0.00132856  0  0  0.00132856  0  0.00132856
3.5292e+13  0  1176.4  0.942666  0  0  0.942666  0  0.942666  0.00132671  0  0  0.00132671  0  0.00132671
3.5301e+13  0  1176.7  0.942712  0  0  0.942712  0  0.942712  0.00132487  0  0  0.00132487  0  0.00132487
3.531e+13  0  1177  0.942759  0  0  0.942759  0  0.942759  0.00132303  0  0  0.00132303  0  0.00132303
3.5319e+13  0  1177.3  0.942806  0  0  0.942806  0  0.942806  0.0013212  0  0  0.0013212  0  0.0013212
3.5328e+13  0  1177.6  0.942852  0  0  0.942852  0  0.942852  0.00131937  0  0  0.00131937  0  0.00131937
3.5337e+13  0  1177.9  0.942898  0  0  0.942898  0  0.942898  0.00131754  0  0  0.00131754  0  0.00131754
3.5346e+13  0  1178.2  0.942945  0  0  0.942945  0  0.942945  0.00131572  0  0  0.00131572  0  0.00131572
3.5355e+13  0  1178.5  0.942991  0  0  0.942991  0  0.942991  0.0013139  0  0  0.0013139  0  0.0013139
3.5364e+13  0  1178.8  0.943037  0  0  0.943037  0  0.943037  0.00131208  0  0  0.00131208  0  0.00131208
3.5373e+13  0  1179.1  0.943083  0  0  0.943083  0  0.943083  0.00131027  0  0  0.00131027  0  0.00131027
3.5382e+13  0  1179.4  0.943129  0  0  0.943129  0  0.943129  0.00130846  0  0  0.00130846  0  0.00130846
3.5391e+13  0  1179.7  0.943175  0  0  0.943175  0  0.943175  0.00130666  0  0  0.00130666  0  0.00130666
3.54e+13  0  1180  0.943221  0  0  0.943221  0  0.943221  0.00130486  0  0  0.00130486  0  0.00130486
3.5409e+13  0  1180.3  0.943267  0  0  0.943267  0  0.943267  0.00130306  0  0  0.00130306  0  0.00130306
3.5418e+13  0  1180.6  0.943313  0  0  0.943313  0  0.943313  0.00130127  0  0  0.00130127  0  0.00130127
3.5427e+13  0  1180.9  0.943359  0  0  0.943359  0  0.943359  0.00129947  0  0  0.00129947  0  0.00129947
3.5436e+13  0  1181.2  0.943405  0  0  0.943405  0  0.943405  0.00129769  0  0  0.00129769  0  0.00129769
3.5445e+13  0  1181.5  0.94345  0  0  0.94345  0  0.94345  0.0012959  0  0  0.0012959  0  0.0012959
3.5454e+13  0  1181.8  0.943496  0  0  0.943496  0  0.943496  0.00129412  0  0  0.00129412  0  0.00129412
3.5463e+13  0  1182.1  0.943541  0  0  0.943541  0  0.943541  0.00129235  0  0  0.00129235  0  0.00129235
3.5472e+13  0  1182.4  0.943587  0  0  0.943587  0  0.943587  0.00129058  0  0  0.00129058  0  0.00129058
3.5481e+13  0  1182.7  0.943632  0  0  0.943632  0  0.943632  0.00128881  0  0  0.00128881  0  0.00128881
3.549e+13  0  1183  0.943678  0  0  0.943678  0  0.943678  0.00128704  0  0  0.00128704  0  0.00128704
3.5499e+13  0  1183.3  0.943723  0  0  0.943723  0  0.943723  0.00128528  0  0  0.00128528  0  0.00128528
3.5508e+13  0  1183.6  0.943768  0  0  0.943768  0  0.943768  0.00128352  0  0  0.00128352  0  0.00128352
3.5517e+13  0  1183.9  0.943813  0  0  0.943813  0  0.943813  0.00128177  0  0  0.00128177  0  0.00128177
3.5526e+13  0  1184.2  0.943858  0  0  0.943858  0  0.943858  0.00128001  0  0  0.00128001  0  0.00128001
3.5535e+13  0  1184.5  0.943903  0  0  0.943903  0  0.943903  0.00127827  0  0  0.00127827  0  0.00127827
3.5544e+13  0  1184.8  0.943948  0  0  0.943948  0  0.943948  0.00127652  0  0  0.00127652  0  0.00127652
3.5553e+13  0  1185.1  0.943993  0  0  0.943993  0  0.943993  0.00127478  0  0  0.00127478  0  0.00127478
3.5562e+13  0  1185.4  0.944038  0  0  0.944038  0  0.944038  0.00127304  0  0  0.00127304  0  0.00127304
3.5571e+13  0  1185.7  0.944083  0  0  0.944083  0  0.944083  0.00127131  0  0  0.00127131  0  0.00127131
3.558e+13  0  1186  0.944128  0  0  0.944128  0  0.944128  0.00126958  0  0  0.00126958  0  0.00126958
3.5589e+13  0  1186.3  0.944172  0  0  0.944172  0  0.944172  0.00126785  0  0  0.00126785  0  0.00126785
3.5598e+13  0  1186.6  0.944217  0  0  0.944217  0  0.944217  0.00126613  0  0  0.00126613  0  0.00126613
3.5607e+13  0  1186.9  0.944261  0  0  0.944261  0  0.944261  0.00126441  0  0  0.00126441  0  0.00126441
3.5616e+13  0  1187.2  0.944306  0  0  0.944306  0  0.944306  0.00126269  0  0  0.00126269  0  0.00126269
3.5625e+13  0  1187.5  0.94435  0  0  0.94435  0  0.94435  0.00126097  0  0  0.00126097  0  0.00126097
3.5634e+13  0  1187.8  0.944395  0  0  0.944395  0  0.944395  0.00125926  0  0  0.00125926  0  0.00125926
3.5643e+13  0  1188.1  0.944439  0  0  0.944439  0  0.944439  0.00125756  0  0  0.00125756  0  0.00125756
3.5652e+13  0  1188.4  0.944483  0  0  0.944483  0  0.944483  0.00125585  0  0  0.00125585  0  0.00125585
3.5661e+13  0  1188.7  0.944527  0  0  0.944527  0  0.944527  0.00125415  0  0  0.00125415  0  0.00125415
3.567e+13  0  1189  0.944572  0  0  0.944572  0  0.944572  0.00125246  0  0  0.00125246  0  0.00125246
3.5679e+13  0  1189.3  0.944616  0  0  0.944616  0  0.944616  0.00125076  0  0  0.00125076  0  0.00125076
3.5688e+13  0  1189.6  0.94466  0  0  0.94466  0  0.94466  0.00124907  0  0  0.00124907  0  0.00124907
3.5697e+13  0  1189.9  0.944704  0  0  0.944704  0  0.944704  0.00124739  0  0  0.00124739  0  0.00124739
3.5706e+13  0  1190.2  0.944748  0  0  0.944748  0  0.944748  0.0012457  0  0  0.0012457  0  0.0012457
3.5715e+13  0  1190.5  0.944791  0  0  0.944791  0  0.944791  0.00124402  0  0  0.00124402  0  0.00124402
3.5724e+13  0  1190.8  0.944835  0  0  0.944835  0  0.944835  0.00124234  0  0  0.00124234  0  0.00124234
3.5733e+13  0  1191.1  0.944879  0  0  0.944879  0  0.944879  0.00124067  0  0  0.00124067  0  0.00124067
3.5742e+13  0  1191.4  0.944923  0  0  0.944923  0  0.944923  0.001239  0  0  0.001239  0  0.001239
3.5751e+13  0  1191.7  0.944966  0  0  0.944966  0  0.944966  0.00123733  0  0  0.00123733  0  0.00123733
3.576e+13  0  1192  0.94501  0  0  0.94501  0  0.94501  0.00123567  0  0  0.00123567  0  0.00123567
3.5769e+13  0  1192.3  0.945053  0  0  0.945053  0  0.945053  0.00123401  0  0  0.00123401  0  0.00123401
3.5778e+13  0  1192.6  0.945097  0  0  0.945097  0  0.945097  0.00123235  0  0  0.00123235  0  0.00123235
3.5787e+13  0  1192.9  0.94514  0  0  0.94514  0  0.94514  0.0012307  0  0  0.0012307  0  0.0012307
3.5796e+13  0  1193.2  0.945183  0  0  0.945183  0  0.945183  0.00122904  0  0  0.00122904  0  0.00122904
3.5805e+13  0  1193.5  0.945226  0  0  0.945226  0  0.945226  0.0012274  0  0  0.0012274  0  0.0012274
3.5814e+13  0  1193.8  0.94527  0  0  0.94527  0  0.94527  0.00122575  0  0  0.00122575  0  0.00122575
3.5823e+13  0  1194.1  0.945313  0  0  0.945313  0  0.945313  0.00122411  0  0  0.00122411  0  0.00122411
3.5832e+13  0  1194.4  0.945356  0  0  0.945356  0  0.945356  0.00122247  0  0  0.00122247  0  0.00122247
3.5841e+13  0  1194.7  0.945399  0  0  0.945399  0  0.945399  0.00122084  0  0  0.00122084  0  0.00122084
3.585e+13  0  1195  0.945442  0  0  0.945442  0  0.945442  0.00121921  0  0  0.00121921  0  0.00121921
3.5859e+13  0  1195.3  0.945485  0  0  0.945485  0  0.945485  0.00121758  0  0  0.00121758  0  0.00121758
3.5868e+13  0  1195.6  0.945528  0  0  0.945528  0  0.945528  0.00121595  0  0  0.00121595  0  0.00121595
3.5877e+13  0  1195.9  0.94557  0  0  0.94557  0  0.94557  0.00121433  0  0  0.00121433  0  0.00121433
3.5886e+13  0  1196.2  0.945613  0  0  0.945613  0  0.945613  0.00121271  0  0  0.00121271  0  0.00121271
3.5895e+13  0  1196.5  0.945656  0  0  0.945656  0  0.945656  0.00121109  0  0  0.00121109  0  0.00121109
3.5904e+13  0  1196.8  0.945699  0  0  0.945699  0  0.945699  0.00120948  0  0  0.00120948  0  0.00120948
3.5913e+13  0  1197.1  0.945741  0  0  0.945741  0  0.945741  0.00120787  0  0  0.00120787  0  0.00120787
3.5922e+13  0  1197.4  0.945784  0  0  0.945784  0  0.945784  0.00120626  0  0  0.00120626  0  0.00120626
3.5931e+13  0  1197.7  0.945826  0  0  0.945826  0  0.945826  0.00120466  0  0  0.00120466  0  0.00120466
3.594e+13  0  1198  0.945868  0  0  0.945868  0  0.945868  0.00120306  0  0  0.00120306  0  0.00120306
3.5949e+13  0  1198.3  0.945911  0  0  0.945911  0  0.945911  0.00120146  0  0  0.00120146  0  0.00120146
3.5958e+13  0  1198.6  0.945953  0  0  0.945953  0  0.945953  0.00119987  0  0  0.00119987  0  0.00119987
3.5967e+13  0  1198.9  0.945995  0  0  0.945995  0  0.945995  0.00119828  0  0  0.00119828  0  0.00119828
3.5976e+13  0  1199.2  0.946038  0  0  0.946038  0  0.946038  0.00119669  0  0  0.00119669  0  0.00119669
3.5985e+13  0  1199.5  0.94608  0  0  0.94608  0  0.94608  0.0011951  0  0  0.0011951  0  0.0011951
3.5994e+13  0  1199.8  0.946122  0  0  0.946122  0  0.946122  0.00119352  0  0  0.00119352  0  0.00119352
3.6003e+13  0  1200.1  0.946164  0  0  0.946164  0  0.946164  0.00119194  0  0  0.00119194  0  0.00119194
3.6012e+13  0  1200.4  0.946206  0  0  0.946206  0  0.946206  0.00119037  0  0  0.00119037  0  0.00119037
3.6021e+13  0  1200.7  0.946248  0  0  0.946248  0  0.946248  0.00118879  0  0  0.00118879  0  0.00118879
3.603e+13  0  1201  0.946289  0  0  0.946289  0  0.946289  0.00118722  0  0  0.00118722  0  0.00118722
3.6039e+13  0  1201.3  0.946331  0  0  0.946331  0  0.946331  0.00118565  0  0  0.00118565  0  0.00118565
3.6048e+13  0  1201.6  0.946373  0  0  0.946373  0  0.946373  0.00118409  0  0  0.00118409  0  0.00118409
3.6057e+13  0  1201.9  0.946415  0  0  0.946415  0  0.946415  0.00118253  0  0  0.00118253  0  0.00118253
3.6066e+13  0  1202.2  0.946456  0  0  0.946456  0  0.946456  0.00118097  0  0  0.00118097  0  0.00118097
3.6075e+13  0  1202.5  0.946498  0  0  0.946498  0  0.946498  0.00117942  0  0  0.00117942  0  0.00117942
3.6084e+13  0  1202.8  0.946539  0  0  0.946539  0  0.946539  0.00117786  0  0  0.00117786  0  0.00117786
3.6093e+13  0  1203.1  0.946581  0  0  0.946581  0  0.946581  0.00117631  0  0  0.00117631  0  0.00117631
3.6102e+13  0  1203.4  0.946622  0  0  0.946622  0  0.946622  0.00117477  0  0  0.00117477  0  0.00117477
3.6111e+13  0  1203.7  0.946664  0  0  0.946664  0  0.946664  0.00117323  0  0  0.00117323  0  0.00117323
3.612e+13  0  1204  0.946705  0  0  0.946705  0  0.946705  0.00117168  0  0  0.00117168  0  0.00117168
3.6129e+13  0  1204.3  0.946746  0  0  0.946746  0  0.946746  0.00117015  0  0  0.00117015  0  0.00117015
3.6138e+13  0  1204.6  0.946787  0  0  0.946787  0  0.946787  0.00116861  0  0  0.00116861  0  0.00116861
3.6147e+13  0  1204.9  0.946829  0  0  0.946829  0  0.946829  0.00116708  0  0  0.00116708  0  0.00116708
3.6156e+13  0  1205.2  0.94687  0  0  0.94687  0  0.94687  0.00116555  0  0  0.00116555  0  0.00116555
3.6165e+13  0  1205.5  0.946911  0  0  0.946911  0  0.946911  0.00116403  0  0  0.00116403  0  0.00116403
3.6174e+13  0  1205.8  0.946952  0  0  0.946952  0  0.946952  0.0011625  0  0  0.0011625  0  0.0011625
3.6183e+13  0  1206.1  0.946993  0  0  0.946993  0  0.946993  0.00116098  0  0  0.00116098  0  0.00116098
3.6192e+13  0  1206.4  0.947033  0  0  0.947033  0  0.947033  0.00115947  0  0  0.00115947  0  0.00115947
3.6201e+13  0  1206.7  0.947074  0  0  0.947074  0  0.947074  0.00115795  0  0  0.00115795  0  0.00115795
3.621e+13  0  1207  0.947115  0  0  0.947115  0  0.947115  0.00115644  0  0  0.00115644  0  0.00115644
3.6219e+13  0  1207.3  0.947156  0  0  0.947156  0  0.947156  0.00115493  0  0  0.00115493  0  0.00115493
3.6228e+13  0  1207.6  0.947196  0  0  0.947196  0  0.947196  0.00115343  0  0  0.00115343  0  0.00115343
3.6237e+13  0  1207.9  0.947237  0  0  0.947237  0  0.947237  0.00115192  0  0  0.00115192  0  0.00115192
3.6246e+13  0  1208.2  0.947278  0  0  0.947278  0  0.947278  0.00115042  0  0  0.00115042  0  0.00115042
3.6255e+13  0  1208.5  0.947318  0  0  0.947318  0  0.947318  0.00114893  0  0  0.00114893  0  0.00114893
3.6264e+13  0  1208.8  0.947359  0  0  0.947359  0  0.947359  0.00114743  0  0  0.00114743  0  0.00114743
3.6273e+13  0  1209.1  0.947399  0  0  0.947399  0  0.947399  0.00114594  0  0  0.00114594  0  0.00114594
3.6282e+13  0  1209.4  0.947439  0  0  0.947439  0  0.947439  0.00114445  0  0  0.00114445  0  0.00114445
3.6291e+13  0  1209.7  0.94748  0  0  0.94748  0  0.94748  0.00114297  0  0  0.00114297  0  0.00114297
3.63e+13  0  1210  0.94752  0  0  0.94752  0  0.94752  0.00114148  0  0  0.00114148  0  0.00114148
3.6309e+13  0  1210.3  0.94756  0  0  0.94756  0  0.94756  0.00114  0  0  0.00114  0  0.00114
3.6318e+13  0  1210.6  0.9476  0  0  0.9476  0  0.9476  0.00113853  0  0  0.00113853  0  0.00113853
3.6327e+13  0  1210.9  0.94764  0  0  0.94764  0  0.94764  0.00113705  0  0  0.00113705  0  0.00113705
3.6336e+13  0  1211.2  0.94768  0  0  0.94768  0  0.94768  0.00113558  0  0  0.00113558  0  0.00113558
3.6345e+13  0  1211.5  0.94772  0  0  0.94772  0  0.94772  0.00113411  0  0  0.00113411  0  0.00113411
3.6354e+13  0  1211.8  0.94776  0  0  0.94776  0  0.94776  0.00113264  0  0  0.00113264  0  0.00113264
3.6363e+13  0  1212.1  0.9478  0  0  0.9478  0  0.9478  0.00113118  0  0  0.00113118  0  0.00113118
3.6372e+13  0  1212.4  0.94784  0  0  0.94784  0  0.94784  0.00112972  0  0  0.00112972  0  0.00112972
3.6381e+13  0  1212.7  0.94788  0  0  0.94788  0  0.94788  0.00112826  0  0  0.00112826  0  0.00112826
3.639e+13  0  1213  0.947919  0  0  0.947919  0  0.947919  0.00112681  0  0  0.00112681  0  0.00112681
3.6399e+13  0  1213.3  0.947959  0  0  0.947959  0  0.947959  0.00112535  0  0  0.00112535  0  0.00112535
3.6408e+13  0  1213.6  0.947999  0  0  0.947999  0  0.947999  0.0011239  0  0  0.0011239  0  0.0011239
3.6417e+13  0  1213.9  0.948038  0  0  0.948038  0  0.948038  0.00112246  0  0  0.00112246  0  0.00112246
3.6426e+13  0  1214.2  0.948078  0  0  0.948078  0  0.948078  0.00112101  0  0  0.00112101  0  0.00112101
3.6435e+13  0  1214.5  0.948117  0  0  0.948117  0  0.948117  0.00111957  0  0  0.00111957  0  0.00111957
3.6444e+13  0  1214.8  0.948157  0  0  0.948157  0  0.948157  0.00111813  0  0  0.00111813  0  0.00111813
3.6453e+13  0  1215.1  0.948196  0  0  0.948196  0  0.948196  0.00111669  0  0  0.00111669  0  0.00111669
3.6462e+13  0  1215.4  0.948236  0  0  0.948236  0  0.948236  0.00111526  0  0  0.00111526  0  0.00111526
3.6471e+13  0  1215.7  0.948275  0  0  0.948275  0  0.948275  0.00111383  0  0  0.00111383  0  0.00111383
3.648e+13  0  1216  0.948314  0  0  0.948314  0  0.948314  0.0011124  0  0  0.0011124  0  0.0011124
3.6489e+13  0  1216.3  0.948353  0  0  0.948353  0  0.948353  0.00111097  0  0  0.00111097  0  0.00111097
3.6498e+13  0  1216.6  0.948392  0  0  0.948392  0  0.948392  0.00110955  0  0  0.00110955  0  0.00110955
3.6507e+13  0  1216.9  0.948431  0  0  0.948431  0  0.948431  0.00110813  0  0  0.00110813  0  0.00110813
3.6516e+13  0  1217.2  0.94847  0  0  0.94847  0  0.94847  0.00110671  0  0  0.00110671  0  0.00110671
3.6525e+13  0  1217.5  0.948509  0  0  0.948509  0  0.948509  0.0011053  0  0  0.0011053  0  0.0011053
3.6534e+13  0  1217.8  0.948548  0  0  0.948548  0  0.948548  0.00110388  0  0  0.00110388  0  0.00110388
3.6543e+13  0  1218.1  0.948587  0  0  0.948587  0  0.948587  0.00110247  0  0  0.00110247  0  0.00110247
3.6552e+13  0  1218.4  0.948626  0  0  0.948626  0  0.948626  0.00110106  0  0  0.00110106  0  0.00110106
3.6561e+13  0  1218.7  0.948665  0  0  0.948665  0  0.948665  0.00109966  0  0  0.00109966  0  0.00109966
3.657e+13  0  1219  0.948704  0  0  0.948704  0  0.948704  0.00109826  0  0  0.00109826  0  0.00109826
3.6579e+13  0  1219.3  0.948742  0  0  0.948742  0  0.948742  0.00109686  0  0  0.00109686  0  0.00109686
3.6588e+13  0  1219.6  0.948781  0  0  0.948781  0  0.948781  0.00109546  0  0  0.00109546  0  0.00109546
3.6597e+13  0  1219.9  0.94882  0  0  0.94882  0  0.94882  0.00109407  0  0  0.00109407  0  0.00109407
3.6606e+13  0  1220.2  0.948858  0  0  0.948858  0  0.948858  0.00109267  0  0  0.00109267  0  0.00109267
3.6615e+13  0  1220.5  0.948897  0  0  0.948897  0  0.948897  0.00109128  0  0  0.00109128  0  0.00109128
3.6624e+13  0  1220.8  0.948935  0  0  0.948935  0  0.948935  0.0010899  0  0  0.0010899  0  0.0010899
3.6633e+13  0  1221.1  0.948973  0  0  0.948973  0  0.948973  0.00108851  0  0  0.00108851  0  0.00108851
3.6642e+13  0  1221.4  0.949012  0  0  0.949012  0  0.949012  0.00108713  0  0  0.00108713  0  0.00108713
3.6651e+13  0  1221.7  0.94905  0  0  0.94905  0  0.94905  0.00108575  0  0  0.00108575  0  0.00108575
3.666e+13  0  1222  0.949088  0  0  0.949088  0  0.949088  0.00108438  0  0  0.00108438  0  0.00108438
3.6669e+13  0  1222.3  0.949126  0  0  0.949126  0  0.949126  0.001083  0  0  0.001083  0  0.001083
3.6678e+13  0  1222.6  0.949165  0  0  0.949165  0  0.949165  0.00108163  0  0  0.00108163  0  0.00108163
3.6687e+13  0  1222.9  0.949203  0  0  0.949203  0  0.949203  0.00108026  0  0  0.00108026  0  0.00108026
3.6696e+13  0  1223.2  0.949241  0  0  0.949241  0  0.949241  0.00107889  0  0  0.00107889  0  0.00107889
3.6705e+13  0  1223.5  0.949279  0  0  0.949279  0  0.949279  0.00107753  0  0  0.00107753  0  0.00107753
3.6714e+13  0  1223.8  0.949317  0  0  0.949317  0  0.949317  0.00107617  0  0  0.00107617  0  0.00107617
3.6723e+13  0  1224.1  0.949355  0  0  0.949355  0  0.949355  0.00107481  0  0  0.00107481  0  0.00107481
3.6732e+13  0  1224.4  0.949393  0  0  0.949393  0  0.949393  0.00107345  0  0  0.00107345  0  0.00107345
3.6741e+13  0  1224.7  0.94943  0  0  0.94943  0  0.94943  0.0010721  0  0  0.0010721  0  0.0010721
3.675e+13  0  1225  0.949468  0  0  0.949468  0  0.949468  0.00107075  0  0  0.00107075  0  0.00107075
3.6759e+13  0  1225.3  0.949506  0  0  0.949506  0  0.949506  0.0010694  0  0  0.0010694  0  0.0010694
3.6768e+13  0  1225.6  0.949544  0  0  0.949544  0  0.949544  0.00106805  0  0  0.00106805  0  0.00106805
3.6777e+13  0  1225.9  0.949581  0  0  0.949581  0  0.949581  0.00106671  0  0  0.00106671  0  0.00106671
3.6786e+13  0  1226.2  0.949619  0  0  0.949619  0  0.949619  0.00106536  0  0  0.00106536  0  0.00106536
3.6795e+13  0  1226.5  0.949656  0  0  0.949656  0  0.949656  0.00106402  0  0  0.00106402  0  0.00106402
3.6804e+13  0  1226.8  0.949694  0  0  0.949694  0  0.949694  0.00106269  0  0  0.00106269  0  0.00106269
3.6813e+13  0  1227.1  0.949731  0  0  0.949731  0  0.949731  0.00106135  0  0  0.00106135  0  0.00106135
3.6822e+13  0  1227.4  0.949769  0  0  0.949769  0  0.949769  0.00106002  0  0  0.00106002  0  0.00106002
3.6831e+13  0  1227.7  0.949806  0  0  0.949806  0  0.949806  0.00105869  0  0  0.00105869  0  0.00105869
3.684e+13  0  1228  0.949843  0  0  0.949843  0  0.949843  0.00105736  0  0  0.00105736  0  0.00105736
3.6849e+13  0  1228.3  0.949881  0  0  0.949881  0  0.949881  0.00105604  0  0  0.00105604  0  0.00105604
3.6858e+13  0  1228.6  0.949918  0  0  0.949918  0  0.949918  0.00105472  0  0  0.00105472  0  0.00105472
3.6867e+13  0  1228.9  0.949955  0  0  0.949955  0  0.949955  0.0010534  0  0  0.0010534  0  0.0010534
3.6876e+13  0  1229.2  0.949992  0  0  0.949992  0  0.949992  0.00105208  0  0  0.00105208  0  0.00105208
3.6885e+13  0  1229.5  0.950029  0  0  0.950029  0  0.950029  0.00105076  0  0  0.00105076  0  0.00105076
3.6894e+13  0  1229.8  0.950066  0  0  0.950066  0  0.950066  0.00104945  0  0  0.00104945  0  0.00104945
3.6903e+13  0  1230.1  0.950103  0  0  0.950103  0  0.950103  0.00104814  0  0  0.00104814  0  0.00104814
3.6912e+13  0  1230.4  0.95014  0  0  0.95014  0  0.95014  0.00104683  0  0  0.00104683  0  0.00104683
3.6921e+13  0  1230.7  0.950177  0  0  0.950177  0  0.950177  0.00104552  0  0  0.00104552  0  0.00104552
3.693e+13  0  1231  0.950214  0  0  0.950214  0  0.950214  0.00104422  0  0  0.00104422  0  0.00104422
3.6939e+13  0  1231.3  0.950251  0  0  0.950251  0  0.950251  0.00104292  0  0  0.00104292  0  0.00104292
3.6948e+13  0  1231.6  0.950287  0  0  0.950287  0  0.950287  0.00104162  0  0  0.00104162  0  0.00104162
3.6957e+13  0  1231.9  0.950324  0  0  0.950324  0  0.950324  0.00104032  0  0  0.00104032  0  0.00104032
3.6966e+13  0  1232.2  0.950361  0  0  0.950361  0  0.950361  0.00103903  0  0  0.00103903  0  0.00103903
3.6975e+13  0  1232.5  0.950397  0  0  0.950397  0  0.950397  0.00103774  0  0  0.00103774  0  0.00103774
3.6984e+13  0  1232.8  0.950434  0  0  0.950434  0  0.950434  0.00103645  0  0  0.00103645  0  0.00103645
3.6993e+13  0  1233.1  0.95047  0  0  0.95047  0  0.95047  0.00103516  0  0  0.00103516  0  0.00103516
3.7002e+13  0  1233.4  0.950507  0  0  0.950507  0  0.950507  0.00103388  0  0  0.00103388  0  0.00103388
3.7011e+13  0  1233.7  0.950543  0  0  0.950543  0  0.950543  0.00103259  0  0  0.00103259  0  0.00103259
3.702e+13  0  1234  0.95058  0  0  0.95058  0  0.95058  0.00103131  0  0  0.00103131  0  0.00103131
3.7029e+13  0  1234.3  0.950616  0  0  0.950616  0  0.950616  0.00103004  0  0  0.00103004  0  0.00103004
3.7038e+13  0  1234.6  0.950652  0  0  0.950652  0  0.950652  0.00102876  0  0  0.00102876  0  0.00102876
3.7047e+13  0  1234.9  0.950689  0  0  0.950689  0  0.950689  0.00102749  0  0  0.00102749  0  0.00102749
3.7056e+13  0  1235.2  0.950725  0  0  0.950725  0  0.950725  0.00102622  0  0  0.00102622  0  0.00102622
3.7065e+13  0  1235.5  0.950761  0  0  0.950761  0  0.950761  0.00102495  0  0  0.00102495  0  0.00102495
3.7074e+13  0  1235.8  0.950797  0  0  0.950797  0  0.950797  0.00102368  0  0  0.00102368  0  0.00102368
3.7083e+13  0  1236.1  0.950833  0  0  0.950833  0  0.950833  0.00102242  0  0  0.00102242  0  0.00102242
3.7092e+13  0  1236.4  0.950869  0  0  0.950869  0  0.950869  0.00102115  0  0  0.00102115  0  0.00102115
3.7101e+13  0  1236.7  0.950905  0  0  0.950905  0  0.950905  0.00101989  0  0  0.00101989  0  0.00101989
3.711e+13  0  1237  0.950941  0  0  0.950941  0  0.950941  0.00101864  0  0  0.00101864  0  0.00101864
3.7119e+13  0  1237.3  0.950977  0  0  0.950977  0  0.950977  0.00101738  0  0  0.00101738  0  0.00101738
3.7128e+13  0  1237.6  0.951013  0  0  0.951013  0  0.951013  0.00101613  0  0  0.00101613  0  0.00101613
3.7137e+13  0  1237.9  0.951049  0  0  0.951049  0  0.951049  0.00101488  0  0  0.00101488  0  0.00101488
3.7146e+13  0  1238.2  0.951084  0  0  0.951084  0  0.951084  0.00101363  0  0  0.00101363  0  0.00101363
3.7155e+13  0  1238.5  0.95112  0  0  0.95112  0  0.95112  0.00101238  0  0  0.00101238  0  0.00101238
3.7164e+13  0  1238.8  0.951156  0  0  0.951156  0  0.951156  0.00101114  0  0  0.00101114  0  0.00101114
3.7173e+13  0  1239.1  0.951192  0  0  0.951192  0  0.951192  0.0010099  0  0  0.0010099  0  0.0010099
3.7182e+13  0  1239.4  0.951227  0  0  0.951227  0  0.951227  0.00100866  0  0  0.00100866  0  0.00100866
3.7191e+13  0  1239.7  0.951263  0  0  0.951263  0  0.951263  0.00100742  0  0  0.00100742  0  0.00100742
3.72e+13  0  1240  0.951298  0  0  0.951298  0  0.951298  0.00100618  0  0  0.00100618  0  0.00100618
3.7209e+13  0  1240.3  0.951334  0  0  0.951334  0  0.951334  0.00100495  0  0  0.00100495  0  0.00100495
3.7218e+13  0  1240.6  0.951369  0  0  0.951369  0  0.951369  0.00100372  0  0  0.00100372  0  0.00100372
3.7227e+13  0  1240.9  0.951404  0  0  0.951404  0  0.951404  0.00100249  0  0  0.00100249  0  0.00100249
3.7236e+13  0  1241.2  0.95144  0  0  0.95144  0  0.95144  0.00100126  0  0  0.00100126  0  0.00100126
3.7245e+13  0  1241.5  0.951475  0  0  0.951475  0  0.951475  0.00100004  0  0  0.00100004  0  0.00100004
3.7254e+13  0  1241.8  0.95151  0  0  0.95151  0  0.95151  0.000998817  0  0  0.000998817  0  0.000998817
3.7263e+13  0  1242.1  0.951546  0  0  0.951546  0  0.951546  0.000997597  0  0  0.000997597  0  0.000997597
3.7272e+13  0  1242.4  0.951581  0  0  0.951581  0  0.951581  0.000996379  0  0  0.000996379  0  0.000996379
3.7281e+13  0  1242.7  0.951616  0  0  0.951616  0  0.951616  0.000995163  0  0  0.000995163  0  0.000995163
3.729e+13  0  1243  0.951651  0  0  0.951651  0  0.951651  0.000993949  0  0  0.000993949  0  0.000993949
3.7299e+13  0  1243.3  0.951686  0  0  0.951686  0  0.951686  0.000992738  0  0  0.000992738  0  0.000992738
3.7308e+13  0  1243.6  0.951721  0  0  0.951721  0  0.951721  0.000991528  0  0  0.000991528  0  0.000991528
3.7317e+13  0  1243.9  0.951756  0  0  0.951756  0  0.951756  0.000990321  0  0  0.000990321  0  0.000990321
3.7326e+13  0  1244.2  0.951791  0  0  0.951791  0  0.951791  0.000989116  0  0  0.000989116  0  0.000989116
3.7335e+13  0  1244.5  0.951826  0  0  0.951826  0  0.951826  0.000987912  0  0  0.000987912  0  0.000987912
3.7344e+13  0  1244.8  0.951861  0  0  0.951861  0  0.951861  0.000986712  0  0  0.000986712  0  0.000986712
3.7353e+13  0  1245.1  0.951895  0  0  0.951895  0  0.951895  0.000985513  0  0  0.000985513  0  0.000985513
3.7362e+13  0  1245.4  0.95193  0  0  0.95193  0  0.95193  0.000984316  0  0  0.000984316  0  0.000984316
3.7371e+13  0  1245.7  0.951965  0  0  0.951965  0  0.951965  0.000983121  0  0  0.000983121  0  0.000983121
3.738e+13  0  1246  0.951999  0  0  0.951999  0  0.951999  0.000981929  0  0  0.000981929  0  0.000981929
3.7389e+13  0  1246.3  0.952034  0  0  0.952034  0  0.952034  0.000980738  0  0  0.000980738  0  0.000980738
3.7398e+13  0  1246.6  0.952069  0  0  0.952069  0  0.952069  0.00097955  0  0  0.00097955  0  0.00097955
3.7407e+13  0  1246.9  0.952103  0  0  0.952103  0  0.952103  0.000978363  0  0  0.000978363  0  0.000978363
3.7416e+13  0  1247.2  0.952138  0  0  0.952138  0  0.952138  0.000977179  0  0  0.000977179  0  0.000977179
3.7425e+13  0  1247.5  0.952172  0  0  0.952172  0  0.952172  0.000975997  0  0  0.000975997  0  0.000975997
3.7434e+13  0  1247.8  0.952206  0  0  0.952206  0  0.952206  0.000974817  0  0  0.000974817  0  0.000974817
3.7443e+13  0  1248.1  0.952241  0  0  0.952241  0  0.952241  0.000973639  0  0  0.000973639  0  0.000973639
3.7452e+13  0  1248.4  0.952275  0  0  0.952275  0  0.952275  0.000972463  0  0  0.000972463  0  0.000972463
3.7461e+13  0  1248.7  0.952309  0  0  0.952309  0  0.952309  0.000971289  0  0  0.000971289  0  0.000971289
3.747e+13  0  1249  0.952344  0  0  0.952344  0  0.952344  0.000970117  0  0  0.000970117  0  0.000970117
3.7479e+13  0  1249.3  0.952378  0  0  0.952378  0  0.952378  0.000968947  0  0  0.000968947  0  0.000968947
3.7488e+13  0  1249.6  0.952412  0  0  0.952412  0  0.952412  0.000967779  0  0  0.000967779  0  0.000967779
3.7497e+13  0  1249.9  0.952446  0  0  0.952446  0  0.952446  0.000966614  0  0  0.000966614  0  0.000966614
3.7506e+13  0  1250.2  0.95248  0  0  0.95248  0  0.95248  0.00096545  0  0  0.00096545  0  0.00096545
3.7515e+13  0  1250.5  0.952514  0  0  0.952514  0  0.952514  0.000964288  0  0  0.000964288  0  0.000964288
3.7524e+13  0  1250.8  0.952548  0  0  0.952548  0  0.952548  0.000963128  0  0  0.000963128  0  0.000963128
3.7533e+13  0  1251.1  0.952582  0  0  0.952582  0  0.952582  0.000961971  0  0  0.000961971  0  0.000961971
3.7542e+13  0  1251.4  0.952616  0  0  0.952616  0  0.952616  0.000960815  0  0  0.000960815  0  0.000960815
3.7551e+13  0  1251.7  0.95265  0  0  0.95265  0  0.95265  0.000959661  0  0  0.000959661  0  0.000959661
3.756e+13  0  1252  0.952684  0  0  0.952684  0  0.952684  0.00095851  0  0  0.00095851  0  0.00095851
3.7569e+13  0  1252.3  0.952718  0  0  0.952718  0  0.952718  0.00095736  0  0  0.00095736  0  0.00095736
3.7578e+13  0  1252.6  0.952751  0  0  0.952751  0  0.952751  0.000956212  0  0  0.000956212  0  0.000956212
3.7587e+13  0  1252.9  0.952785  0  0  0.952785  0  0.952785  0.000955067  0  0  0.000955067  0  0.000955067
3.7596e+13  0  1253.2  0.952819  0  0  0.952819  0  0.952819  0.000953923  0  0  0.000953923  0  0.000953923
3.7605e+13  0  1253.5  0.952853  0  0  0.952853  0  0.952853  0.000952781  0  0  0.000952781  0  0.000952781
3.7614e+13  0  1253.8  0.952886  0  0  0.952886  0  0.952886  0.000951641  0  0  0.000951641  0  0.000951641
3.7623e+13  0  1254.1  0.95292  0  0  0.95292  0  0.95292  0.000950504  0  0  0.000950504  0  0.000950504
3.7632e+13  0  1254.4  0.952953  0  0  0.952953  0  0.952953  0.000949368  0  0  0.000949368  0  0.000949368
3.7641e+13  0  1254.7  0.952987  0  0  0.952987  0  0.952987  0.000948234  0  0  0.000948234  0  0.000948234
3.765e+13  0  1255  0.95302  0  0  0.95302  0  0.95302  0.000947102  0  0  0.000947102  0  0.000947102
3.7659e+13  0  1255.3  0.953054  0  0  0.953054  0  0.953054  0.000945972  0  0  0.000945972  0  0.000945972
3.7668e+13  0  1255.6  0.953087  0  0  0.953087  0  0.953087  0.000944844  0  0  0.000944844  0  0.000944844
3.7677e+13  0  1255.9  0.95312  0  0  0.95312  0  0.95312  0.000943718  0  0  0.000943718  0  0.000943718
3.7686e+13  0  1256.2  0.953153  0  0  0.953153  0  0.953153  0.000942594  0  0  0.000942594  0  0.000942594
3.7695e+13  0  1256.5  0.953187  0  0  0.953187  0  0.953187  0.000941471  0  0  0.000941471  0  0.000941471
3.7704e+13  0  1256.8  0.95322  0  0  0.95322  0  0.95322  0.000940351  0  0  0.000940351  0  0.000940351
3.7713e+13  0  1257.1  0.953253  0  0  0.953253  0  0.953253  0.000939233  0  0  0.000939233  0  0.000939233
3.7722e+13  0  1257.4  0.953286  0  0  0.953286  0  0.953286  0.000938116  0  0  0.000938116  0  0.000938116
3.7731e+13  0  1257.7  0.953319  0  0  0.953319  0  0.953319  0.000937002  0  0  0.000937002  0  0.000937002
3.774e+13  0  1258  0.953352  0  0  0.953352  0  0.953352  0.000935889  0  0  0.000935889  0  0.000935889
3.7749e+13  0  1258.3  0.953385  0  0  0.953385  0  0.953385  0.000934778  0  0  0.000934778  0  0.000934778
3.7758e+13  0  1258.6  0.953418  0  0  0.953418  0  0.953418  0.000933669  0  0  0.000933669  0  0.000933669
3.7767e+13  0  1258.9  0.953451  0  0  0.953451  0  0.953451  0.000932562  0  0  0.000932562  0  0.000932562
3.7776e+13  0  1259.2  0.953484  0  0  0.953484  0  0.953484  0.000931457  0  0  0.000931457  0  0.000931457
3.7785e+13  0  1259.5  0.953517  0  0  0.953517  0  0.953517  0.000930354  0  0  0.000930354  0  0.000930354
3.7794e+13  0  1259.8  0.95355  0  0  0.95355  0  0.95355  0.000929253  0  0  0.000929253  0  0.000929253
3.7803e+13  0  1260.1  0.953583  0  0  0.953583  0  0.953583  0.000928154  0  0  0.000928154  0  0.000928154
3.7812e+13  0  1260.4  0.953615  0  0  0.953615  0  0.953615  0.000927056  0  0  0.000927056  0  0.000927056
3.7821e+13  0  1260.7  0.953648  0  0  0.953648  0  0.953648  0.000925961  0  0  0.000925961  0  0.000925961
3.783e+13  0  1261  0.953681  0  0  0.953681  0  0.953681  0.000924867  0  0  0.000924867  0  0.000924867
3.7839e+13  0  1261.3  0.953713  0  0  0.953713  0  0.953713  0.000923775  0  0  0.000923775  0  0.000923775
3.7848e+13  0  1261.6  0.953746  0  0  0.953746  0  0.953746  0.000922685  0  0  0.000922685  0  0.000922685
3.7857e+13  0  1261.9  0.953778  0  0  0.953778  0  0.953778  0.000921597  0  0  0.000921597  0  0.000921597
3.7866e+13  0  1262.2  0.953811  0  0  0.953811  0  0.953811  0.00092051  0  0  0.00092051  0  0.00092051
3.7875e+13  0  1262.5  0.953843  0  0  0.953843  0  0.953843  0.000919426  0  0  0.000919426  0  0.000919426
3.7884e+13  0  1262.8  0.953876  0  0  0.953876  0  0.953876  0.000918343  0  0  0.000918343  0  0.000918343
3.7893e+13  0  1263.1  0.953908  0  0  0.953908  0  0.953908  0.000917262  0  0  0.000917262  0  0.000917262
3.7902e+13  0  1263.4  0.953941  0  0  0.953941  0  0.953941  0.000916183  0  0  0.000916183  0  0.000916183
3.7911e+13  0  1263.7  0.953973  0  0  0.953973  0  0.953973  0.000915106  0  0  0.000915106  0  0.000915106
3.792e+13  0  1264  0.954005  0  0  0.954005  0  0.954005  0.000914031  0  0  0.000914031  0  0.000914031
3.7929e+13  0  1264.3  0.954037  0  0  0.954037  0  0.954037  0.000912957  0  0  0.000912957  0  0.000912957
3.7938e+13  0  1264.6  0.95407  0  0  0.95407  0  0.95407  0.000911886  0  0  0.000911886  0  0.000911886
3.7947e+13  0  1264.9  0.954102  0  0  0.954102  0  0.954102  0.000910816  0  0  0.000910816  0  0.000910816
3.7956e+13  0  1265.2  0.954134  0  0  0.954134  0  0.954134  0.000909748  0  0  0.000909748  0  0.000909748
3.7965e+13  0  1265.5  0.954166  0  0  0.954166  0  0.954166  0.000908681  0  0  0.000908681  0  0.000908681
3.7974e+13  0  1265.8  0.954198  0  0  0.954198  0  0.954198  0.000907617  0  0  0.000907617  0  0.000907617
3.7983e+13  0  1266.1  0.95423  0  0  0.95423  0  0.95423  0.000906554  0  0  0.000906554  0  0.000906554
3.7992e+13  0  1266.4  0.954262  0  0  0.954262  0  0.954262  0.000905493  0  0  0.000905493  0  0.000905493
3.8001e+13  0  1266.7  0.954294  0  0  0.954294  0  0.954294  0.000904434  0  0  0.000904434  0  0.000904434
3.801e+13  0  1267  0.954326  0  0  0.954326  0  0.954326  0.000903377  0  0  0.000903377  0  0.000903377
3.8019e+13  0  1267.3  0.954358  0  0  0.954358  0  0.954358  0.000902322  0  0  0.000902322  0  0.000902322
3.8028e+13  0  1267.6  0.95439  0  0  0.95439  0  0.95439  0.000901268  0  0  0.000901268  0  0.000901268
3.8037e+13  0  1267.9  0.954421  0  0  0.954421  0  0.954421  0.000900216  0  0  0.000900216  0  0.000900216
3.8046e+13  0  1268.2  0.954453  0  0  0.954453  0  0.954453  0.000899166  0  0  0.000899166  0  0.000899166
3.8055e+13  0  1268.5  0.954485  0  0  0.954485  0  0.954485  0.000898117  0  0  0.000898117  0  0.000898117
3.8064e+13  0  1268.8  0.954516  0  0  0.954516  0  0.954516  0.000897071  0  0  0.000897071  0  0.000897071
3.8073e+13  0  1269.1  0.954548  0  0  0.954548  0  0.954548  0.000896026  0  0  0.000896026  0  0.000896026
3.8082e+13  0  1269.4  0.95458  0  0  0.95458  0  0.95458  0.000894983  0  0  0.000894983  0  0.000894983
3.8091e+13  0  1269.7  0.954611  0  0  0.954611  0  0.954611  0.000893941  0  0  0.000893941  0  0.000893941
3.81e+13  0  1270  0.954643  0  0  0.954643  0  0.954643  0.000892902  0  0  0.000892902  0  0.000892902
3.8109e+13  0  1270.3  0.954674  0  0  0.954674  0  0.954674  0.000891864  0  0  0.000891864  0  0.000891864
3.8118e+13  0  1270.6  0.954706  0  0  0.954706  0  0.954706  0.000890827  0  0  0.000890827  0  0.000890827
3.8127e+13  0  1270.9  0.954737  0  0  0.954737  0  0.954737  0.000889793  0  0  0.000889793  0  0.000889793
3.8136e+13  0  1271.2  0.954769  0  0  0.954769  0  0.954769  0.00088876  0  0  0.00088876  0  0.00088876
3.8145e+13  0  1271.5  0.9548  0  0  0.9548  0  0.9548  0.000887729  0  0  0.000887729  0  0.000887729
3.8154e+13  0  1271.8  0.954831  0  0  0.954831  0  0.954831  0.0008867  0  0  0.0008867  0  0.0008867
3.8163e+13  0  1272.1  0.954863  0  0  0.954863  0  0.954863  0.000885673  0  0  0.000885673  0  0.000885673
3.8172e+13  0  1272.4  0.954894  0  0  0.954894  0  0.954894  0.000884647  0  0  0.000884647  0  0.000884647
3.8181e+13  0  1272.7  0.954925  0  0  0.954925  0  0.954925  0.000883623  0  0  0.000883623  0  0.000883623
3.819e+13  0  1273  0.954956  0  0  0.954956  0  0.954956  0.0008826  0  0  0.0008826  0  0.0008826
3.8199e+13  0  1273.3  0.954987  0  0  0.954987  0  0.954987  0.00088158  0  0  0.00088158  0  0.00088158
3.8208e+13  0  1273.6  0.955018  0  0  0.955018  0  0.955018  0.000880561  0  0  0.000880561  0  0.000880561
3.8217e+13  0  1273.9  0.95505  0  0  0.95505  0  0.95505  0.000879543  0  0  0.000879543  0  0.000879543
3.8226e+13  0  1274.2  0.955081  0  0  0.955081  0  0.955081  0.000878528  0  0  0.000878528  0  0.000878528
3.8235e+13  0  1274.5  0.955112  0  0  0.955112  0  0.955112  0.000877514  0  0  0.000877514  0  0.000877514
3.8244e+13  0  1274.8  0.955143  0  0  0.955143  0  0.955143  0.000876502  0  0  0.000876502  0  0.000876502
3.8253e+13  0  1275.1  0.955173  0  0  0.955173  0  0.955173  0.000875491  0  0  0.000875491  0  0.000875491
3.8262e+13  0  1275.4  0.955204  0  0  0.955204  0  0.955204  0.000874482  0  0  0.000874482  0  0.000874482
3.8271e+13  0  1275.7  0.955235  0  0  0.955235  0  0.955235  0.000873475  0  0  0.000873475  0  0.000873475
3.828e+13  0  1276  0.955266  0  0  0.955266  0  0.955266  0.000872469  0  0  0.000872469  0  0.000872469
3.8289e+13  0  1276.3  0.955297  0  0  0.955297  0  0.955297  0.000871466  0  0  0.000871466  0  0.000871466
3.8298e+13  0  1276.6  0.955328  0  0  0.955328  0  0.955328  0.000870463  0  0  0.000870463  0  0.000870463
3.8307e+13  0  1276.9  0.955358  0  0  0.955358  0  0.955358  0.000869463  0  0  0.000869463  0  0.000869463
3.8316e+13  0  1277.2  0.955389  0  0  0.955389  0  0.955389  0.000868464  0  0  0.000868464  0  0.000868464
3.8325e+13  0  1277.5  0.95542  0  0  0.95542  0  0.95542  0.000867467  0  0  0.000867467  0  0.000867467
3.8334e+13  0  1277.8  0.95545  0  0  0.95545  0  0.95545  0.000866471  0  0  0.000866471  0  0.000866471
3.8343e+13  0  1278.1  0.955481  0  0  0.955481  0  0.955481  0.000865477  0  0  0.000865477  0  0.000865477
3.8352e+13  0  1278.4  0.955511  0  0  0.955511  0  0.955511  0.000864485  0  0  0.000864485  0  0.000864485
3.8361e+13  0  1278.7  0.955542  0  0  0.955542  0  0.955542  0.000863494  0  0  0.000863494  0  0.000863494
3.837e+13  0  1279  0.955572  0  0  0.955572  0  0.955572  0.000862505  0  0  0.000862505  0  0.000862505
3.8379e+13  0  1279.3  0.955603  0  0  0.955603  0  0.955603  0.000861518  0  0  0.000861518  0  0.000861518
3.8388e+13  0  1279.6  0.955633  0  0  0.955633  0  0.955633  0.000860532  0  0  0.000860532  0  0.000860532
3.8397e+13  0  1279.9  0.955663  0  0  0.955663  0  0.955663  0.000859548  0  0  0.000859548  0  0.000859548
3.8406e+13  0  1280.2  0.955694  0  0  0.955694  0  0.955694  0.000858566  0  0  0.000858566  0  0.000858566
3.8415e+13  0  1280.5  0.955724  0  0  0.955724  0  0.955724  0.000857585  0  0  0.000857585  0  0.000857585
3.8424e+13  0  1280.8  0.955754  0  0  0.955754  0  0.955754  0.000856605  0  0  0.000856605  0  0.000856605
3.8433e+13  0  1281.1  0.955785  0  0  0.955785  0  0.955785  0.000855628  0  0  0.000855628  0  0.000855628
3.8442e+13  0  1281.4  0.955815  0  0  0.955815  0  0.955815  0.000854652  0  0  0.000854652  0  0.000854652
3.8451e+13  0  1281.7  0.955845  0  0  0.955845  0  0.955845  0.000853677  0  0  0.000853677  0  0.000853677
3.846e+13  0  1282  0.955875  0  0  0.955875  0  0.955875  0.000852704  0  0  0.000852704  0  0.000852704
3.8469e+13  0  1282.3  0.955905  0  0  0.955905  0  0.955905  0.000851733  0  0  0.000851733  0  0.000851733
3.8478e+13  0  1282.6  0.955935  0  0  0.955935  0  0.955935  0.000850763  0  0  0.000850763  0  0.000850763
3.8487e+13  0  1282.9  0.955965  0  0  0.955965  0  0.955965  0.000849795  0  0  0.000849795  0  0.000849795
3.8496e+13  0  1283.2  0.955995  0  0  0.955995  0  0.955995  0.000848829  0  0  0.000848829  0  0.000848829
3.8505e+13  0  1283.5  0.956025  0  0  0.956025  0  0.956025  0.000847864  0  0  0.000847864  0  0.000847864
3.8514e+13  0  1283.8  0.956055  0  0  0.956055  0  0.956055  0.000846901  0  0  0.000846901  0  0.000846901
3.8523e+13  0  1284.1  0.956085  0  0  0.956085  0  0.956085  0.000845939  0  0  0.000845939  0  0.000845939
3.8532e+13  0  1284.4  0.956115  0  0  0.956115  0  0.956115  0.000844979  0  0  0.000844979  0  0.000844979
3.8541e+13  0  1284.7  0.956145  0  0  0.956145  0  0.956145  0.00084402  0  0  0.00084402  0  0.00084402
3.855e+13  0  1285  0.956174  0  0  0.956174  0  0.956174  0.000843063  0  0  0.000843063  0  0.000843063
3.8559e+13  0  1285.3  0.956204  0  0  0.956204  0  0.956204  0.000842107  0  0  0.000842107  0  0.000842107
3.8568e+13  0  1285.6  0.956234  0  0  0.956234  0  0.956234  0.000841153  0  0  0.000841153  0  0.000841153
3.8577e+13  0  1285.9  0.956264  0  0  0.956264  0  0.956264  0.000840201  0  0  0.000840201  0  0.000840201
3.8586e+13  0  1286.2  0.956293  0  0  0.956293  0  0.956293  0.00083925  0  0  0.00083925  0  0.00083925
3.8595e+13  0  1286.5  0.956323  0  0  0.956323  0  0.956323  0.000838301  0  0  0.000838301  0  0.000838301
3.8604e+13  0  1286.8  0.956353  0  0  0.956353  0  0.956353  0.000837353  0  0  0.000837353  0  0.000837353
3.8613e+13  0  1287.1  0.956382  0  0  0.956382  0  0.956382  0.000836407  0  0  0.000836407  0  0.000836407
3.8622e+13  0  1287.4  0.956412  0  0  0.956412  0  0.956412  0.000835462  0  0  0.000835462  0  0.000835462
3.8631e+13  0  1287.7  0.956441  0  0  0.956441  0  0.956441  0.000834519  0  0  0.000834519  0  0.000834519
3.864e+13  0  1288  0.956471  0  0  0.956471  0  0.956471  0.000833578  0  0  0.000833578  0  0.000833578
3.8649e+13  0  1288.3  0.9565  0  0  0.9565  0  0.9565  0.000832638  0  0  0.000832638  0  0.000832638
3.8658e+13  0  1288.6  0.956529  0  0  0.956529  0  0.956529  0.000831699  0  0  0.000831699  0  0.000831699
3.8667e+13  0  1288.9  0.956559  0  0  0.956559  0  0.956559  0.000830762  0  0  0.000830762  0  0.000830762
3.8676e+13  0  1289.2  0.956588  0  0  0.956588  0  0.956588  0.000829827  0  0  0.000829827  0  0.000829827
3.8685e+13  0  1289.5  0.956617  0  0  0.956617  0  0.956617  0.000828893  0  0  0.000828893  0  0.000828893
3.8694e+13  0  1289.8  0.956647  0  0  0.956647  0  0.956647  0.00082796  0  0  0.00082796  0  0.00082796
3.8703e+13  0  1290.1  0.956676  0  0  0.956676  0  0.956676  0.000827029  0  0  0.000827029  0  0.000827029
3.8712e+13  0  1290.4  0.956705  0  0  0.956705  0  0.956705  0.0008261  0  0  0.0008261  0  0.0008261
3.8721e+13  0  1290.7  0.956734  0  0  0.956734  0  0.956734  0.000825172  0  0  0.000825172  0  0.000825172
3.873e+13  0  1291  0.956763  0  0  0.956763  0  0.956763  0.000824245  0  0  0.000824245  0  0.000824245
3.8739e+13  0  1291.3  0.956792  0  0  0.956792  0  0.956792  0.00082332  0  0  0.00082332  0  0.00082332
3.8748e+13  0  1291.6  0.956821  0  0  0.956821  0  0.956821  0.000822397  0  0  0.000822397  0  0.000822397
3.8757e+13  0  1291.9  0.95685  0  0  0.95685  0  0.95685  0.000821475  0  0  0.000821475  0  0.000821475
3.8766e+13  0  1292.2  0.956879  0  0  0.956879  0  0.956879  0.000820554  0  0  0.000820554  0  0.000820554
3.8775e+13  0  1292.5  0.956908  0  0  0.956908  0  0.956908  0.000819635  0  0  0.000819635  0  0.000819635
3.8784e+13  0  1292.8  0.956937  0  0  0.956937  0  0.956937  0.000818718  0  0  0.000818718  0  0.000818718
3.8793e+13  0  1293.1  0.956966  0  0  0.956966  0  0.956966  0.000817802  0  0  0.000817802  0  0.000817802
3.8802e+13  0  1293.4  0.956995  0  0  0.956995  0  0.956995  0.000816887  0  0  0.000816887  0  0.000816887
3.8811e+13  0  1293.7  0.957024  0  0  0.957024  0  0.957024  0.000815974  0  0  0.000815974  0  0.000815974
3.882e+13  0  1294  0.957053  0  0  0.957053  0  0.957053  0.000815063  0  0  0.000815063  0  0.000815063
3.8829e+13  0  1294.3  0.957082  0  0  0.957082  0  0.957082  0.000814152  0  0  0.000814152  0  0.000814152
3.8838e+13  0  1294.6  0.95711  0  0  0.95711  0  0.95711  0.000813244  0  0  0.000813244  0  0.000813244
3.8847e+13  0  1294.9  0.957139  0  0  0.957139  0  0.957139  0.000812336  0  0  0.000812336  0  0.000812336
3.8856e+13  0  1295.2  0.957168  0  0  0.957168  0  0.957168  0.000811431  0  0  0.000811431  0  0.000811431
3.8865e+13  0  1295.5  0.957196  0  0  0.957196  0  0.957196  0.000810526  0  0  0.000810526  0  0.000810526
3.8874e+13  0  1295.8  0.957225  0  0  0.957225  0  0.957225  0.000809623  0  0  0.000809623  0  0.000809623
3.8883e+13  0  1296.1  0.957253  0  0  0.957253  0  0.957253  0.000808722  0  0  0.000808722  0  0.000808722
3.8892e+13  0  1296.4  0.957282  0  0  0.957282  0  0.957282  0.000807822  0  0  0.000807822  0  0.000807822
3.8901e+13  0  1296.7  0.957311  0  0  0.957311  0  0.957311  0.000806923  0  0  0.000806923  0  0.000806923
3.891e+13  0  1297  0.957339  0  0  0.957339  0  0.957339  0.000806026  0  0  0.000806026  0  0.000806026
3.8919e+13  0  1297.3  0.957367  0  0  0.957367  0  0.957367  0.000805131  0  0  0.000805131  0  0.000805131
3.8928e+13  0  1297.6  0.957396  0  0  0.957396  0  0.957396  0.000804236  0  0  0.000804236  0  0.000804236
3.8937e+13  0  1297.9  0.957424  0  0  0.957424  0  0.957424  0.000803344  0  0  0.000803344  0  0.000803344
3.8946e+13  0  1298.2  0.957453  0  0  0.957453  0  0.957453  0.000802452  0  0  0.000802452  0  0.000802452
3.8955e+13  0  1298.5  0.957481  0  0  0.957481  0  0.957481  0.000801562  0  0  0.000801562  0  0.000801562
3.8964e+13  0  1298.8  0.957509  0  0  0.957509  0  0.957509  0.000800674  0  0  0.000800674  0  0.000800674
3.8973e+13  0  1299.1  0.957538  0  0  0.957538  0  0.957538  0.000799786  0  0  0.000799786  0  0.000799786
3.8982e+13  0  1299.4  0.957566  0  0  0.957566  0  0.957566  0.000798901  0  0  0.000798901  0  0.000798901
3.8991e+13  0  1299.7  0.957594  0  0  0.957594  0  0.957594  0.000798016  0  0  0.000798016  0  0.000798016
3.9e+13  0  1300  0.957622  0  0  0.957622  0  0.957622  0.000797133  0  0  0.000797133  0  0.000797133
3.9009e+13  0  1300.3  0.95765  0  0  0.95765  0  0.95765  0.000796252  0  0  0.000796252  0  0.000796252
3.9018e+13  0  1300.6  0.957678  0  0  0.957678  0  0.957678  0.000795372  0  0  0.000795372  0  0.000795372
3.9027e+13  0  1300.9  0.957707  0  0  0.957707  0  0.957707  0.000794493  0  0  0.000794493  0  0.000794493
3.9036e+13  0  1301.2  0.957735  0  0  0.957735  0  0.957735  0.000793616  0  0  0.000793616  0  0.000793616
3.9045e+13  0  1301.5  0.957763  0  0  0.957763  0  0.957763  0.00079274  0  0  0.00079274  0  0.00079274
3.9054e+13  0  1301.8  0.957791  0  0  0.957791  0  0.957791  0.000791865  0  0  0.000791865  0  0.000791865
3.9063e+13  0  1302.1  0.957819  0  0  0.957819  0  0.957819  0.000790992  0  0  0.000790992  0  0.000790992
3.9072e+13  0  1302.4  0.957846  0  0  0.957846  0  0.957846  0.00079012  0  0  0.00079012  0  0.00079012
3.9081e+13  0  1302.7  0.957874  0  0  0.957874  0  0.957874  0.00078925  0  0  0.00078925  0  0.00078925
3.909e+13  0  1303  0.957902  0  0  0.957902  0  0.957902  0.000788381  0  0  0.000788381  0  0.000788381
3.9099e+13  0  1303.3  0.95793  0  0  0.95793  0  0.95793  0.000787513  0  0  0.000787513  0  0.000787513
3.9108e+13  0  1303.6  0.957958  0  0  0.957958  0  0.957958  0.000786647  0  0  0.000786647  0  0.000786647
3.9117e+13  0  1303.9  0.957986  0  0  0.957986  0  0.957986  0.000785782  0  0  0.000785782  0  0.000785782
3.9126e+13  0  1304.2  0.958013  0  0  0.958013  0  0.958013  0.000784919  0  0  0.000784919  0  0.000784919
3.9135e+13  0  1304.5  0.958041  0  0  0.958041  0  0.958041  0.000784057  0  0  0.000784057  0  0.000784057
3.9144e+13  0  1304.8  0.958069  0  0  0.958069  0  0.958069  0.000783196  0  0  0.000783196  0  0.000783196
3.9153e+13  0  1305.1  0.958096  0  0  0.958096  0  0.958096  0.000782336  0  0  0.000782336  0  0.000782336
3.9162e+13  0  1305.4  0.958124  0  0  0.958124  0  0.958124  0.000781478  0  0  0.000781478  0  0.000781478
3.9171e+13  0  1305.7  0.958152  0  0  0.958152  0  0.958152  0.000780621  0  0  0.000780621  0  0.000780621
3.918e+13  0  1306  0.958179  0  0  0.958179  0  0.958179  0.000779766  0  0  0.000779766  0  0.000779766
3.9189e+13  0  1306.3  0.958207  0  0  0.958207  0  0.958207  0.000778912  0  0  0.000778912  0  0.000778912
3.9198e+13  0  1306.6  0.958234  0  0  0.958234  0  0.958234  0.000778059  0  0  0.000778059  0  0.000778059
3.9207e+13  0  1306.9  0.958262  0  0  0.958262  0  0.958262  0.000777208  0  0  0.000777208  0  0.000777208
3.9216e+13  0  1307.2  0.958289  0  0  0.958289  0  0.958289  0.000776358  0  0  0.000776358  0  0.000776358
3.9225e+13  0  1307.5  0.958317  0  0  0.958317  0  0.958317  0.000775509  0  0  0.000775509  0  0.000775509
3.9234e+13  0  1307.8  0.958344  0  0  0.958344  0  0.958344  0.000774662  0  0  0.000774662  0  0.000774662
3.9243e+13  0  1308.1  0.958371  0  0  0.958371  0  0.958371  0.000773816  0  0  0.000773816  0  0.000773816
3.9252e+13  0  1308.4  0.958399  0  0  0.958399  0  0.958399  0.000772971  0  0  0.000772971  0  0.000772971
3.9261e+13  0  1308.7  0.958426  0  0  0.958426  0  0.958426  0.000772128  0  0  0.000772128  0  0.000772128
3.927e+13  0  1309  0.958453  0  0  0.958453  0  0.958453  0.000771286  0  0  0.000771286  0  0.000771286
3.9279e+13  0  1309.3  0.95848  0  0  0.95848  0  0.95848  0.000770445  0  0  0.000770445  0  0.000770445
3.9288e+13  0  1309.6  0.958508  0  0  0.958508  0  0.958508  0.000769606  0  0  0.000769606  0  0.000769606
3.9297e+13  0  1309.9  0.958535  0  0  0.958535  0  0.958535  0.000768768  0  0  0.000768768  0  0.000768768
3.9306e+13  0  1310.2  0.958562  0  0  0.958562  0  0.958562  0.000767931  0  0  0.000767931  0  0.000767931
3.9315e+13  0  1310.5  0.958589  0  0  0.958589  0  0.958589  0.000767095  0  0  0.000767095  0  0.000767095
3.9324e+13  0  1310.8  0.958616  0  0  0.958616  0  0.958616  0.000766261  0  0  0.000766261  0  0.000766261
3.9333e+13  0  1311.1  0.958643  0  0  0.958643  0  0.958643  0.000765428  0  0  0.000765428  0  0.000765428
3.9342e+13  0  1311.4  0.95867  0  0  0.95867  0  0.95867  0.000764597  0  0  0.000764597  0  0.000764597
3.9351e+13  0  1311.7  0.958697  0  0  0.958697  0  0.958697  0.000763766  0  0  0.000763766  0  0.000763766
3.936e+13  0  1312  0.958724  0  0  0.958724  0  0.958724  0.000762937  0  0  0.000762937  0  0.000762937
3.9369e+13  0  1312.3  0.958751  0  0  0.958751  0  0.958751  0.00076211  0  0  0.00076211  0  0.00076211
3.9378e+13  0  1312.6  0.958778  0  0  0.958778  0  0.958778  0.000761283  0  0  0.000761283  0  0.000761283
3.9387e+13  0  1312.9  0.958805  0  0  0.958805  0  0.958805  0.000760458  0  0  0.000760458  0  0.000760458
3.9396e+13  0  1313.2  0.958832  0  0  0.958832  0  0.958832  0.000759634  0  0  0.000759634  0  0.000759634
3.9405e+13  0  1313.5  0.958859  0  0  0.958859  0  0.958859  0.000758812  0  0  0.000758812  0  0.000758812
3.9414e+13  0  1313.8  0.958885  0  0  0.958885  0  0.958885  0.000757991  0  0  0.000757991  0  0.000757991
3.9423e+13  0  1314.1  0.958912  0  0  0.958912  0  0.958912  0.000757171  0  0  0.000757171  0  0.000757171
3.9432e+13  0  1314.4  0.958939  0  0  0.958939  0  0.958939  0.000756352  0  0  0.000756352  0  0.000756352
3.9441e+13  0  1314.7  0.958966  0  0  0.958966  0  0.958966  0.000755534  0  0  0.000755534  0  0.000755534
3.945e+13  0  1315  0.958992  0  0  0.958992  0  0.958992  0.000754718  0  0  0.000754718  0  0.000754718
3.9459e+13  0  1315.3  0.959019  0  0  0.959019  0  0.959019  0.000753903  0  0  0.000753903  0  0.000753903
3.9468e+13  0  1315.6  0.959046  0  0  0.959046  0  0.959046  0.00075309  0  0  0.00075309  0  0.00075309
3.9477e+13  0  1315.9  0.959072  0  0  0.959072  0  0.959072  0.000752277  0  0  0.000752277  0  0.000752277
3.9486e+13  0  1316.2  0.959099  0  0  0.959099  0  0.959099  0.000751466  0  0  0.000751466  0  0.000751466
3.9495e+13  0  1316.5  0.959125  0  0  0.959125  0  0.959125  0.000750656  0  0  0.000750656  0  0.000750656
3.9504e+13  0  1316.8  0.959152  0  0  0.959152  0  0.959152  0.000749848  0  0  0.000749848  0  0.000749848
3.9513e+13  0  1317.1  0.959178  0  0  0.959178  0  0.959178  0.00074904  0  0  0.00074904  0  0.00074904
3.9522e+13  0  1317.4  0.959205  0  0  0.959205  0  0.959205  0.000748234  0  0  0.000748234  0  0.000748234
3.9531e+13  0  1317.7  0.959231  0  0  0.959231  0  0.959231  0.000747429  0  0  0.000747429  0  0.000747429
3.954e+13  0  1318  0.959258  0  0  0.959258  0  0.959258  0.000746626  0  0  0.000746626  0  0.000746626
3.9549e+13  0  1318.3  0.959284  0  0  0.959284  0  0.959284  0.000745823  0  0  0.000745823  0  0.000745823
3.9558e+13  0  1318.6  0.95931  0  0  0.95931  0  0.95931  0.000745022  0  0  0.000745022  0  0.000745022
3.9567e+13  0  1318.9  0.959337  0  0  0.959337  0  0.959337  0.000744222  0  0  0.000744222  0  0.000744222
3.9576e+13  0  1319.2  0.959363  0  0  0.959363  0  0.959363  0.000743423  0  0  0.000743423  0  0.000743423
3.9585e+13  0  1319.5  0.959389  0  0  0.959389  0  0.959389  0.000742626  0  0  0.000742626  0  0.000742626
3.9594e+13  0  1319.8  0.959415  0  0  0.959415  0  0.959415  0.00074183  0  0  0.00074183  0  0.00074183
3.9603e+13  0  1320.1  0.959442  0  0  0.959442  0  0.959442  0.000741035  0  0  0.000741035  0  0.000741035
3.9612e+13  0  1320.4  0.959468  0  0  0.959468  0  0.959468  0.000740241  0  0  0.000740241  0  0.000740241
3.9621e+13  0  1320.7  0.959494  0  0  0.959494  0  0.959494  0.000739448  0  0  0.000739448  0  0.000739448
3.963e+13  0  1321  0.95952  0  0  0.95952  0  0.95952  0.000738657  0  0  0.000738657  0  0.000738657
3.9639e+13  0  1321.3  0.959546  0  0  0.959546  0  0.959546  0.000737867  0  0  0.000737867  0  0.000737867
3.9648e+13  0  1321.6  0.959572  0  0  0.959572  0  0.959572  0.000737078  0  0  0.000737078  0  0.000737078
3.9657e+13  0  1321.9  0.959598  0  0  0.959598  0  0.959598  0.00073629  0  0  0.00073629  0  0.00073629
3.9666e+13  0  1322.2  0.959624  0  0  0.959624  0  0.959624  0.000735504  0  0  0.000735504  0  0.000735504
3.9675e+13  0  1322.5  0.95965  0  0  0.95965  0  0.95965  0.000734718  0  0  0.000734718  0  0.000734718
3.9684e+13  0  1322.8  0.959676  0  0  0.959676  0  0.959676  0.000733934  0  0  0.000733934  0  0.000733934
3.9693e+13  0  1323.1  0.959702  0  0  0.959702  0  0.959702  0.000733151  0  0  0.000733151  0  0.000733151
3.9702e+13  0  1323.4  0.959728  0  0  0.959728  0  0.959728  0.00073237  0  0  0.00073237  0  0.00073237
3.9711e+13  0  1323.7  0.959754  0  0  0.959754  0  0.959754  0.000731589  0  0  0.000731589  0  0.000731589
3.972e+13  0  1324  0.95978  0  0  0.95978  0  0.95978  0.00073081  0  0  0.00073081  0  0.00073081
3.9729e+13  0  1324.3  0.959806  0  0  0.959806  0  0.959806  0.000730032  0  0  0.000730032  0  0.000730032
3.9738e+13  0  1324.6  0.959831  0  0  0.959831  0  0.959831  0.000729255  0  0  0.000729255  0  0.000729255
3.9747e+13  0  1324.9  0.959857  0  0  0.959857  0  0.959857  0.000728479  0  0  0.000728479  0  0.000728479
3.9756e+13  0  1325.2  0.959883  0  0  0.959883  0  0.959883  0.000727704  0  0  0.000727704  0  0.000727704
3.9765e+13  0  1325.5  0.959909  0  0  0.959909  0  0.959909  0.000726931  0  0  0.000726931  0  0.000726931
3.9774e+13  0  1325.8  0.959934  0  0  0.959934  0  0.959934  0.000726159  0  0  0.000726159  0  0.000726159
3.9783e+13  0  1326.1  0.95996  0  0  0.95996  0  0.95996  0.000725388  0  0  0.000725388  0  0.000725388
3.9792e+13  0  1326.4  0.959986  0  0  0.959986  0  0.959986  0.000724618  0  0  0.000724618  0  0.000724618
3.9801e+13  0  1326.7  0.960011  0  0  0.960011  0  0.960011  0.000723849  0  0  0.000723849  0  0.000723849
3.981e+13  0  1327  0.960037  0  0  0.960037  0  0.960037  0.000723082  0  0  0.000723082  0  0.000723082
3.9819e+13  0  1327.3  0.960062  0  0  0.960062  0  0.960062  0.000722315  0  0  0.000722315  0  0.000722315
3.9828e+13  0  1327.6  0.960088  0  0  0.960088  0  0.960088  0.00072155  0  0  0.00072155  0  0.00072155
3.9837e+13  0  1327.9  0.960113  0  0  0.960113  0  0.960113  0.000720786  0  0  0.000720786  0  0.000720786
3.9846e+13  0  1328.2  0.960139  0  0  0.960139  0  0.960139  0.000720023  0  0  0.000720023  0  0.000720023
3.9855e+13  0  1328.5  0.960164  0  0  0.960164  0  0.960164  0.000719262  0  0  0.000719262  0  0.000719262
3.9864e+13  0  1328.8  0.96019  0  0  0.96019  0  0.96019  0.000718501  0  0  0.000718501  0  0.000718501
3.9873e+13  0  1329.1  0.960215  0  0  0.960215  0  0.960215  0.000717742  0  0  0.000717742  0  0.000717742
3.9882e+13  0  1329.4  0.96024  0  0  0.96024  0  0.96024  0.000716984  0  0  0.000716984  0  0.000716984
3.9891e+13  0  1329.7  0.960266  0  0  0.960266  0  0.960266  0.000716226  0  0  0.000716226  0  0.000716226
3.99e+13  0  1330  0.960291  0  0  0.960291  0  0.960291  0.000715471  0  0  0.000715471  0  0.000715471
3.9909e+13  0  1330.3  0.960316  0  0  0.960316  0  0.960316  0.000714716  0  0  0.000714716  0  0.000714716
3.9918e+13  0  1330.6  0.960341  0  0  0.960341  0  0.960341  0.000713962  0  0  0.000713962  0  0.000713962
3.9927e+13  0  1330.9  0.960367  0  0  0.960367  0  0.960367  0.00071321  0  0  0.00071321  0  0.00071321
3.9936e+13  0  1331.2  0.960392  0  0  0.960392  0  0.960392  0.000712458  0  0  0.000712458  0  0.000712458
3.9945e+13  0  1331.5  0.960417  0  0  0.960417  0  0.960417  0.000711708  0  0  0.000711708  0  0.000711708
3.9954e+13  0  1331.8  0.960442  0  0  0.960442  0  0.960442  0.000710959  0  0  0.000710959  0  0.000710959
3.9963e+13  0  1332.1  0.960467  0  0  0.960467  0  0.960467  0.000710211  0  0  0.000710211  0  0.000710211
3.9972e+13  0  1332.4  0.960492  0  0  0.960492  0  0.960492  0.000709464  0  0  0.000709464  0  0.000709464
3.9981e+13  0  1332.7  0.960517  0  0  0.960517  0  0.960517  0.000708718  0  0  0.000708718  0  0.000708718
3.999e+13  0  1333  0.960543  0  0  0.960543  0  0.960543  0.000707974  0  0  0.000707974  0  0.000707974
3.9999e+13  0  1333.3  0.960568  0  0  0.960568  0  0.960568  0.00070723  0  0  0.00070723  0  0.00070723
4.0008e+13  0  1333.6  0.960593  0  0  0.960593  0  0.960593  0.000706488  0  0  0.000706488  0  0.000706488
4.0017e+13  0  1333.9  0.960617  0  0  0.960617  0  0.960617  0.000705747  0  0  0.000705747  0  0.000705747
4.0026e+13  0  1334.2  0.960642  0  0  0.960642  0  0.960642  0.000705006  0  0  0.000705006  0  0.000705006
4.0035e+13  0  1334.5  0.960667  0  0  0.960667  0  0.960667  0.000704267  0  0  0.000704267  0  0.000704267
4.0044e+13  0  1334.8  0.960692  0  0  0.960692  0  0.960692  0.000703529  0  0  0.000703529  0  0.000703529
4.0053e+13  0  1335.1  0.960717  0  0  0.960717  0  0.960717  0.000702793  0  0  0.000702793  0  0.000702793
4.0062e+13  0  1335.4  0.960742  0  0  0.960742  0  0.960742  0.000702057  0  0  0.000702057  0  0.000702057
4.0071e+13  0  1335.7  0.960767  0  0  0.960767  0  0.960767  0.000701322  0  0  0.000701322  0  0.000701322
4.008e+13  0  1336  0.960791  0  0  0.960791  0  0.960791  0.000700589  0  0  0.000700589  0  0.000700589
4.0089e+13  0  1336.3  0.960816  0  0  0.960816  0  0.960816  0.000699856  0  0  0.000699856  0  0.000699856
4.0098e+13  0  1336.6  0.960841  0  0  0.960841  0  0.960841  0.000699125  0  0  0.000699125  0  0.000699125
4.0107e+13  0  1336.9  0.960866  0  0  0.960866  0  0.960866  0.000698395  0  0  0.000698395  0  0.000698395
4.0116e+13  0  1337.2  0.96089  0  0  0.96089  0  0.96089  0.000697666  0  0  0.000697666  0  0.000697666
4.0125e+13  0  1337.5  0.960915  0  0  0.960915  0  0.960915  0.000696938  0  0  0.000696938  0  0.000696938
4.0134e+13  0  1337.8  0.96094  0  0  0.96094  0  0.96094  0.000696211  0  0  0.000696211  0  0.000696211
4.0143e+13  0  1338.1  0.960964  0  0  0.960964  0  0.960964  0.000695485  0  0  0.000695485  0  0.000695485
4.0152e+13  0  1338.4  0.960989  0  0  0.960989  0  0.960989  0.00069476  0  0  0.00069476  0  0.00069476
4.0161e+13  0  1338.7  0.961013  0  0  0.961013  0  0.961013  0.000694037  0  0  0.000694037  0  0.000694037
4.017e+13  0  1339  0.961038  0  0  0.961038  0  0.961038  0.000693314  0  0  0.000693314  0  0.000693314
4.0179e+13  0  1339.3  0.961062  0  0  0.961062  0  0.961062  0.000692592  0  0  0.000692592  0  0.000692592
4.0188e+13  0  1339.6  0.961087  0  0  0.961087  0  0.961087  0.000691872  0  0  0.000691872  0  0.000691872
4.0197e+13  0  1339.9  0.961111  0  0  0.961111  0  0.961111  0.000691153  0  0  0.000691153  0  0.000691153
4.0206e+13  0  1340.2  0.961136  0  0  0.961136  0  0.961136  0.000690434  0  0  0.000690434  0  0.000690434
4.0215e+13  0  1340.5  0.96116  0  0  0.96116  0  0.96116  0.000689717  0  0  0.000689717  0  0.000689717
4.0224e+13  0  1340.8  0.961184  0  0  0.961184  0  0.961184  0.000689001  0  0  0.000689001  0  0.000689001
4.0233e+13  0  1341.1  0.961209  0  0  0.961209  0  0.961209  0.000688286  0  0  0.000688286  0  0.000688286
4.0242e+13  0  1341.4  0.961233  0  0  0.961233  0  0.961233  0.000687572  0  0  0.000687572  0  0.000687572
4.0251e+13  0  1341.7  0.961257  0  0  0.961257  0  0.961257  0.000686859  0  0  0.000686859  0  0.000686859
4.026e+13  0  1342  0.961282  0  0  0.961282  0  0.961282  0.000686147  0  0  0.000686147  0  0.000686147
4.0269e+13  0  1342.3  0.961306  0  0  0.961306  0  0.961306  0.000685436  0  0  0.000685436  0  0.000685436
4.0278e+13  0  1342.6  0.96133  0  0  0.96133  0  0.96133  0.000684726  0  0  0.000684726  0  0.000684726
4.0287e+13  0  1342.9  0.961354  0  0  0.961354  0  0.961354  0.000684018  0  0  0.000684018  0  0.000684018
4.0296e+13  0  1343.2  0.961379  0  0  0.961379  0  0.961379  0.00068331  0  0  0.00068331  0  0.00068331
4.0305e+13  0  1343.5  0.961403  0  0  0.961403  0  0.961403  0.000682603  0  0  0.000682603  0  0.000682603
4.0314e+13  0  1343.8  0.961427  0  0  0.961427  0  0.961427  0.000681898  0  0  0.000681898  0  0.000681898
4.0323e+13  0  1344.1  0.961451  0  0  0.961451  0  0.961451  0.000681193  0  0  0.000681193  0  0.000681193
4.0332e+13  0  1344.4  0.961475  0  0  0.961475  0  0.961475  0.00068049  0  0  0.00068049  0  0.00068049
4.0341e+13  0  1344.7  0.961499  0  0  0.961499  0  0.961499  0.000679787  0  0  0.000679787  0  0.000679787
4.035e+13  0  1345  0.961523  0  0  0.961523  0  0.961523  0.000679086  0  0  0.000679086  0  0.000679086
4.0359e+13  0  1345.3  0.961547  0  0  0.961547  0  0.961547  0.000678385  0  0  0.000678385  0  0.000678385
4.0368e+13  0  1345.6  0.961571  0  0  0.961571  0  0.961571  0.000677686  0  0  0.000677686  0  0.000677686
4.0377e+13  0  1345.9  0.961595  0  0  0.961595  0  0.961595  0.000676987  0  0  0.000676987  0  0.000676987
4.0386e+13  0  1346.2  0.961619  0  0  0.961619  0  0.961619  0.00067629  0  0  0.00067629  0  0.00067629
4.0395e+13  0  1346.5  0.961643  0  0  0.961643  0  0.961643  0.000675594  0  0  0.000675594  0  0.000675594
4.0404e+13  0  1346.8  0.961667  0  0  0.961667  0  0.961667  0.000674899  0  0  0.000674899  0  0.000674899
4.0413e+13  0  1347.1  0.961691  0  0  0.961691  0  0.961691  0.000674204  0  0  0.000674204  0  0.000674204
4.0422e+13  0  1347.4  0.961714  0  0  0.961714  0  0.961714  0.000673511  0  0  0.000673511  0  0.000673511
4.0431e+13  0  1347.7  0.961738  0  0  0.961738  0  0.961738  0.000672819  0  0  0.000672819  0  0.000672819
4.044e+13  0  1348  0.961762  0  0  0.961762  0  0.961762  0.000672128  0  0  0.000672128  0  0.000672128
4.0449e+13  0  1348.3  0.961786  0  0  0.961786  0  0.961786  0.000671438  0  0  0.000671438  0  0.000671438
4.0458e+13  0  1348.6  0.961809  0  0  0.961809  0  0.961809  0.000670749  0  0  0.000670749  0  0.000670749
4.0467e+13  0  1348.9  0.961833  0  0  0.961833  0  0.961833  0.00067006  0  0  0.00067006  0  0.00067006
4.0476e+13  0  1349.2  0.961857  0  0  0.961857  0  0.961857  0.000669373  0  0  0.000669373  0  0.000669373
4.0485e+13  0  1349.5  0.96188  0  0  0.96188  0  0.96188  0.000668687  0  0  0.000668687  0  0.000668687
4.0494e+13  0  1349.8  0.961904  0  0  0.961904  0  0.961904  0.000668002  0  0  0.000668002  0  0.000668002
4.0503e+13  0  1350.1  0.961928  0  0  0.961928  0  0.961928  0.000667318  0  0  0.000667318  0  0.000667318
4.0512e+13  0  1350.4  0.961951  0  0  0.961951  0  0.961951  0.000666635  0  0  0.000666635  0  0.000666635
4.0521e+13  0  1350.7  0.961975  0  0  0.961975  0  0.961975  0.000665953  0  0  0.000665953  0  0.000665953
4.053e+13  0  1351  0.961998  0  0  0.961998  0  0.961998  0.000665272  0  0  0.000665272  0  0.000665272
4.0539e+13  0  1351.3  0.962022  0  0  0.962022  0  0.962022  0.000664592  0  0  0.000664592  0  0.000664592
4.0548e+13  0  1351.6  0.962045  0  0  0.962045  0  0.962045  0.000663913  0  0  0.000663913  0  0.000663913
4.0557e+13  0  1351.9  0.962069  0  0  0.962069  0  0.962069  0.000663235  0  0  0.000663235  0  0.000663235
4.0566e+13  0  1352.2  0.962092  0  0  0.962092  0  0.962092  0.000662557  0  0  0.000662557  0  0.000662557
4.0575e+13  0  1352.5  0.962116  0  0  0.962116  0  0.962116  0.000661881  0  0  0.000661881  0  0.000661881
4.0584e+13  0  1352.8  0.962139  0  0  0.962139  0  0.962139  0.000661206  0  0  0.000661206  0  0.000661206
4.0593e+13  0  1353.1  0.962163  0  0  0.962163  0  0.962163  0.000660532  0  0  0.000660532  0  0.000660532
4.0602e+13  0  1353.4  0.962186  0  0  0.962186  0  0.962186  0.000659859  0  0  0.000659859  0  0.000659859
4.0611e+13  0  1353.7  0.962209  0  0  0.962209  0  0.962209  0.000659187  0  0  0.000659187  0  0.000659187
4.062e+13  0  1354  0.962232  0  0  0.962232  0  0.962232  0.000658515  0  0  0.000658515  0  0.000658515
4.0629e+13  0  1354.3  0.962256  0  0  0.962256  0  0.962256  0.000657845  0  0  0.000657845  0  0.000657845
4.0638e+13  0  1354.6  0.962279  0  0  0.962279  0  0.962279  0.000657176  0  0  0.000657176  0  0.000657176
4.0647e+13  0  1354.9  0.962302  0  0  0.962302  0  0.962302  0.000656508  0  0  0.000656508  0  0.000656508
4.0656e+13  0  1355.2  0.962325  0  0  0.962325  0  0.962325  0.00065584  0  0  0.00065584  0  0.00065584
4.0665e+13  0  1355.5  0.962349  0  0  0.962349  0  0.962349  0.000655174  0  0  0.000655174  0  0.000655174
4.0674e+13  0  1355.8  0.962372  0  0  0.962372  0  0.962372  0.000654509  0  0  0.000654509  0  0.000654509
4.0683e+13  0  1356.1  0.962395  0  0  0.962395  0  0.962395  0.000653844  0  0  0.000653844  0  0.000653844
4.0692e+13  0  1356.4  0.962418  0  0  0.962418  0  0.962418  0.000653181  0  0  0.000653181  0  0.000653181
4.0701e+13  0  1356.7  0.962441  0  0  0.962441  0  0.962441  0.000652518  0  0  0.000652518  0  0.000652518
4.071e+13  0  1357  0.962464  0  0  0.962464  0  0.962464  0.000651857  0  0  0.000651857  0  0.000651857
4.0719e+13  0  1357.3  0.962487  0  0  0.962487  0  0.962487  0.000651196  0  0  0.000651196  0  0.000651196
4.0728e+13  0  1357.6  0.96251  0  0  0.96251  0  0.96251  0.000650537  0  0  0.000650537  0  0.000650537
4.0737e+13  0  1357.9  0.962533  0  0  0.962533  0  0.962533  0.000649878  0  0  0.000649878  0  0.000649878
4.0746e+13  0  1358.2  0.962556  0  0  0.962556  0  0.962556  0.00064922  0  0  0.00064922  0  0.00064922
4.0755e+13  0  1358.5  0.962579  0  0  0.962579  0  0.962579  0.000648564  0  0  0.000648564  0  0.000648564
4.0764e+13  0  1358.8  0.962602  0  0  0.962602  0  0.962602  0.000647908  0  0  0.000647908  0  0.000647908
4.0773e+13  0  1359.1  0.962625  0  0  0.962625  0  0.962625  0.000647253  0  0  0.000647253  0  0.000647253
4.0782e+13  0  1359.4  0.962648  0  0  0.962648  0  0.962648  0.000646599  0  0  0.000646599  0  0.000646599
4.0791e+13  0  1359.7  0.962671  0  0  0.962671  0  0.962671  0.000645946  0  0  0.000645946  0  0.000645946
4.08e+13  0  1360  0.962694  0  0  0.962694  0  0.962694  0.000645294  0  0  0.000645294  0  0.000645294
4.0809e+13  0  1360.3  0.962716  0  0  0.962716  0  0.962716  0.000644643  0  0  0.000644643  0  0.000644643
4.0818e+13  0  1360.6  0.962739  0  0  0.962739  0  0.962739  0.000643993  0  0  0.000643993  0  0.000643993
4.0827e+13  0  1360.9  0.962762  0  0  0.962762  0  0.962762  0.000643344  0  0  0.000643344  0  0.000643344
4.0836e+13  0  1361.2  0.962785  0  0  0.962785  0  0.962785  0.000642696  0  0  0.000642696  0  0.000642696
4.0845e+13  0  1361.5  0.962807  0  0  0.962807  0  0.962807  0.000642048  0  0  0.000642048  0  0.000642048
4.0854e+13  0  1361.8  0.96283  0  0  0.96283  0  0.96283  0.000641402  0  0  0.000641402  0  0.000641402
4.0863e+13  0  1362.1  0.962853  0  0  0.962853  0  0.962853  0.000640757  0  0  0.000640757  0  0.000640757
4.0872e+13  0  1362.4  0.962875  0  0  0.962875  0  0.962875  0.000640112  0  0  0.000640112  0  0.000640112
4.0881e+13  0  1362.7  0.962898  0  0  0.962898  0  0.962898  0.000639468  0  0  0.000639468  0  0.000639468
4.089e+13  0  1363  0.962921  0  0  0.962921  0  0.962921  0.000638826  0  0  0.000638826  0  0.000638826
4.0899e+13  0  1363.3  0.962943  0  0  0.962943  0  0.962943  0.000638184  0  0  0.000638184  0  0.000638184
4.0908e+13  0  1363.6  0.962966  0  0  0.962966  0  0.962966  0.000637543  0  0  0.000637543  0  0.000637543
4.0917e+13  0  1363.9  0.962988  0  0  0.962988  0  0.962988  0.000636903  0  0  0.000636903  0  0.000636903
4.0926e+13  0  1364.2  0.963011  0  0  0.963011  0  0.963011  0.000636264  0  0  0.000636264  0  0.000636264
4.0935e+13  0  1364.5  0.963033  0  0  0.963033  0  0.963033  0.000635626  0  0  0.000635626  0  0.000635626
4.0944e+13  0  1364.8  0.963056  0  0  0.963056  0  0.963056  0.000634989  0  0  0.000634989  0  0.000634989
4.0953e+13  0  1365.1  0.963078  0  0  0.963078  0  0.963078  0.000634353  0  0  0.000634353  0  0.000634353
4.0962e+13  0  1365.4  0.963101  0  0  0.963101  0  0.963101  0.000633718  0  0  0.000633718  0  0.000633718
4.0971e+13  0  1365.7  0.963123  0  0  0.963123  0  0.963123  0.000633083  0  0  0.000633083  0  0.000633083
4.098e+13  0  1366  0.963145  0  0  0.963145  0  0.963145  0.00063245  0  0  0.00063245  0  0.00063245
4.0989e+13  0  1366.3  0.963168  0  0  0.963168  0  0.963168  0.000631817  0  0  0.000631817  0  0.000631817
4.0998e+13  0  1366.6  0.96319  0  0  0.96319  0  0.96319  0.000631185  0  0  0.000631185  0  0.000631185
4.1007e+13  0  1366.9  0.963213  0  0  0.963213  0  0.963213  0.000630555  0  0  0.000630555  0  0.000630555
4.1016e+13  0  1367.2  0.963235  0  0  0.963235  0  0.963235  0.000629925  0  0  0.000629925  0  0.000629925
4.1025e+13  0  1367.5  0.963257  0  0  0.963257  0  0.963257  0.000629296  0  0  0.000629296  0  0.000629296
4.1034e+13  0  1367.8  0.963279  0  0  0.963279  0  0.963279  0.000628668  0  0  0.000628668  0  0.000628668
4.1043e+13  0  1368.1  0.963302  0  0  0.963302  0  0.963302  0.00062804  0  0  0.00062804  0  0.00062804
4.1052e+13  0  1368.4  0.963324  0  0  0.963324  0  0.963324  0.000627414  0  0  0.000627414  0  0.000627414
4.1061e+13  0  1368.7  0.963346  0  0  0.963346  0  0.963346  0.000626789  0  0  0.000626789  0  0.000626789
4.107e+13  0  1369  0.963368  0  0  0.963368  0  0.963368  0.000626164  0  0  0.000626164  0  0.000626164
4.1079e+13  0  1369.3  0.96339  0  0  0.96339  0  0.96339  0.000625541  0  0  0.000625541  0  0.000625541
4.1088e+13  0  1369.6  0.963412  0  0  0.963412  0  0.963412  0.000624918  0  0  0.000624918  0  0.000624918
4.1097e+13  0  1369.9  0.963434  0  0  0.963434  0  0.963434  0.000624296  0  0  0.000624296  0  0.000624296
4.1106e+13  0  1370.2  0.963457  0  0  0.963457  0  0.963457  0.000623675  0  0  0.000623675  0  0.000623675
4.1115e+13  0  1370.5  0.963479  0  0  0.963479  0  0.963479  0.000623055  0  0  0.000623055  0  0.000623055
4.1124e+13  0  1370.8  0.963501  0  0  0.963501  0  0.963501  0.000622436  0  0  0.000622436  0  0.000622436
4.1133e+13  0  1371.1  0.963523  0  0  0.963523  0  0.963523  0.000621817  0  0  0.000621817  0  0.000621817
4.1142e+13  0  1371.4  0.963545  0  0  0.963545  0  0.963545  0.0006212  0  0  0.0006212  0  0.0006212
4.1151e+13  0  1371.7  0.963567  0  0  0.963567  0  0.963567  0.000620583  0  0  0.000620583  0  0.000620583
4.116e+13  0  1372  0.963589  0  0  0.963589  0  0.963589  0.000619968  0  0  0.000619968  0  0.000619968
4.1169e+13  0  1372.3  0.96361  0  0  0.96361  0  0.96361  0.000619353  0  0  0.000619353  0  0.000619353
4.1178e+13  0  1372.6  0.963632  0  0  0.963632  0  0.963632  0.000618739  0  0  0.000618739  0  0.000618739
4.1187e+13  0  1372.9  0.963654  0  0  0.963654  0  0.963654  0.000618126  0  0  0.000618126  0  0.000618126
4.1196e+13  0  1373.2  0.963676  0  0  0.963676  0  0.963676  0.000617514  0  0  0.000617514  0  0.000617514
4.1205e+13  0  1373.5  0.963698  0  0  0.963698  0  0.963698  0.000616902  0  0  0.000616902  0  0.000616902
4.1214e+13  0  1373.8  0.96372  0  0  0.96372  0  0.96372  0.000616292  0  0  0.000616292  0  0.000616292
4.1223e+13  0  1374.1  0.963741  0  0  0.963741  0  0.963741  0.000615682  0  0  0.000615682  0  0.000615682
4.1232e+13  0  1374.4  0.963763  0  0  0.963763  0  0.963763  0.000615073  0  0  0.000615073  0  0.000615073
4.1241e+13  0  1374.7  0.963785  0  0  0.963785  0  0.963785  0.000614465  0  0  0.000614465  0  0.000614465
4.125e+13  0  1375  0.963807  0  0  0.963807  0  0.963807  0.000613858  0  0  0.000613858  0  0.000613858
4.1259e+13  0  1375.3  0.963828  0  0  0.963828  0  0.963828  0.000613252  0  0  0.000613252  0  0.000613252
4.1268e+13  0  1375.6  0.96385  0  0  0.96385  0  0.96385  0.000612647  0  0  0.000612647  0  0.000612647
4.1277e+13  0  1375.9  0.963872  0  0  0.963872  0  0.963872  0.000612042  0  0  0.000612042  0  0.000612042
4.1286e+13  0  1376.2  0.963893  0  0  0.963893  0  0.963893  0.000611439  0  0  0.000611439  0  0.000611439
4.1295e+13  0  1376.5  0.963915  0  0  0.963915  0  0.963915  0.000610836  0  0  0.000610836  0  0.000610836
4.1304e+13  0  1376.8  0.963937  0  0  0.963937  0  0.963937  0.000610234  0  0  0.000610234  0  0.000610234
4.1313e+13  0  1377.1  0.963958  0  0  0.963958  0  0.963958  0.000609633  0  0  0.000609633  0  0.000609633
4.1322e+13  0  1377.4  0.96398  0  0  0.96398  0  0.96398  0.000609033  0  0  0.000609033  0  0.000609033
4.1331e+13  0  1377.7  0.964001  0  0  0.964001  0  0.964001  0.000608433  0  0  0.000608433  0  0.000608433
4.134e+13  0  1378  0.964023  0  0  0.964023  0  0.964023  0.000607835  0  0  0.000607835  0  0.000607835
4.1349e+13  0  1378.3  0.964044  0  0  0.964044  0  0.964044  0.000607237  0  0  0.000607237  0  0.000607237
4.1358e+13  0  1378.6  0.964066  0  0  0.964066  0  0.964066  0.00060664  0  0  0.00060664  0  0.00060664
4.1367e+13  0  1378.9  0.964087  0  0  0.964087  0  0.964087  0.000606044  0  0  0.000606044  0  0.000606044
4.1376e+13  0  1379.2  0.964109  0  0  0.964109  0  0.964109  0.000605449  0  0  0.000605449  0  0.000605449
4.1385e+13  0  1379.5  0.96413  0  0  0.96413  0  0.96413  0.000604855  0  0  0.000604855  0  0.000604855
4.1394e+13  0  1379.8  0.964152  0  0  0.964152  0  0.964152  0.000604261  0  0  0.000604261  0  0.000604261
4.1403e+13  0  1380.1  0.964173  0  0  0.964173  0  0.964173  0.000603668  0  0  0.000603668  0  0.000603668
4.1412e+13  0  1380.4  0.964194  0  0  0.964194  0  0.964194  0.000603077  0  0  0.000603077  0  0.000603077
4.1421e+13  0  1380.7  0.964216  0  0  0.964216  0  0.964216  0.000602486  0  0  0.000602486  0  0.000602486
4.143e+13  0  1381  0.964237  0  0  0.964237  0  0.964237  0.000601895  0  0  0.000601895  0  0.000601895
4.1439e+13  0  1381.3  0.964258  0  0  0.964258  0  0.964258  0.000601306  0  0  0.000601306  0  0.000601306
4.1448e+13  0  1381.6  0.964279  0  0  0.964279  0  0.964279  0.000600717  0  0  0.000600717  0  0.000600717
4.1457e+13  0  1381.9  0.964301  0  0  0.964301  0  0.964301  0.00060013  0  0  0.00060013  0  0.00060013
4.1466e+13  0  1382.2  0.964322  0  0  0.964322  0  0.964322  0.000599543  0  0  0.000599543  0  0.000599543
4.1475e+13  0  1382.5  0.964343  0  0  0.964343  0  0.964343  0.000598957  0  0  0.000598957  0  0.000598957
4.1484e+13  0  1382.8  0.964364  0  0  0.964364  0  0.964364  0.000598371  0  0  0.000598371  0  0.000598371
4.1493e+13  0  1383.1  0.964385  0  0  0.964385  0  0.964385  0.000597787  0  0  0.000597787  0  0.000597787
4.1502e+13  0  1383.4  0.964407  0  0  0.964407  0  0.964407  0.000597203  0  0  0.000597203  0  0.000597203
4.1511e+13  0  1383.7  0.964428  0  0  0.964428  0  0.964428  0.000596621  0  0  0.000596621  0  0.000596621
4.152e+13  0  1384  0.964449  0  0  0.964449  0  0.964449  0.000596038  0  0  0.000596038  0  0.000596038
4.1529e+13  0  1384.3  0.96447  0  0  0.96447  0  0.96447  0.000595457  0  0  0.000595457  0  0.000595457
4.1538e+13  0  1384.6  0.964491  0  0  0.964491  0  0.964491  0.000594877  0  0  0.000594877  0  0.000594877
4.1547e+13  0  1384.9  0.964512  0  0  0.964512  0  0.964512  0.000594297  0  0  0.000594297  0  0.000594297
4.1556e+13  0  1385.2  0.964533  0  0  0.964533  0  0.964533  0.000593719  0  0  0.000593719  0  0.000593719
4.1565e+13  0  1385.5  0.964554  0  0  0.964554  0  0.964554  0.000593141  0  0  0.000593141  0  0.000593141
4.1574e+13  0  1385.8  0.964575  0  0  0.964575  0  0.964575  0.000592563  0  0  0.000592563  0  0.000592563
4.1583e+13  0  1386.1  0.964596  0  0  0.964596  0  0.964596  0.000591987  0  0  0.000591987  0  0.000591987
4.1592e+13  0  1386.4  0.964617  0  0  0.964617  0  0.964617  0.000591411  0  0  0.000591411  0  0.000591411
4.1601e+13  0  1386.7  0.964638  0  0  0.964638  0  0.964638  0.000590837  0  0  0.000590837  0  0.000590837
4.161e+13  0  1387  0.964659  0  0  0.964659  0  0.964659  0.000590263  0  0  0.000590263  0  0.000590263
4.1619e+13  0  1387.3  0.96468  0  0  0.96468  0  0.96468  0.000589689  0  0  0.000589689  0  0.000589689
4.1628e+13  0  1387.6  0.9647  0  0  0.9647  0  0.9647  0.000589117  0  0  0.000589117  0  0.000589117
4.1637e+13  0  1387.9  0.964721  0  0  0.964721  0  0.964721  0.000588545  0  0  0.000588545  0  0.000588545
4.1646e+13  0  1388.2  0.964742  0  0  0.964742  0  0.964742  0.000587975  0  0  0.000587975  0  0.000587975
4.1655e+13  0  1388.5  0.964763  0  0  0.964763  0  0.964763  0.000587405  0  0  0.000587405  0  0.000587405
4.1664e+13  0  1388.8  0.964784  0  0  0.964784  0  0.964784  0.000586835  0  0  0.000586835  0  0.000586835
4.1673e+13  0  1389.1  0.964804  0  0  0.964804  0  0.964804  0.000586267  0  0  0.000586267  0  0.000586267
4.1682e+13  0  1389.4  0.964825  0  0  0.964825  0  0.964825  0.000585699  0  0  0.000585699  0  0.000585699
4.1691e+13  0  1389.7  0.964846  0  0  0.964846  0  0.964846  0.000585132  0  0  0.000585132  0  0.000585132
4.17e+13  0  1390  0.964867  0  0  0.964867  0  0.964867  0.000584566  0  0  0.000584566  0  0.000584566
4.1709e+13  0  1390.3  0.964887  0  0  0.964887  0  0.964887  0.000584001  0  0  0.000584001  0  0.000584001
4.1718e+13  0  1390.6  0.964908  0  0  0.964908  0  0.964908  0.000583437  0  0  0.000583437  0  0.000583437
4.1727e+13  0  1390.9  0.964928  0  0  0.964928  0  0.964928  0.000582873  0  0  0.000582873  0  0.000582873
4.1736e+13  0  1391.2  0.964949  0  0  0.964949  0  0.964949  0.00058231  0  0  0.00058231  0  0.00058231
4.1745e+13  0  1391.5  0.96497  0  0  0.96497  0  0.96497  0.000581748  0  0  0.000581748  0  0.000581748
4.1754e+13  0  1391.8  0.96499  0  0  0.96499  0  0.96499  0.000581186  0  0  0.000581186  0  0.000581186
4.1763e+13  0  1392.1  0.965011  0  0  0.965011  0  0.965011  0.000580626  0  0  0.000580626  0  0.000580626
4.1772e+13  0  1392.4  0.965031  0  0  0.965031  0  0.965031  0.000580066  0  0  0.000580066  0  0.000580066
4.1781e+13  0  1392.7  0.965052  0  0  0.965052  0  0.965052  0.000579507  0  0  0.000579507  0  0.000579507
4.179e+13  0  1393  0.965072  0  0  0.965072  0  0.965072  0.000578948  0  0  0.000578948  0  0.000578948
4.1799e+13  0  1393.3  0.965093  0  0  0.965093  0  0.965093  0.000578391  0  0  0.000578391  0  0.000578391
4.1808e+13  0  1393.6  0.965113  0  0  0.965113  0  0.965113  0.000577834  0  0  0.000577834  0  0.000577834
4.1817e+13  0  1393.9  0.965134  0  0  0.965134  0  0.965134  0.000577278  0  0  0.000577278  0  0.000577278
4.1826e+13  0  1394.2  0.965154  0  0  0.965154  0  0.965154  0.000576723  0  0  0.000576723  0  0.000576723
4.1835e+13  0  1394.5  0.965175  0  0  0.965175  0  0.965175  0.000576168  0  0  0.000576168  0  0.000576168
4.1844e+13  0  1394.8  0.965195  0  0  0.965195  0  0.965195  0.000575614  0  0  0.000575614  0  0.000575614
4.1853e+13  0  1395.1  0.965215  0  0  0.965215  0  0.965215  0.000575061  0  0  0.000575061  0  0.000575061
4.1862e+13  0  1395.4  0.965236  0  0  0.965236  0  0.965236  0.000574509  0  0  0.000574509  0  0.000574509
4.1871e+13  0  1395.7  0.965256  0  0  0.965256  0  0.965256  0.000573958  0  0  0.000573958  0  0.000573958
4.188e+13  0  1396  0.965276  0  0  0.965276  0  0.965276  0.000573407  0  0  0.000573407  0  0.000573407
4.1889e+13  0  1396.3  0.965297  0  0  0.965297  0  0.965297  0.000572857  0  0  0.000572857  0  0.000572857
4.1898e+13  0  1396.6  0.965317  0  0  0.965317  0  0.965317  0.000572308  0  0  0.000572308  0  0.000572308
4.1907e+13  0  1396.9  0.965337  0  0  0.965337  0  0.965337  0.000571759  0  0  0.000571759  0  0.000571759
4.1916e+13  0  1397.2  0.965357  0  0  0.965357  0  0.965357  0.000571212  0  0  0.000571212  0  0.000571212
4.1925e+13  0  1397.5  0.965378  0  0  0.965378  0  0.965378  0.000570665  0  0  0.000570665  0  0.000570665
4.1934e+13  0  1397.8  0.965398  0  0  0.965398  0  0.965398  0.000570118  0  0  0.000570118  0  0.000570118
4.1943e+13  0  1398.1  0.965418  0  0  0.965418  0  0.965418  0.000569573  0  0  0.000569573  0  0.000569573
4.1952e+13  0  1398.4  0.965438  0  0  0.965438  0  0.965438  0.000569028  0  0  0.000569028  0  0.000569028
4.1961e+13  0  1398.7  0.965458  0  0  0.965458  0  0.965458  0.000568484  0  0  0.000568484  0  0.000568484
4.197e+13  0  1399  0.965478  0  0  0.965478  0  0.965478  0.000567941  0  0  0.000567941  0  0.000567941
4.1979e+13  0  1399.3  0.965498  0  0  0.965498  0  0.965498  0.000567399  0  0  0.000567399  0  0.000567399
4.1988e+13  0  1399.6  0.965518  0  0  0.965518  0  0.965518  0.000566857  0  0  0.000566857  0  0.000566857
4.1997e+13  0  1399.9  0.965538  0  0  0.965538  0  0.965538  0.000566316  0  0  0.000566316  0  0.000566316
4.2006e+13  0  1400.2  0.965559  0  0  0.965559  0  0.965559  0.000565775  0  0  0.000565775  0  0.000565775
4.2015e+13  0  1400.5  0.965579  0  0  0.965579  0  0.965579  0.000565236  0  0  0.000565236  0  0.000565236
4.2024e+13  0  1400.8  0.965599  0  0  0.965599  0  0.965599  0.000564697  0  0  0.000564697  0  0.000564697
4.2033e+13  0  1401.1  0.965618  0  0  0.965618  0  0.965618  0.000564159  0  0  0.000564159  0  0.000564159
4.2042e+13  0  1401.4  0.965638  0  0  0.965638  0  0.965638  0.000563622  0  0  0.000563622  0  0.000563622
4.2051e+13  0  1401.7  0.965658  0  0  0.965658  0  0.965658  0.000563085  0  0  0.000563085  0  0.000563085
4.206e+13  0  1402  0.965678  0  0  0.965678  0  0.965678  0.000562549  0  0  0.000562549  0  0.000562549
4.2069e+13  0  1402.3  0.965698  0  0  0.965698  0  0.965698  0.000562014  0  0  0.000562014  0  0.000562014
4.2078e+13  0  1402.6  0.965718  0  0  0.965718  0  0.965718  0.000561479  0  0  0.000561479  0  0.000561479
4.2087e+13  0  1402.9  0.965738  0  0  0.965738  0  0.965738  0.000560946  0  0  0.000560946  0  0.000560946
4.2096e+13  0  1403.2  0.965758  0  0  0.965758  0  0.965758  0.000560413  0  0  0.000560413  0  0.000560413
4.2105e+13  0  1403.5  0.965778  0  0  0.965778  0  0.965778  0.00055988  0  0  0.00055988  0  0.00055988
4.2114e+13  0  1403.8  0.965797  0  0  0.965797  0  0.965797  0.000559349  0  0  0.000559349  0  0.000559349
4.2123e+13  0  1404.1  0.965817  0  0  0.965817  0  0.965817  0.000558818  0  0  0.000558818  0  0.000558818
4.2132e+13  0  1404.4  0.965837  0  0  0.965837  0  0.965837  0.000558288  0  0  0.000558288  0  0.000558288
4.2141e+13  0  1404.7  0.965857  0  0  0.965857  0  0.965857  0.000557759  0  0  0.000557759  0  0.000557759
4.215e+13  0  1405  0.965876  0  0  0.965876  0  0.965876  0.00055723  0  0  0.00055723  0  0.00055723
4.2159e+13  0  1405.3  0.965896  0  0  0.965896  0  0.965896  0.000556702  0  0  0.000556702  0  0.000556702
4.2168e+13  0  1405.6  0.965916  0  0  0.965916  0  0.965916  0.000556175  0  0  0.000556175  0  0.000556175
4.2177e+13  0  1405.9  0.965936  0  0  0.965936  0  0.965936  0.000555648  0  0  0.000555648  0  0.000555648
4.2186e+13  0  1406.2  0.965955  0  0  0.965955  0  0.965955  0.000555122  0  0  0.000555122  0  0.000555122
4.2195e+13  0  1406.5  0.965975  0  0  0.965975  0  0.965975  0.000554597  0  0  0.000554597  0  0.000554597
4.2204e+13  0  1406.8  0.965994  0  0  0.965994  0  0.965994  0.000554073  0  0  0.000554073  0  0.000554073
4.2213e+13  0  1407.1  0.966014  0  0  0.966014  0  0.966014  0.000553549  0  0  0.000553549  0  0.000553549
4.2222e+13  0  1407.4  0.966034  0  0  0.966034  0  0.966034  0.000553026  0  0  0.000553026  0  0.000553026
4.2231e+13  0  1407.7  0.966053  0  0  0.966053  0  0.966053  0.000552504  0  0  0.000552504  0  0.000552504
4.224e+13  0  1408  0.966073  0  0  0.966073  0  0.966073  0.000551982  0  0  0.000551982  0  0.000551982
4.2249e+13  0  1408.3  0.966092  0  0  0.966092  0  0.966092  0.000551461  0  0  0.000551461  0  0.000551461
4.2258e+13  0  1408.6  0.966112  0  0  0.966112  0  0.966112  0.000550941  0  0  0.000550941  0  0.000550941
4.2267e+13  0  1408.9  0.966131  0  0  0.966131  0  0.966131  0.000550422  0  0  0.000550422  0  0.000550422
4.2276e+13  0  1409.2  0.966151  0  0  0.966151  0  0.966151  0.000549903  0  0  0.000549903  0  0.000549903
4.2285e+13  0  1409.5  0.96617  0  0  0.96617  0  0.96617  0.000549385  0  0  0.000549385  0  0.000549385
4.2294e+13  0  1409.8  0.96619  0  0  0.96619  0  0.96619  0.000548867  0  0  0.000548867  0  0.000548867
4.2303e+13  0  1410.1  0.966209  0  0  0.966209  0  0.966209  0.00054835  0  0  0.00054835  0  0.00054835
4.2312e+13  0  1410.4  0.966229  0  0  0.966229  0  0.966229  0.000547834  0  0  0.000547834  0  0.000547834
4.2321e+13  0  1410.7  0.966248  0  0  0.966248  0  0.966248  0.000547319  0  0  0.000547319  0  0.000547319
4.233e+13  0  1411  0.966267  0  0  0.966267  0  0.966267  0.000546804  0  0  0.000546804  0  0.000546804
4.2339e+13  0  1411.3  0.966287  0  0  0.966287  0  0.966287  0.000546291  0  0  0.000546291  0  0.000546291
4.2348e+13  0  1411.6  0.966306  0  0  0.966306  0  0.966306  0.000545777  0  0  0.000545777  0  0.000545777
4.2357e+13  0  1411.9  0.966325  0  0  0.966325  0  0.966325  0.000545265  0  0  0.000545265  0  0.000545265
4.2366e+13  0  1412.2  0.966345  0  0  0.966345  0  0.966345  0.000544753  0  0  0.000544753  0  0.000544753
4.2375e+13  0  1412.5  0.966364  0  0  0.966364  0  0.966364  0.000544242  0  0  0.000544242  0  0.000544242
4.2384e+13  0  1412.8  0.966383  0  0  0.966383  0  0.966383  0.000543731  0  0  0.000543731  0  0.000543731
4.2393e+13  0  1413.1  0.966402  0  0  0.966402  0  0.966402  0.000543221  0  0  0.000543221  0  0.000543221
4.2402e+13  0  1413.4  0.966422  0  0  0.966422  0  0.966422  0.000542712  0  0  0.000542712  0  0.000542712
4.2411e+13  0  1413.7  0.966441  0  0  0.966441  0  0.966441  0.000542204  0  0  0.000542204  0  0.000542204
4.242e+13  0  1414  0.96646  0  0  0.96646  0  0.96646  0.000541696  0  0  0.000541696  0  0.000541696
4.2429e+13  0  1414.3  0.966479  0  0  0.966479  0  0.966479  0.000541189  0  0  0.000541189  0  0.000541189
4.2438e+13  0  1414.6  0.966498  0  0  0.966498  0  0.966498  0.000540682  0  0  0.000540682  0  0.000540682
4.2447e+13  0  1414.9  0.966517  0  0  0.966517  0  0.966517  0.000540177  0  0  0.000540177  0  0.000540177
4.2456e+13  0  1415.2  0.966536  0  0  0.966536  0  0.966536  0.000539671  0  0  0.000539671  0  0.000539671
4.2465e+13  0  1415.5  0.966556  0  0  0.966556  0  0.966556  0.000539167  0  0  0.000539167  0  0.000539167
4.2474e+13  0  1415.8  0.966575  0  0  0.966575  0  0.966575  0.000538663  0  0  0.000538663  0  0.000538663
4.2483e+13  0  1416.1  0.966594  0  0  0.966594  0  0.966594  0.00053816  0  0  0.00053816  0  0.00053816
4.2492e+13  0  1416.4  0.966613  0  0  0.966613  0  0.966613  0.000537658  0  0  0.000537658  0  0.000537658
4.2501e+13  0  1416.7  0.966632  0  0  0.966632  0  0.966632  0.000537156  0  0  0.000537156  0  0.000537156
4.251e+13  0  1417  0.966651  0  0  0.966651  0  0.966651  0.000536655  0  0  0.000536655  0  0.000536655
4.2519e+13  0  1417.3  0.96667  0  0  0.96667  0  0.96667  0.000536155  0  0  0.000536155  0  0.000536155
4.2528e+13  0  1417.6  0.966689  0  0  0.966689  0  0.966689  0.000535655  0  0  0.000535655  0  0.000535655
4.2537e+13  0  1417.9  0.966708  0  0  0.966708  0  0.966708  0.000535156  0  0  0.000535156  0  0.000535156
4.2546e+13  0  1418.2  0.966727  0  0  0.966727  0  0.966727  0.000534657  0  0  0.000534657  0  0.000534657
4.2555e+13  0  1418.5  0.966746  0  0  0.966746  0  0.966746  0.00053416  0  0  0.00053416  0  0.00053416
4.2564e+13  0  1418.8  0.966764  0  0  0.966764  0  0.966764  0.000533662  0  0  0.000533662  0  0.000533662
4.2573e+13  0  1419.1  0.966783  0  0  0.966783  0  0.966783  0.000533166  0  0  0.000533166  0  0.000533166
4.2582e+13  0  1419.4  0.966802  0  0  0.966802  0  0.966802  0.00053267  0  0  0.00053267  0  0.00053267
4.2591e+13  0  1419.7  0.966821  0  0  0.966821  0  0.966821  0.000532175  0  0  0.000532175  0  0.000532175
4.26e+13  0  1420  0.96684  0  0  0.96684  0  0.96684  0.000531681  0  0  0.000531681  0  0.000531681
4.2609e+13  0  1420.3  0.966859  0  0  0.966859  0  0.966859  0.000531187  0  0  0.000531187  0  0.000531187
4.2618e+13  0  1420.6  0.966878  0  0  0.966878  0  0.966878  0.000530694  0  0  0.000530694  0  0.000530694
4.2627e+13  0  1420.9  0.966896  0  0  0.966896  0  0.966896  0.000530201  0  0  0.000530201  0  0.000530201
4.2636e+13  0  1421.2  0.966915  0  0  0.966915  0  0.966915  0.000529709  0  0  0.000529709  0  0.000529709
4.2645e+13  0  1421.5  0.966934  0  0  0.966934  0  0.966934  0.000529218  0  0  0.000529218  0  0.000529218
4.2654e+13  0  1421.8  0.966953  0  0  0.966953  0  0.966953  0.000528728  0  0  0.000528728  0  0.000528728
4.2663e+13  0  1422.1  0.966971  0  0  0.966971  0  0.966971  0.000528238  0  0  0.000528238  0  0.000528238
4.2672e+13  0  1422.4  0.96699  0  0  0.96699  0  0.96699  0.000527748  0  0  0.000527748  0  0.000527748
4.2681e+13  0  1422.7  0.967009  0  0  0.967009  0  0.967009  0.00052726  0  0  0.00052726  0  0.00052726
4.269e+13  0  1423  0.967027  0  0  0.967027  0  0.967027  0.000526772  0  0  0.000526772  0  0.000526772
4.2699e+13  0  1423.3  0.967046  0  0  0.967046  0  0.967046  0.000526284  0  0  0.000526284  0  0.000526284
4.2708e+13  0  1423.6  0.967065  0  0  0.967065  0  0.967065  0.000525798  0  0  0.000525798  0  0.000525798
4.2717e+13  0  1423.9  0.967083  0  0  0.967083  0  0.967083  0.000525312  0  0  0.000525312  0  0.000525312
4.2726e+13  0  1424.2  0.967102  0  0  0.967102  0  0.967102  0.000524826  0  0  0.000524826  0  0.000524826
4.2735e+13  0  1424.5  0.96712  0  0  0.96712  0  0.96712  0.000524341  0  0  0.000524341  0  0.000524341
4.2744e+13  0  1424.8  0.967139  0  0  0.967139  0  0.967139  0.000523857  0  0  0.000523857  0  0.000523857
4.2753e+13  0  1425.1  0.967157  0  0  0.967157  0  0.967157  0.000523374  0  0  0.000523374  0  0.000523374
4.2762e+13  0  1425.4  0.967176  0  0  0.967176  0  0.967176  0.000522891  0  0  0.000522891  0  0.000522891
4.2771e+13  0  1425.7  0.967194  0  0  0.967194  0  0.967194  0.000522409  0  0  0.000522409  0  0.000522409
4.278e+13  0  1426  0.967213  0  0  0.967213  0  0.967213  0.000521927  0  0  0.000521927  0  0.000521927
4.2789e+13  0  1426.3  0.967231  0  0  0.967231  0  0.967231  0.000521446  0  0  0.000521446  0  0.000521446
4.2798e+13  0  1426.6  0.96725  0  0  0.96725  0  0.96725  0.000520966  0  0  0.000520966  0  0.000520966
4.2807e+13  0  1426.9  0.967268  0  0  0.967268  0  0.967268  0.000520486  0  0  0.000520486  0  0.000520486
4.2816e+13  0  1427.2  0.967287  0  0  0.967287  0  0.967287  0.000520007  0  0  0.000520007  0  0.000520007
4.2825e+13  0  1427.5  0.967305  0  0  0.967305  0  0.967305  0.000519529  0  0  0.000519529  0  0.000519529
4.2834e+13  0  1427.8  0.967323  0  0  0.967323  0  0.967323  0.000519051  0  0  0.000519051  0  0.000519051
4.2843e+13  0  1428.1  0.967342  0  0  0.967342  0  0.967342  0.000518574  0  0  0.000518574  0  0.000518574
4.2852e+13  0  1428.4  0.96736  0  0  0.96736  0  0.96736  0.000518097  0  0  0.000518097  0  0.000518097
4.2861e+13  0  1428.7  0.967379  0  0  0.967379  0  0.967379  0.000517621  0  0  0.000517621  0  0.000517621
4.287e+13  0  1429  0.967397  0  0  0.967397  0  0.967397  0.000517146  0  0  0.000517146  0  0.000517146
4.2879e+13  0  1429.3  0.967415  0  0  0.967415  0  0.967415  0.000516671  0  0  0.000516671  0  0.000516671
4.2888e+13  0  1429.6  0.967433  0  0  0.967433  0  0.967433  0.000516197  0  0  0.000516197  0  0.000516197
4.2897e+13  0  1429.9  0.967452  0  0  0.967452  0  0.967452  0.000515723  0  0  0.000515723  0  0.000515723
4.2906e+13  0  1430.2  0.96747  0  0  0.96747  0  0.96747  0.000515251  0  0  0.000515251  0  0.000515251
4.2915e+13  0  1430.5  0.967488  0  0  0.967488  0  0.967488  0.000514778  0  0  0.000514778  0  0.000514778
4.2924e+13  0  1430.8  0.967506  0  0  0.967506  0  0.967506  0.000514307  0  0  0.000514307  0  0.000514307
4.2933e+13  0  1431.1  0.967525  0  0  0.967525  0  0.967525  0.000513836  0  0  0.000513836  0  0.000513836
4.2942e+13  0  1431.4  0.967543  0  0  0.967543  0  0.967543  0.000513365  0  0  0.000513365  0  0.000513365
4.2951e+13  0  1431.7  0.967561  0  0  0.967561  0  0.967561  0.000512896  0  0  0.000512896  0  0.000512896
4.296e+13  0  1432  0.967579  0  0  0.967579  0  0.967579  0.000512426  0  0  0.000512426  0  0.000512426
4.2969e+13  0  1432.3  0.967597  0  0  0.967597  0  0.967597  0.000511958  0  0  0.000511958  0  0.000511958
4.2978e+13  0  1432.6  0.967615  0  0  0.967615  0  0.967615  0.00051149  0  0  0.00051149  0  0.00051149
4.2987e+13  0  1432.9  0.967633  0  0  0.967633  0  0.967633  0.000511023  0  0  0.000511023  0  0.000511023
4.2996e+13  0  1433.2  0.967652  0  0  0.967652  0  0.967652  0.000510556  0  0  0.000510556  0  0.000510556
4.3005e+13  0  1433.5  0.96767  0  0  0.96767  0  0.96767  0.00051009  0  0  0.00051009  0  0.00051009
4.3014e+13  0  1433.8  0.967688  0  0  0.967688  0  0.967688  0.000509624  0  0  0.000509624  0  0.000509624
4.3023e+13  0  1434.1  0.967706  0  0  0.967706  0  0.967706  0.000509159  0  0  0.000509159  0  0.000509159
4.3032e+13  0  1434.4  0.967724  0  0  0.967724  0  0.967724  0.000508695  0  0  0.000508695  0  0.000508695
4.3041e+13  0  1434.7  0.967742  0  0  0.967742  0  0.967742  0.000508231  0  0  0.000508231  0  0.000508231
4.305e+13  0  1435  0.96776  0  0  0.96776  0  0.96776  0.000507768  0  0  0.000507768  0  0.000507768
4.3059e+13  0  1435.3  0.967778  0  0  0.967778  0  0.967778  0.000507306  0  0  0.000507306  0  0.000507306
4.3068e+13  0  1435.6  0.967796  0  0  0.967796  0  0.967796  0.000506844  0  0  0.000506844  0  0.000506844
4.3077e+13  0  1435.9  0.967814  0  0  0.967814  0  0.967814  0.000506383  0  0  0.000506383  0  0.000506383
4.3086e+13  0  1436.2  0.967832  0  0  0.967832  0  0.967832  0.000505922  0  0  0.000505922  0  0.000505922
4.3095e+13  0  1436.5  0.967849  0  0  0.967849  0  0.967849  0.000505462  0  0  0.000505462  0  0.000505462
4.3104e+13  0  1436.8  0.967867  0  0  0.967867  0  0.967867  0.000505002  0  0  0.000505002  0  0.000505002
4.3113e+13  0  1437.1  0.967885  0  0  0.967885  0  0.967885  0.000504543  0  0  0.000504543  0  0.000504543
4.3122e+13  0  1437.4  0.967903  0  0  0.967903  0  0.967903  0.000504085  0  0  0.000504085  0  0.000504085
4.3131e+13  0  1437.7  0.967921  0  0  0.967921  0  0.967921  0.000503627  0  0  0.000503627  0  0.000503627
4.314e+13  0  1438  0.967939  0  0  0.967939  0  0.967939  0.00050317  0  0  0.00050317  0  0.00050317
4.3149e+13  0  1438.3  0.967957  0  0  0.967957  0  0.967957  0.000502713  0  0  0.000502713  0  0.000502713
4.3158e+13  0  1438.6  0.967974  0  0  0.967974  0  0.967974  0.000502257  0  0  0.000502257  0  0.000502257
4.3167e+13  0  1438.9  0.967992  0  0  0.967992  0  0.967992  0.000501802  0  0  0.000501802  0  0.000501802
4.3176e+13  0  1439.2  0.96801  0  0  0.96801  0  0.96801  0.000501347  0  0  0.000501347  0  0.000501347
4.3185e+13  0  1439.5  0.968028  0  0  0.968028  0  0.968028  0.000500893  0  0  0.000500893  0  0.000500893
4.3194e+13  0  1439.8  0.968045  0  0  0.968045  0  0.968045  0.000500439  0  0  0.000500439  0  0.000500439
4.3203e+13  0  1440.1  0.968063  0  0  0.968063  0  0.968063  0.000499986  0  0  0.000499986  0  0.000499986
4.3212e+13  0  1440.4  0.968081  0  0  0.968081  0  0.968081  0.000499534  0  0  0.000499534  0  0.000499534
4.3221e+13  0  1440.7  0.968098  0  0  0.968098  0  0.968098  0.000499082  0  0  0.000499082  0  0.000499082
4.323e+13  0  1441  0.968116  0  0  0.968116  0  0.968116  0.000498631  0  0  0.000498631  0  0.000498631
4.3239e+13  0  1441.3  0.968134  0  0  0.968134  0  0.968134  0.00049818  0  0  0.00049818  0  0.00049818
4.3248e+13  0  1441.6  0.968151  0  0  0.968151  0  0.968151  0.00049773  0  0  0.00049773  0  0.00049773
4.3257e+13  0  1441.9  0.968169  0  0  0.968169  0  0.968169  0.00049728  0  0  0.00049728  0  0.00049728
4.3266e+13  0  1442.2  0.968187  0  0  0.968187  0  0.968187  0.000496831  0  0  0.000496831  0  0.000496831
4.3275e+13  0  1442.5  0.968204  0  0  0.968204  0  0.968204  0.000496383  0  0  0.000496383  0  0.000496383
4.3284e+13  0  1442.8  0.968222  0  0  0.968222  0  0.968222  0.000495935  0  0  0.000495935  0  0.000495935
4.3293e+13  0  1443.1  0.968239  0  0  0.968239  0  0.968239  0.000495488  0  0  0.000495488  0  0.000495488
4.3302e+13  0  1443.4  0.968257  0  0  0.968257  0  0.968257  0.000495041  0  0  0.000495041  0  0.000495041
4.3311e+13  0  1443.7  0.968274  0  0  0.968274  0  0.968274  0.000494595  0  0  0.000494595  0  0.000494595
4.332e+13  0  1444  0.968292  0  0  0.968292  0  0.968292  0.00049415  0  0  0.00049415  0  0.00049415
4.3329e+13  0  1444.3  0.968309  0  0  0.968309  0  0.968309  0.000493705  0  0  0.000493705  0  0.000493705
4.3338e+13  0  1444.6  0.968327  0  0  0.968327  0  0.968327  0.00049326  0  0  0.00049326  0  0.00049326
4.3347e+13  0  1444.9  0.968344  0  0  0.968344  0  0.968344  0.000492816  0  0  0.000492816  0  0.000492816
4.3356e+13  0  1445.2  0.968362  0  0  0.968362  0  0.968362  0.000492373  0  0  0.000492373  0  0.000492373
4.3365e+13  0  1445.5  0.968379  0  0  0.968379  0  0.968379  0.000491931  0  0  0.000491931  0  0.000491931
4.3374e+13  0  1445.8  0.968397  0  0  0.968397  0  0.968397  0.000491488  0  0  0.000491488  0  0.000491488
4.3383e+13  0  1446.1  0.968414  0  0  0.968414  0  0.968414  0.000491047  0  0  0.000491047  0  0.000491047
4.3392e+13  0  1446.4  0.968431  0  0  0.968431  0  0.968431  0.000490606  0  0  0.000490606  0  0.000490606
4.3401e+13  0  1446.7  0.968449  0  0  0.968449  0  0.968449  0.000490165  0  0  0.000490165  0  0.000490165
4.341e+13  0  1447  0.968466  0  0  0.968466  0  0.968466  0.000489726  0  0  0.000489726  0  0.000489726
4.3419e+13  0  1447.3  0.968483  0  0  0.968483  0  0.968483  0.000489286  0  0  0.000489286  0  0.000489286
4.3428e+13  0  1447.6  0.968501  0  0  0.968501  0  0.968501  0.000488847  0  0  0.000488847  0  0.000488847
4.3437e+13  0  1447.9  0.968518  0  0  0.968518  0  0.968518  0.000488409  0  0  0.000488409  0  0.000488409
4.3446e+13  0  1448.2  0.968535  0  0  0.968535  0  0.968535  0.000487972  0  0  0.000487972  0  0.000487972
4.3455e+13  0  1448.5  0.968553  0  0  0.968553  0  0.968553  0.000487535  0  0  0.000487535  0  0.000487535
4.3464e+13  0  1448.8  0.96857  0  0  0.96857  0  0.96857  0.000487098  0  0  0.000487098  0  0.000487098
4.3473e+13  0  1449.1  0.968587  0  0  0.968587  0  0.968587  0.000486662  0  0  0.000486662  0  0.000486662
4.3482e+13  0  1449.4  0.968604  0  0  0.968604  0  0.968604  0.000486227  0  0  0.000486227  0  0.000486227
4.3491e+13  0  1449.7  0.968622  0  0  0.968622  0  0.968622  0.000485792  0  0  0.000485792  0  0.000485792
4.35e+13  0  1450  0.968639  0  0  0.968639  0  0.968639  0.000485358  0  0  0.000485358  0  0.000485358
4.3509e+13  0  1450.3  0.968656  0  0  0.968656  0  0.968656  0.000484924  0  0  0.000484924  0  0.000484924
4.3518e+13  0  1450.6  0.968673  0  0  0.968673  0  0.968673  0.000484491  0  0  0.000484491  0  0.000484491
4.3527e+13  0  1450.9  0.96869  0  0  0.96869  0  0.96869  0.000484058  0  0  0.000484058  0  0.000484058
4.3536e+13  0  1451.2  0.968707  0  0  0.968707  0  0.968707  0.000483626  0  0  0.000483626  0  0.000483626
4.3545e+13  0  1451.5  0.968725  0  0  0.968725  0  0.968725  0.000483194  0  0  0.000483194  0  0.000483194
4.3554e+13  0  1451.8  0.968742  0  0  0.968742  0  0.968742  0.000482763  0  0  0.000482763  0  0.000482763
4.3563e+13  0  1452.1  0.968759  0  0  0.968759  0  0.968759  0.000482333  0  0  0.000482333  0  0.000482333
4.3572e+13  0  1452.4  0.968776  0  0  0.968776  0  0.968776  0.000481903  0  0  0.000481903  0  0.000481903
4.3581e+13  0  1452.7  0.968793  0  0  0.968793  0  0.968793  0.000481474  0  0  0.000481474  0  0.000481474
4.359e+13  0  1453  0.96881  0  0  0.96881  0  0.96881  0.000481045  0  0  0.000481045  0  0.000481045
4.3599e+13  0  1453.3  0.968827  0  0  0.968827  0  0.968827  0.000480616  0  0  0.000480616  0  0.000480616
4.3608e+13  0  1453.6  0.968844  0  0  0.968844  0  0.968844  0.000480189  0  0  0.000480189  0  0.000480189
4.3617e+13  0  1453.9  0.968861  0  0  0.968861  0  0.968861  0.000479761  0  0  0.000479761  0  0.000479761
4.3626e+13  0  1454.2  0.968878  0  0  0.968878  0  0.968878  0.000479335  0  0  0.000479335  0  0.000479335
4.3635e+13  0  1454.5  0.968895  0  0  0.968895  0  0.968895  0.000478909  0  0  0.000478909  0  0.000478909
4.3644e+13  0  1454.8  0.968912  0  0  0.968912  0  0.968912  0.000478483  0  0  0.000478483  0  0.000478483
4.3653e+13  0  1455.1  0.968929  0  0  0.968929  0  0.968929  0.000478058  0  0  0.000478058  0  0.000478058
4.3662e+13  0  1455.4  0.968946  0  0  0.968946  0  0.968946  0.000477634  0  0  0.000477634  0  0.000477634
4.3671e+13  0  1455.7  0.968963  0  0  0.968963  0  0.968963  0.00047721  0  0  0.00047721  0  0.00047721
4.368e+13  0  1456  0.96898  0  0  0.96898  0  0.96898  0.000476786  0  0  0.000476786  0  0.000476786
4.3689e+13  0  1456.3  0.968996  0  0  0.968996  0  0.968996  0.000476363  0  0  0.000476363  0  0.000476363
4.3698e+13  0  1456.6  0.969013  0  0  0.969013  0  0.969013  0.000475941  0  0  0.000475941  0  0.000475941
4.3707e+13  0  1456.9  0.96903  0  0  0.96903  0  0.96903  0.000475519  0  0  0.000475519  0  0.000475519
4.3716e+13  0  1457.2  0.969047  0  0  0.969047  0  0.969047  0.000475098  0  0  0.000475098  0  0.000475098
4.3725e+13  0  1457.5  0.969064  0  0  0.969064  0  0.969064  0.000474677  0  0  0.000474677  0  0.000474677
4.3734e+13  0  1457.8  0.969081  0  0  0.969081  0  0.969081  0.000474257  0  0  0.000474257  0  0.000474257
4.3743e+13  0  1458.1  0.969097  0  0  0.969097  0  0.969097  0.000473837  0  0  0.000473837  0  0.000473837
4.3752e+13  0  1458.4  0.969114  0  0  0.969114  0  0.969114  0.000473418  0  0  0.000473418  0  0.000473418
4.3761e+13  0  1458.7  0.969131  0  0  0.969131  0  0.969131  0.000472999  0  0  0.000472999  0  0.000472999
4.377e+13  0  1459  0.969148  0  0  0.969148  0  0.969148  0.000472581  0  0  0.000472581  0  0.000472581
4.3779e+13  0  1459.3  0.969164  0  0  0.969164  0  0.969164  0.000472163  0  0  0.000472163  0  0.000472163
4.3788e+13  0  1459.6  0.969181  0  0  0.969181  0  0.969181  0.000471746  0  0  0.000471746  0  0.000471746
4.3797e+13  0  1459.9  0.969198  0  0  0.969198  0  0.969198  0.00047133  0  0  0.00047133  0  0.00047133
4.3806e+13  0  1460.2  0.969215  0  0  0.969215  0  0.969215  0.000470914  0  0  0.000470914  0  0.000470914
4.3815e+13  0  1460.5  0.969231  0  0  0.969231  0  0.969231  0.000470498  0  0  0.000470498  0  0.000470498
4.3824e+13  0  1460.8  0.969248  0  0  0.969248  0  0.969248  0.000470083  0  0  0.000470083  0  0.000470083
4.3833e+13  0  1461.1  0.969265  0  0  0.969265  0  0.969265  0.000469669  0  0  0.000469669  0  0.000469669
4.3842e+13  0  1461.4  0.969281  0  0  0.969281  0  0.969281  0.000469255  0  0  0.000469255  0  0.000469255
4.3851e+13  0  1461.7  0.969298  0  0  0.969298  0  0.969298  0.000468841  0  0  0.000468841  0  0.000468841
4.386e+13  0  1462  0.969314  0  0  0.969314  0  0.969314  0.000468428  0  0  0.000468428  0  0.000468428
4.3869e+13  0  1462.3  0.969331  0  0  0.969331  0  0.969331  0.000468016  0  0  0.000468016  0  0.000468016
4.3878e+13  0  1462.6  0.969348  0  0  0.969348  0  0.969348  0.000467604  0  0  0.000467604  0  0.000467604
4.3887e+13  0  1462.9  0.969364  0  0  0.969364  0  0.969364  0.000467193  0  0  0.000467193  0  0.000467193
4.3896e+13  0  1463.2  0.969381  0  0  0.969381  0  0.969381  0.000466782  0  0  0.000466782  0  0.000466782
4.3905e+13  0  1463.5  0.969397  0  0  0.969397  0  0.969397  0.000466371  0  0  0.000466371  0  0.000466371
4.3914e+13  0  1463.8  0.969414  0  0  0.969414  0  0.969414  0.000465961  0  0  0.000465961  0  0.000465961
4.3923e+13  0  1464.1  0.96943  0  0  0.96943  0  0.96943  0.000465552  0  0  0.000465552  0  0.000465552
4.3932e+13  0  1464.4  0.969447  0  0  0.969447  0  0.969447  0.000465143  0  0  0.000465143  0  0.000465143
4.3941e+13  0  1464.7  0.969463  0  0  0.969463  0  0.969463  0.000464735  0  0  0.000464735  0  0.000464735
4.395e+13  0  1465  0.96948  0  0  0.96948  0  0.96948  0.000464327  0  0  0.000464327  0  0.000464327
4.3959e+13  0  1465.3  0.969496  0  0  0.969496  0  0.969496  0.00046392  0  0  0.00046392  0  0.00046392
4.3968e+13  0  1465.6  0.969513  0  0  0.969513  0  0.969513  0.000463513  0  0  0.000463513  0  0.000463513
4.3977e+13  0  1465.9  0.969529  0  0  0.969529  0  0.969529  0.000463107  0  0  0.000463107  0  0.000463107
4.3986e+13  0  1466.2  0.969545  0  0  0.969545  0  0.969545  0.000462701  0  0  0.000462701  0  0.000462701
4.3995e+13  0  1466.5  0.969562  0  0  0.969562  0  0.969562  0.000462296  0  0  0.000462296  0  0.000462296
4.4004e+13  0  1466.8  0.969578  0  0  0.969578  0  0.969578  0.000461891  0  0  0.000461891  0  0.000461891
4.4013e+13  0  1467.1  0.969594  0  0  0.969594  0  0.969594  0.000461487  0  0  0.000461487  0  0.000461487
4.4022e+13  0  1467.4  0.969611  0  0  0.969611  0  0.969611  0.000461083  0  0  0.000461083  0  0.000461083
4.4031e+13  0  1467.7  0.969627  0  0  0.969627  0  0.969627  0.00046068  0  0  0.00046068  0  0.00046068
4.404e+13  0  1468  0.969643  0  0  0.969643  0  0.969643  0.000460277  0  0  0.000460277  0  0.000460277
4.4049e+13  0  1468.3  0.96966  0  0  0.96966  0  0.96966  0.000459875  0  0  0.000459875  0  0.000459875
4.4058e+13  0  1468.6  0.969676  0  0  0.969676  0  0.969676  0.000459473  0  0  0.000459473  0  0.000459473
4.4067e+13  0  1468.9  0.969692  0  0  0.969692  0  0.969692  0.000459072  0  0  0.000459072  0  0.000459072
4.4076e+13  0  1469.2  0.969709  0  0  0.969709  0  0.969709  0.000458671  0  0  0.000458671  0  0.000458671
4.4085e+13  0  1469.5  0.969725  0  0  0.969725  0  0.969725  0.000458271  0  0  0.000458271  0  0.000458271
4.4094e+13  0  1469.8  0.969741  0  0  0.969741  0  0.969741  0.000457871  0  0  0.000457871  0  0.000457871
4.4103e+13  0  1470.1  0.969757  0  0  0.969757  0  0.969757  0.000457471  0  0  0.000457471  0  0.000457471
4.4112e+13  0  1470.4  0.969773  0  0  0.969773  0  0.969773  0.000457073  0  0  0.000457073  0  0.000457073
4.4121e+13  0  1470.7  0.96979  0  0  0.96979  0  0.96979  0.000456674  0  0  0.000456674  0  0.000456674
4.413e+13  0  1471  0.969806  0  0  0.969806  0  0.969806  0.000456277  0  0  0.000456277  0  0.000456277
4.4139e+13  0  1471.3  0.969822  0  0  0.969822  0  0.969822  0.000455879  0  0  0.000455879  0  0.000455879
4.4148e+13  0  1471.6  0.969838  0  0  0.969838  0  0.969838  0.000455482  0  0  0.000455482  0  0.000455482
4.4157e+13  0  1471.9  0.969854  0  0  0.969854  0  0.969854  0.000455086  0  0  0.000455086  0  0.000455086
4.4166e+13  0  1472.2  0.96987  0  0  0.96987  0  0.96987  0.00045469  0  0  0.00045469  0  0.00045469
4.4175e+13  0  1472.5  0.969886  0  0  0.969886  0  0.969886  0.000454295  0  0  0.000454295  0  0.000454295
4.4184e+13  0  1472.8  0.969903  0  0  0.969903  0  0.969903  0.0004539  0  0  0.0004539  0  0.0004539
4.4193e+13  0  1473.1  0.969919  0  0  0.969919  0  0.969919  0.000453506  0  0  0.000453506  0  0.000453506
4.4202e+13  0  1473.4  0.969935  0  0  0.969935  0  0.969935  0.000453112  0  0  0.000453112  0  0.000453112
4.4211e+13  0  1473.7  0.969951  0  0  0.969951  0  0.969951  0.000452718  0  0  0.000452718  0  0.000452718
4.422e+13  0  1474  0.969967  0  0  0.969967  0  0.969967  0.000452325  0  0  0.000452325  0  0.000452325
4.4229e+13  0  1474.3  0.969983  0  0  0.969983  0  0.969983  0.000451933  0  0  0.000451933  0  0.000451933
4.4238e+13  0  1474.6  0.969999  0  0  0.969999  0  0.969999  0.000451541  0  0  0.000451541  0  0.000451541
4.4247e+13  0  1474.9  0.970015  0  0  0.970015  0  0.970015  0.00045115  0  0  0.00045115  0  0.00045115
4.4256e+13  0  1475.2  0.970031  0  0  0.970031  0  0.970031  0.000450759  0  0  0.000450759  0  0.000450759
4.4265e+13  0  1475.5  0.970047  0  0  0.970047  0  0.970047  0.000450368  0  0  0.000450368  0  0.000450368
4.4274e+13  0  1475.8  0.970063  0  0  0.970063  0  0.970063  0.000449978  0  0  0.000449978  0  0.000449978
4.4283e+13  0  1476.1  0.970079  0  0  0.970079  0  0.970079  0.000449589  0  0  0.000449589  0  0.000449589
4.4292e+13  0  1476.4  0.970094  0  0  0.970094  0  0.970094  0.000449199  0  0  0.000449199  0  0.000449199
4.4301e+13  0  1476.7  0.97011  0  0  0.97011  0  0.97011  0.000448811  0  0  0.000448811  0  0.000448811
4.431e+13  0  1477  0.970126  0  0  0.970126  0  0.970126  0.000448423  0  0  0.000448423  0  0.000448423
4.4319e+13  0  1477.3  0.970142  0  0  0.970142  0  0.970142  0.000448035  0  0  0.000448035  0  0.000448035
4.4328e+13  0  1477.6  0.970158  0  0  0.970158  0  0.970158  0.000447648  0  0  0.000447648  0  0.000447648
4.4337e+13  0  1477.9  0.970174  0  0  0.970174  0  0.970174  0.000447261  0  0  0.000447261  0  0.000447261
4.4346e+13  0  1478.2  0.97019  0  0  0.97019  0  0.97019  0.000446875  0  0  0.000446875  0  0.000446875
4.4355e+13  0  1478.5  0.970206  0  0  0.970206  0  0.970206  0.000446489  0  0  0.000446489  0  0.000446489
4.4364e+13  0  1478.8  0.970221  0  0  0.970221  0  0.970221  0.000446104  0  0  0.000446104  0  0.000446104
4.4373e+13  0  1479.1  0.970237  0  0  0.970237  0  0.970237  0.000445719  0  0  0.000445719  0  0.000445719
4.4382e+13  0  1479.4  0.970253  0  0  0.970253  0  0.970253  0.000445335  0  0  0.000445335  0  0.000445335
4.4391e+13  0  1479.7  0.970269  0  0  0.970269  0  0.970269  0.000444951  0  0  0.000444951  0  0.000444951
4.44e+13  0  1480  0.970284  0  0  0.970284  0  0.970284  0.000444568  0  0  0.000444568  0  0.000444568
4.4409e+13  0  1480.3  0.9703  0  0  0.9703  0  0.9703  0.000444185  0  0  0.000444185  0  0.000444185
4.4418e+13  0  1480.6  0.970316  0  0  0.970316  0  0.970316  0.000443802  0  0  0.000443802  0  0.000443802
4.4427e+13  0  1480.9  0.970332  0  0  0.970332  0  0.970332  0.00044342  0  0  0.00044342  0  0.00044342
4.4436e+13  0  1481.2  0.970347  0  0  0.970347  0  0.970347  0.000443039  0  0  0.000443039  0  0.000443039
4.4445e+13  0  1481.5  0.970363  0  0  0.970363  0  0.970363  0.000442658  0  0  0.000442658  0  0.000442658
4.4454e+13  0  1481.8  0.970379  0  0  0.970379  0  0.970379  0.000442277  0  0  0.000442277  0  0.000442277
4.4463e+13  0  1482.1  0.970394  0  0  0.970394  0  0.970394  0.000441897  0  0  0.000441897  0  0.000441897
4.4472e+13  0  1482.4  0.97041  0  0  0.97041  0  0.97041  0.000441517  0  0  0.000441517  0  0.000441517
4.4481e+13  0  1482.7  0.970426  0  0  0.970426  0  0.970426  0.000441138  0  0  0.000441138  0  0.000441138
4.449e+13  0  1483  0.970441  0  0  0.970441  0  0.970441  0.000440759  0  0  0.000440759  0  0.000440759
4.4499e+13  0  1483.3  0.970457  0  0  0.970457  0  0.970457  0.000440381  0  0  0.000440381  0  0.000440381
4.4508e+13  0  1483.6  0.970473  0  0  0.970473  0  0.970473  0.000440003  0  0  0.000440003  0  0.000440003
4.4517e+13  0  1483.9  0.970488  0  0  0.970488  0  0.970488  0.000439626  0  0  0.000439626  0  0.000439626
4.4526e+13  0  1484.2  0.970504  0  0  0.970504  0  0.970504  0.000439249  0  0  0.000439249  0  0.000439249
4.4535e+13  0  1484.5  0.970519  0  0  0.970519  0  0.970519  0.000438873  0  0  0.000438873  0  0.000438873
4.4544e+13  0  1484.8  0.970535  0  0  0.970535  0  0.970535  0.000438497  0  0  0.000438497  0  0.000438497
4.4553e+13  0  1485.1  0.97055  0  0  0.97055  0  0.97055  0.000438121  0  0  0.000438121  0  0.000438121
4.4562e+13  0  1485.4  0.970566  0  0  0.970566  0  0.970566  0.000437746  0  0  0.000437746  0  0.000437746
4.4571e+13  0  1485.7  0.970581  0  0  0.970581  0  0.970581  0.000437371  0  0  0.000437371  0  0.000437371
4.458e+13  0  1486  0.970597  0  0  0.970597  0  0.970597  0.000436997  0  0  0.000436997  0  0.000436997
4.4589e+13  0  1486.3  0.970612  0  0  0.970612  0  0.970612  0.000436623  0  0  0.000436623  0  0.000436623
4.4598e+13  0  1486.6  0.970628  0  0  0.970628  0  0.970628  0.00043625  0  0  0.00043625  0  0.00043625
4.4607e+13  0  1486.9  0.970643  0  0  0.970643  0  0.970643  0.000435877  0  0  0.000435877  0  0.000435877
4.4616e+13  0  1487.2  0.970659  0  0  0.970659  0  0.970659  0.000435505  0  0  0.000435505  0  0.000435505
4.4625e+13  0  1487.5  0.970674  0  0  0.970674  0  0.970674  0.000435133  0  0  0.000435133  0  0.000435133
4.4634e+13  0  1487.8  0.97069  0  0  0.97069  0  0.97069  0.000434762  0  0  0.000434762  0  0.000434762
4.4643e+13  0  1488.1  0.970705  0  0  0.970705  0  0.970705  0.000434391  0  0  0.000434391  0  0.000434391
4.4652e+13  0  1488.4  0.97072  0  0  0.97072  0  0.97072  0.00043402  0  0  0.00043402  0  0.00043402
4.4661e+13  0  1488.7  0.970736  0  0  0.970736  0  0.970736  0.00043365  0  0  0.00043365  0  0.00043365
4.467e+13  0  1489  0.970751  0  0  0.970751  0  0.970751  0.00043328  0  0  0.00043328  0  0.00043328
4.4679e+13  0  1489.3  0.970766  0  0  0.970766  0  0.970766  0.000432911  0  0  0.000432911  0  0.000432911
4.4688e+13  0  1489.6  0.970782  0  0  0.970782  0  0.970782  0.000432542  0  0  0.000432542  0  0.000432542
4.4697e+13  0  1489.9  0.970797  0  0  0.970797  0  0.970797  0.000432174  0  0  0.000432174  0  0.000432174
4.4706e+13  0  1490.2  0.970812  0  0  0.970812  0  0.970812  0.000431806  0  0  0.000431806  0  0.000431806
4.4715e+13  0  1490.5  0.970828  0  0  0.970828  0  0.970828  0.000431439  0  0  0.000431439  0  0.000431439
4.4724e+13  0  1490.8  0.970843  0  0  0.970843  0  0.970843  0.000431072  0  0  0.000431072  0  0.000431072
4.4733e+13  0  1491.1  0.970858  0  0  0.970858  0  0.970858  0.000430705  0  0  0.000430705  0  0.000430705
4.4742e+13  0  1491.4  0.970873  0  0  0.970873  0  0.970873  0.000430339  0  0  0.000430339  0  0.000430339
4.4751e+13  0  1491.7  0.970889  0  0  0.970889  0  0.970889  0.000429973  0  0  0.000429973  0  0.000429973
4.476e+13  0  1492  0.970904  0  0  0.970904  0  0.970904  0.000429608  0  0  0.000429608  0  0.000429608
4.4769e+13  0  1492.3  0.970919  0  0  0.970919  0  0.970919  0.000429243  0  0  0.000429243  0  0.000429243
4.4778e+13  0  1492.6  0.970934  0  0  0.970934  0  0.970934  0.000428879  0  0  0.000428879  0  0.000428879
4.4787e+13  0  1492.9  0.97095  0  0  0.97095  0  0.97095  0.000428515  0  0  0.000428515  0  0.000428515
4.4796e+13  0  1493.2  0.970965  0  0  0.970965  0  0.970965  0.000428152  0  0  0.000428152  0  0.000428152
4.4805e+13  0  1493.5  0.97098  0  0  0.97098  0  0.97098  0.000427789  0  0  0.000427789  0  0.000427789
4.4814e+13  0  1493.8  0.970995  0  0  0.970995  0  0.970995  0.000427426  0  0  0.000427426  0  0.000427426
4.4823e+13  0  1494.1  0.97101  0  0  0.97101  0  0.97101  0.000427064  0  0  0.000427064  0  0.000427064
4.4832e+13  0  1494.4  0.971025  0  0  0.971025  0  0.971025  0.000426702  0  0  0.000426702  0  0.000426702
4.4841e+13  0  1494.7  0.97104  0  0  0.97104  0  0.97104  0.000426341  0  0  0.000426341  0  0.000426341
4.485e+13  0  1495  0.971056  0  0  0.971056  0  0.971056  0.00042598  0  0  0.00042598  0  0.00042598
4.4859e+13  0  1495.3  0.971071  0  0  0.971071  0  0.971071  0.00042562  0  0  0.00042562  0  0.00042562
4.4868e+13  0  1495.6  0.971086  0  0  0.971086  0  0.971086  0.00042526  0  0  0.00042526  0  0.00042526
4.4877e+13  0  1495.9  0.971101  0  0  0.971101  0  0.971101  0.0004249  0  0  0.0004249  0  0.0004249
4.4886e+13  0  1496.2  0.971116  0  0  0.971116  0  0.971116  0.000424541  0  0  0.000424541  0  0.000424541
4.4895e+13  0  1496.5  0.971131  0  0  0.971131  0  0.971131  0.000424182  0  0  0.000424182  0  0.000424182
4.4904e+13  0  1496.8  0.971146  0  0  0.971146  0  0.971146  0.000423824  0  0  0.000423824  0  0.000423824
4.4913e+13  0  1497.1  0.971161  0  0  0.971161  0  0.971161  0.000423466  0  0  0.000423466  0  0.000423466
4.4922e+13  0  1497.4  0.971176  0  0  0.971176  0  0.971176  0.000423109  0  0  0.000423109  0  0.000423109
4.4931e+13  0  1497.7  0.971191  0  0  0.971191  0  0.971191  0.000422752  0  0  0.000422752  0  0.000422752
4.494e+13  0  1498  0.971206  0  0  0.971206  0  0.971206  0.000422395  0  0  0.000422395  0  0.000422395
4.4949e+13  0  1498.3  0.971221  0  0  0.971221  0  0.971221  0.000422039  0  0  0.000422039  0  0.000422039
4.4958e+13  0  1498.6  0.971236  0  0  0.971236  0  0.971236  0.000421683  0  0  0.000421683  0  0.000421683
4.4967e+13  0  1498.9  0.971251  0  0  0.971251  0  0.971251  0.000421328  0  0  0.000421328  0  0.000421328
4.4976e+13  0  1499.2  0.971266  0  0  0.971266  0  0.971266  0.000420973  0  0  0.000420973  0  0.000420973
4.4985e+13  0  1499.5  0.971281  0  0  0.971281  0  0.971281  0.000420619  0  0  0.000420619  0  0.000420619
4.4994e+13  0  1499.8  0.971295  0  0  0.971295  0  0.971295  0.000420265  0  0  0.000420265  0  0.000420265
4.5003e+13  0  1500.1  0.97131  0  0  0.97131  0  0.97131  0.000419911  0  0  0.000419911  0  0.000419911
4.5012e+13  0  1500.4  0.971325  0  0  0.971325  0  0.971325  0.000419558  0  0  0.000419558  0  0.000419558
4.5021e+13  0  1500.7  0.97134  0  0  0.97134  0  0.97134  0.000419205  0  0  0.000419205  0  0.000419205
4.503e+13  0  1501  0.971355  0  0  0.971355  0  0.971355  0.000418853  0  0  0.000418853  0  0.000418853
4.5039e+13  0  1501.3  0.97137  0  0  0.97137  0  0.97137  0.000418501  0  0  0.000418501  0  0.000418501
4.5048e+13  0  1501.6  0.971385  0  0  0.971385  0  0.971385  0.000418149  0  0  0.000418149  0  0.000418149
4.5057e+13  0  1501.9  0.971399  0  0  0.971399  0  0.971399  0.000417798  0  0  0.000417798  0  0.000417798
4.5066e+13  0  1502.2  0.971414  0  0  0.971414  0  0.971414  0.000417448  0  0  0.000417448  0  0.000417448
4.5075e+13  0  1502.5  0.971429  0  0  0.971429  0  0.971429  0.000417097  0  0  0.000417097  0  0.000417097
4.5084e+13  0  1502.8  0.971444  0  0  0.971444  0  0.971444  0.000416748  0  0  0.000416748  0  0.000416748
4.5093e+13  0  1503.1  0.971459  0  0  0.971459  0  0.971459  0.000416398  0  0  0.000416398  0  0.000416398
4.5102e+13  0  1503.4  0.971473  0  0  0.971473  0  0.971473  0.000416049  0  0  0.000416049  0  0.000416049
4.5111e+13  0  1503.7  0.971488  0  0  0.971488  0  0.971488  0.000415701  0  0  0.000415701  0  0.000415701
4.512e+13  0  1504  0.971503  0  0  0.971503  0  0.971503  0.000415353  0  0  0.000415353  0  0.000415353
4.5129e+13  0  1504.3  0.971517  0  0  0.971517  0  0.971517  0.000415005  0  0  0.000415005  0  0.000415005
4.5138e+13  0  1504.6  0.971532  0  0  0.971532  0  0.971532  0.000414657  0  0  0.000414657  0  0.000414657
4.5147e+13  0  1504.9  0.971547  0  0  0.971547  0  0.971547  0.00041431  0  0  0.00041431  0  0.00041431
4.5156e+13  0  1505.2  0.971562  0  0  0.971562  0  0.971562  0.000413964  0  0  0.000413964  0  0.000413964
4.5165e+13  0  1505.5  0.971576  0  0  0.971576  0  0.971576  0.000413618  0  0  0.000413618  0  0.000413618
4.5174e+13  0  1505.8  0.971591  0  0  0.971591  0  0.971591  0.000413272  0  0  0.000413272  0  0.000413272
4.5183e+13  0  1506.1  0.971606  0  0  0.971606  0  0.971606  0.000412927  0  0  0.000412927  0  0.000412927
4.5192e+13  0  1506.4  0.97162  0  0  0.97162  0  0.97162  0.000412582  0  0  0.000412582  0  0.000412582
4.5201e+13  0  1506.7  0.971635  0  0  0.971635  0  0.971635  0.000412238  0  0  0.000412238  0  0.000412238
4.521e+13  0  1507  0.971649  0  0  0.971649  0  0.971649  0.000411893  0  0  0.000411893  0  0.000411893
4.5219e+13  0  1507.3  0.971664  0  0  0.971664  0  0.971664  0.00041155  0  0  0.00041155  0  0.00041155
4.5228e+13  0  1507.6  0.971679  0  0  0.971679  0  0.971679  0.000411207  0  0  0.000411207  0  0.000411207
4.5237e+13  0  1507.9  0.971693  0  0  0.971693  0  0.971693  0.000410864  0  0  0.000410864  0  0.000410864
4.5246e+13  0  1508.2  0.971708  0  0  0.971708  0  0.971708  0.000410521  0  0  0.000410521  0  0.000410521
4.5255e+13  0  1508.5  0.971722  0  0  0.971722  0  0.971722  0.000410179  0  0  0.000410179  0  0.000410179
4.5264e+13  0  1508.8  0.971737  0  0  0.971737  0  0.971737  0.000409838  0  0  0.000409838  0  0.000409838
4.5273e+13  0  1509.1  0.971751  0  0  0.971751  0  0.971751  0.000409496  0  0  0.000409496  0  0.000409496
4.5282e+13  0  1509.4  0.971766  0  0  0.971766  0  0.971766  0.000409155  0  0  0.000409155  0  0.000409155
4.5291e+13  0  1509.7  0.97178  0  0  0.97178  0  0.97178  0.000408815  0  0  0.000408815  0  0.000408815
4.53e+13  0  1510  0.971795  0  0  0.971795  0  0.971795  0.000408475  0  0  0.000408475  0  0.000408475
4.5309e+13  0  1510.3  0.971809  0  0  0.971809  0  0.971809  0.000408135  0  0  0.000408135  0  0.000408135
4.5318e+13  0  1510.6  0.971824  0  0  0.971824  0  0.971824  0.000407796  0  0  0.000407796  0  0.000407796
4.5327e+13  0  1510.9  0.971838  0  0  0.971838  0  0.971838  0.000407457  0  0  0.000407457  0  0.000407457
4.5336e+13  0  1511.2  0.971853  0  0  0.971853  0  0.971853  0.000407119  0  0  0.000407119  0  0.000407119
4.5345e+13  0  1511.5  0.971867  0  0  0.971867  0  0.971867  0.000406781  0  0  0.000406781  0  0.000406781
4.5354e+13  0  1511.8  0.971881  0  0  0.971881  0  0.971881  0.000406443  0  0  0.000406443  0  0.000406443
4.5363e+13  0  1512.1  0.971896  0  0  0.971896  0  0.971896  0.000406106  0  0  0.000406106  0  0.000406106
4.5372e+13  0  1512.4  0.97191  0  0  0.97191  0  0.97191  0.000405769  0  0  0.000405769  0  0.000405769
4.5381e+13  0  1512.7  0.971925  0  0  0.971925  0  0.971925  0.000405433  0  0  0.000405433  0  0.000405433
4.539e+13  0  1513  0.971939  0  0  0.971939  0  0.971939  0.000405097  0  0  0.000405097  0  0.000405097
4.5399e+13  0  1513.3  0.971953  0  0  0.971953  0  0.971953  0.000404761  0  0  0.000404761  0  0.000404761
4.5408e+13  0  1513.6  0.971968  0  0  0.971968  0  0.971968  0.000404426  0  0  0.000404426  0  0.000404426
4.5417e+13  0  1513.9  0.971982  0  0  0.971982  0  0.971982  0.000404091  0  0  0.000404091  0  0.000404091
4.5426e+13  0  1514.2  0.971996  0  0  0.971996  0  0.971996  0.000403756  0  0  0.000403756  0  0.000403756
4.5435e+13  0  1514.5  0.972011  0  0  0.972011  0  0.972011  0.000403422  0  0  0.000403422  0  0.000403422
4.5444e+13  0  1514.8  0.972025  0  0  0.972025  0  0.972025  0.000403089  0  0  0.000403089  0  0.000403089
4.5453e+13  0  1515.1  0.972039  0  0  0.972039  0  0.972039  0.000402755  0  0  0.000402755  0  0.000402755
4.5462e+13  0  1515.4  0.972053  0  0  0.972053  0  0.972053  0.000402422  0  0  0.000402422  0  0.000402422
4.5471e+13  0  1515.7  0.972068  0  0  0.972068  0  0.972068  0.00040209  0  0  0.00040209  0  0.00040209
4.548e+13  0  1516  0.972082  0  0  0.972082  0  0.972082  0.000401758  0  0  0.000401758  0  0.000401758
4.5489e+13  0  1516.3  0.972096  0  0  0.972096  0  0.972096  0.000401426  0  0  0.000401426  0  0.000401426
4.5498e+13  0  1516.6  0.97211  0  0  0.97211  0  0.97211  0.000401095  0  0  0.000401095  0  0.000401095
4.5507e+13  0  1516.9  0.972125  0  0  0.972125  0  0.972125  0.000400764  0  0  0.000400764  0  0.000400764
4.5516e+13  0  1517.2  0.972139  0  0  0.972139  0  0.972139  0.000400433  0  0  0.000400433  0  0.000400433
4.5525e+13  0  1517.5  0.972153  0  0  0.972153  0  0.972153  0.000400103  0  0  0.000400103  0  0.000400103
4.5534e+13  0  1517.8  0.972167  0  0  0.972167  0  0.972167  0.000399773  0  0  0.000399773  0  0.000399773
4.5543e+13  0  1518.1  0.972181  0  0  0.972181  0  0.972181  0.000399444  0  0  0.000399444  0  0.000399444
4.5552e+13  0  1518.4  0.972195  0  0  0.972195  0  0.972195  0.000399115  0  0  0.000399115  0  0.000399115
4.5561e+13  0  1518.7  0.97221  0  0  0.97221  0  0.97221  0.000398786  0  0  0.000398786  0  0.000398786
4.557e+13  0  1519  0.972224  0  0  0.972224  0  0.972224  0.000398458  0  0  0.000398458  0  0.000398458
4.5579e+13  0  1519.3  0.972238  0  0  0.972238  0  0.972238  0.00039813  0  0  0.00039813  0  0.00039813
4.5588e+13  0  1519.6  0.972252  0  0  0.972252  0  0.972252  0.000397802  0  0  0.000397802  0  0.000397802
4.5597e+13  0  1519.9  0.972266  0  0  0.972266  0  0.972266  0.000397475  0  0  0.000397475  0  0.000397475
4.5606e+13  0  1520.2  0.97228  0  0  0.97228  0  0.97228  0.000397148  0  0  0.000397148  0  0.000397148
4.5615e+13  0  1520.5  0.972294  0  0  0.972294  0  0.972294  0.000396822  0  0  0.000396822  0  0.000396822
4.5624e+13  0  1520.8  0.972308  0  0  0.972308  0  0.972308  0.000396496  0  0  0.000396496  0  0.000396496
4.5633e+13  0  1521.1  0.972322  0  0  0.972322  0  0.972322  0.00039617  0  0  0.00039617  0  0.00039617
4.5642e+13  0  1521.4  0.972336  0  0  0.972336  0  0.972336  0.000395845  0  0  0.000395845  0  0.000395845
4.5651e+13  0  1521.7  0.97235  0  0  0.97235  0  0.97235  0.00039552  0  0  0.00039552  0  0.00039552
4.566e+13  0  1522  0.972364  0  0  0.972364  0  0.972364  0.000395196  0  0  0.000395196  0  0.000395196
4.5669e+13  0  1522.3  0.972378  0  0  0.972378  0  0.972378  0.000394872  0  0  0.000394872  0  0.000394872
4.5678e+13  0  1522.6  0.972392  0  0  0.972392  0  0.972392  0.000394548  0  0  0.000394548  0  0.000394548
4.5687e+13  0  1522.9  0.972406  0  0  0.972406  0  0.972406  0.000394224  0  0  0.000394224  0  0.000394224
4.5696e+13  0  1523.2  0.97242  0  0  0.97242  0  0.97242  0.000393901  0  0  0.000393901  0  0.000393901
4.5705e+13  0  1523.5  0.972434  0  0  0.972434  0  0.972434  0.000393579  0  0  0.000393579  0  0.000393579
4.5714e+13  0  1523.8  0.972448  0  0  0.972448  0  0.972448  0.000393257  0  0  0.000393257  0  0.000393257
4.5723e+13  0  1524.1  0.972462  0  0  0.972462  0  0.972462  0.000392935  0  0  0.000392935  0  0.000392935
4.5732e+13  0  1524.4  0.972476  0  0  0.972476  0  0.972476  0.000392613  0  0  0.000392613  0  0.000392613
4.5741e+13  0  1524.7  0.97249  0  0  0.97249  0  0.97249  0.000392292  0  0  0.000392292  0  0.000392292
4.575e+13  0  1525  0.972504  0  0  0.972504  0  0.972504  0.000391971  0  0  0.000391971  0  0.000391971
4.5759e+13  0  1525.3  0.972518  0  0  0.972518  0  0.972518  0.000391651  0  0  0.000391651  0  0.000391651
4.5768e+13  0  1525.6  0.972532  0  0  0.972532  0  0.972532  0.000391331  0  0  0.000391331  0  0.000391331
4.5777e+13  0  1525.9  0.972546  0  0  0.972546  0  0.972546  0.000391011  0  0  0.000391011  0  0.000391011
4.5786e+13  0  1526.2  0.972559  0  0  0.972559  0  0.972559  0.000390692  0  0  0.000390692  0  0.000390692
4.5795e+13  0  1526.5  0.972573  0  0  0.972573  0  0.972573  0.000390373  0  0  0.000390373  0  0.000390373
4.5804e+13  0  1526.8  0.972587  0  0  0.972587  0  0.972587  0.000390055  0  0  0.000390055  0  0.000390055
4.5813e+13  0  1527.1  0.972601  0  0  0.972601  0  0.972601  0.000389737  0  0  0.000389737  0  0.000389737
4.5822e+13  0  1527.4  0.972615  0  0  0.972615  0  0.972615  0.000389419  0  0  0.000389419  0  0.000389419
4.5831e+13  0  1527.7  0.972629  0  0  0.972629  0  0.972629  0.000389101  0  0  0.000389101  0  0.000389101
4.584e+13  0  1528  0.972642  0  0  0.972642  0  0.972642  0.000388784  0  0  0.000388784  0  0.000388784
4.5849e+13  0  1528.3  0.972656  0  0  0.972656  0  0.972656  0.000388468  0  0  0.000388468  0  0.000388468
4.5858e+13  0  1528.6  0.97267  0  0  0.97267  0  0.97267  0.000388151  0  0  0.000388151  0  0.000388151
4.5867e+13  0  1528.9  0.972684  0  0  0.972684  0  0.972684  0.000387835  0  0  0.000387835  0  0.000387835
4.5876e+13  0  1529.2  0.972697  0  0  0.972697  0  0.972697  0.00038752  0  0  0.00038752  0  0.00038752
4.5885e+13  0  1529.5  0.972711  0  0  0.972711  0  0.972711  0.000387204  0  0  0.000387204  0  0.000387204
4.5894e+13  0  1529.8  0.972725  0  0  0.972725  0  0.972725  0.000386889  0  0  0.000386889  0  0.000386889
4.5903e+13  0  1530.1  0.972739  0  0  0.972739  0  0.972739  0.000386575  0  0  0.000386575  0  0.000386575
4.5912e+13  0  1530.4  0.972752  0  0  0.972752  0  0.972752  0.000386261  0  0  0.000386261  0  0.000386261
4.5921e+13  0  1530.7  0.972766  0  0  0.972766  0  0.972766  0.000385947  0  0  0.000385947  0  0.000385947
4.593e+13  0  1531  0.97278  0  0  0.97278  0  0.97278  0.000385634  0  0  0.000385634  0  0.000385634
4.5939e+13  0  1531.3  0.972793  0  0  0.972793  0  0.972793  0.000385321  0  0  0.000385321  0  0.000385321
4.5948e+13  0  1531.6  0.972807  0  0  0.972807  0  0.972807  0.000385008  0  0  0.000385008  0  0.000385008
4.5957e+13  0  1531.9  0.972821  0  0  0.972821  0  0.972821  0.000384695  0  0  0.000384695  0  0.000384695
4.5966e+13  0  1532.2  0.972834  0  0  0.972834  0  0.972834  0.000384383  0  0  0.000384383  0  0.000384383
4.5975e+13  0  1532.5  0.972848  0  0  0.972848  0  0.972848  0.000384072  0  0  0.000384072  0  0.000384072
4.5984e+13  0  1532.8  0.972861  0  0  0.972861  0  0.972861  0.000383761  0  0  0.000383761  0  0.000383761
4.5993e+13  0  1533.1  0.972875  0  0  0.972875  0  0.972875  0.00038345  0  0  0.00038345  0  0.00038345
4.6002e+13  0  1533.4  0.972889  0  0  0.972889  0  0.972889  0.000383139  0  0  0.000383139  0  0.000383139
4.6011e+13  0  1533.7  0.972902  0  0  0.972902  0  0.972902  0.000382829  0  0  0.000382829  0  0.000382829
4.602e+13  0  1534  0.972916  0  0  0.972916  0  0.972916  0.000382519  0  0  0.000382519  0  0.000382519
4.6029e+13  0  1534.3  0.972929  0  0  0.972929  0  0.972929  0.000382209  0  0  0.000382209  0  0.000382209
4.6038e+13  0  1534.6  0.972943  0  0  0.972943  0  0.972943  0.0003819  0  0  0.0003819  0  0.0003819
4.6047e+13  0  1534.9  0.972956  0  0  0.972956  0  0.972956  0.000381591  0  0  0.000381591  0  0.000381591
4.6056e+13  0  1535.2  0.97297  0  0  0.97297  0  0.97297  0.000381283  0  0  0.000381283  0  0.000381283
4.6065e+13  0  1535.5  0.972983  0  0  0.972983  0  0.972983  0.000380975  0  0  0.000380975  0  0.000380975
4.6074e+13  0  1535.8  0.972997  0  0  0.972997  0  0.972997  0.000380667  0  0  0.000380667  0  0.000380667
4.6083e+13  0  1536.1  0.97301  0  0  0.97301  0  0.97301  0.00038036  0  0  0.00038036  0  0.00038036
4.6092e+13  0  1536.4  0.973024  0  0  0.973024  0  0.973024  0.000380053  0  0  0.000380053  0  0.000380053
4.6101e+13  0  1536.7  0.973037  0  0  0.973037  0  0.973037  0.000379746  0  0  0.000379746  0  0.000379746
4.611e+13  0  1537  0.973051  0  0  0.973051  0  0.973051  0.00037944  0  0  0.00037944  0  0.00037944
4.6119e+13  0  1537.3  0.973064  0  0  0.973064  0  0.973064  0.000379134  0  0  0.000379134  0  0.000379134
4.6128e+13  0  1537.6  0.973078  0  0  0.973078  0  0.973078  0.000378828  0  0  0.000378828  0  0.000378828
4.6137e+13  0  1537.9  0.973091  0  0  0.973091  0  0.973091  0.000378523  0  0  0.000378523  0  0.000378523
4.6146e+13  0  1538.2  0.973105  0  0  0.973105  0  0.973105  0.000378218  0  0  0.000378218  0  0.000378218
4.6155e+13  0  1538.5  0.973118  0  0  0.973118  0  0.973118  0.000377913  0  0  0.000377913  0  0.000377913
4.6164e+13  0  1538.8  0.973131  0  0  0.973131  0  0.973131  0.000377609  0  0  0.000377609  0  0.000377609
4.6173e+13  0  1539.1  0.973145  0  0  0.973145  0  0.973145  0.000377305  0  0  0.000377305  0  0.000377305
4.6182e+13  0  1539.4  0.973158  0  0  0.973158  0  0.973158  0.000377002  0  0  0.000377002  0  0.000377002
4.6191e+13  0  1539.7  0.973172  0  0  0.973172  0  0.973172  0.000376698  0  0  0.000376698  0  0.000376698
4.62e+13  0  1540  0.973185  0  0  0.973185  0  0.973185  0.000376395  0  0  0.000376395  0  0.000376395
4.6209e+13  0  1540.3  0.973198  0  0  0.973198  0  0.973198  0.000376093  0  0  0.000376093  0  0.000376093
4.6218e+13  0  1540.6  0.973212  0  0  0.973212  0  0.973212  0.000375791  0  0  0.000375791  0  0.000375791
4.6227e+13  0  1540.9  0.973225  0  0  0.973225  0  0.973225  0.000375489  0  0  0.000375489  0  0.000375489
4.6236e+13  0  1541.2  0.973238  0  0  0.973238  0  0.973238  0.000375187  0  0  0.000375187  0  0.000375187
4.6245e+13  0  1541.5  0.973251  0  0  0.973251  0  0.973251  0.000374886  0  0  0.000374886  0  0.000374886
4.6254e+13  0  1541.8  0.973265  0  0  0.973265  0  0.973265  0.000374585  0  0  0.000374585  0  0.000374585
4.6263e+13  0  1542.1  0.973278  0  0  0.973278  0  0.973278  0.000374285  0  0  0.000374285  0  0.000374285
4.6272e+13  0  1542.4  0.973291  0  0  0.973291  0  0.973291  0.000373985  0  0  0.000373985  0  0.000373985
4.6281e+13  0  1542.7  0.973305  0  0  0.973305  0  0.973305  0.000373685  0  0  0.000373685  0  0.000373685
4.629e+13  0  1543  0.973318  0  0  0.973318  0  0.973318  0.000373386  0  0  0.000373386  0  0.000373386
4.6299e+13  0  1543.3  0.973331  0  0  0.973331  0  0.973331  0.000373086  0  0  0.000373086  0  0.000373086
4.6308e+13  0  1543.6  0.973344  0  0  0.973344  0  0.973344  0.000372788  0  0  0.000372788  0  0.000372788
4.6317e+13  0  1543.9  0.973357  0  0  0.973357  0  0.973357  0.000372489  0  0  0.000372489  0  0.000372489
4.6326e+13  0  1544.2  0.973371  0  0  0.973371  0  0.973371  0.000372191  0  0  0.000372191  0  0.000372191
4.6335e+13  0  1544.5  0.973384  0  0  0.973384  0  0.973384  0.000371893  0  0  0.000371893  0  0.000371893
4.6344e+13  0  1544.8  0.973397  0  0  0.973397  0  0.973397  0.000371596  0  0  0.000371596  0  0.000371596
4.6353e+13  0  1545.1  0.97341  0  0  0.97341  0  0.97341  0.000371299  0  0  0.000371299  0  0.000371299
4.6362e+13  0  1545.4  0.973423  0  0  0.973423  0  0.973423  0.000371002  0  0  0.000371002  0  0.000371002
4.6371e+13  0  1545.7  0.973437  0  0  0.973437  0  0.973437  0.000370706  0  0  0.000370706  0  0.000370706
4.638e+13  0  1546  0.97345  0  0  0.97345  0  0.97345  0.00037041  0  0  0.00037041  0  0.00037041
4.6389e+13  0  1546.3  0.973463  0  0  0.973463  0  0.973463  0.000370114  0  0  0.000370114  0  0.000370114
4.6398e+13  0  1546.6  0.973476  0  0  0.973476  0  0.973476  0.000369818  0  0  0.000369818  0  0.000369818
4.6407e+13  0  1546.9  0.973489  0  0  0.973489  0  0.973489  0.000369523  0  0  0.000369523  0  0.000369523
4.6416e+13  0  1547.2  0.973502  0  0  0.973502  0  0.973502  0.000369229  0  0  0.000369229  0  0.000369229
4.6425e+13  0  1547.5  0.973515  0  0  0.973515  0  0.973515  0.000368934  0  0  0.000368934  0  0.000368934
4.6434e+13  0  1547.8  0.973528  0  0  0.973528  0  0.973528  0.00036864  0  0  0.00036864  0  0.00036864
4.6443e+13  0  1548.1  0.973541  0  0  0.973541  0  0.973541  0.000368346  0  0  0.000368346  0  0.000368346
4.6452e+13  0  1548.4  0.973554  0  0  0.973554  0  0.973554  0.000368053  0  0  0.000368053  0  0.000368053
4.6461e+13  0  1548.7  0.973567  0  0  0.973567  0  0.973567  0.00036776  0  0  0.00036776  0  0.00036776
4.647e+13  0  1549  0.97358  0  0  0.97358  0  0.97358  0.000367467  0  0  0.000367467  0  0.000367467
4.6479e+13  0  1549.3  0.973594  0  0  0.973594  0  0.973594  0.000367175  0  0  0.000367175  0  0.000367175
4.6488e+13  0  1549.6  0.973607  0  0  0.973607  0  0.973607  0.000366882  0  0  0.000366882  0  0.000366882
4.6497e+13  0  1549.9  0.97362  0  0  0.97362  0  0.97362  0.000366591  0  0  0.000366591  0  0.000366591
4.6506e+13  0  1550.2  0.973633  0  0  0.973633  0  0.973633  0.000366299  0  0  0.000366299  0  0.000366299
4.6515e+13  0  1550.5  0.973646  0  0  0.973646  0  0.973646  0.000366008  0  0  0.000366008  0  0.000366008
4.6524e+13  0  1550.8  0.973658  0  0  0.973658  0  0.973658  0.000365717  0  0  0.000365717  0  0.000365717
4.6533e+13  0  1551.1  0.973671  0  0  0.973671  0  0.973671  0.000365427  0  0  0.000365427  0  0.000365427
4.6542e+13  0  1551.4  0.973684  0  0  0.973684  0  0.973684  0.000365137  0  0  0.000365137  0  0.000365137
4.6551e+13  0  1551.7  0.973697  0  0  0.973697  0  0.973697  0.000364847  0  0  0.000364847  0  0.000364847
4.656e+13  0  1552  0.97371  0  0  0.97371  0  0.97371  0.000364557  0  0  0.000364557  0  0.000364557
4.6569e+13  0  1552.3  0.973723  0  0  0.973723  0  0.973723  0.000364268  0  0  0.000364268  0  0.000364268
4.6578e+13  0  1552.6  0.973736  0  0  0.973736  0  0.973736  0.000363979  0  0  0.000363979  0  0.000363979
4.6587e+13  0  1552.9  0.973749  0  0  0.973749  0  0.973749  0.000363691  0  0  0.000363691  0  0.000363691
4.6596e+13  0  1553.2  0.973762  0  0  0.973762  0  0.973762  0.000363403  0  0  0.000363403  0  0.000363403
4.6605e+13  0  1553.5  0.973775  0  0  0.973775  0  0.973775  0.000363115  0  0  0.000363115  0  0.000363115
4.6614e+13  0  1553.8  0.973788  0  0  0.973788  0  0.973788  0.000362827  0  0  0.000362827  0  0.000362827
4.6623e+13  0  1554.1  0.973801  0  0  0.973801  0  0.973801  0.00036254  0  0  0.00036254  0  0.00036254
4.6632e+13  0  1554.4  0.973813  0  0  0.973813  0  0.973813  0.000362253  0  0  0.000362253  0  0.000362253
4.6641e+13  0  1554.7  0.973826  0  0  0.973826  0  0.973826  0.000361966  0  0  0.000361966  0  0.000361966
4.665e+13  0  1555  0.973839  0  0  0.973839  0  0.973839  0.00036168  0  0  0.00036168  0  0.00036168
4.6659e+13  0  1555.3  0.973852  0  0  0.973852  0  0.973852  0.000361394  0  0  0.000361394  0  0.000361394
4.6668e+13  0  1555.6  0.973865  0  0  0.973865  0  0.973865  0.000361108  0  0  0.000361108  0  0.000361108
4.6677e+13  0  1555.9  0.973877  0  0  0.973877  0  0.973877  0.000360823  0  0  0.000360823  0  0.000360823
4.6686e+13  0  1556.2  0.97389  0  0  0.97389  0  0.97389  0.000360538  0  0  0.000360538  0  0.000360538
4.6695e+13  0  1556.5  0.973903  0  0  0.973903  0  0.973903  0.000360253  0  0  0.000360253  0  0.000360253
4.6704e+13  0  1556.8  0.973916  0  0  0.973916  0  0.973916  0.000359969  0  0  0.000359969  0  0.000359969
4.6713e+13  0  1557.1  0.973929  0  0  0.973929  0  0.973929  0.000359685  0  0  0.000359685  0  0.000359685
4.6722e+13  0  1557.4  0.973941  0  0  0.973941  0  0.973941  0.000359401  0  0  0.000359401  0  0.000359401
4.6731e+13  0  1557.7  0.973954  0  0  0.973954  0  0.973954  0.000359118  0  0  0.000359118  0  0.000359118
4.674e+13  0  1558  0.973967  0  0  0.973967  0  0.973967  0.000358835  0  0  0.000358835  0  0.000358835
4.6749e+13  0  1558.3  0.97398  0  0  0.97398  0  0.97398  0.000358552  0  0  0.000358552  0  0.000358552
4.6758e+13  0  1558.6  0.973992  0  0  0.973992  0  0.973992  0.00035827  0  0  0.00035827  0  0.00035827
4.6767e+13  0  1558.9  0.974005  0  0  0.974005  0  0.974005  0.000357987  0  0  0.000357987  0  0.000357987
4.6776e+13  0  1559.2  0.974018  0  0  0.974018  0  0.974018  0.000357706  0  0  0.000357706  0  0.000357706
4.6785e+13  0  1559.5  0.97403  0  0  0.97403  0  0.97403  0.000357424  0  0  0.000357424  0  0.000357424
4.6794e+13  0  1559.8  0.974043  0  0  0.974043  0  0.974043  0.000357143  0  0  0.000357143  0  0.000357143
4.6803e+13  0  1560.1  0.974056  0  0  0.974056  0  0.974056  0.000356862  0  0  0.000356862  0  0.000356862
4.6812e+13  0  1560.4  0.974068  0  0  0.974068  0  0.974068  0.000356581  0  0  0.000356581  0  0.000356581
4.6821e+13  0  1560.7  0.974081  0  0  0.974081  0  0.974081  0.000356301  0  0  0.000356301  0  0.000356301
4.683e+13  0  1561  0.974094  0  0  0.974094  0  0.974094  0.000356021  0  0  0.000356021  0  0.000356021
4.6839e+13  0  1561.3  0.974106  0  0  0.974106  0  0.974106  0.000355741  0  0  0.000355741  0  0.000355741
4.6848e+13  0  1561.6  0.974119  0  0  0.974119  0  0.974119  0.000355462  0  0  0.000355462  0  0.000355462
4.6857e+13  0  1561.9  0.974131  0  0  0.974131  0  0.974131  0.000355183  0  0  0.000355183  0  0.000355183
4.6866e+13  0  1562.2  0.974144  0  0  0.974144  0  0.974144  0.000354904  0  0  0.000354904  0  0.000354904
4.6875e+13  0  1562.5  0.974157  0  0  0.974157  0  0.974157  0.000354626  0  0  0.000354626  0  0.000354626
4.6884e+13  0  1562.8  0.974169  0  0  0.974169  0  0.974169  0.000354348  0  0  0.000354348  0  0.000354348
4.6893e+13  0  1563.1  0.974182  0  0  0.974182  0  0.974182  0.00035407  0  0  0.00035407  0  0.00035407
4.6902e+13  0  1563.4  0.974194  0  0  0.974194  0  0.974194  0.000353792  0  0  0.000353792  0  0.000353792
4.6911e+13  0  1563.7  0.974207  0  0  0.974207  0  0.974207  0.000353515  0  0  0.000353515  0  0.000353515
4.692e+13  0  1564  0.974219  0  0  0.974219  0  0.974219  0.000353238  0  0  0.000353238  0  0.000353238
4.6929e+13  0  1564.3  0.974232  0  0  0.974232  0  0.974232  0.000352962  0  0  0.000352962  0  0.000352962
4.6938e+13  0  1564.6  0.974244  0  0  0.974244  0  0.974244  0.000352685  0  0  0.000352685  0  0.000352685
4.6947e+13  0  1564.9  0.974257  0  0  0.974257  0  0.974257  0.000352409  0  0  0.000352409  0  0.000352409
4.6956e+13  0  1565.2  0.974269  0  0  0.974269  0  0.974269  0.000352134  0  0  0.000352134  0  0.000352134
4.6965e+13  0  1565.5  0.974282  0  0  0.974282  0  0.974282  0.000351858  0  0  0.000351858  0  0.000351858
4.6974e+13  0  1565.8  0.974294  0  0  0.974294  0  0.974294  0.000351583  0  0  0.000351583  0  0.000351583
4.6983e+13  0  1566.1  0.974307  0  0  0.974307  0  0.974307  0.000351309  0  0  0.000351309  0  0.000351309
4.6992e+13  0  1566.4  0.974319  0  0  0.974319  0  0.974319  0.000351034  0  0  0.000351034  0  0.000351034
4.7001e+13  0  1566.7  0.974332  0  0  0.974332  0  0.974332  0.00035076  0  0  0.00035076  0  0.00035076
4.701e+13  0  1567  0.974344  0  0  0.974344  0  0.974344  0.000350486  0  0  0.000350486  0  0.000350486
4.7019e+13  0  1567.3  0.974357  0  0  0.974357  0  0.974357  0.000350213  0  0  0.000350213  0  0.000350213
4.7028e+13  0  1567.6  0.974369  0  0  0.974369  0  0.974369  0.000349939  0  0  0.000349939  0  0.000349939
4.7037e+13  0  1567.9  0.974381  0  0  0.974381  0  0.974381  0.000349666  0  0  0.000349666  0  0.000349666
4.7046e+13  0  1568.2  0.974394  0  0  0.974394  0  0.974394  0.000349394  0  0  0.000349394  0  0.000349394
4.7055e+13  0  1568.5  0.974406  0  0  0.974406  0  0.974406  0.000349121  0  0  0.000349121  0  0.000349121
4.7064e+13  0  1568.8  0.974419  0  0  0.974419  0  0.974419  0.000348849  0  0  0.000348849  0  0.000348849
4.7073e+13  0  1569.1  0.974431  0  0  0.974431  0  0.974431  0.000348578  0  0  0.000348578  0  0.000348578
4.7082e+13  0  1569.4  0.974443  0  0  0.974443  0  0.974443  0.000348306  0  0  0.000348306  0  0.000348306
4.7091e+13  0  1569.7  0.974456  0  0  0.974456  0  0.974456  0.000348035  0  0  0.000348035  0  0.000348035
4.71e+13  0  1570  0.974468  0  0  0.974468  0  0.974468  0.000347764  0  0  0.000347764  0  0.000347764
4.7109e+13  0  1570.3  0.97448  0  0  0.97448  0  0.97448  0.000347494  0  0  0.000347494  0  0.000347494
4.7118e+13  0  1570.6  0.974493  0  0  0.974493  0  0.974493  0.000347223  0  0  0.000347223  0  0.000347223
4.7127e+13  0  1570.9  0.974505  0  0  0.974505  0  0.974505  0.000346953  0  0  0.000346953  0  0.000346953
4.7136e+13  0  1571.2  0.974517  0  0  0.974517  0  0.974517  0.000346684  0  0  0.000346684  0  0.000346684
4.7145e+13  0  1571.5  0.974529  0  0  0.974529  0  0.974529  0.000346414  0  0  0.000346414  0  0.000346414
4.7154e+13  0  1571.8  0.974542  0  0  0.974542  0  0.974542  0.000346145  0  0  0.000346145  0  0.000346145
4.7163e+13  0  1572.1  0.974554  0  0  0.974554  0  0.974554  0.000345877  0  0  0.000345877  0  0.000345877
4.7172e+13  0  1572.4  0.974566  0  0  0.974566  0  0.974566  0.000345608  0  0  0.000345608  0  0.000345608
4.7181e+13  0  1572.7  0.974579  0  0  0.974579  0  0.974579  0.00034534  0  0  0.00034534  0  0.00034534
4.719e+13  0  1573  0.974591  0  0  0.974591  0  0.974591  0.000345072  0  0  0.000345072  0  0.000345072
4.7199e+13  0  1573.3  0.974603  0  0  0.974603  0  0.974603  0.000344804  0  0  0.000344804  0  0.000344804
4.7208e+13  0  1573.6  0.974615  0  0  0.974615  0  0.974615  0.000344537  0  0  0.000344537  0  0.000344537
4.7217e+13  0  1573.9  0.974627  0  0  0.974627  0  0.974627  0.00034427  0  0  0.00034427  0  0.00034427
4.7226e+13  0  1574.2  0.97464  0  0  0.97464  0  0.97464  0.000344003  0  0  0.000344003  0  0.000344003
4.7235e+13  0  1574.5  0.974652  0  0  0.974652  0  0.974652  0.000343737  0  0  0.000343737  0  0.000343737
4.7244e+13  0  1574.8  0.974664  0  0  0.974664  0  0.974664  0.000343471  0  0  0.000343471  0  0.000343471
4.7253e+13  0  1575.1  0.974676  0  0  0.974676  0  0.974676  0.000343205  0  0  0.000343205  0  0.000343205
4.7262e+13  0  1575.4  0.974688  0  0  0.974688  0  0.974688  0.000342939  0  0  0.000342939  0  0.000342939
4.7271e+13  0  1575.7  0.974701  0  0  0.974701  0  0.974701  0.000342674  0  0  0.000342674  0  0.000342674
4.728e+13  0  1576  0.974713  0  0  0.974713  0  0.974713  0.000342409  0  0  0.000342409  0  0.000342409
4.7289e+13  0  1576.3  0.974725  0  0  0.974725  0  0.974725  0.000342144  0  0  0.000342144  0  0.000342144
4.7298e+13  0  1576.6  0.974737  0  0  0.974737  0  0.974737  0.00034188  0  0  0.00034188  0  0.00034188
4.7307e+13  0  1576.9  0.974749  0  0  0.974749  0  0.974749  0.000341616  0  0  0.000341616  0  0.000341616
4.7316e+13  0  1577.2  0.974761  0  0  0.974761  0  0.974761  0.000341352  0  0  0.000341352  0  0.000341352
4.7325e+13  0  1577.5  0.974773  0  0  0.974773  0  0.974773  0.000341088  0  0  0.000341088  0  0.000341088
4.7334e+13  0  1577.8  0.974785  0  0  0.974785  0  0.974785  0.000340825  0  0  0.000340825  0  0.000340825
4.7343e+13  0  1578.1  0.974797  0  0  0.974797  0  0.974797  0.000340562  0  0  0.000340562  0  0.000340562
4.7352e+13  0  1578.4  0.97481  0  0  0.97481  0  0.97481  0.000340299  0  0  0.000340299  0  0.000340299
4.7361e+13  0  1578.7  0.974822  0  0  0.974822  0  0.974822  0.000340037  0  0  0.000340037  0  0.000340037
4.737e+13  0  1579  0.974834  0  0  0.974834  0  0.974834  0.000339775  0  0  0.000339775  0  0.000339775
4.7379e+13  0  1579.3  0.974846  0  0  0.974846  0  0.974846  0.000339513  0  0  0.000339513  0  0.000339513
4.7388e+13  0  1579.6  0.974858  0  0  0.974858  0  0.974858  0.000339252  0  0  0.000339252  0  0.000339252
4.7397e+13  0  1579.9  0.97487  0  0  0.97487  0  0.97487  0.00033899  0  0  0.00033899  0  0.00033899
4.7406e+13  0  1580.2  0.974882  0  0  0.974882  0  0.974882  0.000338729  0  0  0.000338729  0  0.000338729
4.7415e+13  0  1580.5  0.974894  0  0  0.974894  0  0.974894  0.000338469  0  0  0.000338469  0  0.000338469
4.7424e+13  0  1580.8  0.974906  0  0  0.974906  0  0.974906  0.000338208  0  0  0.000338208  0  0.000338208
4.7433e+13  0  1581.1  0.974918  0  0  0.974918  0  0.974918  0.000337948  0  0  0.000337948  0  0.000337948
4.7442e+13  0  1581.4  0.97493  0  0  0.97493  0  0.97493  0.000337688  0  0  0.000337688  0  0.000337688
4.7451e+13  0  1581.7  0.974942  0  0  0.974942  0  0.974942  0.000337429  0  0  0.000337429  0  0.000337429
4.746e+13  0  1582  0.974954  0  0  0.974954  0  0.974954  0.000337169  0  0  0.000337169  0  0.000337169
4.7469e+13  0  1582.3  0.974966  0  0  0.974966  0  0.974966  0.00033691  0  0  0.00033691  0  0.00033691
4.7478e+13  0  1582.6  0.974978  0  0  0.974978  0  0.974978  0.000336652  0  0  0.000336652  0  0.000336652
4.7487e+13  0  1582.9  0.97499  0  0  0.97499  0  0.97499  0.000336393  0  0  0.000336393  0  0.000336393
4.7496e+13  0  1583.2  0.975002  0  0  0.975002  0  0.975002  0.000336135  0  0  0.000336135  0  0.000336135
4.7505e+13  0  1583.5  0.975013  0  0  0.975013  0  0.975013  0.000335877  0  0  0.000335877  0  0.000335877
4.7514e+13  0  1583.8  0.975025  0  0  0.975025  0  0.975025  0.00033562  0  0  0.00033562  0  0.00033562
4.7523e+13  0  1584.1  0.975037  0  0  0.975037  0  0.975037  0.000335362  0  0  0.000335362  0  0.000335362
4.7532e+13  0  1584.4  0.975049  0  0  0.975049  0  0.975049  0.000335105  0  0  0.000335105  0  0.000335105
4.7541e+13  0  1584.7  0.975061  0  0  0.975061  0  0.975061  0.000334848  0  0  0.000334848  0  0.000334848
4.755e+13  0  1585  0.975073  0  0  0.975073  0  0.975073  0.000334592  0  0  0.000334592  0  0.000334592
4.7559e+13  0  1585.3  0.975085  0  0  0.975085  0  0.975085  0.000334336  0  0  0.000334336  0  0.000334336
4.7568e+13  0  1585.6  0.975097  0  0  0.975097  0  0.975097  0.00033408  0  0  0.00033408  0  0.00033408
4.7577e+13  0  1585.9  0.975108  0  0  0.975108  0  0.975108  0.000333824  0  0  0.000333824  0  0.000333824
4.7586e+13  0  1586.2  0.97512  0  0  0.97512  0  0.97512  0.000333569  0  0  0.000333569  0  0.000333569
4.7595e+13  0  1586.5  0.975132  0  0  0.975132  0  0.975132  0.000333314  0  0  0.000333314  0  0.000333314
4.7604e+13  0  1586.8  0.975144  0  0  0.975144  0  0.975144  0.000333059  0  0  0.000333059  0  0.000333059
4.7613e+13  0  1587.1  0.975156  0  0  0.975156  0  0.975156  0.000332804  0  0  0.000332804  0  0.000332804
4.7622e+13  0  1587.4  0.975168  0  0  0.975168  0  0.975168  0.00033255  0  0  0.00033255  0  0.00033255
4.7631e+13  0  1587.7  0.975179  0  0  0.975179  0  0.975179  0.000332296  0  0  0.000332296  0  0.000332296
4.764e+13  0  1588  0.975191  0  0  0.975191  0  0.975191  0.000332042  0  0  0.000332042  0  0.000332042
4.7649e+13  0  1588.3  0.975203  0  0  0.975203  0  0.975203  0.000331789  0  0  0.000331789  0  0.000331789
4.7658e+13  0  1588.6  0.975215  0  0  0.975215  0  0.975215  0.000331535  0  0  0.000331535  0  0.000331535
4.7667e+13  0  1588.9  0.975226  0  0  0.975226  0  0.975226  0.000331283  0  0  0.000331283  0  0.000331283
4.7676e+13  0  1589.2  0.975238  0  0  0.975238  0  0.975238  0.00033103  0  0  0.00033103  0  0.00033103
4.7685e+13  0  1589.5  0.97525  0  0  0.97525  0  0.97525  0.000330777  0  0  0.000330777  0  0.000330777
4.7694e+13  0  1589.8  0.975262  0  0  0.975262  0  0.975262  0.000330525  0  0  0.000330525  0  0.000330525
4.7703e+13  0  1590.1  0.975273  0  0  0.975273  0  0.975273  0.000330274  0  0  0.000330274  0  0.000330274
4.7712e+13  0  1590.4  0.975285  0  0  0.975285  0  0.975285  0.000330022  0  0  0.000330022  0  0.000330022
4.7721e+13  0  1590.7  0.975297  0  0  0.975297  0  0.975297  0.000329771  0  0  0.000329771  0  0.000329771
4.773e+13  0  1591  0.975308  0  0  0.975308  0  0.975308  0.00032952  0  0  0.00032952  0  0.00032952
4.7739e+13  0  1591.3  0.97532  0  0  0.97532  0  0.97532  0.000329269  0  0  0.000329269  0  0.000329269
4.7748e+13  0  1591.6  0.975332  0  0  0.975332  0  0.975332  0.000329018  0  0  0.000329018  0  0.000329018
4.7757e+13  0  1591.9  0.975343  0  0  0.975343  0  0.975343  0.000328768  0  0  0.000328768  0  0.000328768
4.7766e+13  0  1592.2  0.975355  0  0  0.975355  0  0.975355  0.000328518  0  0  0.000328518  0  0.000328518
4.7775e+13  0  1592.5  0.975367  0  0  0.975367  0  0.975367  0.000328269  0  0  0.000328269  0  0.000328269
4.7784e+13  0  1592.8  0.975378  0  0  0.975378  0  0.975378  0.000328019  0  0  0.000328019  0  0.000328019
4.7793e+13  0  1593.1  0.97539  0  0  0.97539  0  0.97539  0.00032777  0  0  0.00032777  0  0.00032777
4.7802e+13  0  1593.4  0.975402  0  0  0.975402  0  0.975402  0.000327521  0  0  0.000327521  0  0.000327521
4.7811e+13  0  1593.7  0.975413  0  0  0.975413  0  0.975413  0.000327272  0  0  0.000327272  0  0.000327272
4.782e+13  0  1594  0.975425  0  0  0.975425  0  0.975425  0.000327024  0  0  0.000327024  0  0.000327024
4.7829e+13  0  1594.3  0.975437  0  0  0.975437  0  0.975437  0.000326776  0  0  0.000326776  0  0.000326776
4.7838e+13  0  1594.6  0.975448  0  0  0.975448  0  0.975448  0.000326528  0  0  0.000326528  0  0.000326528
4.7847e+13  0  1594.9  0.97546  0  0  0.97546  0  0.97546  0.000326281  0  0  0.000326281  0  0.000326281
4.7856e+13  0  1595.2  0.975471  0  0  0.975471  0  0.975471  0.000326033  0  0  0.000326033  0  0.000326033
4.7865e+13  0  1595.5  0.975483  0  0  0.975483  0  0.975483  0.000325786  0  0  0.000325786  0  0.000325786
4.7874e+13  0  1595.8  0.975494  0  0  0.975494  0  0.975494  0.000325539  0  0  0.000325539  0  0.000325539
4.7883e+13  0  1596.1  0.975506  0  0  0.975506  0  0.975506  0.000325293  0  0  0.000325293  0  0.000325293
4.7892e+13  0  1596.4  0.975517  0  0  0.975517  0  0.975517  0.000325047  0  0  0.000325047  0  0.000325047
4.7901e+13  0  1596.7  0.975529  0  0  0.975529  0  0.975529  0.000324801  0  0  0.000324801  0  0.000324801
4.791e+13  0  1597  0.97554  0  0  0.97554  0  0.97554  0.000324555  0  0  0.000324555  0  0.000324555
4.7919e+13  0  1597.3  0.975552  0  0  0.975552  0  0.975552  0.00032431  0  0  0.00032431  0  0.00032431
4.7928e+13  0  1597.6  0.975564  0  0  0.975564  0  0.975564  0.000324064  0  0  0.000324064  0  0.000324064
4.7937e+13  0  1597.9  0.975575  0  0  0.975575  0  0.975575  0.000323819  0  0  0.000323819  0  0.000323819
4.7946e+13  0  1598.2  0.975586  0  0  0.975586  0  0.975586  0.000323575  0  0  0.000323575  0  0.000323575
4.7955e+13  0  1598.5  0.975598  0  0  0.975598  0  0.975598  0.00032333  0  0  0.00032333  0  0.00032333
4.7964e+13  0  1598.8  0.975609  0  0  0.975609  0  0.975609  0.000323086  0  0  0.000323086  0  0.000323086
4.7973e+13  0  1599.1  0.975621  0  0  0.975621  0  0.975621  0.000322842  0  0  0.000322842  0  0.000322842
4.7982e+13  0  1599.4  0.975632  0  0  0.975632  0  0.975632  0.000322599  0  0  0.000322599  0  0.000322599
4.7991e+13  0  1599.7  0.975644  0  0  0.975644  0  0.975644  0.000322355  0  0  0.000322355  0  0.000322355
4.8e+13  0  1600  0.975655  0  0  0.975655  0  0.975655  0.000322112  0  0  0.000322112  0  0.000322112
4.8009e+13  0  1600.3  0.975667  0  0  0.975667  0  0.975667  0.000321869  0  0  0.000321869  0  0.000321869
4.8018e+13  0  1600.6  0.975678  0  0  0.975678  0  0.975678  0.000321627  0  0  0.000321627  0  0.000321627
4.8027e+13  0  1600.9  0.975689  0  0  0.975689  0  0.975689  0.000321384  0  0  0.000321384  0  0.000321384
4.8036e+13  0  1601.2  0.975701  0  0  0.975701  0  0.975701  0.000321142  0  0  0.000321142  0  0.000321142
4.8045e+13  0  1601.5  0.975712  0  0  0.975712  0  0.975712  0.0003209  0  0  0.0003209  0  0.0003209
4.8054e+13  0  1601.8  0.975724  0  0  0.975724  0  0.975724  0.000320659  0  0  0.000320659  0  0.000320659
4.8063e+13  0  1602.1  0.975735  0  0  0.975735  0  0.975735  0.000320418  0  0  0.000320418  0  0.000320418
4.8072e+13  0  1602.4  0.975746  0  0  0.975746  0  0.975746  0.000320177  0  0  0.000320177  0  0.000320177
4.8081e+13  0  1602.7  0.975758  0  0  0.975758  0  0.975758  0.000319936  0  0  0.000319936  0  0.000319936
4.809e+13  0  1603  0.975769  0  0  0.975769  0  0.975769  0.000319695  0  0  0.000319695  0  0.000319695
4.8099e+13  0  1603.3  0.97578  0  0  0.97578  0  0.97578  0.000319455  0  0  0.000319455  0  0.000319455
4.8108e+13  0  1603.6  0.975792  0  0  0.975792  0  0.975792  0.000319215  0  0  0.000319215  0  0.000319215
4.8117e+13  0  1603.9  0.975803  0  0  0.975803  0  0.975803  0.000318975  0  0  0.000318975  0  0.000318975
4.8126e+13  0  1604.2  0.975814  0  0  0.975814  0  0.975814  0.000318735  0  0  0.000318735  0  0.000318735
4.8135e+13  0  1604.5  0.975826  0  0  0.975826  0  0.975826  0.000318496  0  0  0.000318496  0  0.000318496
4.8144e+13  0  1604.8  0.975837  0  0  0.975837  0  0.975837  0.000318257  0  0  0.000318257  0  0.000318257
4.8153e+13  0  1605.1  0.975848  0  0  0.975848  0  0.975848  0.000318018  0  0  0.000318018  0  0.000318018
4.8162e+13  0  1605.4  0.97586  0  0  0.97586  0  0.97586  0.00031778  0  0  0.00031778  0  0.00031778
4.8171e+13  0  1605.7  0.975871  0  0  0.975871  0  0.975871  0.000317542  0  0  0.000317542  0  0.000317542
4.818e+13  0  1606  0.975882  0  0  0.975882  0  0.975882  0.000317304  0  0  0.000317304  0  0.000317304
4.8189e+13  0  1606.3  0.975893  0  0  0.975893  0  0.975893  0.000317066  0  0  0.000317066  0  0.000317066
4.8198e+13  0  1606.6  0.975905  0  0  0.975905  0  0.975905  0.000316828  0  0  0.000316828  0  0.000316828
4.8207e+13  0  1606.9  0.975916  0  0  0.975916  0  0.975916  0.000316591  0  0  0.000316591  0  0.000316591
4.8216e+13  0  1607.2  0.975927  0  0  0.975927  0  0.975927  0.000316354  0  0  0.000316354  0  0.000316354
4.8225e+13  0  1607.5  0.975938  0  0  0.975938  0  0.975938  0.000316117  0  0  0.000316117  0  0.000316117
4.8234e+13  0  1607.8  0.975949  0  0  0.975949  0  0.975949  0.000315881  0  0  0.000315881  0  0.000315881
4.8243e+13  0  1608.1  0.975961  0  0  0.975961  0  0.975961  0.000315644  0  0  0.000315644  0  0.000315644
4.8252e+13  0  1608.4  0.975972  0  0  0.975972  0  0.975972  0.000315408  0  0  0.000315408  0  0.000315408
4.8261e+13  0  1608.7  0.975983  0  0  0.975983  0  0.975983  0.000315173  0  0  0.000315173  0  0.000315173
4.827e+13  0  1609  0.975994  0  0  0.975994  0  0.975994  0.000314937  0  0  0.000314937  0  0.000314937
4.8279e+13  0  1609.3  0.976005  0  0  0.976005  0  0.976005  0.000314702  0  0  0.000314702  0  0.000314702
4.8288e+13  0  1609.6  0.976017  0  0  0.976017  0  0.976017  0.000314467  0  0  0.000314467  0  0.000314467
4.8297e+13  0  1609.9  0.976028  0  0  0.976028  0  0.976028  0.000314232  0  0  0.000314232  0  0.000314232
4.8306e+13  0  1610.2  0.976039  0  0  0.976039  0  0.976039  0.000313997  0  0  0.000313997  0  0.000313997
4.8315e+13  0  1610.5  0.97605  0  0  0.97605  0  0.97605  0.000313763  0  0  0.000313763  0  0.000313763
4.8324e+13  0  1610.8  0.976061  0  0  0.976061  0  0.976061  0.000313529  0  0  0.000313529  0  0.000313529
4.8333e+13  0  1611.1  0.976072  0  0  0.976072  0  0.976072  0.000313295  0  0  0.000313295  0  0.000313295
4.8342e+13  0  1611.4  0.976083  0  0  0.976083  0  0.976083  0.000313062  0  0  0.000313062  0  0.000313062
4.8351e+13  0  1611.7  0.976094  0  0  0.976094  0  0.976094  0.000312828  0  0  0.000312828  0  0.000312828
4.836e+13  0  1612  0.976106  0  0  0.976106  0  0.976106  0.000312595  0  0  0.000312595  0  0.000312595
4.8369e+13  0  1612.3  0.976117  0  0  0.976117  0  0.976117  0.000312363  0  0  0.000312363  0  0.000312363
4.8378e+13  0  1612.6  0.976128  0  0  0.976128  0  0.976128  0.00031213  0  0  0.00031213  0  0.00031213
4.8387e+13  0  1612.9  0.976139  0  0  0.976139  0  0.976139  0.000311898  0  0  0.000311898  0  0.000311898
4.8396e+13  0  1613.2  0.97615  0  0  0.97615  0  0.97615  0.000311666  0  0  0.000311666  0  0.000311666
4.8405e+13  0  1613.5  0.976161  0  0  0.976161  0  0.976161  0.000311434  0  0  0.000311434  0  0.000311434
4.8414e+13  0  1613.8  0.976172  0  0  0.976172  0  0.976172  0.000311202  0  0  0.000311202  0  0.000311202
4.8423e+13  0  1614.1  0.976183  0  0  0.976183  0  0.976183  0.000310971  0  0  0.000310971  0  0.000310971
4.8432e+13  0  1614.4  0.976194  0  0  0.976194  0  0.976194  0.00031074  0  0  0.00031074  0  0.00031074
4.8441e+13  0  1614.7  0.976205  0  0  0.976205  0  0.976205  0.000310509  0  0  0.000310509  0  0.000310509
4.845e+13  0  1615  0.976216  0  0  0.976216  0  0.976216  0.000310278  0  0  0.000310278  0  0.000310278
4.8459e+13  0  1615.3  0.976227  0  0  0.976227  0  0.976227  0.000310048  0  0  0.000310048  0  0.000310048
4.8468e+13  0  1615.6  0.976238  0  0  0.976238  0  0.976238  0.000309818  0  0  0.000309818  0  0.000309818
4.8477e+13  0  1615.9  0.976249  0  0  0.976249  0  0.976249  0.000309588  0  0  0.000309588  0  0.000309588
4.8486e+13  0  1616.2  0.97626  0  0  0.97626  0  0.97626  0.000309358  0  0  0.000309358  0  0.000309358
4.8495e+13  0  1616.5  0.976271  0  0  0.976271  0  0.976271  0.000309129  0  0  0.000309129  0  0.000309129
4.8504e+13  0  1616.8  0.976282  0  0  0.976282  0  0.976282  0.000308899  0  0  0.000308899  0  0.000308899
4.8513e+13  0  1617.1  0.976293  0  0  0.976293  0  0.976293  0.00030867  0  0  0.00030867  0  0.00030867
4.8522e+13  0  1617.4  0.976304  0  0  0.976304  0  0.976304  0.000308442  0  0  0.000308442  0  0.000308442
4.8531e+13  0  1617.7  0.976315  0  0  0.976315  0  0.976315  0.000308213  0  0  0.000308213  0  0.000308213
4.854e+13  0  1618  0.976326  0  0  0.976326  0  0.976326  0.000307985  0  0  0.000307985  0  0.000307985
4.8549e+13  0  1618.3  0.976337  0  0  0.976337  0  0.976337  0.000307757  0  0  0.000307757  0  0.000307757
4.8558e+13  0  1618.6  0.976348  0  0  0.976348  0  0.976348  0.000307529  0  0  0.000307529  0  0.000307529
4.8567e+13  0  1618.9  0.976358  0  0  0.976358  0  0.976358  0.000307302  0  0  0.000307302  0  0.000307302
4.8576e+13  0  1619.2  0.976369  0  0  0.976369  0  0.976369  0.000307074  0  0  0.000307074  0  0.000307074
4.8585e+13  0  1619.5  0.97638  0  0  0.97638  0  0.97638  0.000306847  0  0  0.000306847  0  0.000306847
4.8594e+13  0  1619.8  0.976391  0  0  0.976391  0  0.976391  0.000306621  0  0  0.000306621  0  0.000306621
4.8603e+13  0  1620.1  0.976402  0  0  0.976402  0  0.976402  0.000306394  0  0  0.000306394  0  0.000306394
4.8612e+13  0  1620.4  0.976413  0  0  0.976413  0  0.976413  0.000306168  0  0  0.000306168  0  0.000306168
4.8621e+13  0  1620.7  0.976424  0  0  0.976424  0  0.976424  0.000305942  0  0  0.000305942  0  0.000305942
4.863e+13  0  1621  0.976435  0  0  0.976435  0  0.976435  0.000305716  0  0  0.000305716  0  0.000305716
4.8639e+13  0  1621.3  0.976445  0  0  0.976445  0  0.976445  0.00030549  0  0  0.00030549  0  0.00030549
4.8648e+13  0  1621.6  0.976456  0  0  0.976456  0  0.976456  0.000305265  0  0  0.000305265  0  0.000305265
4.8657e+13  0  1621.9  0.976467  0  0  0.976467  0  0.976467  0.000305039  0  0  0.000305039  0  0.000305039
4.8666e+13  0  1622.2  0.976478  0  0  0.976478  0  0.976478  0.000304814  0  0  0.000304814  0  0.000304814
4.8675e+13  0  1622.5  0.976489  0  0  0.976489  0  0.976489  0.00030459  0  0  0.00030459  0  0.00030459
4.8684e+13  0  1622.8  0.9765  0  0  0.9765  0  0.9765  0.000304365  0  0  0.000304365  0  0.000304365
4.8693e+13  0  1623.1  0.97651  0  0  0.97651  0  0.97651  0.000304141  0  0  0.000304141  0  0.000304141
4.8702e+13  0  1623.4  0.976521  0  0  0.976521  0  0.976521  0.000303917  0  0  0.000303917  0  0.000303917
4.8711e+13  0  1623.7  0.976532  0  0  0.976532  0  0.976532  0.000303693  0  0  0.000303693  0  0.000303693
4.872e+13  0  1624  0.976543  0  0  0.976543  0  0.976543  0.00030347  0  0  0.00030347  0  0.00030347
4.8729e+13  0  1624.3  0.976553  0  0  0.976553  0  0.976553  0.000303246  0  0  0.000303246  0  0.000303246
4.8738e+13  0  1624.6  0.976564  0  0  0.976564  0  0.976564  0.000303023  0  0  0.000303023  0  0.000303023
4.8747e+13  0  1624.9  0.976575  0  0  0.976575  0  0.976575  0.0003028  0  0  0.0003028  0  0.0003028
4.8756e+13  0  1625.2  0.976586  0  0  0.976586  0  0.976586  0.000302578  0  0  0.000302578  0  0.000302578
4.8765e+13  0  1625.5  0.976596  0  0  0.976596  0  0.976596  0.000302355  0  0  0.000302355  0  0.000302355
4.8774e+13  0  1625.8  0.976607  0  0  0.976607  0  0.976607  0.000302133  0  0  0.000302133  0  0.000302133
4.8783e+13  0  1626.1  0.976618  0  0  0.976618  0  0.976618  0.000301911  0  0  0.000301911  0  0.000301911
4.8792e+13  0  1626.4  0.976629  0  0  0.976629  0  0.976629  0.00030169  0  0  0.00030169  0  0.00030169
4.8801e+13  0  1626.7  0.976639  0  0  0.976639  0  0.976639  0.000301468  0  0  0.000301468  0  0.000301468
4.881e+13  0  1627  0.97665  0  0  0.97665  0  0.97665  0.000301247  0  0  0.000301247  0  0.000301247
4.8819e+13  0  1627.3  0.976661  0  0  0.976661  0  0.976661  0.000301026  0  0  0.000301026  0  0.000301026
4.8828e+13  0  1627.6  0.976671  0  0  0.976671  0  0.976671  0.000300805  0  0  0.000300805  0  0.000300805
4.8837e+13  0  1627.9  0.976682  0  0  0.976682  0  0.976682  0.000300585  0  0  0.000300585  0  0.000300585
4.8846e+13  0  1628.2  0.976693  0  0  0.976693  0  0.976693  0.000300364  0  0  0.000300364  0  0.000300364
4.8855e+13  0  1628.5  0.976703  0  0  0.976703  0  0.976703  0.000300144  0  0  0.000300144  0  0.000300144
4.8864e+13  0  1628.8  0.976714  0  0  0.976714  0  0.976714  0.000299924  0  0  0.000299924  0  0.000299924
4.8873e+13  0  1629.1  0.976725  0  0  0.976725  0  0.976725  0.000299705  0  0  0.000299705  0  0.000299705
4.8882e+13  0  1629.4  0.976735  0  0  0.976735  0  0.976735  0.000299485  0  0  0.000299485  0  0.000299485
4.8891e+13  0  1629.7  0.976746  0  0  0.976746  0  0.976746  0.000299266  0  0  0.000299266  0  0.000299266
4.89e+13  0  1630  0.976756  0  0  0.976756  0  0.976756  0.000299047  0  0  0.000299047  0  0.000299047
4.8909e+13  0  1630.3  0.976767  0  0  0.976767  0  0.976767  0.000298828  0  0  0.000298828  0  0.000298828
4.8918e+13  0  1630.6  0.976778  0  0  0.976778  0  0.976778  0.00029861  0  0  0.00029861  0  0.00029861
4.8927e+13  0  1630.9  0.976788  0  0  0.976788  0  0.976788  0.000298391  0  0  0.000298391  0  0.000298391
4.8936e+13  0  1631.2  0.976799  0  0  0.976799  0  0.976799  0.000298173  0  0  0.000298173  0  0.000298173
4.8945e+13  0  1631.5  0.976809  0  0  0.976809  0  0.976809  0.000297955  0  0  0.000297955  0  0.000297955
4.8954e+13  0  1631.8  0.97682  0  0  0.97682  0  0.97682  0.000297738  0  0  0.000297738  0  0.000297738
4.8963e+13  0  1632.1  0.976831  0  0  0.976831  0  0.976831  0.00029752  0  0  0.00029752  0  0.00029752
4.8972e+13  0  1632.4  0.976841  0  0  0.976841  0  0.976841  0.000297303  0  0  0.000297303  0  0.000297303
4.8981e+13  0  1632.7  0.976852  0  0  0.976852  0  0.976852  0.000297086  0  0  0.000297086  0  0.000297086
4.899e+13  0  1633  0.976862  0  0  0.976862  0  0.976862  0.00029687  0  0  0.00029687  0  0.00029687
4.8999e+13  0  1633.3  0.976873  0  0  0.976873  0  0.976873  0.000296653  0  0  0.000296653  0  0.000296653
4.9008e+13  0  1633.6  0.976883  0  0  0.976883  0  0.976883  0.000296437  0  0  0.000296437  0  0.000296437
4.9017e+13  0  1633.9  0.976894  0  0  0.976894  0  0.976894  0.000296221  0  0  0.000296221  0  0.000296221
4.9026e+13  0  1634.2  0.976904  0  0  0.976904  0  0.976904  0.000296005  0  0  0.000296005  0  0.000296005
4.9035e+13  0  1634.5  0.976915  0  0  0.976915  0  0.976915  0.000295789  0  0  0.000295789  0  0.000295789
4.9044e+13  0  1634.8  0.976925  0  0  0.976925  0  0.976925  0.000295574  0  0  0.000295574  0  0.000295574
4.9053e+13  0  1635.1  0.976936  0  0  0.976936  0  0.976936  0.000295359  0  0  0.000295359  0  0.000295359
4.9062e+13  0  1635.4  0.976946  0  0  0.976946  0  0.976946  0.000295144  0  0  0.000295144  0  0.000295144
4.9071e+13  0  1635.7  0.976957  0  0  0.976957  0  0.976957  0.000294929  0  0  0.000294929  0  0.000294929
4.908e+13  0  1636  0.976967  0  0  0.976967  0  0.976967  0.000294714  0  0  0.000294714  0  0.000294714
4.9089e+13  0  1636.3  0.976978  0  0  0.976978  0  0.976978  0.0002945  0  0  0.0002945  0  0.0002945
4.9098e+13  0  1636.6  0.976988  0  0  0.976988  0  0.976988  0.000294286  0  0  0.000294286  0  0.000294286
4.9107e+13  0  1636.9  0.976999  0  0  0.976999  0  0.976999  0.000294072  0  0  0.000294072  0  0.000294072
4.9116e+13  0  1637.2  0.977009  0  0  0.977009  0  0.977009  0.000293858  0  0  0.000293858  0  0.000293858
4.9125e+13  0  1637.5  0.977019  0  0  0.977019  0  0.977019  0.000293645  0  0  0.000293645  0  0.000293645
4.9134e+13  0  1637.8  0.97703  0  0  0.97703  0  0.97703  0.000293432  0  0  0.000293432  0  0.000293432
4.9143e+13  0  1638.1  0.97704  0  0  0.97704  0  0.97704  0.000293219  0  0  0.000293219  0  0.000293219
4.9152e+13  0  1638.4  0.977051  0  0  0.977051  0  0.977051  0.000293006  0  0  0.000293006  0  0.000293006
4.9161e+13  0  1638.7  0.977061  0  0  0.977061  0  0.977061  0.000292793  0  0  0.000292793  0  0.000292793
4.917e+13  0  1639  0.977071  0  0  0.977071  0  0.977071  0.000292581  0  0  0.000292581  0  0.000292581
4.9179e+13  0  1639.3  0.977082  0  0  0.977082  0  0.977082  0.000292369  0  0  0.000292369  0  0.000292369
4.9188e+13  0  1639.6  0.977092  0  0  0.977092  0  0.977092  0.000292157  0  0  0.000292157  0  0.000292157
4.9197e+13  0  1639.9  0.977103  0  0  0.977103  0  0.977103  0.000291945  0  0  0.000291945  0  0.000291945
4.9206e+13  0  1640.2  0.977113  0  0  0.977113  0  0.977113  0.000291734  0  0  0.000291734  0  0.000291734
4.9215e+13  0  1640.5  0.977123  0  0  0.977123  0  0.977123  0.000291523  0  0  0.000291523  0  0.000291523
4.9224e+13  0  1640.8  0.977134  0  0  0.977134  0  0.977134  0.000291311  0  0  0.000291311  0  0.000291311
4.9233e+13  0  1641.1  0.977144  0  0  0.977144  0  0.977144  0.000291101  0  0  0.000291101  0  0.000291101
4.9242e+13  0  1641.4  0.977154  0  0  0.977154  0  0.977154  0.00029089  0  0  0.00029089  0  0.00029089
4.9251e+13  0  1641.7  0.977165  0  0  0.977165  0  0.977165  0.00029068  0  0  0.00029068  0  0.00029068
4.926e+13  0  1642  0.977175  0  0  0.977175  0  0.977175  0.000290469  0  0  0.000290469  0  0.000290469
4.9269e+13  0  1642.3  0.977185  0  0  0.977185  0  0.977185  0.000290259  0  0  0.000290259  0  0.000290259
4.9278e+13  0  1642.6  0.977195  0  0  0.977195  0  0.977195  0.00029005  0  0  0.00029005  0  0.00029005
4.9287e+13  0  1642.9  0.977206  0  0  0.977206  0  0.977206  0.00028984  0  0  0.00028984  0  0.00028984
4.9296e+13  0  1643.2  0.977216  0  0  0.977216  0  0.977216  0.000289631  0  0  0.000289631  0  0.000289631
4.9305e+13  0  1643.5  0.977226  0  0  0.977226  0  0.977226  0.000289422  0  0  0.000289422  0  0.000289422
4.9314e+13  0  1643.8  0.977237  0  0  0.977237  0  0.977237  0.000289213  0  0  0.000289213  0  0.000289213
4.9323e+13  0  1644.1  0.977247  0  0  0.977247  0  0.977247  0.000289004  0  0  0.000289004  0  0.000289004
4.9332e+13  0  1644.4  0.977257  0  0  0.977257  0  0.977257  0.000288795  0  0  0.000288795  0  0.000288795
4.9341e+13  0  1644.7  0.977267  0  0  0.977267  0  0.977267  0.000288587  0  0  0.000288587  0  0.000288587
4.935e+13  0  1645  0.977278  0  0  0.977278  0  0.977278  0.000288379  0  0  0.000288379  0  0.000288379
4.9359e+13  0  1645.3  0.977288  0  0  0.977288  0  0.977288  0.000288171  0  0  0.000288171  0  0.000288171
4.9368e+13  0  1645.6  0.977298  0  0  0.977298  0  0.977298  0.000287964  0  0  0.000287964  0  0.000287964
4.9377e+13  0  1645.9  0.977308  0  0  0.977308  0  0.977308  0.000287756  0  0  0.000287756  0  0.000287756
4.9386e+13  0  1646.2  0.977318  0  0  0.977318  0  0.977318  0.000287549  0  0  0.000287549  0  0.000287549
4.9395e+13  0  1646.5  0.977329  0  0  0.977329  0  0.977329  0.000287342  0  0  0.000287342  0  0.000287342
4.9404e+13  0  1646.8  0.977339  0  0  0.977339  0  0.977339  0.000287135  0  0  0.000287135  0  0.000287135
4.9413e+13  0  1647.1  0.977349  0  0  0.977349  0  0.977349  0.000286928  0  0  0.000286928  0  0.000286928
4.9422e+13  0  1647.4  0.977359  0  0  0.977359  0  0.977359  0.000286722  0  0  0.000286722  0  0.000286722
4.9431e+13  0  1647.7  0.977369  0  0  0.977369  0  0.977369  0.000286516  0  0  0.000286516  0  0.000286516
4.944e+13  0  1648  0.97738  0  0  0.97738  0  0.97738  0.00028631  0  0  0.00028631  0  0.00028631
4.9449e+13  0  1648.3  0.97739  0  0  0.97739  0  0.97739  0.000286104  0  0  0.000286104  0  0.000286104
4.9458e+13  0  1648.6  0.9774  0  0  0.9774  0  0.9774  0.000285899  0  0  0.000285899  0  0.000285899
4.9467e+13  0  1648.9  0.97741  0  0  0.97741  0  0.97741  0.000285693  0  0  0.000285693  0  0.000285693
4.9476e+13  0  1649.2  0.97742  0  0  0.97742  0  0.97742  0.000285488  0  0  0.000285488  0  0.000285488
4.9485e+13  0  1649.5  0.97743  0  0  0.97743  0  0.97743  0.000285283  0  0  0.000285283  0  0.000285283
4.9494e+13  0  1649.8  0.97744  0  0  0.97744  0  0.97744  0.000285078  0  0  0.000285078  0  0.000285078
4.9503e+13  0  1650.1  0.97745  0  0  0.97745  0  0.97745  0.000284874  0  0  0.000284874  0  0.000284874
4.9512e+13  0  1650.4  0.977461  0  0  0.977461  0  0.977461  0.00028467  0  0  0.00028467  0  0.00028467
4.9521e+13  0  1650.7  0.977471  0  0  0.977471  0  0.977471  0.000284465  0  0  0.000284465  0  0.000284465
4.953e+13  0  1651  0.977481  0  0  0.977481  0  0.977481  0.000284261  0  0  0.000284261  0  0.000284261
4.9539e+13  0  1651.3  0.977491  0  0  0.977491  0  0.977491  0.000284058  0  0  0.000284058  0  0.000284058
4.9548e+13  0  1651.6  0.977501  0  0  0.977501  0  0.977501  0.000283854  0  0  0.000283854  0  0.000283854
4.9557e+13  0  1651.9  0.977511  0  0  0.977511  0  0.977511  0.000283651  0  0  0.000283651  0  0.000283651
4.9566e+13  0  1652.2  0.977521  0  0  0.977521  0  0.977521  0.000283448  0  0  0.000283448  0  0.000283448
4.9575e+13  0  1652.5  0.977531  0  0  0.977531  0  0.977531  0.000283245  0  0  0.000283245  0  0.000283245
4.9584e+13  0  1652.8  0.977541  0  0  0.977541  0  0.977541  0.000283042  0  0  0.000283042  0  0.000283042
4.9593e+13  0  1653.1  0.977551  0  0  0.977551  0  0.977551  0.00028284  0  0  0.00028284  0  0.00028284
4.9602e+13  0  1653.4  0.977561  0  0  0.977561  0  0.977561  0.000282638  0  0  0.000282638  0  0.000282638
4.9611e+13  0  1653.7  0.977571  0  0  0.977571  0  0.977571  0.000282435  0  0  0.000282435  0  0.000282435
4.962e+13  0  1654  0.977581  0  0  0.977581  0  0.977581  0.000282234  0  0  0.000282234  0  0.000282234
4.9629e+13  0  1654.3  0.977591  0  0  0.977591  0  0.977591  0.000282032  0  0  0.000282032  0  0.000282032
4.9638e+13  0  1654.6  0.977601  0  0  0.977601  0  0.977601  0.00028183  0  0  0.00028183  0  0.00028183
4.9647e+13  0  1654.9  0.977611  0  0  0.977611  0  0.977611  0.000281629  0  0  0.000281629  0  0.000281629
4.9656e+13  0  1655.2  0.977621  0  0  0.977621  0  0.977621  0.000281428  0  0  0.000281428  0  0.000281428
4.9665e+13  0  1655.5  0.977631  0  0  0.977631  0  0.977631  0.000281227  0  0  0.000281227  0  0.000281227
4.9674e+13  0  1655.8  0.977641  0  0  0.977641  0  0.977641  0.000281027  0  0  0.000281027  0  0.000281027
4.9683e+13  0  1656.1  0.977651  0  0  0.977651  0  0.977651  0.000280826  0  0  0.000280826  0  0.000280826
4.9692e+13  0  1656.4  0.977661  0  0  0.977661  0  0.977661  0.000280626  0  0  0.000280626  0  0.000280626
4.9701e+13  0  1656.7  0.977671  0  0  0.977671  0  0.977671  0.000280426  0  0  0.000280426  0  0.000280426
4.971e+13  0  1657  0.977681  0  0  0.977681  0  0.977681  0.000280226  0  0  0.000280226  0  0.000280226
4.9719e+13  0  1657.3  0.977691  0  0  0.977691  0  0.977691  0.000280026  0  0  0.000280026  0  0.000280026
4.9728e+13  0  1657.6  0.977701  0  0  0.977701  0  0.977701  0.000279827  0  0  0.000279827  0  0.000279827
4.9737e+13  0  1657.9  0.977711  0  0  0.977711  0  0.977711  0.000279628  0  0  0.000279628  0  0.000279628
4.9746e+13  0  1658.2  0.977721  0  0  0.977721  0  0.977721  0.000279429  0  0  0.000279429  0  0.000279429
4.9755e+13  0  1658.5  0.977731  0  0  0.977731  0  0.977731  0.00027923  0  0  0.00027923  0  0.00027923
4.9764e+13  0  1658.8  0.977741  0  0  0.977741  0  0.977741  0.000279031  0  0  0.000279031  0  0.000279031
4.9773e+13  0  1659.1  0.977751  0  0  0.977751  0  0.977751  0.000278833  0  0  0.000278833  0  0.000278833
4.9782e+13  0  1659.4  0.97776  0  0  0.97776  0  0.97776  0.000278634  0  0  0.000278634  0  0.000278634
4.9791e+13  0  1659.7  0.97777  0  0  0.97777  0  0.97777  0.000278436  0  0  0.000278436  0  0.000278436
4.98e+13  0  1660  0.97778  0  0  0.97778  0  0.97778  0.000278238  0  0  0.000278238  0  0.000278238
4.9809e+13  0  1660.3  0.97779  0  0  0.97779  0  0.97779  0.000278041  0  0  0.000278041  0  0.000278041
4.9818e+13  0  1660.6  0.9778  0  0  0.9778  0  0.9778  0.000277843  0  0  0.000277843  0  0.000277843
4.9827e+13  0  1660.9  0.97781  0  0  0.97781  0  0.97781  0.000277646  0  0  0.000277646  0  0.000277646
4.9836e+13  0  1661.2  0.97782  0  0  0.97782  0  0.97782  0.000277449  0  0  0.000277449  0  0.000277449
4.9845e+13  0  1661.5  0.97783  0  0  0.97783  0  0.97783  0.000277252  0  0  0.000277252  0  0.000277252
4.9854e+13  0  1661.8  0.977839  0  0  0.977839  0  0.977839  0.000277055  0  0  0.000277055  0  0.000277055
4.9863e+13  0  1662.1  0.977849  0  0  0.977849  0  0.977849  0.000276859  0  0  0.000276859  0  0.000276859
4.9872e+13  0  1662.4  0.977859  0  0  0.977859  0  0.977859  0.000276662  0  0  0.000276662  0  0.000276662
4.9881e+13  0  1662.7  0.977869  0  0  0.977869  0  0.977869  0.000276466  0  0  0.000276466  0  0.000276466
4.989e+13  0  1663  0.977879  0  0  0.977879  0  0.977879  0.00027627  0  0  0.00027627  0  0.00027627
4.9899e+13  0  1663.3  0.977888  0  0  0.977888  0  0.977888  0.000276075  0  0  0.000276075  0  0.000276075
4.9908e+13  0  1663.6  0.977898  0  0  0.977898  0  0.977898  0.000275879  0  0  0.000275879  0  0.000275879
4.9917e+13  0  1663.9  0.977908  0  0  0.977908  0  0.977908  0.000275684  0  0  0.000275684  0  0.000275684
4.9926e+13  0  1664.2  0.977918  0  0  0.977918  0  0.977918  0.000275489  0  0  0.000275489  0  0.000275489
4.9935e+13  0  1664.5  0.977928  0  0  0.977928  0  0.977928  0.000275294  0  0  0.000275294  0  0.000275294
4.9944e+13  0  1664.8  0.977937  0  0  0.977937  0  0.977937  0.000275099  0  0  0.000275099  0  0.000275099
4.9953e+13  0  1665.1  0.977947  0  0  0.977947  0  0.977947  0.000274905  0  0  0.000274905  0  0.000274905
4.9962e+13  0  1665.4  0.977957  0  0  0.977957  0  0.977957  0.00027471  0  0  0.00027471  0  0.00027471
4.9971e+13  0  1665.7  0.977967  0  0  0.977967  0  0.977967  0.000274516  0  0  0.000274516  0  0.000274516
4.998e+13  0  1666  0.977976  0  0  0.977976  0  0.977976  0.000274322  0  0  0.000274322  0  0.000274322
4.9989e+13  0  1666.3  0.977986  0  0  0.977986  0  0.977986  0.000274128  0  0  0.000274128  0  0.000274128
4.9998e+13  0  1666.6  0.977996  0  0  0.977996  0  0.977996  0.000273935  0  0  0.000273935  0  0.000273935
5.0007e+13  0  1666.9  0.978006  0  0  0.978006  0  0.978006  0.000273741  0  0  0.000273741  0  0.000273741
5.0016e+13  0  1667.2  0.978015  0  0  0.978015  0  0.978015  0.000273548  0  0  0.000273548  0  0.000273548
5.0025e+13  0  1667.5  0.978025  0  0  0.978025  0  0.978025  0.000273355  0  0  0.000273355  0  0.000273355
5.0034e+13  0  1667.8  0.978035  0  0  0.978035  0  0.978035  0.000273162  0  0  0.000273162  0  0.000273162
5.0043e+13  0  1668.1  0.978044  0  0  0.978044  0  0.978044  0.00027297  0  0  0.00027297  0  0.00027297
5.0052e+13  0  1668.4  0.978054  0  0  0.978054  0  0.978054  0.000272777  0  0  0.000272777  0  0.000272777
5.0061e+13  0  1668.7  0.978064  0  0  0.978064  0  0.978064  0.000272585  0  0  0.000272585  0  0.000272585
5.007e+13  0  1669  0.978073  0  0  0.978073  0  0.978073  0.000272393  0  0  0.000272393  0  0.000272393
5.0079e+13  0  1669.3  0.978083  0  0  0.978083  0  0.978083  0.000272201  0  0  0.000272201  0  0.000272201
5.0088e+13  0  1669.6  0.978093  0  0  0.978093  0  0.978093  0.000272009  0  0  0.000272009  0  0.000272009
5.0097e+13  0  1669.9  0.978102  0  0  0.978102  0  0.978102  0.000271818  0  0  0.000271818  0  0.000271818
5.0106e+13  0  1670.2  0.978112  0  0  0.978112  0  0.978112  0.000271626  0  0  0.000271626  0  0.000271626
5.0115e+13  0  1670.5  0.978122  0  0  0.978122  0  0.978122  0.000271435  0  0  0.000271435  0  0.000271435
5.0124e+13  0  1670.8  0.978131  0  0  0.978131  0  0.978131  0.000271244  0  0  0.000271244  0  0.000271244
5.0133e+13  0  1671.1  0.978141  0  0  0.978141  0  0.978141  0.000271054  0  0  0.000271054  0  0.000271054
5.0142e+13  0  1671.4  0.978151  0  0  0.978151  0  0.978151  0.000270863  0  0  0.000270863  0  0.000270863
5.0151e+13  0  1671.7  0.97816  0  0  0.97816  0  0.97816  0.000270673  0  0  0.000270673  0  0.000270673
5.016e+13  0  1672  0.97817  0  0  0.97817  0  0.97817  0.000270483  0  0  0.000270483  0  0.000270483
5.0169e+13  0  1672.3  0.978179  0  0  0.978179  0  0.978179  0.000270293  0  0  0.000270293  0  0.000270293
5.0178e+13  0  1672.6  0.978189  0  0  0.978189  0  0.978189  0.000270103  0  0  0.000270103  0  0.000270103
5.0187e+13  0  1672.9  0.978199  0  0  0.978199  0  0.978199  0.000269913  0  0  0.000269913  0  0.000269913
5.0196e+13  0  1673.2  0.978208  0  0  0.978208  0  0.978208  0.000269724  0  0  0.000269724  0  0.000269724
5.0205e+13  0  1673.5  0.978218  0  0  0.978218  0  0.978218  0.000269535  0  0  0.000269535  0  0.000269535
5.0214e+13  0  1673.8  0.978227  0  0  0.978227  0  0.978227  0.000269346  0  0  0.000269346  0  0.000269346
5.0223e+13  0  1674.1  0.978237  0  0  0.978237  0  0.978237  0.000269157  0  0  0.000269157  0  0.000269157
5.0232e+13  0  1674.4  0.978246  0  0  0.978246  0  0.978246  0.000268968  0  0  0.000268968  0  0.000268968
5.0241e+13  0  1674.7  0.978256  0  0  0.978256  0  0.978256  0.000268779  0  0  0.000268779  0  0.000268779
5.025e+13  0  1675  0.978265  0  0  0.978265  0  0.978265  0.000268591  0  0  0.000268591  0  0.000268591
5.0259e+13  0  1675.3  0.978275  0  0  0.978275  0  0.978275  0.000268403  0  0  0.000268403  0  0.000268403
5.0268e+13  0  1675.6  0.978285  0  0  0.978285  0  0.978285  0.000268215  0  0  0.000268215  0  0.000268215
5.0277e+13  0  1675.9  0.978294  0  0  0.978294  0  0.978294  0.000268027  0  0  0.000268027  0  0.000268027
5.0286e+13  0  1676.2  0.978304  0  0  0.978304  0  0.978304  0.00026784  0  0  0.00026784  0  0.00026784
5.0295e+13  0  1676.5  0.978313  0  0  0.978313  0  0.978313  0.000267652  0  0  0.000267652  0  0.000267652
5.0304e+13  0  1676.8  0.978323  0  0  0.978323  0  0.978323  0.000267465  0  0  0.000267465  0  0.000267465
5.0313e+13  0  1677.1  0.978332  0  0  0.978332  0  0.978332  0.000267278  0  0  0.000267278  0  0.000267278
5.0322e+13  0  1677.4  0.978342  0  0  0.978342  0  0.978342  0.000267091  0  0  0.000267091  0  0.000267091
5.0331e+13  0  1677.7  0.978351  0  0  0.978351  0  0.978351  0.000266905  0  0  0.000266905  0  0.000266905
5.034e+13  0  1678  0.97836  0  0  0.97836  0  0.97836  0.000266718  0  0  0.000266718  0  0.000266718
5.0349e+13  0  1678.3  0.97837  0  0  0.97837  0  0.97837  0.000266532  0  0  0.000266532  0  0.000266532
5.0358e+13  0  1678.6  0.978379  0  0  0.978379  0  0.978379  0.000266346  0  0  0.000266346  0  0.000266346
5.0367e+13  0  1678.9  0.978389  0  0  0.978389  0  0.978389  0.00026616  0  0  0.00026616  0  0.00026616
5.0376e+13  0  1679.2  0.978398  0  0  0.978398  0  0.978398  0.000265974  0  0  0.000265974  0  0.000265974
5.0385e+13  0  1679.5  0.978408  0  0  0.978408  0  0.978408  0.000265789  0  0  0.000265789  0  0.000265789
5.0394e+13  0  1679.8  0.978417  0  0  0.978417  0  0.978417  0.000265603  0  0  0.000265603  0  0.000265603
5.0403e+13  0  1680.1  0.978427  0  0  0.978427  0  0.978427  0.000265418  0  0  0.000265418  0  0.000265418
5.0412e+13  0  1680.4  0.978436  0  0  0.978436  0  0.978436  0.000265233  0  0  0.000265233  0  0.000265233
5.0421e+13  0  1680.7  0.978445  0  0  0.978445  0  0.978445  0.000265048  0  0  0.000265048  0  0.000265048
5.043e+13  0  1681  0.978455  0  0  0.978455  0  0.978455  0.000264864  0  0  0.000264864  0  0.000264864
5.0439e+13  0  1681.3  0.978464  0  0  0.978464  0  0.978464  0.000264679  0  0  0.000264679  0  0.000264679
5.0448e+13  0  1681.6  0.978474  0  0  0.978474  0  0.978474  0.000264495  0  0  0.000264495  0  0.000264495
5.0457e+13  0  1681.9  0.978483  0  0  0.978483  0  0.978483  0.000264311  0  0  0.000264311  0  0.000264311
5.0466e+13  0  1682.2  0.978492  0  0  0.978492  0  0.978492  0.000264127  0  0  0.000264127  0  0.000264127
5.0475e+13  0  1682.5  0.978502  0  0  0.978502  0  0.978502  0.000263943  0  0  0.000263943  0  0.000263943
5.0484e+13  0  1682.8  0.978511  0  0  0.978511  0  0.978511  0.000263759  0  0  0.000263759  0  0.000263759
5.0493e+13  0  1683.1  0.97852  0  0  0.97852  0  0.97852  0.000263576  0  0  0.000263576  0  0.000263576
5.0502e+13  0  1683.4  0.97853  0  0  0.97853  0  0.97853  0.000263393  0  0  0.000263393  0  0.000263393
5.0511e+13  0  1683.7  0.978539  0  0  0.978539  0  0.978539  0.00026321  0  0  0.00026321  0  0.00026321
5.052e+13  0  1684  0.978549  0  0  0.978549  0  0.978549  0.000263027  0  0  0.000263027  0  0.000263027
5.0529e+13  0  1684.3  0.978558  0  0  0.978558  0  0.978558  0.000262844  0  0  0.000262844  0  0.000262844
5.0538e+13  0  1684.6  0.978567  0  0  0.978567  0  0.978567  0.000262662  0  0  0.000262662  0  0.000262662
5.0547e+13  0  1684.9  0.978577  0  0  0.978577  0  0.978577  0.000262479  0  0  0.000262479  0  0.000262479
5.0556e+13  0  1685.2  0.978586  0  0  0.978586  0  0.978586  0.000262297  0  0  0.000262297  0  0.000262297
5.0565e+13  0  1685.5  0.978595  0  0  0.978595  0  0.978595  0.000262115  0  0  0.000262115  0  0.000262115
5.0574e+13  0  1685.8  0.978604  0  0  0.978604  0  0.978604  0.000261933  0  0  0.000261933  0  0.000261933
5.0583e+13  0  1686.1  0.978614  0  0  0.978614  0  0.978614  0.000261752  0  0  0.000261752  0  0.000261752
5.0592e+13  0  1686.4  0.978623  0  0  0.978623  0  0.978623  0.00026157  0  0  0.00026157  0  0.00026157
5.0601e+13  0  1686.7  0.978632  0  0  0.978632  0  0.978632  0.000261389  0  0  0.000261389  0  0.000261389
5.061e+13  0  1687  0.978642  0  0  0.978642  0  0.978642  0.000261208  0  0  0.000261208  0  0.000261208
5.0619e+13  0  1687.3  0.978651  0  0  0.978651  0  0.978651  0.000261027  0  0  0.000261027  0  0.000261027
5.0628e+13  0  1687.6  0.97866  0  0  0.97866  0  0.97866  0.000260846  0  0  0.000260846  0  0.000260846
5.0637e+13  0  1687.9  0.978669  0  0  0.978669  0  0.978669  0.000260666  0  0  0.000260666  0  0.000260666
5.0646e+13  0  1688.2  0.978679  0  0  0.978679  0  0.978679  0.000260485  0  0  0.000260485  0  0.000260485
5.0655e+13  0  1688.5  0.978688  0  0  0.978688  0  0.978688  0.000260305  0  0  0.000260305  0  0.000260305
5.0664e+13  0  1688.8  0.978697  0  0  0.978697  0  0.978697  0.000260125  0  0  0.000260125  0  0.000260125
5.0673e+13  0  1689.1  0.978706  0  0  0.978706  0  0.978706  0.000259945  0  0  0.000259945  0  0.000259945
5.0682e+13  0  1689.4  0.978716  0  0  0.978716  0  0.978716  0.000259766  0  0  0.000259766  0  0.000259766
5.0691e+13  0  1689.7  0.978725  0  0  0.978725  0  0.978725  0.000259586  0  0  0.000259586  0  0.000259586
5.07e+13  0  1690  0.978734  0  0  0.978734  0  0.978734  0.000259407  0  0  0.000259407  0  0.000259407
5.0709e+13  0  1690.3  0.978743  0  0  0.978743  0  0.978743  0.000259228  0  0  0.000259228  0  0.000259228
5.0718e+13  0  1690.6  0.978752  0  0  0.978752  0  0.978752  0.000259049  0  0  0.000259049  0  0.000259049
5.0727e+13  0  1690.9  0.978762  0  0  0.978762  0  0.978762  0.00025887  0  0  0.00025887  0  0.00025887
5.0736e+13  0  1691.2  0.978771  0  0  0.978771  0  0.978771  0.000258691  0  0  0.000258691  0  0.000258691
5.0745e+13  0  1691.5  0.97878  0  0  0.97878  0  0.97878  0.000258513  0  0  0.000258513  0  0.000258513
5.0754e+13  0  1691.8  0.978789  0  0  0.978789  0  0.978789  0.000258334  0  0  0.000258334  0  0.000258334
5.0763e+13  0  1692.1  0.978798  0  0  0.978798  0  0.978798  0.000258156  0  0  0.000258156  0  0.000258156
5.0772e+13  0  1692.4  0.978807  0  0  0.978807  0  0.978807  0.000257978  0  0  0.000257978  0  0.000257978
5.0781e+13  0  1692.7  0.978817  0  0  0.978817  0  0.978817  0.000257801  0  0  0.000257801  0  0.000257801
5.079e+13  0  1693  0.978826  0  0  0.978826  0  0.978826  0.000257623  0  0  0.000257623  0  0.000257623
5.0799e+13  0  1693.3  0.978835  0  0  0.978835  0  0.978835  0.000257445  0  0  0.000257445  0  0.000257445
5.0808e+13  0  1693.6  0.978844  0  0  0.978844  0  0.978844  0.000257268  0  0  0.000257268  0  0.000257268
5.0817e+13  0  1693.9  0.978853  0  0  0.978853  0  0.978853  0.000257091  0  0  0.000257091  0  0.000257091
5.0826e+13  0  1694.2  0.978862  0  0  0.978862  0  0.978862  0.000256914  0  0  0.000256914  0  0.000256914
5.0835e+13  0  1694.5  0.978871  0  0  0.978871  0  0.978871  0.000256737  0  0  0.000256737  0  0.000256737
5.0844e+13  0  1694.8  0.978881  0  0  0.978881  0  0.978881  0.000256561  0  0  0.000256561  0  0.000256561
5.0853e+13  0  1695.1  0.97889  0  0  0.97889  0  0.97889  0.000256384  0  0  0.000256384  0  0.000256384
5.0862e+13  0  1695.4  0.978899  0  0  0.978899  0  0.978899  0.000256208  0  0  0.000256208  0  0.000256208
5.0871e+13  0  1695.7  0.978908  0  0  0.978908  0  0.978908  0.000256032  0  0  0.000256032  0  0.000256032
5.088e+13  0  1696  0.978917  0  0  0.978917  0  0.978917  0.000255856  0  0  0.000255856  0  0.000255856
5.0889e+13  0  1696.3  0.978926  0  0  0.978926  0  0.978926  0.00025568  0  0  0.00025568  0  0.00025568
5.0898e+13  0  1696.6  0.978935  0  0  0.978935  0  0.978935  0.000255505  0  0  0.000255505  0  0.000255505
5.0907e+13  0  1696.9  0.978944  0  0  0.978944  0  0.978944  0.000255329  0  0  0.000255329  0  0.000255329
5.0916e+13  0  1697.2  0.978953  0  0  0.978953  0  0.978953  0.000255154  0  0  0.000255154  0  0.000255154
5.0925e+13  0  1697.5  0.978962  0  0  0.978962  0  0.978962  0.000254979  0  0  0.000254979  0  0.000254979
5.0934e+13  0  1697.8  0.978971  0  0  0.978971  0  0.978971  0.000254804  0  0  0.000254804  0  0.000254804
5.0943e+13  0  1698.1  0.97898  0  0  0.97898  0  0.97898  0.00025463  0  0  0.00025463  0  0.00025463
5.0952e+13  0  1698.4  0.978989  0  0  0.978989  0  0.978989  0.000254455  0  0  0.000254455  0  0.000254455
5.0961e+13  0  1698.7  0.978998  0  0  0.978998  0  0.978998  0.000254281  0  0  0.000254281  0  0.000254281
5.097e+13  0  1699  0.979007  0  0  0.979007  0  0.979007  0.000254106  0  0  0.000254106  0  0.000254106
5.0979e+13  0  1699.3  0.979016  0  0  0.979016  0  0.979016  0.000253932  0  0  0.000253932  0  0.000253932
5.0988e+13  0  1699.6  0.979025  0  0  0.979025  0  0.979025  0.000253758  0  0  0.000253758  0  0.000253758
5.0997e+13  0  1699.9  0.979034  0  0  0.979034  0  0.979034  0.000253585  0  0  0.000253585  0  0.000253585
5.1006e+13  0  1700.2  0.979043  0  0  0.979043  0  0.979043  0.000253411  0  0  0.000253411  0  0.000253411
5.1015e+13  0  1700.5  0.979052  0  0  0.979052  0  0.979052  0.000253238  0  0  0.000253238  0  0.000253238
5.1024e+13  0  1700.8  0.979061  0  0  0.979061  0  0.979061  0.000253065  0  0  0.000253065  0  0.000253065
5.1033e+13  0  1701.1  0.97907  0  0  0.97907  0  0.97907  0.000252891  0  0  0.000252891  0  0.000252891
5.1042e+13  0  1701.4  0.979079  0  0  0.979079  0  0.979079  0.000252719  0  0  0.000252719  0  0.000252719
5.1051e+13  0  1701.7  0.979088  0  0  0.979088  0  0.979088  0.000252546  0  0  0.000252546  0  0.000252546
5.106e+13  0  1702  0.979097  0  0  0.979097  0  0.979097  0.000252373  0  0  0.000252373  0  0.000252373
5.1069e+13  0  1702.3  0.979106  0  0  0.979106  0  0.979106  0.000252201  0  0  0.000252201  0  0.000252201
5.1078e+13  0  1702.6  0.979115  0  0  0.979115  0  0.979115  0.000252029  0  0  0.000252029  0  0.000252029
5.1087e+13  0  1702.9  0.979124  0  0  0.979124  0  0.979124  0.000251857  0  0  0.000251857  0  0.000251857
5.1096e+13  0  1703.2  0.979133  0  0  0.979133  0  0.979133  0.000251685  0  0  0.000251685  0  0.000251685
5.1105e+13  0  1703.5  0.979142  0  0  0.979142  0  0.979142  0.000251513  0  0  0.000251513  0  0.000251513
5.1114e+13  0  1703.8  0.979151  0  0  0.979151  0  0.979151  0.000251341  0  0  0.000251341  0  0.000251341
5.1123e+13  0  1704.1  0.97916  0  0  0.97916  0  0.97916  0.00025117  0  0  0.00025117  0  0.00025117
5.1132e+13  0  1704.4  0.979169  0  0  0.979169  0  0.979169  0.000250999  0  0  0.000250999  0  0.000250999
5.1141e+13  0  1704.7  0.979178  0  0  0.979178  0  0.979178  0.000250828  0  0  0.000250828  0  0.000250828
5.115e+13  0  1705  0.979187  0  0  0.979187  0  0.979187  0.000250657  0  0  0.000250657  0  0.000250657
5.1159e+13  0  1705.3  0.979196  0  0  0.979196  0  0.979196  0.000250486  0  0  0.000250486  0  0.000250486
5.1168e+13  0  1705.6  0.979204  0  0  0.979204  0  0.979204  0.000250315  0  0  0.000250315  0  0.000250315
5.1177e+13  0  1705.9  0.979213  0  0  0.979213  0  0.979213  0.000250145  0  0  0.000250145  0  0.000250145
5.1186e+13  0  1706.2  0.979222  0  0  0.979222  0  0.979222  0.000249975  0  0  0.000249975  0  0.000249975
5.1195e+13  0  1706.5  0.979231  0  0  0.979231  0  0.979231  0.000249805  0  0  0.000249805  0  0.000249805
5.1204e+13  0  1706.8  0.97924  0  0  0.97924  0  0.97924  0.000249635  0  0  0.000249635  0  0.000249635
5.1213e+13  0  1707.1  0.979249  0  0  0.979249  0  0.979249  0.000249465  0  0  0.000249465  0  0.000249465
5.1222e+13  0  1707.4  0.979258  0  0  0.979258  0  0.979258  0.000249295  0  0  0.000249295  0  0.000249295
5.1231e+13  0  1707.7  0.979267  0  0  0.979267  0  0.979267  0.000249126  0  0  0.000249126  0  0.000249126
5.124e+13  0  1708  0.979275  0  0  0.979275  0  0.979275  0.000248956  0  0  0.000248956  0  0.000248956
5.1249e+13  0  1708.3  0.979284  0  0  0.979284  0  0.979284  0.000248787  0  0  0.000248787  0  0.000248787
5.1258e+13  0  1708.6  0.979293  0  0  0.979293  0  0.979293  0.000248618  0  0  0.000248618  0  0.000248618
5.1267e+13  0  1708.9  0.979302  0  0  0.979302  0  0.979302  0.00024845  0  0  0.00024845  0  0.00024845
5.1276e+13  0  1709.2  0.979311  0  0  0.979311  0  0.979311  0.000248281  0  0  0.000248281  0  0.000248281
5.1285e+13  0  1709.5  0.979319  0  0  0.979319  0  0.979319  0.000248112  0  0  0.000248112  0  0.000248112
5.1294e+13  0  1709.8  0.979328  0  0  0.979328  0  0.979328  0.000247944  0  0  0.000247944  0  0.000247944
5.1303e+13  0  1710.1  0.979337  0  0  0.979337  0  0.979337  0.000247776  0  0  0.000247776  0  0.000247776
5.1312e+13  0  1710.4  0.979346  0  0  0.979346  0  0.979346  0.000247608  0  0  0.000247608  0  0.000247608
5.1321e+13  0  1710.7  0.979355  0  0  0.979355  0  0.979355  0.00024744  0  0  0.00024744  0  0.00024744
5.133e+13  0  1711  0.979363  0  0  0.979363  0  0.979363  0.000247272  0  0  0.000247272  0  0.000247272
5.1339e+13  0  1711.3  0.979372  0  0  0.979372  0  0.979372  0.000247105  0  0  0.000247105  0  0.000247105
5.1348e+13  0  1711.6  0.979381  0  0  0.979381  0  0.979381  0.000246937  0  0  0.000246937  0  0.000246937
5.1357e+13  0  1711.9  0.97939  0  0  0.97939  0  0.97939  0.00024677  0  0  0.00024677  0  0.00024677
5.1366e+13  0  1712.2  0.979399  0  0  0.979399  0  0.979399  0.000246603  0  0  0.000246603  0  0.000246603
5.1375e+13  0  1712.5  0.979407  0  0  0.979407  0  0.979407  0.000246436  0  0  0.000246436  0  0.000246436
5.1384e+13  0  1712.8  0.979416  0  0  0.979416  0  0.979416  0.000246269  0  0  0.000246269  0  0.000246269
5.1393e+13  0  1713.1  0.979425  0  0  0.979425  0  0.979425  0.000246103  0  0  0.000246103  0  0.000246103
5.1402e+13  0  1713.4  0.979434  0  0  0.979434  0  0.979434  0.000245936  0  0  0.000245936  0  0.000245936
5.1411e+13  0  1713.7  0.979442  0  0  0.979442  0  0.979442  0.00024577  0  0  0.00024577  0  0.00024577
5.142e+13  0  1714  0.979451  0  0  0.979451  0  0.979451  0.000245604  0  0  0.000245604  0  0.000245604
5.1429e+13  0  1714.3  0.97946  0  0  0.97946  0  0.97946  0.000245438  0  0  0.000245438  0  0.000245438
5.1438e+13  0  1714.6  0.979468  0  0  0.979468  0  0.979468  0.000245272  0  0  0.000245272  0  0.000245272
5.1447e+13  0  1714.9  0.979477  0  0  0.979477  0  0.979477  0.000245107  0  0  0.000245107  0  0.000245107
5.1456e+13  0  1715.2  0.979486  0  0  0.979486  0  0.979486  0.000244941  0  0  0.000244941  0  0.000244941
5.1465e+13  0  1715.5  0.979494  0  0  0.979494  0  0.979494  0.000244776  0  0  0.000244776  0  0.000244776
5.1474e+13  0  1715.8  0.979503  0  0  0.979503  0  0.979503  0.000244611  0  0  0.000244611  0  0.000244611
5.1483e+13  0  1716.1  0.979512  0  0  0.979512  0  0.979512  0.000244446  0  0  0.000244446  0  0.000244446
5.1492e+13  0  1716.4  0.979521  0  0  0.979521  0  0.979521  0.000244281  0  0  0.000244281  0  0.000244281
5.1501e+13  0  1716.7  0.979529  0  0  0.979529  0  0.979529  0.000244116  0  0  0.000244116  0  0.000244116
5.151e+13  0  1717  0.979538  0  0  0.979538  0  0.979538  0.000243952  0  0  0.000243952  0  0.000243952
5.1519e+13  0  1717.3  0.979547  0  0  0.979547  0  0.979547  0.000243787  0  0  0.000243787  0  0.000243787
5.1528e+13  0  1717.6  0.979555  0  0  0.979555  0  0.979555  0.000243623  0  0  0.000243623  0  0.000243623
5.1537e+13  0  1717.9  0.979564  0  0  0.979564  0  0.979564  0.000243459  0  0  0.000243459  0  0.000243459
5.1546e+13  0  1718.2  0.979572  0  0  0.979572  0  0.979572  0.000243295  0  0  0.000243295  0  0.000243295
5.1555e+13  0  1718.5  0.979581  0  0  0.979581  0  0.979581  0.000243131  0  0  0.000243131  0  0.000243131
5.1564e+13  0  1718.8  0.97959  0  0  0.97959  0  0.97959  0.000242968  0  0  0.000242968  0  0.000242968
5.1573e+13  0  1719.1  0.979598  0  0  0.979598  0  0.979598  0.000242804  0  0  0.000242804  0  0.000242804
5.1582e+13  0  1719.4  0.979607  0  0  0.979607  0  0.979607  0.000242641  0  0  0.000242641  0  0.000242641
5.1591e+13  0  1719.7  0.979616  0  0  0.979616  0  0.979616  0.000242478  0  0  0.000242478  0  0.000242478
5.16e+13  0  1720  0.979624  0  0  0.979624  0  0.979624  0.000242315  0  0  0.000242315  0  0.000242315
5.1609e+13  0  1720.3  0.979633  0  0  0.979633  0  0.979633  0.000242152  0  0  0.000242152  0  0.000242152
5.1618e+13  0  1720.6  0.979641  0  0  0.979641  0  0.979641  0.000241989  0  0  0.000241989  0  0.000241989
5.1627e+13  0  1720.9  0.97965  0  0  0.97965  0  0.97965  0.000241826  0  0  0.000241826  0  0.000241826
5.1636e+13  0  1721.2  0.979659  0  0  0.979659  0  0.979659  0.000241664  0  0  0.000241664  0  0.000241664
5.1645e+13  0  1721.5  0.979667  0  0  0.979667  0  0.979667  0.000241502  0  0  0.000241502  0  0.000241502
5.1654e+13  0  1721.8  0.979676  0  0  0.979676  0  0.979676  0.00024134  0  0  0.00024134  0  0.00024134
5.1663e+13  0  1722.1  0.979684  0  0  0.979684  0  0.979684  0.000241178  0  0  0.000241178  0  0.000241178
5.1672e+13  0  1722.4  0.979693  0  0  0.979693  0  0.979693  0.000241016  0  0  0.000241016  0  0.000241016
5.1681e+13  0  1722.7  0.979701  0  0  0.979701  0  0.979701  0.000240854  0  0  0.000240854  0  0.000240854
5.169e+13  0  1723  0.97971  0  0  0.97971  0  0.97971  0.000240693  0  0  0.000240693  0  0.000240693
5.1699e+13  0  1723.3  0.979719  0  0  0.979719  0  0.979719  0.000240532  0  0  0.000240532  0  0.000240532
5.1708e+13  0  1723.6  0.979727  0  0  0.979727  0  0.979727  0.00024037  0  0  0.00024037  0  0.00024037
5.1717e+13  0  1723.9  0.979736  0  0  0.979736  0  0.979736  0.000240209  0  0  0.000240209  0  0.000240209
5.1726e+13  0  1724.2  0.979744  0  0  0.979744  0  0.979744  0.000240048  0  0  0.000240048  0  0.000240048
5.1735e+13  0  1724.5  0.979753  0  0  0.979753  0  0.979753  0.000239888  0  0  0.000239888  0  0.000239888
5.1744e+13  0  1724.8  0.979761  0  0  0.979761  0  0.979761  0.000239727  0  0  0.000239727  0  0.000239727
5.1753e+13  0  1725.1  0.97977  0  0  0.97977  0  0.97977  0.000239567  0  0  0.000239567  0  0.000239567
5.1762e+13  0  1725.4  0.979778  0  0  0.979778  0  0.979778  0.000239406  0  0  0.000239406  0  0.000239406
5.1771e+13  0  1725.7  0.979787  0  0  0.979787  0  0.979787  0.000239246  0  0  0.000239246  0  0.000239246
5.178e+13  0  1726  0.979795  0  0  0.979795  0  0.979795  0.000239086  0  0  0.000239086  0  0.000239086
5.1789e+13  0  1726.3  0.979804  0  0  0.979804  0  0.979804  0.000238927  0  0  0.000238927  0  0.000238927
5.1798e+13  0  1726.6  0.979812  0  0  0.979812  0  0.979812  0.000238767  0  0  0.000238767  0  0.000238767
5.1807e+13  0  1726.9  0.979821  0  0  0.979821  0  0.979821  0.000238607  0  0  0.000238607  0  0.000238607
5.1816e+13  0  1727.2  0.979829  0  0  0.979829  0  0.979829  0.000238448  0  0  0.000238448  0  0.000238448
5.1825e+13  0  1727.5  0.979838  0  0  0.979838  0  0.979838  0.000238289  0  0  0.000238289  0  0.000238289
5.1834e+13  0  1727.8  0.979846  0  0  0.979846  0  0.979846  0.00023813  0  0  0.00023813  0  0.00023813
5.1843e+13  0  1728.1  0.979854  0  0  0.979854  0  0.979854  0.000237971  0  0  0.000237971  0  0.000237971
5.1852e+13  0  1728.4  0.979863  0  0  0.979863  0  0.979863  0.000237812  0  0  0.000237812  0  0.000237812
5.1861e+13  0  1728.7  0.979871  0  0  0.979871  0  0.979871  0.000237653  0  0  0.000237653  0  0.000237653
5.187e+13  0  1729  0.97988  0  0  0.97988  0  0.97988  0.000237495  0  0  0.000237495  0  0.000237495
5.1879e+13  0  1729.3  0.979888  0  0  0.979888  0  0.979888  0.000237337  0  0  0.000237337  0  0.000237337
5.1888e+13  0  1729.6  0.979897  0  0  0.979897  0  0.979897  0.000237178  0  0  0.000237178  0  0.000237178
5.1897e+13  0  1729.9  0.979905  0  0  0.979905  0  0.979905  0.00023702  0  0  0.00023702  0  0.00023702
5.1906e+13  0  1730.2  0.979913  0  0  0.979913  0  0.979913  0.000236862  0  0  0.000236862  0  0.000236862
5.1915e+13  0  1730.5  0.979922  0  0  0.979922  0  0.979922  0.000236705  0  0  0.000236705  0  0.000236705
5.1924e+13  0  1730.8  0.97993  0  0  0.97993  0  0.97993  0.000236547  0  0  0.000236547  0  0.000236547
5.1933e+13  0  1731.1  0.979939  0  0  0.979939  0  0.979939  0.00023639  0  0  0.00023639  0  0.00023639
5.1942e+13  0  1731.4  0.979947  0  0  0.979947  0  0.979947  0.000236232  0  0  0.000236232  0  0.000236232
5.1951e+13  0  1731.7  0.979955  0  0  0.979955  0  0.979955  0.000236075  0  0  0.000236075  0  0.000236075
5.196e+13  0  1732  0.979964  0  0  0.979964  0  0.979964  0.000235918  0  0  0.000235918  0  0.000235918
5.1969e+13  0  1732.3  0.979972  0  0  0.979972  0  0.979972  0.000235761  0  0  0.000235761  0  0.000235761
5.1978e+13  0  1732.6  0.979981  0  0  0.979981  0  0.979981  0.000235605  0  0  0.000235605  0  0.000235605
5.1987e+13  0  1732.9  0.979989  0  0  0.979989  0  0.979989  0.000235448  0  0  0.000235448  0  0.000235448
5.1996e+13  0  1733.2  0.979997  0  0  0.979997  0  0.979997  0.000235291  0  0  0.000235291  0  0.000235291
5.2005e+13  0  1733.5  0.980006  0  0  0.980006  0  0.980006  0.000235135  0  0  0.000235135  0  0.000235135
5.2014e+13  0  1733.8  0.980014  0  0  0.980014  0  0.980014  0.000234979  0  0  0.000234979  0  0.000234979
5.2023e+13  0  1734.1  0.980022  0  0  0.980022  0  0.980022  0.000234823  0  0  0.000234823  0  0.000234823
5.2032e+13  0  1734.4  0.980031  0  0  0.980031  0  0.980031  0.000234667  0  0  0.000234667  0  0.000234667
5.2041e+13  0  1734.7  0.980039  0  0  0.980039  0  0.980039  0.000234512  0  0  0.000234512  0  0.000234512
5.205e+13  0  1735  0.980047  0  0  0.980047  0  0.980047  0.000234356  0  0  0.000234356  0  0.000234356
5.2059e+13  0  1735.3  0.980056  0  0  0.980056  0  0.980056  0.000234201  0  0  0.000234201  0  0.000234201
5.2068e+13  0  1735.6  0.980064  0  0  0.980064  0  0.980064  0.000234045  0  0  0.000234045  0  0.000234045
5.2077e+13  0  1735.9  0.980072  0  0  0.980072  0  0.980072  0.00023389  0  0  0.00023389  0  0.00023389
5.2086e+13  0  1736.2  0.980081  0  0  0.980081  0  0.980081  0.000233735  0  0  0.000233735  0  0.000233735
5.2095e+13  0  1736.5  0.980089  0  0  0.980089  0  0.980089  0.00023358  0  0  0.00023358  0  0.00023358
5.2104e+13  0  1736.8  0.980097  0  0  0.980097  0  0.980097  0.000233426  0  0  0.000233426  0  0.000233426
5.2113e+13  0  1737.1  0.980105  0  0  0.980105  0  0.980105  0.000233271  0  0  0.000233271  0  0.000233271
5.2122e+13  0  1737.4  0.980114  0  0  0.980114  0  0.980114  0.000233117  0  0  0.000233117  0  0.000233117
5.2131e+13  0  1737.7  0.980122  0  0  0.980122  0  0.980122  0.000232962  0  0  0.000232962  0  0.000232962
5.214e+13  0  1738  0.98013  0  0  0.98013  0  0.98013  0.000232808  0  0  0.000232808  0  0.000232808
5.2149e+13  0  1738.3  0.980139  0  0  0.980139  0  0.980139  0.000232654  0  0  0.000232654  0  0.000232654
5.2158e+13  0  1738.6  0.980147  0  0  0.980147  0  0.980147  0.0002325  0  0  0.0002325  0  0.0002325
5.2167e+13  0  1738.9  0.980155  0  0  0.980155  0  0.980155  0.000232347  0  0  0.000232347  0  0.000232347
5.2176e+13  0  1739.2  0.980163  0  0  0.980163  0  0.980163  0.000232193  0  0  0.000232193  0  0.000232193
5.2185e+13  0  1739.5  0.980172  0  0  0.980172  0  0.980172  0.00023204  0  0  0.00023204  0  0.00023204
5.2194e+13  0  1739.8  0.98018  0  0  0.98018  0  0.98018  0.000231886  0  0  0.000231886  0  0.000231886
5.2203e+13  0  1740.1  0.980188  0  0  0.980188  0  0.980188  0.000231733  0  0  0.000231733  0  0.000231733
5.2212e+13  0  1740.4  0.980196  0  0  0.980196  0  0.980196  0.00023158  0  0  0.00023158  0  0.00023158
5.2221e+13  0  1740.7  0.980204  0  0  0.980204  0  0.980204  0.000231427  0  0  0.000231427  0  0.000231427
5.223e+13  0  1741  0.980213  0  0  0.980213  0  0.980213  0.000231275  0  0  0.000231275  0  0.000231275
5.2239e+13  0  1741.3  0.980221  0  0  0.980221  0  0.980221  0.000231122  0  0  0.000231122  0  0.000231122
5.2248e+13  0  1741.6  0.980229  0  0  0.980229  0  0.980229  0.00023097  0  0  0.00023097  0  0.00023097
5.2257e+13  0  1741.9  0.980237  0  0  0.980237  0  0.980237  0.000230817  0  0  0.000230817  0  0.000230817
5.2266e+13  0  1742.2  0.980246  0  0  0.980246  0  0.980246  0.000230665  0  0  0.000230665  0  0.000230665
5.2275e+13  0  1742.5  0.980254  0  0  0.980254  0  0.980254  0.000230513  0  0  0.000230513  0  0.000230513
5.2284e+13  0  1742.8  0.980262  0  0  0.980262  0  0.980262  0.000230361  0  0  0.000230361  0  0.000230361
5.2293e+13  0  1743.1  0.98027  0  0  0.98027  0  0.98027  0.00023021  0  0  0.00023021  0  0.00023021
5.2302e+13  0  1743.4  0.980278  0  0  0.980278  0  0.980278  0.000230058  0  0  0.000230058  0  0.000230058
5.2311e+13  0  1743.7  0.980286  0  0  0.980286  0  0.980286  0.000229907  0  0  0.000229907  0  0.000229907
5.232e+13  0  1744  0.980295  0  0  0.980295  0  0.980295  0.000229755  0  0  0.000229755  0  0.000229755
5.2329e+13  0  1744.3  0.980303  0  0  0.980303  0  0.980303  0.000229604  0  0  0.000229604  0  0.000229604
5.2338e+13  0  1744.6  0.980311  0  0  0.980311  0  0.980311  0.000229453  0  0  0.000229453  0  0.000229453
5.2347e+13  0  1744.9  0.980319  0  0  0.980319  0  0.980319  0.000229302  0  0  0.000229302  0  0.000229302
5.2356e+13  0  1745.2  0.980327  0  0  0.980327  0  0.980327  0.000229152  0  0  0.000229152  0  0.000229152
5.2365e+13  0  1745.5  0.980335  0  0  0.980335  0  0.980335  0.000229001  0  0  0.000229001  0  0.000229001
5.2374e+13  0  1745.8  0.980343  0  0  0.980343  0  0.980343  0.00022885  0  0  0.00022885  0  0.00022885
5.2383e+13  0  1746.1  0.980352  0  0  0.980352  0  0.980352  0.0002287  0  0  0.0002287  0  0.0002287
5.2392e+13  0  1746.4  0.98036  0  0  0.98036  0  0.98036  0.00022855  0  0  0.00022855  0  0.00022855
5.2401e+13  0  1746.7  0.980368  0  0  0.980368  0  0.980368  0.0002284  0  0  0.0002284  0  0.0002284
5.241e+13  0  1747  0.980376  0  0  0.980376  0  0.980376  0.00022825  0  0  0.00022825  0  0.00022825
5.2419e+13  0  1747.3  0.980384  0  0  0.980384  0  0.980384  0.0002281  0  0  0.0002281  0  0.0002281
5.2428e+13  0  1747.6  0.980392  0  0  0.980392  0  0.980392  0.000227951  0  0  0.000227951  0  0.000227951
5.2437e+13  0  1747.9  0.9804  0  0  0.9804  0  0.9804  0.000227801  0  0  0.000227801  0  0.000227801
5.2446e+13  0  1748.2  0.980408  0  0  0.980408  0  0.980408  0.000227652  0  0  0.000227652  0  0.000227652
5.2455e+13  0  1748.5  0.980416  0  0  0.980416  0  0.980416  0.000227502  0  0  0.000227502  0  0.000227502
5.2464e+13  0  1748.8  0.980424  0  0  0.980424  0  0.980424  0.000227353  0  0  0.000227353  0  0.000227353
5.2473e+13  0  1749.1  0.980433  0  0  0.980433  0  0.980433  0.000227204  0  0  0.000227204  0  0.000227204
5.2482e+13  0  1749.4  0.980441  0  0  0.980441  0  0.980441  0.000227056  0  0  0.000227056  0  0.000227056
5.2491e+13  0  1749.7  0.980449  0  0  0.980449  0  0.980449  0.000226907  0  0  0.000226907  0  0.000226907
5.25e+13  0  1750  0.980457  0  0  0.980457  0  0.980457  0.000226758  0  0  0.000226758  0  0.000226758
5.2509e+13  0  1750.3  0.980465  0  0  0.980465  0  0.980465  0.00022661  0  0  0.00022661  0  0.00022661
5.2518e+13  0  1750.6  0.980473  0  0  0.980473  0  0.980473  0.000226462  0  0  0.000226462  0  0.000226462
5.2527e+13  0  1750.9  0.980481  0  0  0.980481  0  0.980481  0.000226313  0  0  0.000226313  0  0.000226313
5.2536e+13  0  1751.2  0.980489  0  0  0.980489  0  0.980489  0.000226165  0  0  0.000226165  0  0.000226165
5.2545e+13  0  1751.5  0.980497  0  0  0.980497  0  0.980497  0.000226018  0  0  0.000226018  0  0.000226018
5.2554e+13  0  1751.8  0.980505  0  0  0.980505  0  0.980505  0.00022587  0  0  0.00022587  0  0.00022587
5.2563e+13  0  1752.1  0.980513  0  0  0.980513  0  0.980513  0.000225722  0  0  0.000225722  0  0.000225722
5.2572e+13  0  1752.4  0.980521  0  0  0.980521  0  0.980521  0.000225575  0  0  0.000225575  0  0.000225575
5.2581e+13  0  1752.7  0.980529  0  0  0.980529  0  0.980529  0.000225427  0  0  0.000225427  0  0.000225427
5.259e+13  0  1753  0.980537  0  0  0.980537  0  0.980537  0.00022528  0  0  0.00022528  0  0.00022528
5.2599e+13  0  1753.3  0.980545  0  0  0.980545  0  0.980545  0.000225133  0  0  0.000225133  0  0.000225133
5.2608e+13  0  1753.6  0.980553  0  0  0.980553  0  0.980553  0.000224986  0  0  0.000224986  0  0.000224986
5.2617e+13  0  1753.9  0.980561  0  0  0.980561  0  0.980561  0.000224839  0  0  0.000224839  0  0.000224839
5.2626e+13  0  1754.2  0.980569  0  0  0.980569  0  0.980569  0.000224693  0  0  0.000224693  0  0.000224693
5.2635e+13  0  1754.5  0.980577  0  0  0.980577  0  0.980577  0.000224546  0  0  0.000224546  0  0.000224546
5.2644e+13  0  1754.8  0.980585  0  0  0.980585  0  0.980585  0.0002244  0  0  0.0002244  0  0.0002244
5.2653e+13  0  1755.1  0.980593  0  0  0.980593  0  0.980593  0.000224253  0  0  0.000224253  0  0.000224253
5.2662e+13  0  1755.4  0.980601  0  0  0.980601  0  0.980601  0.000224107  0  0  0.000224107  0  0.000224107
5.2671e+13  0  1755.7  0.980609  0  0  0.980609  0  0.980609  0.000223961  0  0  0.000223961  0  0.000223961
5.268e+13  0  1756  0.980617  0  0  0.980617  0  0.980617  0.000223815  0  0  0.000223815  0  0.000223815
5.2689e+13  0  1756.3  0.980625  0  0  0.980625  0  0.980625  0.00022367  0  0  0.00022367  0  0.00022367
5.2698e+13  0  1756.6  0.980633  0  0  0.980633  0  0.980633  0.000223524  0  0  0.000223524  0  0.000223524
5.2707e+13  0  1756.9  0.980641  0  0  0.980641  0  0.980641  0.000223379  0  0  0.000223379  0  0.000223379
5.2716e+13  0  1757.2  0.980648  0  0  0.980648  0  0.980648  0.000223233  0  0  0.000223233  0  0.000223233
5.2725e+13  0  1757.5  0.980656  0  0  0.980656  0  0.980656  0.000223088  0  0  0.000223088  0  0.000223088
5.2734e+13  0  1757.8  0.980664  0  0  0.980664  0  0.980664  0.000222943  0  0  0.000222943  0  0.000222943
5.2743e+13  0  1758.1  0.980672  0  0  0.980672  0  0.980672  0.000222798  0  0  0.000222798  0  0.000222798
5.2752e+13  0  1758.4  0.98068  0  0  0.98068  0  0.98068  0.000222653  0  0  0.000222653  0  0.000222653
5.2761e+13  0  1758.7  0.980688  0  0  0.980688  0  0.980688  0.000222509  0  0  0.000222509  0  0.000222509
5.277e+13  0  1759  0.980696  0  0  0.980696  0  0.980696  0.000222364  0  0  0.000222364  0  0.000222364
5.2779e+13  0  1759.3  0.980704  0  0  0.980704  0  0.980704  0.00022222  0  0  0.00022222  0  0.00022222
5.2788e+13  0  1759.6  0.980712  0  0  0.980712  0  0.980712  0.000222075  0  0  0.000222075  0  0.000222075
5.2797e+13  0  1759.9  0.98072  0  0  0.98072  0  0.98072  0.000221931  0  0  0.000221931  0  0.000221931
5.2806e+13  0  1760.2  0.980728  0  0  0.980728  0  0.980728  0.000221787  0  0  0.000221787  0  0.000221787
5.2815e+13  0  1760.5  0.980735  0  0  0.980735  0  0.980735  0.000221643  0  0  0.000221643  0  0.000221643
5.2824e+13  0  1760.8  0.980743  0  0  0.980743  0  0.980743  0.0002215  0  0  0.0002215  0  0.0002215
5.2833e+13  0  1761.1  0.980751  0  0  0.980751  0  0.980751  0.000221356  0  0  0.000221356  0  0.000221356
5.2842e+13  0  1761.4  0.980759  0  0  0.980759  0  0.980759  0.000221212  0  0  0.000221212  0  0.000221212
5.2851e+13  0  1761.7  0.980767  0  0  0.980767  0  0.980767  0.000221069  0  0  0.000221069  0  0.000221069
5.286e+13  0  1762  0.980775  0  0  0.980775  0  0.980775  0.000220926  0  0  0.000220926  0  0.000220926
5.2869e+13  0  1762.3  0.980783  0  0  0.980783  0  0.980783  0.000220783  0  0  0.000220783  0  0.000220783
5.2878e+13  0  1762.6  0.98079  0  0  0.98079  0  0.98079  0.00022064  0  0  0.00022064  0  0.00022064
5.2887e+13  0  1762.9  0.980798  0  0  0.980798  0  0.980798  0.000220497  0  0  0.000220497  0  0.000220497
5.2896e+13  0  1763.2  0.980806  0  0  0.980806  0  0.980806  0.000220354  0  0  0.000220354  0  0.000220354
5.2905e+13  0  1763.5  0.980814  0  0  0.980814  0  0.980814  0.000220212  0  0  0.000220212  0  0.000220212
5.2914e+13  0  1763.8  0.980822  0  0  0.980822  0  0.980822  0.000220069  0  0  0.000220069  0  0.000220069
5.2923e+13  0  1764.1  0.980829  0  0  0.980829  0  0.980829  0.000219927  0  0  0.000219927  0  0.000219927
5.2932e+13  0  1764.4  0.980837  0  0  0.980837  0  0.980837  0.000219785  0  0  0.000219785  0  0.000219785
5.2941e+13  0  1764.7  0.980845  0  0  0.980845  0  0.980845  0.000219642  0  0  0.000219642  0  0.000219642
5.295e+13  0  1765  0.980853  0  0  0.980853  0  0.980853  0.0002195  0  0  0.0002195  0  0.0002195
5.2959e+13  0  1765.3  0.980861  0  0  0.980861  0  0.980861  0.000219359  0  0  0.000219359  0  0.000219359
5.2968e+13  0  1765.6  0.980868  0  0  0.980868  0  0.980868  0.000219217  0  0  0.000219217  0  0.000219217
5.2977e+13  0  1765.9  0.980876  0  0  0.980876  0  0.980876  0.000219075  0  0  0.000219075  0  0.000219075
5.2986e+13  0  1766.2  0.980884  0  0  0.980884  0  0.980884  0.000218934  0  0  0.000218934  0  0.000218934
5.2995e+13  0  1766.5  0.980892  0  0  0.980892  0  0.980892  0.000218793  0  0  0.000218793  0  0.000218793
5.3004e+13  0  1766.8  0.9809  0  0  0.9809  0  0.9809  0.000218651  0  0  0.000218651  0  0.000218651
5.3013e+13  0  1767.1  0.980907  0  0  0.980907  0  0.980907  0.00021851  0  0  0.00021851  0  0.00021851
5.3022e+13  0  1767.4  0.980915  0  0  0.980915  0  0.980915  0.000218369  0  0  0.000218369  0  0.000218369
5.3031e+13  0  1767.7  0.980923  0  0  0.980923  0  0.980923  0.000218229  0  0  0.000218229  0  0.000218229
5.304e+13  0  1768  0.980931  0  0  0.980931  0  0.980931  0.000218088  0  0  0.000218088  0  0.000218088
5.3049e+13  0  1768.3  0.980938  0  0  0.980938  0  0.980938  0.000217947  0  0  0.000217947  0  0.000217947
5.3058e+13  0  1768.6  0.980946  0  0  0.980946  0  0.980946  0.000217807  0  0  0.000217807  0  0.000217807
5.3067e+13  0  1768.9  0.980954  0  0  0.980954  0  0.980954  0.000217667  0  0  0.000217667  0  0.000217667
5.3076e+13  0  1769.2  0.980962  0  0  0.980962  0  0.980962  0.000217527  0  0  0.000217527  0  0.000217527
5.3085e+13  0  1769.5  0.980969  0  0  0.980969  0  0.980969  0.000217387  0  0  0.000217387  0  0.000217387
5.3094e+13  0  1769.8  0.980977  0  0  0.980977  0  0.980977  0.000217247  0  0  0.000217247  0  0.000217247
5.3103e+13  0  1770.1  0.980985  0  0  0.980985  0  0.980985  0.000217107  0  0  0.000217107  0  0.000217107
5.3112e+13  0  1770.4  0.980992  0  0  0.980992  0  0.980992  0.000216967  0  0  0.000216967  0  0.000216967
5.3121e+13  0  1770.7  0.981  0  0  0.981  0  0.981  0.000216828  0  0  0.000216828  0  0.000216828
5.313e+13  0  1771  0.981008  0  0  0.981008  0  0.981008  0.000216688  0  0  0.000216688  0  0.000216688
5.3139e+13  0  1771.3  0.981016  0  0  0.981016  0  0.981016  0.000216549  0  0  0.000216549  0  0.000216549
5.3148e+13  0  1771.6  0.981023  0  0  0.981023  0  0.981023  0.00021641  0  0  0.00021641  0  0.00021641
5.3157e+13  0  1771.9  0.981031  0  0  0.981031  0  0.981031  0.000216271  0  0  0.000216271  0  0.000216271
5.3166e+13  0  1772.2  0.981039  0  0  0.981039  0  0.981039  0.000216132  0  0  0.000216132  0  0.000216132
5.3175e+13  0  1772.5  0.981046  0  0  0.981046  0  0.981046  0.000215993  0  0  0.000215993  0  0.000215993
5.3184e+13  0  1772.8  0.981054  0  0  0.981054  0  0.981054  0.000215854  0  0  0.000215854  0  0.000215854
5.3193e+13  0  1773.1  0.981062  0  0  0.981062  0  0.981062  0.000215716  0  0  0.000215716  0  0.000215716
5.3202e+13  0  1773.4  0.981069  0  0  0.981069  0  0.981069  0.000215577  0  0  0.000215577  0  0.000215577
5.3211e+13  0  1773.7  0.981077  0  0  0.981077  0  0.981077  0.000215439  0  0  0.000215439  0  0.000215439
5.322e+13  0  1774  0.981085  0  0  0.981085  0  0.981085  0.000215301  0  0  0.000215301  0  0.000215301
5.3229e+13  0  1774.3  0.981092  0  0  0.981092  0  0.981092  0.000215163  0  0  0.000215163  0  0.000215163
5.3238e+13  0  1774.6  0.9811  0  0  0.9811  0  0.9811  0.000215025  0  0  0.000215025  0  0.000215025
5.3247e+13  0  1774.9  0.981107  0  0  0.981107  0  0.981107  0.000214887  0  0  0.000214887  0  0.000214887
5.3256e+13  0  1775.2  0.981115  0  0  0.981115  0  0.981115  0.000214749  0  0  0.000214749  0  0.000214749
5.3265e+13  0  1775.5  0.981123  0  0  0.981123  0  0.981123  0.000214612  0  0  0.000214612  0  0.000214612
5.3274e+13  0  1775.8  0.98113  0  0  0.98113  0  0.98113  0.000214474  0  0  0.000214474  0  0.000214474
5.3283e+13  0  1776.1  0.981138  0  0  0.981138  0  0.981138  0.000214337  0  0  0.000214337  0  0.000214337
5.3292e+13  0  1776.4  0.981146  0  0  0.981146  0  0.981146  0.0002142  0  0  0.0002142  0  0.0002142
5.3301e+13  0  1776.7  0.981153  0  0  0.981153  0  0.981153  0.000214063  0  0  0.000214063  0  0.000214063
5.331e+13  0  1777  0.981161  0  0  0.981161  0  0.981161  0.000213926  0  0  0.000213926  0  0.000213926
5.3319e+13  0  1777.3  0.981168  0  0  0.981168  0  0.981168  0.000213789  0  0  0.000213789  0  0.000213789
5.3328e+13  0  1777.6  0.981176  0  0  0.981176  0  0.981176  0.000213652  0  0  0.000213652  0  0.000213652
5.3337e+13  0  1777.9  0.981184  0  0  0.981184  0  0.981184  0.000213516  0  0  0.000213516  0  0.000213516
5.3346e+13  0  1778.2  0.981191  0  0  0.981191  0  0.981191  0.000213379  0  0  0.000213379  0  0.000213379
5.3355e+13  0  1778.5  0.981199  0  0  0.981199  0  0.981199  0.000213243  0  0  0.000213243  0  0.000213243
5.3364e+13  0  1778.8  0.981206  0  0  0.981206  0  0.981206  0.000213107  0  0  0.000213107  0  0.000213107
5.3373e+13  0  1779.1  0.981214  0  0  0.981214  0  0.981214  0.000212971  0  0  0.000212971  0  0.000212971
5.3382e+13  0  1779.4  0.981221  0  0  0.981221  0  0.981221  0.000212835  0  0  0.000212835  0  0.000212835
5.3391e+13  0  1779.7  0.981229  0  0  0.981229  0  0.981229  0.000212699  0  0  0.000212699  0  0.000212699
5.34e+13  0  1780  0.981237  0  0  0.981237  0  0.981237  0.000212563  0  0  0.000212563  0  0.000212563
5.3409e+13  0  1780.3  0.981244  0  0  0.981244  0  0.981244  0.000212428  0  0  0.000212428  0  0.000212428
5.3418e+13  0  1780.6  0.981252  0  0  0.981252  0  0.981252  0.000212292  0  0  0.000212292  0  0.000212292
5.3427e+13  0  1780.9  0.981259  0  0  0.981259  0  0.981259  0.000212157  0  0  0.000212157  0  0.000212157
5.3436e+13  0  1781.2  0.981267  0  0  0.981267  0  0.981267  0.000212021  0  0  0.000212021  0  0.000212021
5.3445e+13  0  1781.5  0.981274  0  0  0.981274  0  0.981274  0.000211886  0  0  0.000211886  0  0.000211886
5.3454e+13  0  1781.8  0.981282  0  0  0.981282  0  0.981282  0.000211751  0  0  0.000211751  0  0.000211751
5.3463e+13  0  1782.1  0.981289  0  0  0.981289  0  0.981289  0.000211616  0  0  0.000211616  0  0.000211616
5.3472e+13  0  1782.4  0.981297  0  0  0.981297  0  0.981297  0.000211482  0  0  0.000211482  0  0.000211482
5.3481e+13  0  1782.7  0.981304  0  0  0.981304  0  0.981304  0.000211347  0  0  0.000211347  0  0.000211347
5.349e+13  0  1783  0.981312  0  0  0.981312  0  0.981312  0.000211213  0  0  0.000211213  0  0.000211213
5.3499e+13  0  1783.3  0.981319  0  0  0.981319  0  0.981319  0.000211078  0  0  0.000211078  0  0.000211078
5.3508e+13  0  1783.6  0.981327  0  0  0.981327  0  0.981327  0.000210944  0  0  0.000210944  0  0.000210944
5.3517e+13  0  1783.9  0.981334  0  0  0.981334  0  0.981334  0.00021081  0  0  0.00021081  0  0.00021081
5.3526e+13  0  1784.2  0.981342  0  0  0.981342  0  0.981342  0.000210676  0  0  0.000210676  0  0.000210676
5.3535e+13  0  1784.5  0.981349  0  0  0.981349  0  0.981349  0.000210542  0  0  0.000210542  0  0.000210542
5.3544e+13  0  1784.8  0.981357  0  0  0.981357  0  0.981357  0.000210408  0  0  0.000210408  0  0.000210408
5.3553e+13  0  1785.1  0.981364  0  0  0.981364  0  0.981364  0.000210274  0  0  0.000210274  0  0.000210274
5.3562e+13  0  1785.4  0.981372  0  0  0.981372  0  0.981372  0.000210141  0  0  0.000210141  0  0.000210141
5.3571e+13  0  1785.7  0.981379  0  0  0.981379  0  0.981379  0.000210007  0  0  0.000210007  0  0.000210007
5.358e+13  0  1786  0.981387  0  0  0.981387  0  0.981387  0.000209874  0  0  0.000209874  0  0.000209874
5.3589e+13  0  1786.3  0.981394  0  0  0.981394  0  0.981394  0.000209741  0  0  0.000209741  0  0.000209741
5.3598e+13  0  1786.6  0.981402  0  0  0.981402  0  0.981402  0.000209608  0  0  0.000209608  0  0.000209608
5.3607e+13  0  1786.9  0.981409  0  0  0.981409  0  0.981409  0.000209475  0  0  0.000209475  0  0.000209475
5.3616e+13  0  1787.2  0.981416  0  0  0.981416  0  0.981416  0.000209342  0  0  0.000209342  0  0.000209342
5.3625e+13  0  1787.5  0.981424  0  0  0.981424  0  0.981424  0.000209209  0  0  0.000209209  0  0.000209209
5.3634e+13  0  1787.8  0.981431  0  0  0.981431  0  0.981431  0.000209076  0  0  0.000209076  0  0.000209076
5.3643e+13  0  1788.1  0.981439  0  0  0.981439  0  0.981439  0.000208944  0  0  0.000208944  0  0.000208944
5.3652e+13  0  1788.4  0.981446  0  0  0.981446  0  0.981446  0.000208811  0  0  0.000208811  0  0.000208811
5.3661e+13  0  1788.7  0.981454  0  0  0.981454  0  0.981454  0.000208679  0  0  0.000208679  0  0.000208679
5.367e+13  0  1789  0.981461  0  0  0.981461  0  0.981461  0.000208547  0  0  0.000208547  0  0.000208547
5.3679e+13  0  1789.3  0.981468  0  0  0.981468  0  0.981468  0.000208415  0  0  0.000208415  0  0.000208415
5.3688e+13  0  1789.6  0.981476  0  0  0.981476  0  0.981476  0.000208283  0  0  0.000208283  0  0.000208283
5.3697e+13  0  1789.9  0.981483  0  0  0.981483  0  0.981483  0.000208151  0  0  0.000208151  0  0.000208151
5.3706e+13  0  1790.2  0.981491  0  0  0.981491  0  0.981491  0.00020802  0  0  0.00020802  0  0.00020802
5.3715e+13  0  1790.5  0.981498  0  0  0.981498  0  0.981498  0.000207888  0  0  0.000207888  0  0.000207888
5.3724e+13  0  1790.8  0.981505  0  0  0.981505  0  0.981505  0.000207756  0  0  0.000207756  0  0.000207756
5.3733e+13  0  1791.1  0.981513  0  0  0.981513  0  0.981513  0.000207625  0  0  0.000207625  0  0.000207625
5.3742e+13  0  1791.4  0.98152  0  0  0.98152  0  0.98152  0.000207494  0  0  0.000207494  0  0.000207494
5.3751e+13  0  1791.7  0.981527  0  0  0.981527  0  0.981527  0.000207363  0  0  0.000207363  0  0.000207363
5.376e+13  0  1792  0.981535  0  0  0.981535  0  0.981535  0.000207232  0  0  0.000207232  0  0.000207232
5.3769e+13  0  1792.3  0.981542  0  0  0.981542  0  0.981542  0.000207101  0  0  0.000207101  0  0.000207101
5.3778e+13  0  1792.6  0.981549  0  0  0.981549  0  0.981549  0.00020697  0  0  0.00020697  0  0.00020697
5.3787e+13  0  1792.9  0.981557  0  0  0.981557  0  0.981557  0.000206839  0  0  0.000206839  0  0.000206839
5.3796e+13  0  1793.2  0.981564  0  0  0.981564  0  0.981564  0.000206709  0  0  0.000206709  0  0.000206709
5.3805e+13  0  1793.5  0.981572  0  0  0.981572  0  0.981572  0.000206579  0  0  0.000206579  0  0.000206579
5.3814e+13  0  1793.8  0.981579  0  0  0.981579  0  0.981579  0.000206448  0  0  0.000206448  0  0.000206448
5.3823e+13  0  1794.1  0.981586  0  0  0.981586  0  0.981586  0.000206318  0  0  0.000206318  0  0.000206318
5.3832e+13  0  1794.4  0.981594  0  0  0.981594  0  0.981594  0.000206188  0  0  0.000206188  0  0.000206188
5.3841e+13  0  1794.7  0.981601  0  0  0.981601  0  0.981601  0.000206058  0  0  0.000206058  0  0.000206058
5.385e+13  0  1795  0.981608  0  0  0.981608  0  0.981608  0.000205928  0  0  0.000205928  0  0.000205928
5.3859e+13  0  1795.3  0.981615  0  0  0.981615  0  0.981615  0.000205798  0  0  0.000205798  0  0.000205798
5.3868e+13  0  1795.6  0.981623  0  0  0.981623  0  0.981623  0.000205669  0  0  0.000205669  0  0.000205669
5.3877e+13  0  1795.9  0.98163  0  0  0.98163  0  0.98163  0.000205539  0  0  0.000205539  0  0.000205539
5.3886e+13  0  1796.2  0.981637  0  0  0.981637  0  0.981637  0.00020541  0  0  0.00020541  0  0.00020541
5.3895e+13  0  1796.5  0.981645  0  0  0.981645  0  0.981645  0.000205281  0  0  0.000205281  0  0.000205281
5.3904e+13  0  1796.8  0.981652  0  0  0.981652  0  0.981652  0.000205151  0  0  0.000205151  0  0.000205151
5.3913e+13  0  1797.1  0.981659  0  0  0.981659  0  0.981659  0.000205022  0  0  0.000205022  0  0.000205022
5.3922e+13  0  1797.4  0.981667  0  0  0.981667  0  0.981667  0.000204893  0  0  0.000204893  0  0.000204893
5.3931e+13  0  1797.7  0.981674  0  0  0.981674  0  0.981674  0.000204765  0  0  0.000204765  0  0.000204765
5.394e+13  0  1798  0.981681  0  0  0.981681  0  0.981681  0.000204636  0  0  0.000204636  0  0.000204636
5.3949e+13  0  1798.3  0.981688  0  0  0.981688  0  0.981688  0.000204507  0  0  0.000204507  0  0.000204507
5.3958e+13  0  1798.6  0.981696  0  0  0.981696  0  0.981696  0.000204379  0  0  0.000204379  0  0.000204379
5.3967e+13  0  1798.9  0.981703  0  0  0.981703  0  0.981703  0.00020425  0  0  0.00020425  0  0.00020425
5.3976e+13  0  1799.2  0.98171  0  0  0.98171  0  0.98171  0.000204122  0  0  0.000204122  0  0.000204122
5.3985e+13  0  1799.5  0.981717  0  0  0.981717  0  0.981717  0.000203994  0  0  0.000203994  0  0.000203994
5.3994e+13  0  1799.8  0.981725  0  0  0.981725  0  0.981725  0.000203866  0  0  0.000203866  0  0.000203866
5.4003e+13  0  1800.1  0.981732  0  0  0.981732  0  0.981732  0.000203738  0  0  0.000203738  0  0.000203738
5.4012e+13  0  1800.4  0.981739  0  0  0.981739  0  0.981739  0.00020361  0  0  0.00020361  0  0.00020361
5.4021e+13  0  1800.7  0.981746  0  0  0.981746  0  0.981746  0.000203483  0  0  0.000203483  0  0.000203483
5.403e+13  0  1801  0.981754  0  0  0.981754  0  0.981754  0.000203355  0  0  0.000203355  0  0.000203355
5.4039e+13  0  1801.3  0.981761  0  0  0.981761  0  0.981761  0.000203227  0  0  0.000203227  0  0.000203227
5.4048e+13  0  1801.6  0.981768  0  0  0.981768  0  0.981768  0.0002031  0  0  0.0002031  0  0.0002031
5.4057e+13  0  1801.9  0.981775  0  0  0.981775  0  0.981775  0.000202973  0  0  0.000202973  0  0.000202973
5.4066e+13  0  1802.2  0.981782  0  0  0.981782  0  0.981782  0.000202846  0  0  0.000202846  0  0.000202846
5.4075e+13  0  1802.5  0.98179  0  0  0.98179  0  0.98179  0.000202719  0  0  0.000202719  0  0.000202719
5.4084e+13  0  1802.8  0.981797  0  0  0.981797  0  0.981797  0.000202592  0  0  0.000202592  0  0.000202592
5.4093e+13  0  1803.1  0.981804  0  0  0.981804  0  0.981804  0.000202465  0  0  0.000202465  0  0.000202465
5.4102e+13  0  1803.4  0.981811  0  0  0.981811  0  0.981811  0.000202338  0  0  0.000202338  0  0.000202338
5.4111e+13  0  1803.7  0.981818  0  0  0.981818  0  0.981818  0.000202212  0  0  0.000202212  0  0.000202212
5.412e+13  0  1804  0.981826  0  0  0.981826  0  0.981826  0.000202085  0  0  0.000202085  0  0.000202085
5.4129e+13  0  1804.3  0.981833  0  0  0.981833  0  0.981833  0.000201959  0  0  0.000201959  0  0.000201959
5.4138e+13  0  1804.6  0.98184  0  0  0.98184  0  0.98184  0.000201833  0  0  0.000201833  0  0.000201833
5.4147e+13  0  1804.9  0.981847  0  0  0.981847  0  0.981847  0.000201706  0  0  0.000201706  0  0.000201706
5.4156e+13  0  1805.2  0.981854  0  0  0.981854  0  0.981854  0.00020158  0  0  0.00020158  0  0.00020158
5.4165e+13  0  1805.5  0.981861  0  0  0.981861  0  0.981861  0.000201454  0  0  0.000201454  0  0.000201454
5.4174e+13  0  1805.8  0.981869  0  0  0.981869  0  0.981869  0.000201329  0  0  0.000201329  0  0.000201329
5.4183e+13  0  1806.1  0.981876  0  0  0.981876  0  0.981876  0.000201203  0  0  0.000201203  0  0.000201203
5.4192e+13  0  1806.4  0.981883  0  0  0.981883  0  0.981883  0.000201077  0  0  0.000201077  0  0.000201077
5.4201e+13  0  1806.7  0.98189  0  0  0.98189  0  0.98189  0.000200952  0  0  0.000200952  0  0.000200952
5.421e+13  0  1807  0.981897  0  0  0.981897  0  0.981897  0.000200826  0  0  0.000200826  0  0.000200826
5.4219e+13  0  1807.3  0.981904  0  0  0.981904  0  0.981904  0.000200701  0  0  0.000200701  0  0.000200701
5.4228e+13  0  1807.6  0.981911  0  0  0.981911  0  0.981911  0.000200576  0  0  0.000200576  0  0.000200576
5.4237e+13  0  1807.9  0.981919  0  0  0.981919  0  0.981919  0.000200451  0  0  0.000200451  0  0.000200451
5.4246e+13  0  1808.2  0.981926  0  0  0.981926  0  0.981926  0.000200326  0  0  0.000200326  0  0.000200326
5.4255e+13  0  1808.5  0.981933  0  0  0.981933  0  0.981933  0.000200201  0  0  0.000200201  0  0.000200201
5.4264e+13  0  1808.8  0.98194  0  0  0.98194  0  0.98194  0.000200076  0  0  0.000200076  0  0.000200076
5.4273e+13  0  1809.1  0.981947  0  0  0.981947  0  0.981947  0.000199952  0  0  0.000199952  0  0.000199952
5.4282e+13  0  1809.4  0.981954  0  0  0.981954  0  0.981954  0.000199827  0  0  0.000199827  0  0.000199827
5.4291e+13  0  1809.7  0.981961  0  0  0.981961  0  0.981961  0.000199703  0  0  0.000199703  0  0.000199703
5.43e+13  0  1810  0.981968  0  0  0.981968  0  0.981968  0.000199579  0  0  0.000199579  0  0.000199579
5.4309e+13  0  1810.3  0.981975  0  0  0.981975  0  0.981975  0.000199454  0  0  0.000199454  0  0.000199454
5.4318e+13  0  1810.6  0.981982  0  0  0.981982  0  0.981982  0.00019933  0  0  0.00019933  0  0.00019933
5.4327e+13  0  1810.9  0.98199  0  0  0.98199  0  0.98199  0.000199206  0  0  0.000199206  0  0.000199206
5.4336e+13  0  1811.2  0.981997  0  0  0.981997  0  0.981997  0.000199082  0  0  0.000199082  0  0.000199082
5.4345e+13  0  1811.5  0.982004  0  0  0.982004  0  0.982004  0.000198959  0  0  0.000198959  0  0.000198959
5.4354e+13  0  1811.8  0.982011  0  0  0.982011  0  0.982011  0.000198835  0  0  0.000198835  0  0.000198835
5.4363e+13  0  1812.1  0.982018  0  0  0.982018  0  0.982018  0.000198711  0  0  0.000198711  0  0.000198711
5.4372e+13  0  1812.4  0.982025  0  0  0.982025  0  0.982025  0.000198588  0  0  0.000198588  0  0.000198588
5.4381e+13  0  1812.7  0.982032  0  0  0.982032  0  0.982032  0.000198465  0  0  0.000198465  0  0.000198465
5.439e+13  0  1813  0.982039  0  0  0.982039  0  0.982039  0.000198341  0  0  0.000198341  0  0.000198341
5.4399e+13  0  1813.3  0.982046  0  0  0.982046  0  0.982046  0.000198218  0  0  0.000198218  0  0.000198218
5.4408e+13  0  1813.6  0.982053  0  0  0.982053  0  0.982053  0.000198095  0  0  0.000198095  0  0.000198095
5.4417e+13  0  1813.9  0.98206  0  0  0.98206  0  0.98206  0.000197972  0  0  0.000197972  0  0.000197972
5.4426e+13  0  1814.2  0.982067  0  0  0.982067  0  0.982067  0.00019785  0  0  0.00019785  0  0.00019785
5.4435e+13  0  1814.5  0.982074  0  0  0.982074  0  0.982074  0.000197727  0  0  0.000197727  0  0.000197727
5.4444e+13  0  1814.8  0.982081  0  0  0.982081  0  0.982081  0.000197604  0  0  0.000197604  0  0.000197604
5.4453e+13  0  1815.1  0.982088  0  0  0.982088  0  0.982088  0.000197482  0  0  0.000197482  0  0.000197482
5.4462e+13  0  1815.4  0.982095  0  0  0.982095  0  0.982095  0.00019736  0  0  0.00019736  0  0.00019736
5.4471e+13  0  1815.7  0.982102  0  0  0.982102  0  0.982102  0.000197237  0  0  0.000197237  0  0.000197237
5.448e+13  0  1816  0.982109  0  0  0.982109  0  0.982109  0.000197115  0  0  0.000197115  0  0.000197115
5.4489e+13  0  1816.3  0.982116  0  0  0.982116  0  0.982116  0.000196993  0  0  0.000196993  0  0.000196993
5.4498e+13  0  1816.6  0.982123  0  0  0.982123  0  0.982123  0.000196871  0  0  0.000196871  0  0.000196871
5.4507e+13  0  1816.9  0.98213  0  0  0.98213  0  0.98213  0.000196749  0  0  0.000196749  0  0.000196749
5.4516e+13  0  1817.2  0.982137  0  0  0.982137  0  0.982137  0.000196627  0  0  0.000196627  0  0.000196627
5.4525e+13  0  1817.5  0.982144  0  0  0.982144  0  0.982144  0.000196506  0  0  0.000196506  0  0.000196506
5.4534e+13  0  1817.8  0.982151  0  0  0.982151  0  0.982151  0.000196384  0  0  0.000196384  0  0.000196384
5.4543e+13  0  1818.1  0.982158  0  0  0.982158  0  0.982158  0.000196263  0  0  0.000196263  0  0.000196263
5.4552e+13  0  1818.4  0.982165  0  0  0.982165  0  0.982165  0.000196142  0  0  0.000196142  0  0.000196142
5.4561e+13  0  1818.7  0.982172  0  0  0.982172  0  0.982172  0.00019602  0  0  0.00019602  0  0.00019602
5.457e+13  0  1819  0.982179  0  0  0.982179  0  0.982179  0.000195899  0  0  0.000195899  0  0.000195899
5.4579e+13  0  1819.3  0.982186  0  0  0.982186  0  0.982186  0.000195778  0  0  0.000195778  0  0.000195778
5.4588e+13  0  1819.6  0.982193  0  0  0.982193  0  0.982193  0.000195657  0  0  0.000195657  0  0.000195657
5.4597e+13  0  1819.9  0.9822  0  0  0.9822  0  0.9822  0.000195536  0  0  0.000195536  0  0.000195536
5.4606e+13  0  1820.2  0.982207  0  0  0.982207  0  0.982207  0.000195416  0  0  0.000195416  0  0.000195416
5.4615e+13  0  1820.5  0.982214  0  0  0.982214  0  0.982214  0.000195295  0  0  0.000195295  0  0.000195295
5.4624e+13  0  1820.8  0.982221  0  0  0.982221  0  0.982221  0.000195175  0  0  0.000195175  0  0.000195175
5.4633e+13  0  1821.1  0.982228  0  0  0.982228  0  0.982228  0.000195054  0  0  0.000195054  0  0.000195054
5.4642e+13  0  1821.4  0.982235  0  0  0.982235  0  0.982235  0.000194934  0  0  0.000194934  0  0.000194934
5.4651e+13  0  1821.7  0.982242  0  0  0.982242  0  0.982242  0.000194814  0  0  0.000194814  0  0.000194814
5.466e+13  0  1822  0.982248  0  0  0.982248  0  0.982248  0.000194694  0  0  0.000194694  0  0.000194694
5.4669e+13  0  1822.3  0.982255  0  0  0.982255  0  0.982255  0.000194574  0  0  0.000194574  0  0.000194574
5.4678e+13  0  1822.6  0.982262  0  0  0.982262  0  0.982262  0.000194454  0  0  0.000194454  0  0.000194454
5.4687e+13  0  1822.9  0.982269  0  0  0.982269  0  0.982269  0.000194334  0  0  0.000194334  0  0.000194334
5.4696e+13  0  1823.2  0.982276  0  0  0.982276  0  0.982276  0.000194214  0  0  0.000194214  0  0.000194214
5.4705e+13  0  1823.5  0.982283  0  0  0.982283  0  0.982283  0.000194095  0  0  0.000194095  0  0.000194095
5.4714e+13  0  1823.8  0.98229  0  0  0.98229  0  0.98229  0.000193975  0  0  0.000193975  0  0.000193975
5.4723e+13  0  1824.1  0.982297  0  0  0.982297  0  0.982297  0.000193856  0  0  0.000193856  0  0.000193856
5.4732e+13  0  1824.4  0.982304  0  0  0.982304  0  0.982304  0.000193737  0  0  0.000193737  0  0.000193737
5.4741e+13  0  1824.7  0.982311  0  0  0.982311  0  0.982311  0.000193618  0  0  0.000193618  0  0.000193618
5.475e+13  0  1825  0.982317  0  0  0.982317  0  0.982317  0.000193499  0  0  0.000193499  0  0.000193499
5.4759e+13  0  1825.3  0.982324  0  0  0.982324  0  0.982324  0.00019338  0  0  0.00019338  0  0.00019338
5.4768e+13  0  1825.6  0.982331  0  0  0.982331  0  0.982331  0.000193261  0  0  0.000193261  0  0.000193261
5.4777e+13  0  1825.9  0.982338  0  0  0.982338  0  0.982338  0.000193142  0  0  0.000193142  0  0.000193142
5.4786e+13  0  1826.2  0.982345  0  0  0.982345  0  0.982345  0.000193023  0  0  0.000193023  0  0.000193023
5.4795e+13  0  1826.5  0.982352  0  0  0.982352  0  0.982352  0.000192905  0  0  0.000192905  0  0.000192905
5.4804e+13  0  1826.8  0.982359  0  0  0.982359  0  0.982359  0.000192786  0  0  0.000192786  0  0.000192786
5.4813e+13  0  1827.1  0.982365  0  0  0.982365  0  0.982365  0.000192668  0  0  0.000192668  0  0.000192668
5.4822e+13  0  1827.4  0.982372  0  0  0.982372  0  0.982372  0.00019255  0  0  0.00019255  0  0.00019255
5.4831e+13  0  1827.7  0.982379  0  0  0.982379  0  0.982379  0.000192432  0  0  0.000192432  0  0.000192432
5.484e+13  0  1828  0.982386  0  0  0.982386  0  0.982386  0.000192314  0  0  0.000192314  0  0.000192314
5.4849e+13  0  1828.3  0.982393  0  0  0.982393  0  0.982393  0.000192196  0  0  0.000192196  0  0.000192196
5.4858e+13  0  1828.6  0.9824  0  0  0.9824  0  0.9824  0.000192078  0  0  0.000192078  0  0.000192078
5.4867e+13  0  1828.9  0.982406  0  0  0.982406  0  0.982406  0.00019196  0  0  0.00019196  0  0.00019196
5.4876e+13  0  1829.2  0.982413  0  0  0.982413  0  0.982413  0.000191843  0  0  0.000191843  0  0.000191843
5.4885e+13  0  1829.5  0.98242  0  0  0.98242  0  0.98242  0.000191725  0  0  0.000191725  0  0.000191725
5.4894e+13  0  1829.8  0.982427  0  0  0.982427  0  0.982427  0.000191608  0  0  0.000191608  0  0.000191608
5.4903e+13  0  1830.1  0.982434  0  0  0.982434  0  0.982434  0.00019149  0  0  0.00019149  0  0.00019149
5.4912e+13  0  1830.4  0.98244  0  0  0.98244  0  0.98244  0.000191373  0  0  0.000191373  0  0.000191373
5.4921e+13  0  1830.7  0.982447  0  0  0.982447  0  0.982447  0.000191256  0  0  0.000191256  0  0.000191256
5.493e+13  0  1831  0.982454  0  0  0.982454  0  0.982454  0.000191139  0  0  0.000191139  0  0.000191139
5.4939e+13  0  1831.3  0.982461  0  0  0.982461  0  0.982461  0.000191022  0  0  0.000191022  0  0.000191022
5.4948e+13  0  1831.6  0.982468  0  0  0.982468  0  0.982468  0.000190905  0  0  0.000190905  0  0.000190905
5.4957e+13  0  1831.9  0.982474  0  0  0.982474  0  0.982474  0.000190788  0  0  0.000190788  0  0.000190788
5.4966e+13  0  1832.2  0.982481  0  0  0.982481  0  0.982481  0.000190672  0  0  0.000190672  0  0.000190672
5.4975e+13  0  1832.5  0.982488  0  0  0.982488  0  0.982488  0.000190555  0  0  0.000190555  0  0.000190555
5.4984e+13  0  1832.8  0.982495  0  0  0.982495  0  0.982495  0.000190439  0  0  0.000190439  0  0.000190439
5.4993e+13  0  1833.1  0.982502  0  0  0.982502  0  0.982502  0.000190322  0  0  0.000190322  0  0.000190322
5.5002e+13  0  1833.4  0.982508  0  0  0.982508  0  0.982508  0.000190206  0  0  0.000190206  0  0.000190206
5.5011e+13  0  1833.7  0.982515  0  0  0.982515  0  0.982515  0.00019009  0  0  0.00019009  0  0.00019009
5.502e+13  0  1834  0.982522  0  0  0.982522  0  0.982522  0.000189974  0  0  0.000189974  0  0.000189974
5.5029e+13  0  1834.3  0.982529  0  0  0.982529  0  0.982529  0.000189858  0  0  0.000189858  0  0.000189858
5.5038e+13  0  1834.6  0.982535  0  0  0.982535  0  0.982535  0.000189742  0  0  0.000189742  0  0.000189742
5.5047e+13  0  1834.9  0.982542  0  0  0.982542  0  0.982542  0.000189626  0  0  0.000189626  0  0.000189626
5.5056e+13  0  1835.2  0.982549  0  0  0.982549  0  0.982549  0.000189511  0  0  0.000189511  0  0.000189511
5.5065e+13  0  1835.5  0.982555  0  0  0.982555  0  0.982555  0.000189395  0  0  0.000189395  0  0.000189395
5.5074e+13  0  1835.8  0.982562  0  0  0.982562  0  0.982562  0.00018928  0  0  0.00018928  0  0.00018928
5.5083e+13  0  1836.1  0.982569  0  0  0.982569  0  0.982569  0.000189164  0  0  0.000189164  0  0.000189164
5.5092e+13  0  1836.4  0.982576  0  0  0.982576  0  0.982576  0.000189049  0  0  0.000189049  0  0.000189049
5.5101e+13  0  1836.7  0.982582  0  0  0.982582  0  0.982582  0.000188934  0  0  0.000188934  0  0.000188934
5.511e+13  0  1837  0.982589  0  0  0.982589  0  0.982589  0.000188819  0  0  0.000188819  0  0.000188819
5.5119e+13  0  1837.3  0.982596  0  0  0.982596  0  0.982596  0.000188704  0  0  0.000188704  0  0.000188704
5.5128e+13  0  1837.6  0.982602  0  0  0.982602  0  0.982602  0.000188589  0  0  0.000188589  0  0.000188589
5.5137e+13  0  1837.9  0.982609  0  0  0.982609  0  0.982609  0.000188474  0  0  0.000188474  0  0.000188474
5.5146e+13  0  1838.2  0.982616  0  0  0.982616  0  0.982616  0.00018836  0  0  0.00018836  0  0.00018836
5.5155e+13  0  1838.5  0.982623  0  0  0.982623  0  0.982623  0.000188245  0  0  0.000188245  0  0.000188245
5.5164e+13  0  1838.8  0.982629  0  0  0.982629  0  0.982629  0.000188131  0  0  0.000188131  0  0.000188131
5.5173e+13  0  1839.1  0.982636  0  0  0.982636  0  0.982636  0.000188016  0  0  0.000188016  0  0.000188016
5.5182e+13  0  1839.4  0.982643  0  0  0.982643  0  0.982643  0.000187902  0  0  0.000187902  0  0.000187902
5.5191e+13  0  1839.7  0.982649  0  0  0.982649  0  0.982649  0.000187788  0  0  0.000187788  0  0.000187788
5.52e+13  0  1840  0.982656  0  0  0.982656  0  0.982656  0.000187674  0  0  0.000187674  0  0.000187674
5.5209e+13  0  1840.3  0.982663  0  0  0.982663  0  0.982663  0.00018756  0  0  0.00018756  0  0.00018756
5.5218e+13  0  1840.6  0.982669  0  0  0.982669  0  0.982669  0.000187446  0  0  0.000187446  0  0.000187446
5.5227e+13  0  1840.9  0.982676  0  0  0.982676  0  0.982676  0.000187332  0  0  0.000187332  0  0.000187332
5.5236e+13  0  1841.2  0.982683  0  0  0.982683  0  0.982683  0.000187218  0  0  0.000187218  0  0.000187218
5.5245e+13  0  1841.5  0.982689  0  0  0.982689  0  0.982689  0.000187105  0  0  0.000187105  0  0.000187105
5.5254e+13  0  1841.8  0.982696  0  0  0.982696  0  0.982696  0.000186991  0  0  0.000186991  0  0.000186991
5.5263e+13  0  1842.1  0.982703  0  0  0.982703  0  0.982703  0.000186878  0  0  0.000186878  0  0.000186878
5.5272e+13  0  1842.4  0.982709  0  0  0.982709  0  0.982709  0.000186765  0  0  0.000186765  0  0.000186765
5.5281e+13  0  1842.7  0.982716  0  0  0.982716  0  0.982716  0.000186651  0  0  0.000186651  0  0.000186651
5.529e+13  0  1843  0.982722  0  0  0.982722  0  0.982722  0.000186538  0  0  0.000186538  0  0.000186538
5.5299e+13  0  1843.3  0.982729  0  0  0.982729  0  0.982729  0.000186425  0  0  0.000186425  0  0.000186425
5.5308e+13  0  1843.6  0.982736  0  0  0.982736  0  0.982736  0.000186312  0  0  0.000186312  0  0.000186312
5.5317e+13  0  1843.9  0.982742  0  0  0.982742  0  0.982742  0.000186199  0  0  0.000186199  0  0.000186199
5.5326e+13  0  1844.2  0.982749  0  0  0.982749  0  0.982749  0.000186087  0  0  0.000186087  0  0.000186087
5.5335e+13  0  1844.5  0.982756  0  0  0.982756  0  0.982756  0.000185974  0  0  0.000185974  0  0.000185974
5.5344e+13  0  1844.8  0.982762  0  0  0.982762  0  0.982762  0.000185861  0  0  0.000185861  0  0.000185861
5.5353e+13  0  1845.1  0.982769  0  0  0.982769  0  0.982769  0.000185749  0  0  0.000185749  0  0.000185749
5.5362e+13  0  1845.4  0.982775  0  0  0.982775  0  0.982775  0.000185637  0  0  0.000185637  0  0.000185637
5.5371e+13  0  1845.7  0.982782  0  0  0.982782  0  0.982782  0.000185524  0  0  0.000185524  0  0.000185524
5.538e+13  0  1846  0.982789  0  0  0.982789  0  0.982789  0.000185412  0  0  0.000185412  0  0.000185412
5.5389e+13  0  1846.3  0.982795  0  0  0.982795  0  0.982795  0.0001853  0  0  0.0001853  0  0.0001853
5.5398e+13  0  1846.6  0.982802  0  0  0.982802  0  0.982802  0.000185188  0  0  0.000185188  0  0.000185188
5.5407e+13  0  1846.9  0.982808  0  0  0.982808  0  0.982808  0.000185076  0  0  0.000185076  0  0.000185076
5.5416e+13  0  1847.2  0.982815  0  0  0.982815  0  0.982815  0.000184964  0  0  0.000184964  0  0.000184964
5.5425e+13  0  1847.5  0.982821  0  0  0.982821  0  0.982821  0.000184853  0  0  0.000184853  0  0.000184853
5.5434e+13  0  1847.8  0.982828  0  0  0.982828  0  0.982828  0.000184741  0  0  0.000184741  0  0.000184741
5.5443e+13  0  1848.1  0.982835  0  0  0.982835  0  0.982835  0.00018463  0  0  0.00018463  0  0.00018463
5.5452e+13  0  1848.4  0.982841  0  0  0.982841  0  0.982841  0.000184518  0  0  0.000184518  0  0.000184518
5.5461e+13  0  1848.7  0.982848  0  0  0.982848  0  0.982848  0.000184407  0  0  0.000184407  0  0.000184407
5.547e+13  0  1849  0.982854  0  0  0.982854  0  0.982854  0.000184296  0  0  0.000184296  0  0.000184296
5.5479e+13  0  1849.3  0.982861  0  0  0.982861  0  0.982861  0.000184184  0  0  0.000184184  0  0.000184184
5.5488e+13  0  1849.6  0.982867  0  0  0.982867  0  0.982867  0.000184073  0  0  0.000184073  0  0.000184073
5.5497e+13  0  1849.9  0.982874  0  0  0.982874  0  0.982874  0.000183962  0  0  0.000183962  0  0.000183962
5.5506e+13  0  1850.2  0.98288  0  0  0.98288  0  0.98288  0.000183852  0  0  0.000183852  0  0.000183852
5.5515e+13  0  1850.5  0.982887  0  0  0.982887  0  0.982887  0.000183741  0  0  0.000183741  0  0.000183741
5.5524e+13  0  1850.8  0.982893  0  0  0.982893  0  0.982893  0.00018363  0  0  0.00018363  0  0.00018363
5.5533e+13  0  1851.1  0.9829  0  0  0.9829  0  0.9829  0.000183519  0  0  0.000183519  0  0.000183519
5.5542e+13  0  1851.4  0.982907  0  0  0.982907  0  0.982907  0.000183409  0  0  0.000183409  0  0.000183409
5.5551e+13  0  1851.7  0.982913  0  0  0.982913  0  0.982913  0.000183299  0  0  0.000183299  0  0.000183299
5.556e+13  0  1852  0.98292  0  0  0.98292  0  0.98292  0.000183188  0  0  0.000183188  0  0.000183188
5.5569e+13  0  1852.3  0.982926  0  0  0.982926  0  0.982926  0.000183078  0  0  0.000183078  0  0.000183078
5.5578e+13  0  1852.6  0.982933  0  0  0.982933  0  0.982933  0.000182968  0  0  0.000182968  0  0.000182968
5.5587e+13  0  1852.9  0.982939  0  0  0.982939  0  0.982939  0.000182858  0  0  0.000182858  0  0.000182858
5.5596e+13  0  1853.2  0.982946  0  0  0.982946  0  0.982946  0.000182748  0  0  0.000182748  0  0.000182748
5.5605e+13  0  1853.5  0.982952  0  0  0.982952  0  0.982952  0.000182638  0  0  0.000182638  0  0.000182638
5.5614e+13  0  1853.8  0.982959  0  0  0.982959  0  0.982959  0.000182528  0  0  0.000182528  0  0.000182528
5.5623e+13  0  1854.1  0.982965  0  0  0.982965  0  0.982965  0.000182419  0  0  0.000182419  0  0.000182419
5.5632e+13  0  1854.4  0.982971  0  0  0.982971  0  0.982971  0.000182309  0  0  0.000182309  0  0.000182309
5.5641e+13  0  1854.7  0.982978  0  0  0.982978  0  0.982978  0.0001822  0  0  0.0001822  0  0.0001822
5.565e+13  0  1855  0.982984  0  0  0.982984  0  0.982984  0.00018209  0  0  0.00018209  0  0.00018209
5.5659e+13  0  1855.3  0.982991  0  0  0.982991  0  0.982991  0.000181981  0  0  0.000181981  0  0.000181981
5.5668e+13  0  1855.6  0.982997  0  0  0.982997  0  0.982997  0.000181872  0  0  0.000181872  0  0.000181872
5.5677e+13  0  1855.9  0.983004  0  0  0.983004  0  0.983004  0.000181763  0  0  0.000181763  0  0.000181763
5.5686e+13  0  1856.2  0.98301  0  0  0.98301  0  0.98301  0.000181654  0  0  0.000181654  0  0.000181654
5.5695e+13  0  1856.5  0.983017  0  0  0.983017  0  0.983017  0.000181545  0  0  0.000181545  0  0.000181545
5.5704e+13  0  1856.8  0.983023  0  0  0.983023  0  0.983023  0.000181436  0  0  0.000181436  0  0.000181436
5.5713e+13  0  1857.1  0.98303  0  0  0.98303  0  0.98303  0.000181327  0  0  0.000181327  0  0.000181327
5.5722e+13  0  1857.4  0.983036  0  0  0.983036  0  0.983036  0.000181218  0  0  0.000181218  0  0.000181218
5.5731e+13  0  1857.7  0.983043  0  0  0.983043  0  0.983043  0.00018111  0  0  0.00018111  0  0.00018111
5.574e+13  0  1858  0.983049  0  0  0.983049  0  0.983049  0.000181001  0  0  0.000181001  0  0.000181001
5.5749e+13  0  1858.3  0.983055  0  0  0.983055  0  0.983055  0.000180893  0  0  0.000180893  0  0.000180893
5.5758e+13  0  1858.6  0.983062  0  0  0.983062  0  0.983062  0.000180785  0  0  0.000180785  0  0.000180785
5.5767e+13  0  1858.9  0.983068  0  0  0.983068  0  0.983068  0.000180676  0  0  0.000180676  0  0.000180676
5.5776e+13  0  1859.2  0.983075  0  0  0.983075  0  0.983075  0.000180568  0  0  0.000180568  0  0.000180568
5.5785e+13  0  1859.5  0.983081  0  0  0.983081  0  0.983081  0.00018046  0  0  0.00018046  0  0.00018046
5.5794e+13  0  1859.8  0.983087  0  0  0.983087  0  0.983087  0.000180352  0  0  0.000180352  0  0.000180352
5.5803e+13  0  1860.1  0.983094  0  0  0.983094  0  0.983094  0.000180244  0  0  0.000180244  0  0.000180244
5.5812e+13  0  1860.4  0.9831  0  0  0.9831  0  0.9831  0.000180137  0  0  0.000180137  0  0.000180137
5.5821e+13  0  1860.7  0.983107  0  0  0.983107  0  0.983107  0.000180029  0  0  0.000180029  0  0.000180029
5.583e+13  0  1861  0.983113  0  0  0.983113  0  0.983113  0.000179921  0  0  0.000179921  0  0.000179921
5.5839e+13  0  1861.3  0.983119  0  0  0.983119  0  0.983119  0.000179814  0  0  0.000179814  0  0.000179814
5.5848e+13  0  1861.6  0.983126  0  0  0.983126  0  0.983126  0.000179707  0  0  0.000179707  0  0.000179707
5.5857e+13  0  1861.9  0.983132  0  0  0.983132  0  0.983132  0.000179599  0  0  0.000179599  0  0.000179599
5.5866e+13  0  1862.2  0.983139  0  0  0.983139  0  0.983139  0.000179492  0  0  0.000179492  0  0.000179492
5.5875e+13  0  1862.5  0.983145  0  0  0.983145  0  0.983145  0.000179385  0  0  0.000179385  0  0.000179385
5.5884e+13  0  1862.8  0.983151  0  0  0.983151  0  0.983151  0.000179278  0  0  0.000179278  0  0.000179278
5.5893e+13  0  1863.1  0.983158  0  0  0.983158  0  0.983158  0.000179171  0  0  0.000179171  0  0.000179171
5.5902e+13  0  1863.4  0.983164  0  0  0.983164  0  0.983164  0.000179064  0  0  0.000179064  0  0.000179064
5.5911e+13  0  1863.7  0.98317  0  0  0.98317  0  0.98317  0.000178957  0  0  0.000178957  0  0.000178957
5.592e+13  0  1864  0.983177  0  0  0.983177  0  0.983177  0.000178851  0  0  0.000178851  0  0.000178851
5.5929e+13  0  1864.3  0.983183  0  0  0.983183  0  0.983183  0.000178744  0  0  0.000178744  0  0.000178744
5.5938e+13  0  1864.6  0.98319  0  0  0.98319  0  0.98319  0.000178637  0  0  0.000178637  0  0.000178637
5.5947e+13  0  1864.9  0.983196  0  0  0.983196  0  0.983196  0.000178531  0  0  0.000178531  0  0.000178531
5.5956e+13  0  1865.2  0.983202  0  0  0.983202  0  0.983202  0.000178425  0  0  0.000178425  0  0.000178425
5.5965e+13  0  1865.5  0.983209  0  0  0.983209  0  0.983209  0.000178318  0  0  0.000178318  0  0.000178318
5.5974e+13  0  1865.8  0.983215  0  0  0.983215  0  0.983215  0.000178212  0  0  0.000178212  0  0.000178212
5.5983e+13  0  1866.1  0.983221  0  0  0.983221  0  0.983221  0.000178106  0  0  0.000178106  0  0.000178106
5.5992e+13  0  1866.4  0.983228  0  0  0.983228  0  0.983228  0.000178  0  0  0.000178  0  0.000178
5.6001e+13  0  1866.7  0.983234  0  0  0.983234  0  0.983234  0.000177894  0  0  0.000177894  0  0.000177894
5.601e+13  0  1867  0.98324  0  0  0.98324  0  0.98324  0.000177789  0  0  0.000177789  0  0.000177789
5.6019e+13  0  1867.3  0.983247  0  0  0.983247  0  0.983247  0.000177683  0  0  0.000177683  0  0.000177683
5.6028e+13  0  1867.6  0.983253  0  0  0.983253  0  0.983253  0.000177577  0  0  0.000177577  0  0.000177577
5.6037e+13  0  1867.9  0.983259  0  0  0.983259  0  0.983259  0.000177472  0  0  0.000177472  0  0.000177472
5.6046e+13  0  1868.2  0.983265  0  0  0.983265  0  0.983265  0.000177366  0  0  0.000177366  0  0.000177366
5.6055e+13  0  1868.5  0.983272  0  0  0.983272  0  0.983272  0.000177261  0  0  0.000177261  0  0.000177261
5.6064e+13  0  1868.8  0.983278  0  0  0.983278  0  0.983278  0.000177155  0  0  0.000177155  0  0.000177155
5.6073e+13  0  1869.1  0.983284  0  0  0.983284  0  0.983284  0.00017705  0  0  0.00017705  0  0.00017705
5.6082e+13  0  1869.4  0.983291  0  0  0.983291  0  0.983291  0.000176945  0  0  0.000176945  0  0.000176945
5.6091e+13  0  1869.7  0.983297  0  0  0.983297  0  0.983297  0.00017684  0  0  0.00017684  0  0.00017684
5.61e+13  0  1870  0.983303  0  0  0.983303  0  0.983303  0.000176735  0  0  0.000176735  0  0.000176735
5.6109e+13  0  1870.3  0.983309  0  0  0.983309  0  0.983309  0.00017663  0  0  0.00017663  0  0.00017663
5.6118e+13  0  1870.6  0.983316  0  0  0.983316  0  0.983316  0.000176526  0  0  0.000176526  0  0.000176526
5.6127e+13  0  1870.9  0.983322  0  0  0.983322  0  0.983322  0.000176421  0  0  0.000176421  0  0.000176421
5.6136e+13  0  1871.2  0.983328  0  0  0.983328  0  0.983328  0.000176316  0  0  0.000176316  0  0.000176316
5.6145e+13  0  1871.5  0.983335  0  0  0.983335  0  0.983335  0.000176212  0  0  0.000176212  0  0.000176212
5.6154e+13  0  1871.8  0.983341  0  0  0.983341  0  0.983341  0.000176107  0  0  0.000176107  0  0.000176107
5.6163e+13  0  1872.1  0.983347  0  0  0.983347  0  0.983347  0.000176003  0  0  0.000176003  0  0.000176003
5.6172e+13  0  1872.4  0.983353  0  0  0.983353  0  0.983353  0.000175899  0  0  0.000175899  0  0.000175899
5.6181e+13  0  1872.7  0.98336  0  0  0.98336  0  0.98336  0.000175795  0  0  0.000175795  0  0.000175795
5.619e+13  0  1873  0.983366  0  0  0.983366  0  0.983366  0.000175691  0  0  0.000175691  0  0.000175691
5.6199e+13  0  1873.3  0.983372  0  0  0.983372  0  0.983372  0.000175587  0  0  0.000175587  0  0.000175587
5.6208e+13  0  1873.6  0.983378  0  0  0.983378  0  0.983378  0.000175483  0  0  0.000175483  0  0.000175483
5.6217e+13  0  1873.9  0.983385  0  0  0.983385  0  0.983385  0.000175379  0  0  0.000175379  0  0.000175379
5.6226e+13  0  1874.2  0.983391  0  0  0.983391  0  0.983391  0.000175275  0  0  0.000175275  0  0.000175275
5.6235e+13  0  1874.5  0.983397  0  0  0.983397  0  0.983397  0.000175171  0  0  0.000175171  0  0.000175171
5.6244e+13  0  1874.8  0.983403  0  0  0.983403  0  0.983403  0.000175068  0  0  0.000175068  0  0.000175068
5.6253e+13  0  1875.1  0.983409  0  0  0.983409  0  0.983409  0.000174964  0  0  0.000174964  0  0.000174964
5.6262e+13  0  1875.4  0.983416  0  0  0.983416  0  0.983416  0.000174861  0  0  0.000174861  0  0.000174861
5.6271e+13  0  1875.7  0.983422  0  0  0.983422  0  0.983422  0.000174758  0  0  0.000174758  0  0.000174758
5.628e+13  0  1876  0.983428  0  0  0.983428  0  0.983428  0.000174654  0  0  0.000174654  0  0.000174654
5.6289e+13  0  1876.3  0.983434  0  0  0.983434  0  0.983434  0.000174551  0  0  0.000174551  0  0.000174551
5.6298e+13  0  1876.6  0.98344  0  0  0.98344  0  0.98344  0.000174448  0  0  0.000174448  0  0.000174448
5.6307e+13  0  1876.9  0.983447  0  0  0.983447  0  0.983447  0.000174345  0  0  0.000174345  0  0.000174345
5.6316e+13  0  1877.2  0.983453  0  0  0.983453  0  0.983453  0.000174242  0  0  0.000174242  0  0.000174242
5.6325e+13  0  1877.5  0.983459  0  0  0.983459  0  0.983459  0.00017414  0  0  0.00017414  0  0.00017414
5.6334e+13  0  1877.8  0.983465  0  0  0.983465  0  0.983465  0.000174037  0  0  0.000174037  0  0.000174037
5.6343e+13  0  1878.1  0.983471  0  0  0.983471  0  0.983471  0.000173934  0  0  0.000173934  0  0.000173934
5.6352e+13  0  1878.4  0.983478  0  0  0.983478  0  0.983478  0.000173832  0  0  0.000173832  0  0.000173832
5.6361e+13  0  1878.7  0.983484  0  0  0.983484  0  0.983484  0.000173729  0  0  0.000173729  0  0.000173729
5.637e+13  0  1879  0.98349  0  0  0.98349  0  0.98349  0.000173627  0  0  0.000173627  0  0.000173627
5.6379e+13  0  1879.3  0.983496  0  0  0.983496  0  0.983496  0.000173525  0  0  0.000173525  0  0.000173525
5.6388e+13  0  1879.6  0.983502  0  0  0.983502  0  0.983502  0.000173422  0  0  0.000173422  0  0.000173422
5.6397e+13  0  1879.9  0.983508  0  0  0.983508  0  0.983508  0.00017332  0  0  0.00017332  0  0.00017332
5.6406e+13  0  1880.2  0.983515  0  0  0.983515  0  0.983515  0.000173218  0  0  0.000173218  0  0.000173218
5.6415e+13  0  1880.5  0.983521  0  0  0.983521  0  0.983521  0.000173116  0  0  0.000173116  0  0.000173116
5.6424e+13  0  1880.8  0.983527  0  0  0.983527  0  0.983527  0.000173014  0  0  0.000173014  0  0.000173014
5.6433e+13  0  1881.1  0.983533  0  0  0.983533  0  0.983533  0.000172913  0  0  0.000172913  0  0.000172913
5.6442e+13  0  1881.4  0.983539  0  0  0.983539  0  0.983539  0.000172811  0  0  0.000172811  0  0.000172811
5.6451e+13  0  1881.7  0.983545  0  0  0.983545  0  0.983545  0.000172709  0  0  0.000172709  0  0.000172709
5.646e+13  0  1882  0.983552  0  0  0.983552  0  0.983552  0.000172608  0  0  0.000172608  0  0.000172608
5.6469e+13  0  1882.3  0.983558  0  0  0.983558  0  0.983558  0.000172506  0  0  0.000172506  0  0.000172506
5.6478e+13  0  1882.6  0.983564  0  0  0.983564  0  0.983564  0.000172405  0  0  0.000172405  0  0.000172405
5.6487e+13  0  1882.9  0.98357  0  0  0.98357  0  0.98357  0.000172304  0  0  0.000172304  0  0.000172304
5.6496e+13  0  1883.2  0.983576  0  0  0.983576  0  0.983576  0.000172202  0  0  0.000172202  0  0.000172202
5.6505e+13  0  1883.5  0.983582  0  0  0.983582  0  0.983582  0.000172101  0  0  0.000172101  0  0.000172101
5.6514e+13  0  1883.8  0.983588  0  0  0.983588  0  0.983588  0.000172  0  0  0.000172  0  0.000172
5.6523e+13  0  1884.1  0.983594  0  0  0.983594  0  0.983594  0.000171899  0  0  0.000171899  0  0.000171899
5.6532e+13  0  1884.4  0.9836  0  0  0.9836  0  0.9836  0.000171798  0  0  0.000171798  0  0.000171798
5.6541e+13  0  1884.7  0.983607  0  0  0.983607  0  0.983607  0.000171697  0  0  0.000171697  0  0.000171697
5.655e+13  0  1885  0.983613  0  0  0.983613  0  0.983613  0.000171597  0  0  0.000171597  0  0.000171597
5.6559e+13  0  1885.3  0.983619  0  0  0.983619  0  0.983619  0.000171496  0  0  0.000171496  0  0.000171496
5.6568e+13  0  1885.6  0.983625  0  0  0.983625  0  0.983625  0.000171396  0  0  0.000171396  0  0.000171396
5.6577e+13  0  1885.9  0.983631  0  0  0.983631  0  0.983631  0.000171295  0  0  0.000171295  0  0.000171295
5.6586e+13  0  1886.2  0.983637  0  0  0.983637  0  0.983637  0.000171195  0  0  0.000171195  0  0.000171195
5.6595e+13  0  1886.5  0.983643  0  0  0.983643  0  0.983643  0.000171094  0  0  0.000171094  0  0.000171094
5.6604e+13  0  1886.8  0.983649  0  0  0.983649  0  0.983649  0.000170994  0  0  0.000170994  0  0.000170994
5.6613e+13  0  1887.1  0.983655  0  0  0.983655  0  0.983655  0.000170894  0  0  0.000170894  0  0.000170894
5.6622e+13  0  1887.4  0.983661  0  0  0.983661  0  0.983661  0.000170794  0  0  0.000170794  0  0.000170794
5.6631e+13  0  1887.7  0.983667  0  0  0.983667  0  0.983667  0.000170694  0  0  0.000170694  0  0.000170694
5.664e+13  0  1888  0.983673  0  0  0.983673  0  0.983673  0.000170594  0  0  0.000170594  0  0.000170594
5.6649e+13  0  1888.3  0.98368  0  0  0.98368  0  0.98368  0.000170494  0  0  0.000170494  0  0.000170494
5.6658e+13  0  1888.6  0.983686  0  0  0.983686  0  0.983686  0.000170394  0  0  0.000170394  0  0.000170394
5.6667e+13  0  1888.9  0.983692  0  0  0.983692  0  0.983692  0.000170295  0  0  0.000170295  0  0.000170295
5.6676e+13  0  1889.2  0.983698  0  0  0.983698  0  0.983698  0.000170195  0  0  0.000170195  0  0.000170195
5.6685e+13  0  1889.5  0.983704  0  0  0.983704  0  0.983704  0.000170096  0  0  0.000170096  0  0.000170096
5.6694e+13  0  1889.8  0.98371  0  0  0.98371  0  0.98371  0.000169996  0  0  0.000169996  0  0.000169996
5.6703e+13  0  1890.1  0.983716  0  0  0.983716  0  0.983716  0.000169897  0  0  0.000169897  0  0.000169897
5.6712e+13  0  1890.4  0.983722  0  0  0.983722  0  0.983722  0.000169798  0  0  0.000169798  0  0.000169798
5.6721e+13  0  1890.7  0.983728  0  0  0.983728  0  0.983728  0.000169699  0  0  0.000169699  0  0.000169699
5.673e+13  0  1891  0.983734  0  0  0.983734  0  0.983734  0.000169599  0  0  0.000169599  0  0.000169599
5.6739e+13  0  1891.3  0.98374  0  0  0.98374  0  0.98374  0.0001695  0  0  0.0001695  0  0.0001695
5.6748e+13  0  1891.6  0.983746  0  0  0.983746  0  0.983746  0.000169402  0  0  0.000169402  0  0.000169402
5.6757e+13  0  1891.9  0.983752  0  0  0.983752  0  0.983752  0.000169303  0  0  0.000169303  0  0.000169303
5.6766e+13  0  1892.2  0.983758  0  0  0.983758  0  0.983758  0.000169204  0  0  0.000169204  0  0.000169204
5.6775e+13  0  1892.5  0.983764  0  0  0.983764  0  0.983764  0.000169105  0  0  0.000169105  0  0.000169105
5.6784e+13  0  1892.8  0.98377  0  0  0.98377  0  0.98377  0.000169007  0  0  0.000169007  0  0.000169007
5.6793e+13  0  1893.1  0.983776  0  0  0.983776  0  0.983776  0.000168908  0  0  0.000168908  0  0.000168908
5.6802e+13  0  1893.4  0.983782  0  0  0.983782  0  0.983782  0.00016881  0  0  0.00016881  0  0.00016881
5.6811e+13  0  1893.7  0.983788  0  0  0.983788  0  0.983788  0.000168711  0  0  0.000168711  0  0.000168711
5.682e+13  0  1894  0.983794  0  0  0.983794  0  0.983794  0.000168613  0  0  0.000168613  0  0.000168613
5.6829e+13  0  1894.3  0.9838  0  0  0.9838  0  0.9838  0.000168515  0  0  0.000168515  0  0.000168515
5.6838e+13  0  1894.6  0.983806  0  0  0.983806  0  0.983806  0.000168417  0  0  0.000168417  0  0.000168417
5.6847e+13  0  1894.9  0.983812  0  0  0.983812  0  0.983812  0.000168319  0  0  0.000168319  0  0.000168319
5.6856e+13  0  1895.2  0.983818  0  0  0.983818  0  0.983818  0.000168221  0  0  0.000168221  0  0.000168221
5.6865e+13  0  1895.5  0.983824  0  0  0.983824  0  0.983824  0.000168123  0  0  0.000168123  0  0.000168123
5.6874e+13  0  1895.8  0.98383  0  0  0.98383  0  0.98383  0.000168025  0  0  0.000168025  0  0.000168025
5.6883e+13  0  1896.1  0.983836  0  0  0.983836  0  0.983836  0.000167927  0  0  0.000167927  0  0.000167927
5.6892e+13  0  1896.4  0.983842  0  0  0.983842  0  0.983842  0.000167829  0  0  0.000167829  0  0.000167829
5.6901e+13  0  1896.7  0.983848  0  0  0.983848  0  0.983848  0.000167732  0  0  0.000167732  0  0.000167732
5.691e+13  0  1897  0.983854  0  0  0.983854  0  0.983854  0.000167634  0  0  0.000167634  0  0.000167634
5.6919e+13  0  1897.3  0.98386  0  0  0.98386  0  0.98386  0.000167537  0  0  0.000167537  0  0.000167537
5.6928e+13  0  1897.6  0.983866  0  0  0.983866  0  0.983866  0.00016744  0  0  0.00016744  0  0.00016744
5.6937e+13  0  1897.9  0.983872  0  0  0.983872  0  0.983872  0.000167342  0  0  0.000167342  0  0.000167342
5.6946e+13  0  1898.2  0.983878  0  0  0.983878  0  0.983878  0.000167245  0  0  0.000167245  0  0.000167245
5.6955e+13  0  1898.5  0.983884  0  0  0.983884  0  0.983884  0.000167148  0  0  0.000167148  0  0.000167148
5.6964e+13  0  1898.8  0.983889  0  0  0.983889  0  0.983889  0.000167051  0  0  0.000167051  0  0.000167051
5.6973e+13  0  1899.1  0.983895  0  0  0.983895  0  0.983895  0.000166954  0  0  0.000166954  0  0.000166954
5.6982e+13  0  1899.4  0.983901  0  0  0.983901  0  0.983901  0.000166857  0  0  0.000166857  0  0.000166857
5.6991e+13  0  1899.7  0.983907  0  0  0.983907  0  0.983907  0.00016676  0  0  0.00016676  0  0.00016676
5.7e+13  0  1900  0.983913  0  0  0.983913  0  0.983913  0.000166664  0  0  0.000166664  0  0.000166664
5.7009e+13  0  1900.3  0.983919  0  0  0.983919  0  0.983919  0.000166567  0  0  0.000166567  0  0.000166567
5.7018e+13  0  1900.6  0.983925  0  0  0.983925  0  0.983925  0.00016647  0  0  0.00016647  0  0.00016647
5.7027e+13  0  1900.9  0.983931  0  0  0.983931  0  0.983931  0.000166374  0  0  0.000166374  0  0.000166374
5.7036e+13  0  1901.2  0.983937  0  0  0.983937  0  0.983937  0.000166278  0  0  0.000166278  0  0.000166278
5.7045e+13  0  1901.5  0.983943  0  0  0.983943  0  0.983943  0.000166181  0  0  0.000166181  0  0.000166181
5.7054e+13  0  1901.8  0.983949  0  0  0.983949  0  0.983949  0.000166085  0  0  0.000166085  0  0.000166085
5.7063e+13  0  1902.1  0.983955  0  0  0.983955  0  0.983955  0.000165989  0  0  0.000165989  0  0.000165989
5.7072e+13  0  1902.4  0.983961  0  0  0.983961  0  0.983961  0.000165893  0  0  0.000165893  0  0.000165893
5.7081e+13  0  1902.7  0.983966  0  0  0.983966  0  0.983966  0.000165797  0  0  0.000165797  0  0.000165797
5.709e+13  0  1903  0.983972  0  0  0.983972  0  0.983972  0.000165701  0  0  0.000165701  0  0.000165701
5.7099e+13  0  1903.3  0.983978  0  0  0.983978  0  0.983978  0.000165605  0  0  0.000165605  0  0.000165605
5.7108e+13  0  1903.6  0.983984  0  0  0.983984  0  0.983984  0.000165509  0  0  0.000165509  0  0.000165509
5.7117e+13  0  1903.9  0.98399  0  0  0.98399  0  0.98399  0.000165413  0  0  0.000165413  0  0.000165413
5.7126e+13  0  1904.2  0.983996  0  0  0.983996  0  0.983996  0.000165318  0  0  0.000165318  0  0.000165318
5.7135e+13  0  1904.5  0.984002  0  0  0.984002  0  0.984002  0.000165222  0  0  0.000165222  0  0.000165222
5.7144e+13  0  1904.8  0.984008  0  0  0.984008  0  0.984008  0.000165127  0  0  0.000165127  0  0.000165127
5.7153e+13  0  1905.1  0.984013  0  0  0.984013  0  0.984013  0.000165031  0  0  0.000165031  0  0.000165031
5.7162e+13  0  1905.4  0.984019  0  0  0.984019  0  0.984019  0.000164936  0  0  0.000164936  0  0.000164936
5.7171e+13  0  1905.7  0.984025  0  0  0.984025  0  0.984025  0.000164841  0  0  0.000164841  0  0.000164841
5.718e+13  0  1906  0.984031  0  0  0.984031  0  0.984031  0.000164746  0  0  0.000164746  0  0.000164746
5.7189e+13  0  1906.3  0.984037  0  0  0.984037  0  0.984037  0.00016465  0  0  0.00016465  0  0.00016465
5.7198e+13  0  1906.6  0.984043  0  0  0.984043  0  0.984043  0.000164555  0  0  0.000164555  0  0.000164555
5.7207e+13  0  1906.9  0.984049  0  0  0.984049  0  0.984049  0.00016446  0  0  0.00016446  0  0.00016446
5.7216e+13  0  1907.2  0.984054  0  0  0.984054  0  0.984054  0.000164366  0  0  0.000164366  0  0.000164366
5.7225e+13  0  1907.5  0.98406  0  0  0.98406  0  0.98406  0.000164271  0  0  0.000164271  0  0.000164271
5.7234e+13  0  1907.8  0.984066  0  0  0.984066  0  0.984066  0.000164176  0  0  0.000164176  0  0.000164176
5.7243e+13  0  1908.1  0.984072  0  0  0.984072  0  0.984072  0.000164081  0  0  0.000164081  0  0.000164081
5.7252e+13  0  1908.4  0.984078  0  0  0.984078  0  0.984078  0.000163987  0  0  0.000163987  0  0.000163987
5.7261e+13  0  1908.7  0.984084  0  0  0.984084  0  0.984084  0.000163892  0  0  0.000163892  0  0.000163892
5.727e+13  0  1909  0.984089  0  0  0.984089  0  0.984089  0.000163798  0  0  0.000163798  0  0.000163798
5.7279e+13  0  1909.3  0.984095  0  0  0.984095  0  0.984095  0.000163704  0  0  0.000163704  0  0.000163704
5.7288e+13  0  1909.6  0.984101  0  0  0.984101  0  0.984101  0.000163609  0  0  0.000163609  0  0.000163609
5.7297e+13  0  1909.9  0.984107  0  0  0.984107  0  0.984107  0.000163515  0  0  0.000163515  0  0.000163515
5.7306e+13  0  1910.2  0.984113  0  0  0.984113  0  0.984113  0.000163421  0  0  0.000163421  0  0.000163421
5.7315e+13  0  1910.5  0.984118  0  0  0.984118  0  0.984118  0.000163327  0  0  0.000163327  0  0.000163327
5.7324e+13  0  1910.8  0.984124  0  0  0.984124  0  0.984124  0.000163233  0  0  0.000163233  0  0.000163233
5.7333e+13  0  1911.1  0.98413  0  0  0.98413  0  0.98413  0.000163139  0  0  0.000163139  0  0.000163139
5.7342e+13  0  1911.4  0.984136  0  0  0.984136  0  0.984136  0.000163045  0  0  0.000163045  0  0.000163045
5.7351e+13  0  1911.7  0.984142  0  0  0.984142  0  0.984142  0.000162952  0  0  0.000162952  0  0.000162952
5.736e+13  0  1912  0.984147  0  0  0.984147  0  0.984147  0.000162858  0  0  0.000162858  0  0.000162858
5.7369e+13  0  1912.3  0.984153  0  0  0.984153  0  0.984153  0.000162764  0  0  0.000162764  0  0.000162764
5.7378e+13  0  1912.6  0.984159  0  0  0.984159  0  0.984159  0.000162671  0  0  0.000162671  0  0.000162671
5.7387e+13  0  1912.9  0.984165  0  0  0.984165  0  0.984165  0.000162577  0  0  0.000162577  0  0.000162577
5.7396e+13  0  1913.2  0.984171  0  0  0.984171  0  0.984171  0.000162484  0  0  0.000162484  0  0.000162484
5.7405e+13  0  1913.5  0.984176  0  0  0.984176  0  0.984176  0.000162391  0  0  0.000162391  0  0.000162391
5.7414e+13  0  1913.8  0.984182  0  0  0.984182  0  0.984182  0.000162298  0  0  0.000162298  0  0.000162298
5.7423e+13  0  1914.1  0.984188  0  0  0.984188  0  0.984188  0.000162204  0  0  0.000162204  0  0.000162204
5.7432e+13  0  1914.4  0.984194  0  0  0.984194  0  0.984194  0.000162111  0  0  0.000162111  0  0.000162111
5.7441e+13  0  1914.7  0.984199  0  0  0.984199  0  0.984199  0.000162018  0  0  0.000162018  0  0.000162018
5.745e+13  0  1915  0.984205  0  0  0.984205  0  0.984205  0.000161925  0  0  0.000161925  0  0.000161925
5.7459e+13  0  1915.3  0.984211  0  0  0.984211  0  0.984211  0.000161833  0  0  0.000161833  0  0.000161833
5.7468e+13  0  1915.6  0.984217  0  0  0.984217  0  0.984217  0.00016174  0  0  0.00016174  0  0.00016174
5.7477e+13  0  1915.9  0.984222  0  0  0.984222  0  0.984222  0.000161647  0  0  0.000161647  0  0.000161647
5.7486e+13  0  1916.2  0.984228  0  0  0.984228  0  0.984228  0.000161554  0  0  0.000161554  0  0.000161554
5.7495e+13  0  1916.5  0.984234  0  0  0.984234  0  0.984234  0.000161462  0  0  0.000161462  0  0.000161462
5.7504e+13  0  1916.8  0.98424  0  0  0.98424  0  0.98424  0.000161369  0  0  0.000161369  0  0.000161369
5.7513e+13  0  1917.1  0.984245  0  0  0.984245  0  0.984245  0.000161277  0  0  0.000161277  0  0.000161277
5.7522e+13  0  1917.4  0.984251  0  0  0.984251  0  0.984251  0.000161185  0  0  0.000161185  0  0.000161185
5.7531e+13  0  1917.7  0.984257  0  0  0.984257  0  0.984257  0.000161092  0  0  0.000161092  0  0.000161092
5.754e+13  0  1918  0.984263  0  0  0.984263  0  0.984263  0.000161  0  0  0.000161  0  0.000161
5.7549e+13  0  1918.3  0.984268  0  0  0.984268  0  0.984268  0.000160908  0  0  0.000160908  0  0.000160908
5.7558e+13  0  1918.6  0.984274  0  0  0.984274  0  0.984274  0.000160816  0  0  0.000160816  0  0.000160816
5.7567e+13  0  1918.9  0.98428  0  0  0.98428  0  0.98428  0.000160724  0  0  0.000160724  0  0.000160724
5.7576e+13  0  1919.2  0.984285  0  0  0.984285  0  0.984285  0.000160632  0  0  0.000160632  0  0.000160632
5.7585e+13  0  1919.5  0.984291  0  0  0.984291  0  0.984291  0.00016054  0  0  0.00016054  0  0.00016054
5.7594e+13  0  1919.8  0.984297  0  0  0.984297  0  0.984297  0.000160449  0  0  0.000160449  0  0.000160449
5.7603e+13  0  1920.1  0.984303  0  0  0.984303  0  0.984303  0.000160357  0  0  0.000160357  0  0.000160357
5.7612e+13  0  1920.4  0.984308  0  0  0.984308  0  0.984308  0.000160265  0  0  0.000160265  0  0.000160265
5.7621e+13  0  1920.7  0.984314  0  0  0.984314  0  0.984314  0.000160174  0  0  0.000160174  0  0.000160174
5.763e+13  0  1921  0.98432  0  0  0.98432  0  0.98432  0.000160082  0  0  0.000160082  0  0.000160082
5.7639e+13  0  1921.3  0.984325  0  0  0.984325  0  0.984325  0.000159991  0  0  0.000159991  0  0.000159991
5.7648e+13  0  1921.6  0.984331  0  0  0.984331  0  0.984331  0.0001599  0  0  0.0001599  0  0.0001599
5.7657e+13  0  1921.9  0.984337  0  0  0.984337  0  0.984337  0.000159808  0  0  0.000159808  0  0.000159808
5.7666e+13  0  1922.2  0.984342  0  0  0.984342  0  0.984342  0.000159717  0  0  0.000159717  0  0.000159717
5.7675e+13  0  1922.5  0.984348  0  0  0.984348  0  0.984348  0.000159626  0  0  0.000159626  0  0.000159626
5.7684e+13  0  1922.8  0.984354  0  0  0.984354  0  0.984354  0.000159535  0  0  0.000159535  0  0.000159535
5.7693e+13  0  1923.1  0.984359  0  0  0.984359  0  0.984359  0.000159444  0  0  0.000159444  0  0.000159444
5.7702e+13  0  1923.4  0.984365  0  0  0.984365  0  0.984365  0.000159353  0  0  0.000159353  0  0.000159353
5.7711e+13  0  1923.7  0.984371  0  0  0.984371  0  0.984371  0.000159263  0  0  0.000159263  0  0.000159263
5.772e+13  0  1924  0.984376  0  0  0.984376  0  0.984376  0.000159172  0  0  0.000159172  0  0.000159172
5.7729e+13  0  1924.3  0.984382  0  0  0.984382  0  0.984382  0.000159081  0  0  0.000159081  0  0.000159081
5.7738e+13  0  1924.6  0.984388  0  0  0.984388  0  0.984388  0.000158991  0  0  0.000158991  0  0.000158991
5.7747e+13  0  1924.9  0.984393  0  0  0.984393  0  0.984393  0.0001589  0  0  0.0001589  0  0.0001589
5.7756e+13  0  1925.2  0.984399  0  0  0.984399  0  0.984399  0.00015881  0  0  0.00015881  0  0.00015881
5.7765e+13  0  1925.5  0.984405  0  0  0.984405  0  0.984405  0.000158719  0  0  0.000158719  0  0.000158719
5.7774e+13  0  1925.8  0.98441  0  0  0.98441  0  0.98441  0.000158629  0  0  0.000158629  0  0.000158629
5.7783e+13  0  1926.1  0.984416  0  0  0.984416  0  0.984416  0.000158539  0  0  0.000158539  0  0.000158539
5.7792e+13  0  1926.4  0.984422  0  0  0.984422  0  0.984422  0.000158449  0  0  0.000158449  0  0.000158449
5.7801e+13  0  1926.7  0.984427  0  0  0.984427  0  0.984427  0.000158358  0  0  0.000158358  0  0.000158358
5.781e+13  0  1927  0.984433  0  0  0.984433  0  0.984433  0.000158268  0  0  0.000158268  0  0.000158268
5.7819e+13  0  1927.3  0.984438  0  0  0.984438  0  0.984438  0.000158178  0  0  0.000158178  0  0.000158178
5.7828e+13  0  1927.6  0.984444  0  0  0.984444  0  0.984444  0.000158089  0  0  0.000158089  0  0.000158089
5.7837e+13  0  1927.9  0.98445  0  0  0.98445  0  0.98445  0.000157999  0  0  0.000157999  0  0.000157999
5.7846e+13  0  1928.2  0.984455  0  0  0.984455  0  0.984455  0.000157909  0  0  0.000157909  0  0.000157909
5.7855e+13  0  1928.5  0.984461  0  0  0.984461  0  0.984461  0.000157819  0  0  0.000157819  0  0.000157819
5.7864e+13  0  1928.8  0.984467  0  0  0.984467  0  0.984467  0.00015773  0  0  0.00015773  0  0.00015773
5.7873e+13  0  1929.1  0.984472  0  0  0.984472  0  0.984472  0.00015764  0  0  0.00015764  0  0.00015764
5.7882e+13  0  1929.4  0.984478  0  0  0.984478  0  0.984478  0.000157551  0  0  0.000157551  0  0.000157551
5.7891e+13  0  1929.7  0.984483  0  0  0.984483  0  0.984483  0.000157461  0  0  0.000157461  0  0.000157461
5.79e+13  0  1930  0.984489  0  0  0.984489  0  0.984489  0.000157372  0  0  0.000157372  0  0.000157372
5.7909e+13  0  1930.3  0.984495  0  0  0.984495  0  0.984495  0.000157283  0  0  0.000157283  0  0.000157283
5.7918e+13  0  1930.6  0.9845  0  0  0.9845  0  0.9845  0.000157194  0  0  0.000157194  0  0.000157194
5.7927e+13  0  1930.9  0.984506  0  0  0.984506  0  0.984506  0.000157105  0  0  0.000157105  0  0.000157105
5.7936e+13  0  1931.2  0.984511  0  0  0.984511  0  0.984511  0.000157016  0  0  0.000157016  0  0.000157016
5.7945e+13  0  1931.5  0.984517  0  0  0.984517  0  0.984517  0.000156927  0  0  0.000156927  0  0.000156927
5.7954e+13  0  1931.8  0.984522  0  0  0.984522  0  0.984522  0.000156838  0  0  0.000156838  0  0.000156838
5.7963e+13  0  1932.1  0.984528  0  0  0.984528  0  0.984528  0.000156749  0  0  0.000156749  0  0.000156749
5.7972e+13  0  1932.4  0.984534  0  0  0.984534  0  0.984534  0.00015666  0  0  0.00015666  0  0.00015666
5.7981e+13  0  1932.7  0.984539  0  0  0.984539  0  0.984539  0.000156571  0  0  0.000156571  0  0.000156571
5.799e+13  0  1933  0.984545  0  0  0.984545  0  0.984545  0.000156483  0  0  0.000156483  0  0.000156483
5.7999e+13  0  1933.3  0.98455  0  0  0.98455  0  0.98455  0.000156394  0  0  0.000156394  0  0.000156394
5.8008e+13  0  1933.6  0.984556  0  0  0.984556  0  0.984556  0.000156306  0  0  0.000156306  0  0.000156306
5.8017e+13  0  1933.9  0.984561  0  0  0.984561  0  0.984561  0.000156217  0  0  0.000156217  0  0.000156217
5.8026e+13  0  1934.2  0.984567  0  0  0.984567  0  0.984567  0.000156129  0  0  0.000156129  0  0.000156129
5.8035e+13  0  1934.5  0.984572  0  0  0.984572  0  0.984572  0.000156041  0  0  0.000156041  0  0.000156041
5.8044e+13  0  1934.8  0.984578  0  0  0.984578  0  0.984578  0.000155953  0  0  0.000155953  0  0.000155953
5.8053e+13  0  1935.1  0.984584  0  0  0.984584  0  0.984584  0.000155865  0  0  0.000155865  0  0.000155865
5.8062e+13  0  1935.4  0.984589  0  0  0.984589  0  0.984589  0.000155776  0  0  0.000155776  0  0.000155776
5.8071e+13  0  1935.7  0.984595  0  0  0.984595  0  0.984595  0.000155688  0  0  0.000155688  0  0.000155688
5.808e+13  0  1936  0.9846  0  0  0.9846  0  0.9846  0.000155601  0  0  0.000155601  0  0.000155601
5.8089e+13  0  1936.3  0.984606  0  0  0.984606  0  0.984606  0.000155513  0  0  0.000155513  0  0.000155513
5.8098e+13  0  1936.6  0.984611  0  0  0.984611  0  0.984611  0.000155425  0  0  0.000155425  0  0.000155425
5.8107e+13  0  1936.9  0.984617  0  0  0.984617  0  0.984617  0.000155337  0  0  0.000155337  0  0.000155337
5.8116e+13  0  1937.2  0.984622  0  0  0.984622  0  0.984622  0.00015525  0  0  0.00015525  0  0.00015525
5.8125e+13  0  1937.5  0.984628  0  0  0.984628  0  0.984628  0.000155162  0  0  0.000155162  0  0.000155162
5.8134e+13  0  1937.8  0.984633  0  0  0.984633  0  0.984633  0.000155074  0  0  0.000155074  0  0.000155074
5.8143e+13  0  1938.1  0.984639  0  0  0.984639  0  0.984639  0.000154987  0  0  0.000154987  0  0.000154987
5.8152e+13  0  1938.4  0.984644  0  0  0.984644  0  0.984644  0.0001549  0  0  0.0001549  0  0.0001549
5.8161e+13  0  1938.7  0.98465  0  0  0.98465  0  0.98465  0.000154812  0  0  0.000154812  0  0.000154812
5.817e+13  0  1939  0.984655  0  0  0.984655  0  0.984655  0.000154725  0  0  0.000154725  0  0.000154725
5.8179e+13  0  1939.3  0.984661  0  0  0.984661  0  0.984661  0.000154638  0  0  0.000154638  0  0.000154638
5.8188e+13  0  1939.6  0.984666  0  0  0.984666  0  0.984666  0.000154551  0  0  0.000154551  0  0.000154551
5.8197e+13  0  1939.9  0.984672  0  0  0.984672  0  0.984672  0.000154464  0  0  0.000154464  0  0.000154464
5.8206e+13  0  1940.2  0.984677  0  0  0.984677  0  0.984677  0.000154377  0  0  0.000154377  0  0.000154377
5.8215e+13  0  1940.5  0.984683  0  0  0.984683  0  0.984683  0.00015429  0  0  0.00015429  0  0.00015429
5.8224e+13  0  1940.8  0.984688  0  0  0.984688  0  0.984688  0.000154203  0  0  0.000154203  0  0.000154203
5.8233e+13  0  1941.1  0.984694  0  0  0.984694  0  0.984694  0.000154116  0  0  0.000154116  0  0.000154116
5.8242e+13  0  1941.4  0.984699  0  0  0.984699  0  0.984699  0.00015403  0  0  0.00015403  0  0.00015403
5.8251e+13  0  1941.7  0.984705  0  0  0.984705  0  0.984705  0.000153943  0  0  0.000153943  0  0.000153943
5.826e+13  0  1942  0.98471  0  0  0.98471  0  0.98471  0.000153857  0  0  0.000153857  0  0.000153857
5.8269e+13  0  1942.3  0.984716  0  0  0.984716  0  0.984716  0.00015377  0  0  0.00015377  0  0.00015377
5.8278e+13  0  1942.6  0.984721  0  0  0.984721  0  0.984721  0.000153684  0  0  0.000153684  0  0.000153684
5.8287e+13  0  1942.9  0.984727  0  0  0.984727  0  0.984727  0.000153597  0  0  0.000153597  0  0.000153597
5.8296e+13  0  1943.2  0.984732  0  0  0.984732  0  0.984732  0.000153511  0  0  0.000153511  0  0.000153511
5.8305e+13  0  1943.5  0.984738  0  0  0.984738  0  0.984738  0.000153425  0  0  0.000153425  0  0.000153425
5.8314e+13  0  1943.8  0.984743  0  0  0.984743  0  0.984743  0.000153339  0  0  0.000153339  0  0.000153339
5.8323e+13  0  1944.1  0.984748  0  0  0.984748  0  0.984748  0.000153253  0  0  0.000153253  0  0.000153253
5.8332e+13  0  1944.4  0.984754  0  0  0.984754  0  0.984754  0.000153166  0  0  0.000153166  0  0.000153166
5.8341e+13  0  1944.7  0.984759  0  0  0.984759  0  0.984759  0.000153081  0  0  0.000153081  0  0.000153081
5.835e+13  0  1945  0.984765  0  0  0.984765  0  0.984765  0.000152995  0  0  0.000152995  0  0.000152995
5.8359e+13  0  1945.3  0.98477  0  0  0.98477  0  0.98477  0.000152909  0  0  0.000152909  0  0.000152909
5.8368e+13  0  1945.6  0.984776  0  0  0.984776  0  0.984776  0.000152823  0  0  0.000152823  0  0.000152823
5.8377e+13  0  1945.9  0.984781  0  0  0.984781  0  0.984781  0.000152737  0  0  0.000152737  0  0.000152737
5.8386e+13  0  1946.2  0.984786  0  0  0.984786  0  0.984786  0.000152652  0  0  0.000152652  0  0.000152652
5.8395e+13  0  1946.5  0.984792  0  0  0.984792  0  0.984792  0.000152566  0  0  0.000152566  0  0.000152566
5.8404e+13  0  1946.8  0.984797  0  0  0.984797  0  0.984797  0.000152481  0  0  0.000152481  0  0.000152481
5.8413e+13  0  1947.1  0.984803  0  0  0.984803  0  0.984803  0.000152395  0  0  0.000152395  0  0.000152395
5.8422e+13  0  1947.4  0.984808  0  0  0.984808  0  0.984808  0.00015231  0  0  0.00015231  0  0.00015231
5.8431e+13  0  1947.7  0.984814  0  0  0.984814  0  0.984814  0.000152225  0  0  0.000152225  0  0.000152225
5.844e+13  0  1948  0.984819  0  0  0.984819  0  0.984819  0.000152139  0  0  0.000152139  0  0.000152139
5.8449e+13  0  1948.3  0.984824  0  0  0.984824  0  0.984824  0.000152054  0  0  0.000152054  0  0.000152054
5.8458e+13  0  1948.6  0.98483  0  0  0.98483  0  0.98483  0.000151969  0  0  0.000151969  0  0.000151969
5.8467e+13  0  1948.9  0.984835  0  0  0.984835  0  0.984835  0.000151884  0  0  0.000151884  0  0.000151884
5.8476e+13  0  1949.2  0.984841  0  0  0.984841  0  0.984841  0.000151799  0  0  0.000151799  0  0.000151799
5.8485e+13  0  1949.5  0.984846  0  0  0.984846  0  0.984846  0.000151714  0  0  0.000151714  0  0.000151714
5.8494e+13  0  1949.8  0.984851  0  0  0.984851  0  0.984851  0.00015163  0  0  0.00015163  0  0.00015163
5.8503e+13  0  1950.1  0.984857  0  0  0.984857  0  0.984857  0.000151545  0  0  0.000151545  0  0.000151545
5.8512e+13  0  1950.4  0.984862  0  0  0.984862  0  0.984862  0.00015146  0  0  0.00015146  0  0.00015146
5.8521e+13  0  1950.7  0.984868  0  0  0.984868  0  0.984868  0.000151375  0  0  0.000151375  0  0.000151375
5.853e+13  0  1951  0.984873  0  0  0.984873  0  0.984873  0.000151291  0  0  0.000151291  0  0.000151291
5.8539e+13  0  1951.3  0.984878  0  0  0.984878  0  0.984878  0.000151206  0  0  0.000151206  0  0.000151206
5.8548e+13  0  1951.6  0.984884  0  0  0.984884  0  0.984884  0.000151122  0  0  0.000151122  0  0.000151122
5.8557e+13  0  1951.9  0.984889  0  0  0.984889  0  0.984889  0.000151038  0  0  0.000151038  0  0.000151038
5.8566e+13  0  1952.2  0.984894  0  0  0.984894  0  0.984894  0.000150953  0  0  0.000150953  0  0.000150953
5.8575e+13  0  1952.5  0.9849  0  0  0.9849  0  0.9849  0.000150869  0  0  0.000150869  0  0.000150869
5.8584e+13  0  1952.8  0.984905  0  0  0.984905  0  0.984905  0.000150785  0  0  0.000150785  0  0.000150785
5.8593e+13  0  1953.1  0.98491  0  0  0.98491  0  0.98491  0.000150701  0  0  0.000150701  0  0.000150701
5.8602e+13  0  1953.4  0.984916  0  0  0.984916  0  0.984916  0.000150617  0  0  0.000150617  0  0.000150617
5.8611e+13  0  1953.7  0.984921  0  0  0.984921  0  0.984921  0.000150533  0  0  0.000150533  0  0.000150533
5.862e+13  0  1954  0.984927  0  0  0.984927  0  0.984927  0.000150449  0  0  0.000150449  0  0.000150449
5.8629e+13  0  1954.3  0.984932  0  0  0.984932  0  0.984932  0.000150365  0  0  0.000150365  0  0.000150365
5.8638e+13  0  1954.6  0.984937  0  0  0.984937  0  0.984937  0.000150281  0  0  0.000150281  0  0.000150281
5.8647e+13  0  1954.9  0.984943  0  0  0.984943  0  0.984943  0.000150198  0  0  0.000150198  0  0.000150198
5.8656e+13  0  1955.2  0.984948  0  0  0.984948  0  0.984948  0.000150114  0  0  0.000150114  0  0.000150114
5.8665e+13  0  1955.5  0.984953  0  0  0.984953  0  0.984953  0.00015003  0  0  0.00015003  0  0.00015003
5.8674e+13  0  1955.8  0.984959  0  0  0.984959  0  0.984959  0.000149947  0  0  0.000149947  0  0.000149947
5.8683e+13  0  1956.1  0.984964  0  0  0.984964  0  0.984964  0.000149863  0  0  0.000149863  0  0.000149863
5.8692e+13  0  1956.4  0.984969  0  0  0.984969  0  0.984969  0.00014978  0  0  0.00014978  0  0.00014978
5.8701e+13  0  1956.7  0.984975  0  0  0.984975  0  0.984975  0.000149697  0  0  0.000149697  0  0.000149697
5.871e+13  0  1957  0.98498  0  0  0.98498  0  0.98498  0.000149613  0  0  0.000149613  0  0.000149613
5.8719e+13  0  1957.3  0.984985  0  0  0.984985  0  0.984985  0.00014953  0  0  0.00014953  0  0.00014953
5.8728e+13  0  1957.6  0.984991  0  0  0.984991  0  0.984991  0.000149447  0  0  0.000149447  0  0.000149447
5.8737e+13  0  1957.9  0.984996  0  0  0.984996  0  0.984996  0.000149364  0  0  0.000149364  0  0.000149364
5.8746e+13  0  1958.2  0.985001  0  0  0.985001  0  0.985001  0.000149281  0  0  0.000149281  0  0.000149281
5.8755e+13  0  1958.5  0.985006  0  0  0.985006  0  0.985006  0.000149198  0  0  0.000149198  0  0.000149198
5.8764e+13  0  1958.8  0.985012  0  0  0.985012  0  0.985012  0.000149115  0  0  0.000149115  0  0.000149115
5.8773e+13  0  1959.1  0.985017  0  0  0.985017  0  0.985017  0.000149032  0  0  0.000149032  0  0.000149032
5.8782e+13  0  1959.4  0.985022  0  0  0.985022  0  0.985022  0.00014895  0  0  0.00014895  0  0.00014895
5.8791e+13  0  1959.7  0.985028  0  0  0.985028  0  0.985028  0.000148867  0  0  0.000148867  0  0.000148867
5.88e+13  0  1960  0.985033  0  0  0.985033  0  0.985033  0.000148784  0  0  0.000148784  0  0.000148784
5.8809e+13  0  1960.3  0.985038  0  0  0.985038  0  0.985038  0.000148702  0  0  0.000148702  0  0.000148702
5.8818e+13  0  1960.6  0.985044  0  0  0.985044  0  0.985044  0.000148619  0  0  0.000148619  0  0.000148619
5.8827e+13  0  1960.9  0.985049  0  0  0.985049  0  0.985049  0.000148537  0  0  0.000148537  0  0.000148537
5.8836e+13  0  1961.2  0.985054  0  0  0.985054  0  0.985054  0.000148454  0  0  0.000148454  0  0.000148454
5.8845e+13  0  1961.5  0.985059  0  0  0.985059  0  0.985059  0.000148372  0  0  0.000148372  0  0.000148372
5.8854e+13  0  1961.8  0.985065  0  0  0.985065  0  0.985065  0.00014829  0  0  0.00014829  0  0.00014829
5.8863e+13  0  1962.1  0.98507  0  0  0.98507  0  0.98507  0.000148208  0  0  0.000148208  0  0.000148208
5.8872e+13  0  1962.4  0.985075  0  0  0.985075  0  0.985075  0.000148126  0  0  0.000148126  0  0.000148126
5.8881e+13  0  1962.7  0.98508  0  0  0.98508  0  0.98508  0.000148044  0  0  0.000148044  0  0.000148044
5.889e+13  0  1963  0.985086  0  0  0.985086  0  0.985086  0.000147962  0  0  0.000147962  0  0.000147962
5.8899e+13  0  1963.3  0.985091  0  0  0.985091  0  0.985091  0.00014788  0  0  0.00014788  0  0.00014788
5.8908e+13  0  1963.6  0.985096  0  0  0.985096  0  0.985096  0.000147798  0  0  0.000147798  0  0.000147798
5.8917e+13  0  1963.9  0.985101  0  0  0.985101  0  0.985101  0.000147716  0  0  0.000147716  0  0.000147716
5.8926e+13  0  1964.2  0.985107  0  0  0.985107  0  0.985107  0.000147634  0  0  0.000147634  0  0.000147634
5.8935e+13  0  1964.5  0.985112  0  0  0.985112  0  0.985112  0.000147553  0  0  0.000147553  0  0.000147553
5.8944e+13  0  1964.8  0.985117  0  0  0.985117  0  0.985117  0.000147471  0  0  0.000147471  0  0.000147471
5.8953e+13  0  1965.1  0.985122  0  0  0.985122  0  0.985122  0.000147389  0  0  0.000147389  0  0.000147389
5.8962e+13  0  1965.4  0.985128  0  0  0.985128  0  0.985128  0.000147308  0  0  0.000147308  0  0.000147308
5.8971e+13  0  1965.7  0.985133  0  0  0.985133  0  0.985133  0.000147226  0  0  0.000147226  0  0.000147226
5.898e+13  0  1966  0.985138  0  0  0.985138  0  0.985138  0.000147145  0  0  0.000147145  0  0.000147145
5.8989e+13  0  1966.3  0.985143  0  0  0.985143  0  0.985143  0.000147064  0  0  0.000147064  0  0.000147064
5.8998e+13  0  1966.6  0.985149  0  0  0.985149  0  0.985149  0.000146983  0  0  0.000146983  0  0.000146983
5.9007e+13  0  1966.9  0.985154  0  0  0.985154  0  0.985154  0.000146901  0  0  0.000146901  0  0.000146901
5.9016e+13  0  1967.2  0.985159  0  0  0.985159  0  0.985159  0.00014682  0  0  0.00014682  0  0.00014682
5.9025e+13  0  1967.5  0.985164  0  0  0.985164  0  0.985164  0.000146739  0  0  0.000146739  0  0.000146739
5.9034e+13  0  1967.8  0.985169  0  0  0.985169  0  0.985169  0.000146658  0  0  0.000146658  0  0.000146658
5.9043e+13  0  1968.1  0.985175  0  0  0.985175  0  0.985175  0.000146577  0  0  0.000146577  0  0.000146577
5.9052e+13  0  1968.4  0.98518  0  0  0.98518  0  0.98518  0.000146496  0  0  0.000146496  0  0.000146496
5.9061e+13  0  1968.7  0.985185  0  0  0.985185  0  0.985185  0.000146416  0  0  0.000146416  0  0.000146416
5.907e+13  0  1969  0.98519  0  0  0.98519  0  0.98519  0.000146335  0  0  0.000146335  0  0.000146335
5.9079e+13  0  1969.3  0.985196  0  0  0.985196  0  0.985196  0.000146254  0  0  0.000146254  0  0.000146254
5.9088e+13  0  1969.6  0.985201  0  0  0.985201  0  0.985201  0.000146174  0  0  0.000146174  0  0.000146174
5.9097e+13  0  1969.9  0.985206  0  0  0.985206  0  0.985206  0.000146093  0  0  0.000146093  0  0.000146093
5.9106e+13  0  1970.2  0.985211  0  0  0.985211  0  0.985211  0.000146012  0  0  0.000146012  0  0.000146012
5.9115e+13  0  1970.5  0.985216  0  0  0.985216  0  0.985216  0.000145932  0  0  0.000145932  0  0.000145932
5.9124e+13  0  1970.8  0.985221  0  0  0.985221  0  0.985221  0.000145852  0  0  0.000145852  0  0.000145852
5.9133e+13  0  1971.1  0.985227  0  0  0.985227  0  0.985227  0.000145771  0  0  0.000145771  0  0.000145771
5.9142e+13  0  1971.4  0.985232  0  0  0.985232  0  0.985232  0.000145691  0  0  0.000145691  0  0.000145691
5.9151e+13  0  1971.7  0.985237  0  0  0.985237  0  0.985237  0.000145611  0  0  0.000145611  0  0.000145611
5.916e+13  0  1972  0.985242  0  0  0.985242  0  0.985242  0.000145531  0  0  0.000145531  0  0.000145531
5.9169e+13  0  1972.3  0.985247  0  0  0.985247  0  0.985247  0.000145451  0  0  0.000145451  0  0.000145451
5.9178e+13  0  1972.6  0.985253  0  0  0.985253  0  0.985253  0.000145371  0  0  0.000145371  0  0.000145371
5.9187e+13  0  1972.9  0.985258  0  0  0.985258  0  0.985258  0.000145291  0  0  0.000145291  0  0.000145291
5.9196e+13  0  1973.2  0.985263  0  0  0.985263  0  0.985263  0.000145211  0  0  0.000145211  0  0.000145211
5.9205e+13  0  1973.5  0.985268  0  0  0.985268  0  0.985268  0.000145131  0  0  0.000145131  0  0.000145131
5.9214e+13  0  1973.8  0.985273  0  0  0.985273  0  0.985273  0.000145051  0  0  0.000145051  0  0.000145051
5.9223e+13  0  1974.1  0.985278  0  0  0.985278  0  0.985278  0.000144972  0  0  0.000144972  0  0.000144972
5.9232e+13  0  1974.4  0.985284  0  0  0.985284  0  0.985284  0.000144892  0  0  0.000144892  0  0.000144892
5.9241e+13  0  1974.7  0.985289  0  0  0.985289  0  0.985289  0.000144812  0  0  0.000144812  0  0.000144812
5.925e+13  0  1975  0.985294  0  0  0.985294  0  0.985294  0.000144733  0  0  0.000144733  0  0.000144733
5.9259e+13  0  1975.3  0.985299  0  0  0.985299  0  0.985299  0.000144653  0  0  0.000144653  0  0.000144653
5.9268e+13  0  1975.6  0.985304  0  0  0.985304  0  0.985304  0.000144574  0  0  0.000144574  0  0.000144574
5.9277e+13  0  1975.9  0.985309  0  0  0.985309  0  0.985309  0.000144495  0  0  0.000144495  0  0.000144495
5.9286e+13  0  1976.2  0.985314  0  0  0.985314  0  0.985314  0.000144415  0  0  0.000144415  0  0.000144415
5.9295e+13  0  1976.5  0.98532  0  0  0.98532  0  0.98532  0.000144336  0  0  0.000144336  0  0.000144336
5.9304e+13  0  1976.8  0.985325  0  0  0.985325  0  0.985325  0.000144257  0  0  0.000144257  0  0.000144257
5.9313e+13  0  1977.1  0.98533  0  0  0.98533  0  0.98533  0.000144178  0  0  0.000144178  0  0.000144178
5.9322e+13  0  1977.4  0.985335  0  0  0.985335  0  0.985335  0.000144099  0  0  0.000144099  0  0.000144099
5.9331e+13  0  1977.7  0.98534  0  0  0.98534  0  0.98534  0.00014402  0  0  0.00014402  0  0.00014402
5.934e+13  0  1978  0.985345  0  0  0.985345  0  0.985345  0.000143941  0  0  0.000143941  0  0.000143941
5.9349e+13  0  1978.3  0.98535  0  0  0.98535  0  0.98535  0.000143862  0  0  0.000143862  0  0.000143862
5.9358e+13  0  1978.6  0.985355  0  0  0.985355  0  0.985355  0.000143783  0  0  0.000143783  0  0.000143783
5.9367e+13  0  1978.9  0.98536  0  0  0.98536  0  0.98536  0.000143705  0  0  0.000143705  0  0.000143705
5.9376e+13  0  1979.2  0.985366  0  0  0.985366  0  0.985366  0.000143626  0  0  0.000143626  0  0.000143626
5.9385e+13  0  1979.5  0.985371  0  0  0.985371  0  0.985371  0.000143547  0  0  0.000143547  0  0.000143547
5.9394e+13  0  1979.8  0.985376  0  0  0.985376  0  0.985376  0.000143469  0  0  0.000143469  0  0.000143469
5.9403e+13  0  1980.1  0.985381  0  0  0.985381  0  0.985381  0.00014339  0  0  0.00014339  0  0.00014339
5.9412e+13  0  1980.4  0.985386  0  0  0.985386  0  0.985386  0.000143312  0  0  0.000143312  0  0.000143312
5.9421e+13  0  1980.7  0.985391  0  0  0.985391  0  0.985391  0.000143233  0  0  0.000143233  0  0.000143233
5.943e+13  0  1981  0.985396  0  0  0.985396  0  0.985396  0.000143155  0  0  0.000143155  0  0.000143155
5.9439e+13  0  1981.3  0.985401  0  0  0.985401  0  0.985401  0.000143077  0  0  0.000143077  0  0.000143077
5.9448e+13  0  1981.6  0.985406  0  0  0.985406  0  0.985406  0.000142999  0  0  0.000142999  0  0.000142999
5.9457e+13  0  1981.9  0.985411  0  0  0.985411  0  0.985411  0.00014292  0  0  0.00014292  0  0.00014292
5.9466e+13  0  1982.2  0.985417  0  0  0.985417  0  0.985417  0.000142842  0  0  0.000142842  0  0.000142842
5.9475e+13  0  1982.5  0.985422  0  0  0.985422  0  0.985422  0.000142764  0  0  0.000142764  0  0.000142764
5.9484e+13  0  1982.8  0.985427  0  0  0.985427  0  0.985427  0.000142686  0  0  0.000142686  0  0.000142686
5.9493e+13  0  1983.1  0.985432  0  0  0.985432  0  0.985432  0.000142608  0  0  0.000142608  0  0.000142608
5.9502e+13  0  1983.4  0.985437  0  0  0.985437  0  0.985437  0.000142531  0  0  0.000142531  0  0.000142531
5.9511e+13  0  1983.7  0.985442  0  0  0.985442  0  0.985442  0.000142453  0  0  0.000142453  0  0.000142453
5.952e+13  0  1984  0.985447  0  0  0.985447  0  0.985447  0.000142375  0  0  0.000142375  0  0.000142375
5.9529e+13  0  1984.3  0.985452  0  0  0.985452  0  0.985452  0.000142297  0  0  0.000142297  0  0.000142297
5.9538e+13  0  1984.6  0.985457  0  0  0.985457  0  0.985457  0.00014222  0  0  0.00014222  0  0.00014222
5.9547e+13  0  1984.9  0.985462  0  0  0.985462  0  0.985462  0.000142142  0  0  0.000142142  0  0.000142142
5.9556e+13  0  1985.2  0.985467  0  0  0.985467  0  0.985467  0.000142065  0  0  0.000142065  0  0.000142065
5.9565e+13  0  1985.5  0.985472  0  0  0.985472  0  0.985472  0.000141987  0  0  0.000141987  0  0.000141987
5.9574e+13  0  1985.8  0.985477  0  0  0.985477  0  0.985477  0.00014191  0  0  0.00014191  0  0.00014191
5.9583e+13  0  1986.1  0.985482  0  0  0.985482  0  0.985482  0.000141833  0  0  0.000141833  0  0.000141833
5.9592e+13  0  1986.4  0.985487  0  0  0.985487  0  0.985487  0.000141755  0  0  0.000141755  0  0.000141755
5.9601e+13  0  1986.7  0.985492  0  0  0.985492  0  0.985492  0.000141678  0  0  0.000141678  0  0.000141678
5.961e+13  0  1987  0.985497  0  0  0.985497  0  0.985497  0.000141601  0  0  0.000141601  0  0.000141601
5.9619e+13  0  1987.3  0.985502  0  0  0.985502  0  0.985502  0.000141524  0  0  0.000141524  0  0.000141524
5.9628e+13  0  1987.6  0.985507  0  0  0.985507  0  0.985507  0.000141447  0  0  0.000141447  0  0.000141447
5.9637e+13  0  1987.9  0.985513  0  0  0.985513  0  0.985513  0.00014137  0  0  0.00014137  0  0.00014137
5.9646e+13  0  1988.2  0.985518  0  0  0.985518  0  0.985518  0.000141293  0  0  0.000141293  0  0.000141293
5.9655e+13  0  1988.5  0.985523  0  0  0.985523  0  0.985523  0.000141216  0  0  0.000141216  0  0.000141216
5.9664e+13  0  1988.8  0.985528  0  0  0.985528  0  0.985528  0.000141139  0  0  0.000141139  0  0.000141139
5.9673e+13  0  1989.1  0.985533  0  0  0.985533  0  0.985533  0.000141063  0  0  0.000141063  0  0.000141063
5.9682e+13  0  1989.4  0.985538  0  0  0.985538  0  0.985538  0.000140986  0  0  0.000140986  0  0.000140986
5.9691e+13  0  1989.7  0.985543  0  0  0.985543  0  0.985543  0.000140909  0  0  0.000140909  0  0.000140909
5.97e+13  0  1990  0.985548  0  0  0.985548  0  0.985548  0.000140833  0  0  0.000140833  0  0.000140833
5.9709e+13  0  1990.3  0.985553  0  0  0.985553  0  0.985553  0.000140756  0  0  0.000140756  0  0.000140756
5.9718e+13  0  1990.6  0.985558  0  0  0.985558  0  0.985558  0.00014068  0  0  0.00014068  0  0.00014068
5.9727e+13  0  1990.9  0.985563  0  0  0.985563  0  0.985563  0.000140603  0  0  0.000140603  0  0.000140603
5.9736e+13  0  1991.2  0.985568  0  0  0.985568  0  0.985568  0.000140527  0  0  0.000140527  0  0.000140527
5.9745e+13  0  1991.5  0.985573  0  0  0.985573  0  0.985573  0.000140451  0  0  0.000140451  0  0.000140451
5.9754e+13  0  1991.8  0.985578  0  0  0.985578  0  0.985578  0.000140374  0  0  0.000140374  0  0.000140374
5.9763e+13  0  1992.1  0.985583  0  0  0.985583  0  0.985583  0.000140298  0  0  0.000140298  0  0.000140298
5.9772e+13  0  1992.4  0.985588  0  0  0.985588  0  0.985588  0.000140222  0  0  0.000140222  0  0.000140222
5.9781e+13  0  1992.7  0.985593  0  0  0.985593  0  0.985593  0.000140146  0  0  0.000140146  0  0.000140146
5.979e+13  0  1993  0.985598  0  0  0.985598  0  0.985598  0.00014007  0  0  0.00014007  0  0.00014007
5.9799e+13  0  1993.3  0.985603  0  0  0.985603  0  0.985603  0.000139994  0  0  0.000139994  0  0.000139994
5.9808e+13  0  1993.6  0.985608  0  0  0.985608  0  0.985608  0.000139918  0  0  0.000139918  0  0.000139918
5.9817e+13  0  1993.9  0.985613  0  0  0.985613  0  0.985613  0.000139843  0  0  0.000139843  0  0.000139843
5.9826e+13  0  1994.2  0.985617  0  0  0.985617  0  0.985617  0.000139767  0  0  0.000139767  0  0.000139767
5.9835e+13  0  1994.5  0.985622  0  0  0.985622  0  0.985622  0.000139691  0  0  0.000139691  0  0.000139691
5.9844e+13  0  1994.8  0.985627  0  0  0.985627  0  0.985627  0.000139615  0  0  0.000139615  0  0.000139615
5.9853e+13  0  1995.1  0.985632  0  0  0.985632  0  0.985632  0.00013954  0  0  0.00013954  0  0.00013954
5.9862e+13  0  1995.4  0.985637  0  0  0.985637  0  0.985637  0.000139464  0  0  0.000139464  0  0.000139464
5.9871e+13  0  1995.7  0.985642  0  0  0.985642  0  0.985642  0.000139389  0  0  0.000139389  0  0.000139389
5.988e+13  0  1996  0.985647  0  0  0.985647  0  0.985647  0.000139313  0  0  0.000139313  0  0.000139313
5.9889e+13  0  1996.3  0.985652  0  0  0.985652  0  0.985652  0.000139238  0  0  0.000139238  0  0.000139238
5.9898e+13  0  1996.6  0.985657  0  0  0.985657  0  0.985657  0.000139163  0  0  0.000139163  0  0.000139163
5.9907e+13  0  1996.9  0.985662  0  0  0.985662  0  0.985662  0.000139087  0  0  0.000139087  0  0.000139087
5.9916e+13  0  1997.2  0.985667  0  0  0.985667  0  0.985667  0.000139012  0  0  0.000139012  0  0.000139012
5.9925e+13  0  1997.5  0.985672  0  0  0.985672  0  0.985672  0.000138937  0  0  0.000138937  0  0.000138937
5.9934e+13  0  1997.8  0.985677  0  0  0.985677  0  0.985677  0.000138862  0  0  0.000138862  0  0.000138862
5.9943e+13  0  1998.1  0.985682  0  0  0.985682  0  0.985682  0.000138787  0  0  0.000138787  0  0.000138787
5.9952e+13  0  1998.4  0.985687  0  0  0.985687  0  0.985687  0.000138712  0  0  0.000138712  0  0.000138712
5.9961e+13  0  1998.7  0.985692  0  0  0.985692  0  0.985692  0.000138637  0  0  0.000138637  0  0.000138637
5.997e+13  0  1999  0.985697  0  0  0.985697  0  0.985697  0.000138562  0  0  0.000138562  0  0.000138562
5.9979e+13  0  1999.3  0.985702  0  0  0.985702  0  0.985702  0.000138487  0  0  0.000138487  0  0.000138487
5.9988e+13  0  1999.6  0.985707  0  0  0.985707  0  0.985707  0.000138413  0  0  0.000138413  0  0.000138413
5.9997e+13  0  1999.9  0.985711  0  0  0.985711  0  0.985711  0.000138338  0  0  0.000138338  0  0.000138338
