3e+10  0  1  -29741  0  0  -29741  0  -29741  1.15142e+07  0  0  1.15142e+07  0  1.15142e+07
3.9e+10  0  1.3  -29740.8  0  0  -29740.8  0  -29740.8  8.857e+06  0  0  8.857e+06  0  8.857e+06
4.8e+10  0  1.6  -29740.6  0  0  -29740.6  0  -29740.6  7.19627e+06  0  0  7.19627e+06  0  7.19627e+06
5.7e+10  0  1.9  -29740.4  0  0  -29740.4  0  -29740.4  6.05998e+06  0  0  6.05998e+06  0  6.05998e+06
6.6e+10  0  2.2  -29740.2  0  0  -29740.2  0  -29740.2  5.23357e+06  0  0  5.23357e+06  0  5.23357e+06
7.5e+10  0  2.5  -29739.9  0  0  -29739.9  0  -29739.9  4.6055e+06  0  0  4.6055e+06  0  4.6055e+06
8.4e+10  0  2.8  -29739.6  0  0  -29739.6  0  -29739.6  4.11201e+06  0  0  4.11201e+06  0  4.11201e+06
9.3e+10  0  3.1  -29739.2  0  0  -29739.2  0  -29739.2  3.71403e+06  0  0  3.71403e+06  0  3.71403e+06
1.02e+11  0  3.4  -29738.9  0  0  -29738.9  0  -29738.9  3.38628e+06  0  0  3.38628e+06  0  3.38628e+06
1.11e+11  0  3.7  -29738.4  0  0  -29738.4  0  -29738.4  3.11167e+06  0  0  3.11167e+06  0  3.11167e+06
1.2e+11  0  4  -29738  0  0  -29738  0  -29738  2.87825e+06  0  0  2.87825e+06  0  2.87825e+06
1.29e+11  0  4.3  -29737.5  0  0  -29737.5  0  -29737.5  2.6774e+06  0  0  2.6774e+06  0  2.6774e+06
1.38e+11  0  4.6  -29737  0  0  -29737  0  -29737  2.50274e+06  0  0  2.50274e+06  0  2.50274e+06
1.47e+11  0  4.9  -29736.4  0  0  -29736.4  0  -29736.4  2.34947e+06  0  0  2.34947e+06  0  2.34947e+06
1.56e+11  0  5.2  -29735.8  0  0  -29735.8  0  -29735.8  2.21388e+06  0  0  2.21388e+06  0  2.21388e+06
1.65e+11  0  5.5  -29735.1  0  0  -29735.1  0  -29735.1  2.09307e+06  0  0  2.09307e+06  0  2.09307e+06
1.74e+11  0  5.8  -29734.5  0  0  -29734.5  0  -29734.5  1.98477e+06  0  0  1.98477e+06  0  1.98477e+06
1.83e+11  0  6.1  -29733.8  0  0  -29733.8  0  -29733.8  1.88711e+06  0  0  1.88711e+06  0  1.88711e+06
1.92e+11  0  6.4  -29733  0  0  -29733  0  -29733  1.79861e+06  0  0  1.79861e+06  0  1.79861e+06
2.01e+11  0  6.7  -29732.2  0  0  -29732.2  0  -29732.2  1.71803e+06  0  0  1.71803e+06  0  1.71803e+06
2.1e+11  0  7  -29731.4  0  0  -29731.4  0  -29731.4  1.64435e+06  0  0  1.64435e+06  0  1.64435e+06
2.19e+11  0  7.3  -29730.6  0  0  -29730.6  0  -29730.6  1.57673e+06  0  0  1.57673e+06  0  1.57673e+06
2.28e+11  0  7.6  -29729.7  0  0  -29729.7  0  -29729.7  1.51445e+06  0  0  1.51445e+06  0  1.51445e+06
2.37e+11  0  7.9  -29728.8  0  0  -29728.8  0  -29728.8  1.45689e+06  0  0  1.45689e+06  0  1.45689e+06
2.46e+11  0  8.2  -29727.8  0  0  -29727.8  0  -29727.8  1.40354e+06  0  0  1.40354e+06  0  1.40354e+06
2.55e+11  0  8.5  -29726.8  0  0  -29726.8  0  -29726.8  1.35396e+06  0  0  1.35396e+06  0  1.35396e+06
2.64e+11  0  8.8  -29725.8  0  0  -29725.8  0  -29725.8  1.30776e+06  0  0  1.30776e+06  0  1.30776e+06
2.73e+11  0  9.1  -29724.7  0  0  -29724.7  0  -29724.7  1.2646e+06  0  0  1.2646e+06  0  1.2646e+06
2.82e+11  0  9.4  -29723.6  0  0  -29723.6  0  -29723.6  1.2242e+06  0  0  1.2242e+06  0  1.2242e+06
2.91e+11  0  9.7  -29722.5  0  0  -29722.5  0  -29722.5  1.18629e+06  0  0  1.18629e+06  0  1.18629e+06
3e+11  0  10  -29721.3  0  0  -29721.3  0  -29721.3  1.15065e+06  0  0  1.15065e+06  0  1.15065e+06
3.09e+11  0  10.3  -29720.1  0  0  -29720.1  0  -29720.1  1.1171e+06  0  0  1.1171e+06  0  1.1171e+06
3.18e+11  0  10.6  -29718.9  0  0  -29718.9  0  -29718.9  1.08543e+06  0  0  1.08543e+06  0  1.08543e+06
3.27e+11  0  10.9  -29717.6  0  0  -29717.6  0  -29717.6  1.05551e+06  0  0  1.05551e+06  0  1.05551e+06
3.36e+11  0  11.2  -29716.3  0  0  -29716.3  0  -29716.3  1.0272e+06  0  0  1.0272e+06  0  1.0272e+06
3.45e+11  0  11.5  -29714.9  0  0  -29714.9  0  -29714.9  1.00035e+06  0  0  1.00035e+06  0  1.00035e+06
3.54e+11  0  11.8  -29713.5  0  0  -29713.5  0  -29713.5  974876  0  0  974876  0  974876
3.63e+11  0  12.1  -29712.1  0  0  -29712.1  0  -29712.1  950660  0  0  950660  0  950660
3.72e+11  0  12.4  -29710.6  0  0  -29710.6  0  -29710.6  927615  0  0  927615  0  927615
3.81e+11  0  12.7  -29709.2  0  0  -29709.2  0  -29709.2  905657  0  0  905657  0  905657
3.9e+11  0  13  -29707.6  0  0  -29707.6  0  -29707.6  884712  0  0  884712  0  884712
3.99e+11  0  13.3  -29706.1  0  0  -29706.1  0  -29706.1  864710  0  0  864710  0  864710
4.08e+11  0  13.6  -29704.5  0  0  -29704.5  0  -29704.5  845590  0  0  845590  0  845590
4.17e+11  0  13.9  -29702.8  0  0  -29702.8  0  -29702.8  827295  0  0  827295  0  827295
4.26e+11  0  14.2  -29701.2  0  0  -29701.2  0  -29701.2  809771  0  0  809771  0  809771
4.35e+11  0  14.5  -29699.4  0  0  -29699.4  0  -29699.4  792972  0  0  792972  0  792972
4.44e+11  0  14.8  -29697.7  0  0  -29697.7  0  -29697.7  776853  0  0  776853  0  776853
4.53e+11  0  15.1  -29695.9  0  0  -29695.9  0  -29695.9  761373  0  0  761373  0  761373
4.62e+11  0  15.4  -29694.1  0  0  -29694.1  0  -29694.1  746495  0  0  746495  0  746495
4.71e+11  0  15.7  -29692.3  0  0  -29692.3  0  -29692.3  732186  0  0  732186  0  732186
4.8e+11  0  16  -29690.4  0  0  -29690.4  0  -29690.4  718412  0  0  718412  0  718412
4.89e+11  0  16.3  -29688.5  0  0  -29688.5  0  -29688.5  705144  0  0  705144  0  705144
4.98e+11  0  16.6  -29686.5  0  0  -29686.5  0  -29686.5  692355  0  0  692355  0  692355
5.07e+11  0  16.9  -29684.5  0  0  -29684.5  0  -29684.5  680019  0  0  680019  0  680019
5.16e+11  0  17.2  -29682.5  0  0  -29682.5  0  -29682.5  668112  0  0  668112  0  668112
5.25e+11  0  17.5  -29680.4  0  0  -29680.4  0  -29680.4  656614  0  0  656614  0  656614
5.34e+11  0  17.8  -29678.3  0  0  -29678.3  0  -29678.3  645501  0  0  645501  0  645501
5.43e+11  0  18.1  -29676.2  0  0  -29676.2  0  -29676.2  634757  0  0  634757  0  634757
5.52e+11  0  18.4  -29674.1  0  0  -29674.1  0  -29674.1  624362  0  0  624362  0  624362
5.61e+11  0  18.7  -29671.9  0  0  -29671.9  0  -29671.9  614300  0  0  614300  0  614300
5.7e+11  0  19  -29669.6  0  0  -29669.6  0  -29669.6  604555  0  0  604555  0  604555
5.79e+11  0  19.3  -29667.3  0  0  -29667.3  0  -29667.3  595112  0  0  595112  0  595112
5.88e+11  0  19.6  -29665  0  0  -29665  0  -29665  585958  0  0  585958  0  585958
5.97e+11  0  19.9  -29662.7  0  0  -29662.7  0  -29662.7  577079  0  0  577079  0  577079
6.06e+11  0  20.2  -29660.3  0  0  -29660.3  0  -29660.3  568463  0  0  568463  0  568463
6.15e+11  0  20.5  -29657.9  0  0  -29657.9  0  -29657.9  560098  0  0  560098  0  560098
6.24e+11  0  20.8  -29655.5  0  0  -29655.5  0  -29655.5  551974  0  0  551974  0  551974
6.33e+11  0  21.1  -29653  0  0  -29653  0  -29653  544081  0  0  544081  0  544081
6.42e+11  0  21.4  -29650.5  0  0  -29650.5  0  -29650.5  536408  0  0  536408  0  536408
6.51e+11  0  21.7  -29647.9  0  0  -29647.9  0  -29647.9  528947  0  0  528947  0  528947
6.6e+11  0  22  -29645.3  0  0  -29645.3  0  -29645.3  521688  0  0  521688  0  521688
6.69e+11  0  22.3  -29642.7  0  0  -29642.7  0  -29642.7  514625  0  0  514625  0  514625
6.78e+11  0  22.6  -29640  0  0  -29640  0  -29640  507748  0  0  507748  0  507748
6.87e+11  0  22.9  -29637.3  0  0  -29637.3  0  -29637.3  501051  0  0  501051  0  501051
6.96e+11  0  23.2  -29634.6  0  0  -29634.6  0  -29634.6  494526  0  0  494526  0  494526
7.05e+11  0  23.5  -29631.9  0  0  -29631.9  0  -29631.9  488167  0  0  488167  0  488167
7.14e+11  0  23.8  -29629.1  0  0  -29629.1  0  -29629.1  481969  0  0  481969  0  481969
7.23e+11  0  24.1  -29626.2  0  0  -29626.2  0  -29626.2  475923  0  0  475923  0  475923
7.32e+11  0  24.4  -29623.4  0  0  -29623.4  0  -29623.4  470026  0  0  470026  0  470026
7.41e+11  0  24.7  -29620.5  0  0  -29620.5  0  -29620.5  464272  0  0  464272  0  464272
7.5e+11  0  25  -29617.5  0  0  -29617.5  0  -29617.5  458655  0  0  458655  0  458655
7.59e+11  0  25.3  -29614.5  0  0  -29614.5  0  -29614.5  453171  0  0  453171  0  453171
7.68e+11  0  25.6  -29611.5  0  0  -29611.5  0  -29611.5  447815  0  0  447815  0  447815
7.77e+11  0  25.9  -29608.5  0  0  -29608.5  0  -29608.5  442583  0  0  442583  0  442583
7.86e+11  0  26.2  -29605.4  0  0  -29605.4  0  -29605.4  437470  0  0  437470  0  437470
7.95e+11  0  26.5  -29602.3  0  0  -29602.3  0  -29602.3  432472  0  0  432472  0  432472
8.04e+11  0  26.8  -29599.2  0  0  -29599.2  0  -29599.2  427585  0  0  427585  0  427585
8.13e+11  0  27.1  -29596  0  0  -29596  0  -29596  422806  0  0  422806  0  422806
8.22e+11  0  27.4  -29592.8  0  0  -29592.8  0  -29592.8  418132  0  0  418132  0  418132
8.31e+11  0  27.7  -29589.5  0  0  -29589.5  0  -29589.5  413558  0  0  413558  0  413558
8.4e+11  0  28  -29586.2  0  0  -29586.2  0  -29586.2  409081  0  0  409081  0  409081
8.49e+11  0  28.3  -29582.9  0  0  -29582.9  0  -29582.9  404699  0  0  404699  0  404699
8.58e+11  0  28.6  -29579.5  0  0  -29579.5  0  -29579.5  400409  0  0  400409  0  400409
8.67e+11  0  28.9  -29576.2  0  0  -29576.2  0  -29576.2  396207  0  0  396207  0  396207
8.76e+11  0  29.2  -29572.7  0  0  -29572.7  0  -29572.7  392091  0  0  392091  0  392091
8.85e+11  0  29.5  -29569.3  0  0  -29569.3  0  -29569.3  388058  0  0  388058  0  388058
8.94e+11  0  29.8  -29565.8  0  0  -29565.8  0  -29565.8  384106  0  0  384106  0  384106
9.03e+11  0  30.1  -29562.3  0  0  -29562.3  0  -29562.3  380233  0  0  380233  0  380233
9.12e+11  0  30.4  -29558.7  0  0  -29558.7  0  -29558.7  376435  0  0  376435  0  376435
9.21e+11  0  30.7  -29555.1  0  0  -29555.1  0  -29555.1  372711  0  0  372711  0  372711
9.3e+11  0  31  -29551.5  0  0  -29551.5  0  -29551.5  369059  0  0  369059  0  369059
9.39e+11  0  31.3  -29547.8  0  0  -29547.8  0  -29547.8  365476  0  0  365476  0  365476
9.48e+11  0  31.6  -29544.1  0  0  -29544.1  0  -29544.1  361961  0  0  361961  0  361961
9.57e+11  0  31.9  -29540.4  0  0  -29540.4  0  -29540.4  358512  0  0  358512  0  358512
9.66e+11  0  32.2  -29536.6  0  0  -29536.6  0  -29536.6  355126  0  0  355126  0  355126
9.75e+11  0  32.5  -29532.8  0  0  -29532.8  0  -29532.8  351803  0  0  351803  0  351803
9.84e+11  0  32.8  -29529  0  0  -29529  0  -29529  348540  0  0  348540  0  348540
9.93e+11  0  33.1  -29525.1  0  0  -29525.1  0  -29525.1  345336  0  0  345336  0  345336
1.002e+12  0  33.4  -29521.2  0  0  -29521.2  0  -29521.2  342189  0  0  342189  0  342189
1.011e+12  0  33.7  -29517.2  0  0  -29517.2  0  -29517.2  339097  0  0  339097  0  339097
1.02e+12  0  34  -29513.3  0  0  -29513.3  0  -29513.3  336060  0  0  336060  0  336060
1.029e+12  0  34.3  -29509.3  0  0  -29509.3  0  -29509.3  333076  0  0  333076  0  333076
1.038e+12  0  34.6  -29505.2  0  0  -29505.2  0  -29505.2  330142  0  0  330142  0  330142
1.047e+12  0  34.9  -29501.1  0  0  -29501.1  0  -29501.1  327259  0  0  327259  0  327259
1.056e+12  0  35.2  -29497  0  0  -29497  0  -29497  324425  0  0  324425  0  324425
1.065e+12  0  35.5  -29492.9  0  0  -29492.9  0  -29492.9  321638  0  0  321638  0  321638
1.074e+12  0  35.8  -29488.7  0  0  -29488.7  0  -29488.7  318898  0  0  318898  0  318898
1.083e+12  0  36.1  -29484.5  0  0  -29484.5  0  -29484.5  316203  0  0  316203  0  316203
1.092e+12  0  36.4  -29480.3  0  0  -29480.3  0  -29480.3  313551  0  0  313551  0  313551
1.101e+12  0  36.7  -29476  0  0  -29476  0  -29476  310943  0  0  310943  0  310943
1.11e+12  0  37  -29471.7  0  0  -29471.7  0  -29471.7  308377  0  0  308377  0  308377
1.119e+12  0  37.3  -29467.3  0  0  -29467.3  0  -29467.3  305852  0  0  305852  0  305852
1.128e+12  0  37.6  -29462.9  0  0  -29462.9  0  -29462.9  303366  0  0  303366  0  303366
1.137e+12  0  37.9  -29458.5  0  0  -29458.5  0  -29458.5  300920  0  0  300920  0  300920
1.146e+12  0  38.2  -29454.1  0  0  -29454.1  0  -29454.1  298511  0  0  298511  0  298511
1.155e+12  0  38.5  -29449.6  0  0  -29449.6  0  -29449.6  296140  0  0  296140  0  296140
1.164e+12  0  38.8  -29445.1  0  0  -29445.1  0  -29445.1  293806  0  0  293806  0  293806
1.173e+12  0  39.1  -29440.5  0  0  -29440.5  0  -29440.5  291506  0  0  291506  0  291506
1.182e+12  0  39.4  -29435.9  0  0  -29435.9  0  -29435.9  289242  0  0  289242  0  289242
1.191e+12  0  39.7  -29431.3  0  0  -29431.3  0  -29431.3  287011  0  0  287011  0  287011
1.2e+12  0  40  -29426.7  0  0  -29426.7  0  -29426.7  284813  0  0  284813  0  284813
1.209e+12  0  40.3  -29422  0  0  -29422  0  -29422  282648  0  0  282648  0  282648
1.218e+12  0  40.6  -29417.3  0  0  -29417.3  0  -29417.3  280515  0  0  280515  0  280515
1.227e+12  0  40.9  -29412.5  0  0  -29412.5  0  -29412.5  278412  0  0  278412  0  278412
1.236e+12  0  41.2  -29407.7  0  0  -29407.7  0  -29407.7  276340  0  0  276340  0  276340
1.245e+12  0  41.5  -29402.9  0  0  -29402.9  0  -29402.9  274297  0  0  274297  0  274297
1.254e+12  0  41.8  -29398.1  0  0  -29398.1  0  -29398.1  272284  0  0  272284  0  272284
1.263e+12  0  42.1  -29393.2  0  0  -29393.2  0  -29393.2  270299  0  0  270299  0  270299
1.272e+12  0  42.4  -29388.3  0  0  -29388.3  0  -29388.3  268341  0  0  268341  0  268341
1.281e+12  0  42.7  -29383.3  0  0  -29383.3  0  -29383.3  266411  0  0  266411  0  266411
1.29e+12  0  43  -29378.3  0  0  -29378.3  0  -29378.3  264508  0  0  264508  0  264508
1.299e+12  0  43.3  -29373.3  0  0  -29373.3  0  -29373.3  262630  0  0  262630  0  262630
1.308e+12  0  43.6  -29368.3  0  0  -29368.3  0  -29368.3  260778  0  0  260778  0  260778
1.317e+12  0  43.9  -29363.2  0  0  -29363.2  0  -29363.2  258951  0  0  258951  0  258951
1.326e+12  0  44.2  -29358.1  0  0  -29358.1  0  -29358.1  257149  0  0  257149  0  257149
1.335e+12  0  44.5  -29352.9  0  0  -29352.9  0  -29352.9  255371  0  0  255371  0  255371
1.344e+12  0  44.8  -29347.7  0  0  -29347.7  0  -29347.7  253616  0  0  253616  0  253616
1.353e+12  0  45.1  -29342.5  0  0  -29342.5  0  -29342.5  251884  0  0  251884  0  251884
1.362e+12  0  45.4  -29337.3  0  0  -29337.3  0  -29337.3  250175  0  0  250175  0  250175
1.371e+12  0  45.7  -29332  0  0  -29332  0  -29332  248488  0  0  248488  0  248488
1.38e+12  0  46  -29326.7  0  0  -29326.7  0  -29326.7  246822  0  0  246822  0  246822
1.389e+12  0  46.3  -29321.3  0  0  -29321.3  0  -29321.3  245178  0  0  245178  0  245178
1.398e+12  0  46.6  -29315.9  0  0  -29315.9  0  -29315.9  243555  0  0  243555  0  243555
1.407e+12  0  46.9  -29310.5  0  0  -29310.5  0  -29310.5  241953  0  0  241953  0  241953
1.416e+12  0  47.2  -29305.1  0  0  -29305.1  0  -29305.1  240370  0  0  240370  0  240370
1.425e+12  0  47.5  -29299.6  0  0  -29299.6  0  -29299.6  238808  0  0  238808  0  238808
1.434e+12  0  47.8  -29294.1  0  0  -29294.1  0  -29294.1  237264  0  0  237264  0  237264
1.443e+12  0  48.1  -29288.5  0  0  -29288.5  0  -29288.5  235740  0  0  235740  0  235740
1.452e+12  0  48.4  -29283  0  0  -29283  0  -29283  234234  0  0  234234  0  234234
1.461e+12  0  48.7  -29277.4  0  0  -29277.4  0  -29277.4  232746  0  0  232746  0  232746
1.47e+12  0  49  -29271.7  0  0  -29271.7  0  -29271.7  231277  0  0  231277  0  231277
1.479e+12  0  49.3  -29266  0  0  -29266  0  -29266  229825  0  0  229825  0  229825
1.488e+12  0  49.6  -29260.3  0  0  -29260.3  0  -29260.3  228390  0  0  228390  0  228390
1.497e+12  0  49.9  -29254.6  0  0  -29254.6  0  -29254.6  226973  0  0  226973  0  226973
1.506e+12  0  50.2  -29248.8  0  0  -29248.8  0  -29248.8  225572  0  0  225572  0  225572
1.515e+12  0  50.5  -29243  0  0  -29243  0  -29243  224187  0  0  224187  0  224187
1.524e+12  0  50.8  -29237.2  0  0  -29237.2  0  -29237.2  222819  0  0  222819  0  222819
1.533e+12  0  51.1  -29231.3  0  0  -29231.3  0  -29231.3  221466  0  0  221466  0  221466
1.542e+12  0  51.4  -29225.4  0  0  -29225.4  0  -29225.4  220129  0  0  220129  0  220129
1.551e+12  0  51.7  -29219.5  0  0  -29219.5  0  -29219.5  218808  0  0  218808  0  218808
1.56e+12  0  52  -29213.5  0  0  -29213.5  0  -29213.5  217501  0  0  217501  0  217501
1.569e+12  0  52.3  -29207.5  0  0  -29207.5  0  -29207.5  216209  0  0  216209  0  216209
1.578e+12  0  52.6  -29201.5  0  0  -29201.5  0  -29201.5  214932  0  0  214932  0  214932
1.587e+12  0  52.9  -29195.4  0  0  -29195.4  0  -29195.4  213668  0  0  213668  0  213668
1.596e+12  0  53.2  -29189.4  0  0  -29189.4  0  -29189.4  212419  0  0  212419  0  212419
1.605e+12  0  53.5  -29183.2  0  0  -29183.2  0  -29183.2  211184  0  0  211184  0  211184
1.614e+12  0  53.8  -29177.1  0  0  -29177.1  0  -29177.1  209962  0  0  209962  0  209962
1.623e+12  0  54.1  -29170.9  0  0  -29170.9  0  -29170.9  208753  0  0  208753  0  208753
1.632e+12  0  54.4  -29164.7  0  0  -29164.7  0  -29164.7  207558  0  0  207558  0  207558
1.641e+12  0  54.7  -29158.4  0  0  -29158.4  0  -29158.4  206375  0  0  206375  0  206375
1.65e+12  0  55  -29152.1  0  0  -29152.1  0  -29152.1  205205  0  0  205205  0  205205
1.659e+12  0  55.3  -29145.8  0  0  -29145.8  0  -29145.8  204048  0  0  204048  0  204048
1.668e+12  0  55.6  -29139.5  0  0  -29139.5  0  -29139.5  202903  0  0  202903  0  202903
1.677e+12  0  55.9  -29133.1  0  0  -29133.1  0  -29133.1  201770  0  0  201770  0  201770
1.686e+12  0  56.2  -29126.7  0  0  -29126.7  0  -29126.7  200648  0  0  200648  0  200648
1.695e+12  0  56.5  -29120.2  0  0  -29120.2  0  -29120.2  199539  0  0  199539  0  199539
1.704e+12  0  56.8  -29113.8  0  0  -29113.8  0  -29113.8  198441  0  0  198441  0  198441
1.713e+12  0  57.1  -29107.3  0  0  -29107.3  0  -29107.3  197354  0  0  197354  0  197354
1.722e+12  0  57.4  -29100.7  0  0  -29100.7  0  -29100.7  196279  0  0  196279  0  196279
1.731e+12  0  57.7  -29094.2  0  0  -29094.2  0  -29094.2  195214  0  0  195214  0  195214
1.74e+12  0  58  -29087.6  0  0  -29087.6  0  -29087.6  194160  0  0  194160  0  194160
1.749e+12  0  58.3  -29080.9  0  0  -29080.9  0  -29080.9  193117  0  0  193117  0  193117
1.758e+12  0  58.6  -29074.3  0  0  -29074.3  0  -29074.3  192085  0  0  192085  0  192085
1.767e+12  0  58.9  -29067.6  0  0  -29067.6  0  -29067.6  191062  0  0  191062  0  191062
1.776e+12  0  59.2  -29060.9  0  0  -29060.9  0  -29060.9  190050  0  0  190050  0  190050
1.785e+12  0  59.5  -29054.1  0  0  -29054.1  0  -29054.1  189048  0  0  189048  0  189048
1.794e+12  0  59.8  -29047.3  0  0  -29047.3  0  -29047.3  188056  0  0  188056  0  188056
1.803e+12  0  60.1  -29040.5  0  0  -29040.5  0  -29040.5  187073  0  0  187073  0  187073
1.812e+12  0  60.4  -29033.7  0  0  -29033.7  0  -29033.7  186100  0  0  186100  0  186100
1.821e+12  0  60.7  -29026.8  0  0  -29026.8  0  -29026.8  185137  0  0  185137  0  185137
1.83e+12  0  61  -29019.9  0  0  -29019.9  0  -29019.9  184182  0  0  184182  0  184182
1.839e+12  0  61.3  -29013  0  0  -29013  0  -29013  183237  0  0  183237  0  183237
1.848e+12  0  61.6  -29006  0  0  -29006  0  -29006  182301  0  0  182301  0  182301
1.857e+12  0  61.9  -28999  0  0  -28999  0  -28999  181374  0  0  181374  0  181374
1.866e+12  0  62.2  -28992  0  0  -28992  0  -28992  180455  0  0  180455  0  180455
1.875e+12  0  62.5  -28984.9  0  0  -28984.9  0  -28984.9  179545  0  0  179545  0  179545
1.884e+12  0  62.8  -28977.8  0  0  -28977.8  0  -28977.8  178644  0  0  178644  0  178644
1.893e+12  0  63.1  -28970.7  0  0  -28970.7  0  -28970.7  177751  0  0  177751  0  177751
1.902e+12  0  63.4  -28963.5  0  0  -28963.5  0  -28963.5  176866  0  0  176866  0  176866
1.911e+12  0  63.7  -28956.4  0  0  -28956.4  0  -28956.4  175989  0  0  175989  0  175989
1.92e+12  0  64  -28949.1  0  0  -28949.1  0  -28949.1  175121  0  0  175121  0  175121
1.929e+12  0  64.3  -28941.9  0  0  -28941.9  0  -28941.9  174260  0  0  174260  0  174260
1.938e+12  0  64.6  -28934.6  0  0  -28934.6  0  -28934.6  173407  0  0  173407  0  173407
1.947e+12  0  64.9  -28927.3  0  0  -28927.3  0  -28927.3  172562  0  0  172562  0  172562
1.956e+12  0  65.2  -28920  0  0  -28920  0  -28920  171725  0  0  171725  0  171725
1.965e+12  0  65.5  -28912.6  0  0  -28912.6  0  -28912.6  170895  0  0  170895  0  170895
1.974e+12  0  65.8  -28905.2  0  0  -28905.2  0  -28905.2  170072  0  0  170072  0  170072
1.983e+12  0  66.1  -28897.8  0  0  -28897.8  0  -28897.8  169257  0  0  169257  0  169257
1.992e+12  0  66.4  -28890.4  0  0  -28890.4  0  -28890.4  168449  0  0  168449  0  168449
2.001e+12  0  66.7  -28882.9  0  0  -28882.9  0  -28882.9  167648  0  0  167648  0  167648
2.01e+12  0  67  -28875.4  0  0  -28875.4  0  -28875.4  166854  0  0  166854  0  166854
2.019e+12  0  67.3  -28867.8  0  0  -28867.8  0  -28867.8  166066  0  0  166066  0  166066
2.028e+12  0  67.6  -28860.2  0  0  -28860.2  0  -28860.2  165286  0  0  165286  0  165286
2.037e+12  0  67.9  -28852.6  0  0  -28852.6  0  -28852.6  164512  0  0  164512  0  164512
2.046e+12  0  68.2  -28845  0  0  -28845  0  -28845  163745  0  0  163745  0  163745
2.055e+12  0  68.5  -28837.3  0  0  -28837.3  0  -28837.3  162985  0  0  162985  0  162985
2.064e+12  0  68.8  -28829.7  0  0  -28829.7  0  -28829.7  162231  0  0  162231  0  162231
2.073e+12  0  69.1  -28821.9  0  0  -28821.9  0  -28821.9  161484  0  0  161484  0  161484
2.082e+12  0  69.4  -28814.2  0  0  -28814.2  0  -28814.2  160742  0  0  160742  0  160742
2.091e+12  0  69.7  -28806.4  0  0  -28806.4  0  -28806.4  160007  0  0  160007  0  160007
2.1e+12  0  70  -28798.6  0  0  -28798.6  0  -28798.6  159278  0  0  159278  0  159278
2.109e+12  0  70.3  -28790.8  0  0  -28790.8  0  -28790.8  158555  0  0  158555  0  158555
2.118e+12  0  70.6  -28782.9  0  0  -28782.9  0  -28782.9  157839  0  0  157839  0  157839
2.127e+12  0  70.9  -28775  0  0  -28775  0  -28775  157128  0  0  157128  0  157128
2.136e+12  0  71.2  -28767.1  0  0  -28767.1  0  -28767.1  156423  0  0  156423  0  156423
2.145e+12  0  71.5  -28759.1  0  0  -28759.1  0  -28759.1  155723  0  0  155723  0  155723
2.154e+12  0  71.8  -28751.1  0  0  -28751.1  0  -28751.1  155029  0  0  155029  0  155029
2.163e+12  0  72.1  -28743.1  0  0  -28743.1  0  -28743.1  154341  0  0  154341  0  154341
2.172e+12  0  72.4  -28735.1  0  0  -28735.1  0  -28735.1  153659  0  0  153659  0  153659
2.181e+12  0  72.7  -28727  0  0  -28727  0  -28727  152982  0  0  152982  0  152982
2.19e+12  0  73  -28718.9  0  0  -28718.9  0  -28718.9  152310  0  0  152310  0  152310
2.199e+12  0  73.3  -28710.8  0  0  -28710.8  0  -28710.8  151644  0  0  151644  0  151644
2.208e+12  0  73.6  -28702.6  0  0  -28702.6  0  -28702.6  150983  0  0  150983  0  150983
2.217e+12  0  73.9  -28694.4  0  0  -28694.4  0  -28694.4  150327  0  0  150327  0  150327
2.226e+12  0  74.2  -28686.2  0  0  -28686.2  0  -28686.2  149677  0  0  149677  0  149677
2.235e+12  0  74.5  -28678  0  0  -28678  0  -28678  149031  0  0  149031  0  149031
2.244e+12  0  74.8  -28669.7  0  0  -28669.7  0  -28669.7  148390  0  0  148390  0  148390
2.253e+12  0  75.1  -28661.4  0  0  -28661.4  0  -28661.4  147755  0  0  147755  0  147755
2.262e+12  0  75.4  -28653.1  0  0  -28653.1  0  -28653.1  147124  0  0  147124  0  147124
2.271e+12  0  75.7  -28644.7  0  0  -28644.7  0  -28644.7  146499  0  0  146499  0  146499
2.28e+12  0  76  -28636.4  0  0  -28636.4  0  -28636.4  145878  0  0  145878  0  145878
2.289e+12  0  76.3  -28627.9  0  0  -28627.9  0  -28627.9  145261  0  0  145261  0  145261
2.298e+12  0  76.6  -28619.5  0  0  -28619.5  0  -28619.5  144650  0  0  144650  0  144650
2.307e+12  0  76.9  -28611  0  0  -28611  0  -28611  144043  0  0  144043  0  144043
2.316e+12  0  77.2  -28602.5  0  0  -28602.5  0  -28602.5  143441  0  0  143441  0  143441
2.325e+12  0  77.5  -28594  0  0  -28594  0  -28594  142843  0  0  142843  0  142843
2.334e+12  0  77.8  -28585.5  0  0  -28585.5  0  -28585.5  142249  0  0  142249  0  142249
2.343e+12  0  78.1  -28576.9  0  0  -28576.9  0  -28576.9  141660  0  0  141660  0  141660
2.352e+12  0  78.4  -28568.3  0  0  -28568.3  0  -28568.3  141076  0  0  141076  0  141076
2.361e+12  0  78.7  -28559.6  0  0  -28559.6  0  -28559.6  140496  0  0  140496  0  140496
2.37e+12  0  79  -28551  0  0  -28551  0  -28551  139920  0  0  139920  0  139920
2.379e+12  0  79.3  -28542.3  0  0  -28542.3  0  -28542.3  139348  0  0  139348  0  139348
2.388e+12  0  79.6  -28533.6  0  0  -28533.6  0  -28533.6  138780  0  0  138780  0  138780
2.397e+12  0  79.9  -28524.8  0  0  -28524.8  0  -28524.8  138217  0  0  138217  0  138217
2.406e+12  0  80.2  -28516  0  0  -28516  0  -28516  137658  0  0  137658  0  137658
2.415e+12  0  80.5  -28507.2  0  0  -28507.2  0  -28507.2  137102  0  0  137102  0  137102
2.424e+12  0  80.8  -28498.4  0  0  -28498.4  0  -28498.4  136551  0  0  136551  0  136551
2.433e+12  0  81.1  -28489.5  0  0  -28489.5  0  -28489.5  136004  0  0  136004  0  136004
2.442e+12  0  81.4  -28480.7  0  0  -28480.7  0  -28480.7  135460  0  0  135460  0  135460
2.451e+12  0  81.7  -28471.8  0  0  -28471.8  0  -28471.8  134920  0  0  134920  0  134920
2.46e+12  0  82  -28462.8  0  0  -28462.8  0  -28462.8  134385  0  0  134385  0  134385
2.469e+12  0  82.3  -28453.8  0  0  -28453.8  0  -28453.8  133853  0  0  133853  0  133853
2.478e+12  0  82.6  -28444.9  0  0  -28444.9  0  -28444.9  133324  0  0  133324  0  133324
2.487e+12  0  82.9  -28435.8  0  0  -28435.8  0  -28435.8  132800  0  0  132800  0  132800
2.496e+12  0  83.2  -28426.8  0  0  -28426.8  0  -28426.8  132279  0  0  132279  0  132279
2.505e+12  0  83.5  -28417.7  0  0  -28417.7  0  -28417.7  131762  0  0  131762  0  131762
2.514e+12  0  83.8  -28408.6  0  0  -28408.6  0  -28408.6  131248  0  0  131248  0  131248
2.523e+12  0  84.1  -28399.5  0  0  -28399.5  0  -28399.5  130738  0  0  130738  0  130738
2.532e+12  0  84.4  -28390.3  0  0  -28390.3  0  -28390.3  130231  0  0  130231  0  130231
2.541e+12  0  84.7  -28381.2  0  0  -28381.2  0  -28381.2  129728  0  0  129728  0  129728
2.55e+12  0  85  -28371.9  0  0  -28371.9  0  -28371.9  129228  0  0  129228  0  129228
2.559e+12  0  85.3  -28362.7  0  0  -28362.7  0  -28362.7  128732  0  0  128732  0  128732
2.568e+12  0  85.6  -28353.5  0  0  -28353.5  0  -28353.5  128239  0  0  128239  0  128239
2.577e+12  0  85.9  -28344.2  0  0  -28344.2  0  -28344.2  127749  0  0  127749  0  127749
2.586e+12  0  86.2  -28334.9  0  0  -28334.9  0  -28334.9  127262  0  0  127262  0  127262
2.595e+12  0  86.5  -28325.5  0  0  -28325.5  0  -28325.5  126779  0  0  126779  0  126779
2.604e+12  0  86.8  -28316.2  0  0  -28316.2  0  -28316.2  126299  0  0  126299  0  126299
2.613e+12  0  87.1  -28306.8  0  0  -28306.8  0  -28306.8  125823  0  0  125823  0  125823
2.622e+12  0  87.4  -28297.3  0  0  -28297.3  0  -28297.3  125349  0  0  125349  0  125349
2.631e+12  0  87.7  -28287.9  0  0  -28287.9  0  -28287.9  124879  0  0  124879  0  124879
2.64e+12  0  88  -28278.4  0  0  -28278.4  0  -28278.4  124411  0  0  124411  0  124411
2.649e+12  0  88.3  -28268.9  0  0  -28268.9  0  -28268.9  123947  0  0  123947  0  123947
2.658e+12  0  88.6  -28259.4  0  0  -28259.4  0  -28259.4  123486  0  0  123486  0  123486
2.667e+12  0  88.9  -28249.9  0  0  -28249.9  0  -28249.9  123027  0  0  123027  0  123027
2.676e+12  0  89.2  -28240.3  0  0  -28240.3  0  -28240.3  122572  0  0  122572  0  122572
2.685e+12  0  89.5  -28230.7  0  0  -28230.7  0  -28230.7  122120  0  0  122120  0  122120
2.694e+12  0  89.8  -28221.1  0  0  -28221.1  0  -28221.1  121670  0  0  121670  0  121670
2.703e+12  0  90.1  -28211.4  0  0  -28211.4  0  -28211.4  121224  0  0  121224  0  121224
2.712e+12  0  90.4  -28201.7  0  0  -28201.7  0  -28201.7  120780  0  0  120780  0  120780
2.721e+12  0  90.7  -28192  0  0  -28192  0  -28192  120339  0  0  120339  0  120339
2.73e+12  0  91  -28182.3  0  0  -28182.3  0  -28182.3  119901  0  0  119901  0  119901
2.739e+12  0  91.3  -28172.6  0  0  -28172.6  0  -28172.6  119466  0  0  119466  0  119466
2.748e+12  0  91.6  -28162.8  0  0  -28162.8  0  -28162.8  119033  0  0  119033  0  119033
2.757e+12  0  91.9  -28153  0  0  -28153  0  -28153  118603  0  0  118603  0  118603
2.766e+12  0  92.2  -28143.2  0  0  -28143.2  0  -28143.2  118176  0  0  118176  0  118176
2.775e+12  0  92.5  -28133.3  0  0  -28133.3  0  -28133.3  117752  0  0  117752  0  117752
2.784e+12  0  92.8  -28123.4  0  0  -28123.4  0  -28123.4  117330  0  0  117330  0  117330
2.793e+12  0  93.1  -28113.5  0  0  -28113.5  0  -28113.5  116911  0  0  116911  0  116911
2.802e+12  0  93.4  -28103.6  0  0  -28103.6  0  -28103.6  116494  0  0  116494  0  116494
2.811e+12  0  93.7  -28093.6  0  0  -28093.6  0  -28093.6  116080  0  0  116080  0  116080
2.82e+12  0  94  -28083.7  0  0  -28083.7  0  -28083.7  115668  0  0  115668  0  115668
2.829e+12  0  94.3  -28073.7  0  0  -28073.7  0  -28073.7  115259  0  0  115259  0  115259
2.838e+12  0  94.6  -28063.6  0  0  -28063.6  0  -28063.6  114853  0  0  114853  0  114853
2.847e+12  0  94.9  -28053.6  0  0  -28053.6  0  -28053.6  114449  0  0  114449  0  114449
2.856e+12  0  95.2  -28043.5  0  0  -28043.5  0  -28043.5  114047  0  0  114047  0  114047
2.865e+12  0  95.5  -28033.4  0  0  -28033.4  0  -28033.4  113648  0  0  113648  0  113648
2.874e+12  0  95.8  -28023.3  0  0  -28023.3  0  -28023.3  113251  0  0  113251  0  113251
2.883e+12  0  96.1  -28013.1  0  0  -28013.1  0  -28013.1  112857  0  0  112857  0  112857
2.892e+12  0  96.4  -28002.9  0  0  -28002.9  0  -28002.9  112465  0  0  112465  0  112465
2.901e+12  0  96.7  -27992.7  0  0  -27992.7  0  -27992.7  112075  0  0  112075  0  112075
2.91e+12  0  97  -27982.5  0  0  -27982.5  0  -27982.5  111687  0  0  111687  0  111687
2.919e+12  0  97.3  -27972.3  0  0  -27972.3  0  -27972.3  111302  0  0  111302  0  111302
2.928e+12  0  97.6  -27962  0  0  -27962  0  -27962  110919  0  0  110919  0  110919
2.937e+12  0  97.9  -27951.7  0  0  -27951.7  0  -27951.7  110539  0  0  110539  0  110539
2.946e+12  0  98.2  -27941.4  0  0  -27941.4  0  -27941.4  110161  0  0  110161  0  110161
2.955e+12  0  98.5  -27931  0  0  -27931  0  -27931  109784  0  0  109784  0  109784
2.964e+12  0  98.8  -27920.7  0  0  -27920.7  0  -27920.7  109410  0  0  109410  0  109410
2.973e+12  0  99.1  -27910.3  0  0  -27910.3  0  -27910.3  109039  0  0  109039  0  109039
2.982e+12  0  99.4  -27899.9  0  0  -27899.9  0  -27899.9  108669  0  0  108669  0  108669
2.991e+12  0  99.7  -27889.4  0  0  -27889.4  0  -27889.4  108301  0  0  108301  0  108301
3e+12  0  100  -27879  0  0  -27879  0  -27879  107936  0  0  107936  0  107936
3.009e+12  0  100.3  -27868.5  0  0  -27868.5  0  -27868.5  107573  0  0  107573  0  107573
3.018e+12  0  100.6  -27858  0  0  -27858  0  -27858  107212  0  0  107212  0  107212
3.027e+12  0  100.9  -27847.4  0  0  -27847.4  0  -27847.4  106852  0  0  106852  0  106852
3.036e+12  0  101.2  -27836.9  0  0  -27836.9  0  -27836.9  106495  0  0  106495  0  106495
3.045e+12  0  101.5  -27826.3  0  0  -27826.3  0  -27826.3  106140  0  0  106140  0  106140
3.054e+12  0  101.8  -27815.7  0  0  -27815.7  0  -27815.7  105787  0  0  105787  0  105787
3.063e+12  0  102.1  -27805.1  0  0  -27805.1  0  -27805.1  105436  0  0  105436  0  105436
3.072e+12  0  102.4  -27794.4  0  0  -27794.4  0  -27794.4  105087  0  0  105087  0  105087
3.081e+12  0  102.7  -27783.8  0  0  -27783.8  0  -27783.8  104740  0  0  104740  0  104740
3.09e+12  0  103  -27773.1  0  0  -27773.1  0  -27773.1  104394  0  0  104394  0  104394
3.099e+12  0  103.3  -27762.4  0  0  -27762.4  0  -27762.4  104051  0  0  104051  0  104051
3.108e+12  0  103.6  -27751.6  0  0  -27751.6  0  -27751.6  103710  0  0  103710  0  103710
3.117e+12  0  103.9  -27740.8  0  0  -27740.8  0  -27740.8  103370  0  0  103370  0  103370
3.126e+12  0  104.2  -27730.1  0  0  -27730.1  0  -27730.1  103032  0  0  103032  0  103032
3.135e+12  0  104.5  -27719.3  0  0  -27719.3  0  -27719.3  102697  0  0  102697  0  102697
3.144e+12  0  104.8  -27708.4  0  0  -27708.4  0  -27708.4  102363  0  0  102363  0  102363
3.153e+12  0  105.1  -27697.6  0  0  -27697.6  0  -27697.6  102031  0  0  102031  0  102031
3.162e+12  0  105.4  -27686.7  0  0  -27686.7  0  -27686.7  101700  0  0  101700  0  101700
3.171e+12  0  105.7  -27675.8  0  0  -27675.8  0  -27675.8  101372  0  0  101372  0  101372
3.18e+12  0  106  -27664.9  0  0  -27664.9  0  -27664.9  101045  0  0  101045  0  101045
3.189e+12  0  106.3  -27653.9  0  0  -27653.9  0  -27653.9  100720  0  0  100720  0  100720
3.198e+12  0  106.6  -27643  0  0  -27643  0  -27643  100397  0  0  100397  0  100397
3.207e+12  0  106.9  -27632  0  0  -27632  0  -27632  100075  0  0  100075  0  100075
3.216e+12  0  107.2  -27621  0  0  -27621  0  -27621  99755.3  0  0  99755.3  0  99755.3
3.225e+12  0  107.5  -27609.9  0  0  -27609.9  0  -27609.9  99437.2  0  0  99437.2  0  99437.2
3.234e+12  0  107.8  -27598.9  0  0  -27598.9  0  -27598.9  99120.8  0  0  99120.8  0  99120.8
3.243e+12  0  108.1  -27587.8  0  0  -27587.8  0  -27587.8  98806  0  0  98806  0  98806
3.252e+12  0  108.4  -27576.7  0  0  -27576.7  0  -27576.7  98493  0  0  98493  0  98493
3.261e+12  0  108.7  -27565.6  0  0  -27565.6  0  -27565.6  98181.5  0  0  98181.5  0  98181.5
3.27e+12  0  109  -27554.4  0  0  -27554.4  0  -27554.4  97871.8  0  0  97871.8  0  97871.8
3.279e+12  0  109.3  -27543.3  0  0  -27543.3  0  -27543.3  97563.6  0  0  97563.6  0  97563.6
3.288e+12  0  109.6  -27532.1  0  0  -27532.1  0  -27532.1  97257.1  0  0  97257.1  0  97257.1
3.297e+12  0  109.9  -27520.9  0  0  -27520.9  0  -27520.9  96952.1  0  0  96952.1  0  96952.1
3.306e+12  0  110.2  -27509.7  0  0  -27509.7  0  -27509.7  96648.8  0  0  96648.8  0  96648.8
3.315e+12  0  110.5  -27498.4  0  0  -27498.4  0  -27498.4  96347  0  0  96347  0  96347
3.324e+12  0  110.8  -27487.1  0  0  -27487.1  0  -27487.1  96046.7  0  0  96046.7  0  96046.7
3.333e+12  0  111.1  -27475.8  0  0  -27475.8  0  -27475.8  95748.1  0  0  95748.1  0  95748.1
3.342e+12  0  111.4  -27464.5  0  0  -27464.5  0  -27464.5  95450.9  0  0  95450.9  0  95450.9
3.351e+12  0  111.7  -27453.2  0  0  -27453.2  0  -27453.2  95155.3  0  0  95155.3  0  95155.3
3.36e+12  0  112  -27441.8  0  0  -27441.8  0  -27441.8  94861.2  0  0  94861.2  0  94861.2
3.369e+12  0  112.3  -27430.5  0  0  -27430.5  0  -27430.5  94568.6  0  0  94568.6  0  94568.6
3.378e+12  0  112.6  -27419.1  0  0  -27419.1  0  -27419.1  94277.4  0  0  94277.4  0  94277.4
3.387e+12  0  112.9  -27407.7  0  0  -27407.7  0  -27407.7  93987.8  0  0  93987.8  0  93987.8
3.396e+12  0  113.2  -27396.2  0  0  -27396.2  0  -27396.2  93699.6  0  0  93699.6  0  93699.6
3.405e+12  0  113.5  -27384.8  0  0  -27384.8  0  -27384.8  93412.9  0  0  93412.9  0  93412.9
3.414e+12  0  113.8  -27373.3  0  0  -27373.3  0  -27373.3  93127.6  0  0  93127.6  0  93127.6
3.423e+12  0  114.1  -27361.8  0  0  -27361.8  0  -27361.8  92843.7  0  0  92843.7  0  92843.7
3.432e+12  0  114.4  -27350.3  0  0  -27350.3  0  -27350.3  92561.2  0  0  92561.2  0  92561.2
3.441e+12  0  114.7  -27338.7  0  0  -27338.7  0  -27338.7  92280.2  0  0  92280.2  0  92280.2
3.45e+12  0  115  -27327.1  0  0  -27327.1  0  -27327.1  92000.6  0  0  92000.6  0  92000.6
3.459e+12  0  115.3  -27315.6  0  0  -27315.6  0  -27315.6  91722.3  0  0  91722.3  0  91722.3
3.468e+12  0  115.6  -27304  0  0  -27304  0  -27304  91445.4  0  0  91445.4  0  91445.4
3.477e+12  0  115.9  -27292.3  0  0  -27292.3  0  -27292.3  91169.9  0  0  91169.9  0  91169.9
3.486e+12  0  116.2  -27280.7  0  0  -27280.7  0  -27280.7  90895.8  0  0  90895.8  0  90895.8
3.495e+12  0  116.5  -27269  0  0  -27269  0  -27269  90623  0  0  90623  0  90623
3.504e+12  0  116.8  -27257.3  0  0  -27257.3  0  -27257.3  90351.5  0  0  90351.5  0  90351.5
3.513e+12  0  117.1  -27245.6  0  0  -27245.6  0  -27245.6  90081.3  0  0  90081.3  0  90081.3
3.522e+12  0  117.4  -27233.9  0  0  -27233.9  0  -27233.9  89812.5  0  0  89812.5  0  89812.5
3.531e+12  0  117.7  -27222.2  0  0  -27222.2  0  -27222.2  89545  0  0  89545  0  89545
3.54e+12  0  118  -27210.4  0  0  -27210.4  0  -27210.4  89278.7  0  0  89278.7  0  89278.7
3.549e+12  0  118.3  -27198.6  0  0  -27198.6  0  -27198.6  89013.8  0  0  89013.8  0  89013.8
3.558e+12  0  118.6  -27186.8  0  0  -27186.8  0  -27186.8  88750.1  0  0  88750.1  0  88750.1
3.567e+12  0  118.9  -27175  0  0  -27175  0  -27175  88487.7  0  0  88487.7  0  88487.7
3.576e+12  0  119.2  -27163.2  0  0  -27163.2  0  -27163.2  88226.6  0  0  88226.6  0  88226.6
3.585e+12  0  119.5  -27151.3  0  0  -27151.3  0  -27151.3  87966.7  0  0  87966.7  0  87966.7
3.594e+12  0  119.8  -27139.4  0  0  -27139.4  0  -27139.4  87708  0  0  87708  0  87708
3.603e+12  0  120.1  -27127.5  0  0  -27127.5  0  -27127.5  87450.6  0  0  87450.6  0  87450.6
3.612e+12  0  120.4  -27115.6  0  0  -27115.6  0  -27115.6  87194.4  0  0  87194.4  0  87194.4
3.621e+12  0  120.7  -27103.7  0  0  -27103.7  0  -27103.7  86939.4  0  0  86939.4  0  86939.4
3.63e+12  0  121  -27091.7  0  0  -27091.7  0  -27091.7  86685.6  0  0  86685.6  0  86685.6
3.639e+12  0  121.3  -27079.7  0  0  -27079.7  0  -27079.7  86433  0  0  86433  0  86433
3.648e+12  0  121.6  -27067.7  0  0  -27067.7  0  -27067.7  86181.5  0  0  86181.5  0  86181.5
3.657e+12  0  121.9  -27055.7  0  0  -27055.7  0  -27055.7  85931.3  0  0  85931.3  0  85931.3
3.666e+12  0  122.2  -27043.7  0  0  -27043.7  0  -27043.7  85682.2  0  0  85682.2  0  85682.2
3.675e+12  0  122.5  -27031.6  0  0  -27031.6  0  -27031.6  85434.3  0  0  85434.3  0  85434.3
3.684e+12  0  122.8  -27019.5  0  0  -27019.5  0  -27019.5  85187.6  0  0  85187.6  0  85187.6
3.693e+12  0  123.1  -27007.5  0  0  -27007.5  0  -27007.5  84941.9  0  0  84941.9  0  84941.9
3.702e+12  0  123.4  -26995.4  0  0  -26995.4  0  -26995.4  84697.5  0  0  84697.5  0  84697.5
3.711e+12  0  123.7  -26983.2  0  0  -26983.2  0  -26983.2  84454.1  0  0  84454.1  0  84454.1
3.72e+12  0  124  -26971.1  0  0  -26971.1  0  -26971.1  84211.9  0  0  84211.9  0  84211.9
3.729e+12  0  124.3  -26958.9  0  0  -26958.9  0  -26958.9  83970.8  0  0  83970.8  0  83970.8
3.738e+12  0  124.6  -26946.7  0  0  -26946.7  0  -26946.7  83730.8  0  0  83730.8  0  83730.8
3.747e+12  0  124.9  -26934.5  0  0  -26934.5  0  -26934.5  83491.8  0  0  83491.8  0  83491.8
3.756e+12  0  125.2  -26922.3  0  0  -26922.3  0  -26922.3  83254  0  0  83254  0  83254
3.765e+12  0  125.5  -26910.1  0  0  -26910.1  0  -26910.1  83017.3  0  0  83017.3  0  83017.3
3.774e+12  0  125.8  -26897.8  0  0  -26897.8  0  -26897.8  82781.6  0  0  82781.6  0  82781.6
3.783e+12  0  126.1  -26885.5  0  0  -26885.5  0  -26885.5  82547  0  0  82547  0  82547
3.792e+12  0  126.4  -26873.2  0  0  -26873.2  0  -26873.2  82313.4  0  0  82313.4  0  82313.4
3.801e+12  0  126.7  -26860.9  0  0  -26860.9  0  -26860.9  82080.9  0  0  82080.9  0  82080.9
3.81e+12  0  127  -26848.6  0  0  -26848.6  0  -26848.6  81849.5  0  0  81849.5  0  81849.5
3.819e+12  0  127.3  -26836.3  0  0  -26836.3  0  -26836.3  81619  0  0  81619  0  81619
3.828e+12  0  127.6  -26823.9  0  0  -26823.9  0  -26823.9  81389.7  0  0  81389.7  0  81389.7
3.837e+12  0  127.9  -26811.5  0  0  -26811.5  0  -26811.5  81161.3  0  0  81161.3  0  81161.3
3.846e+12  0  128.2  -26799.1  0  0  -26799.1  0  -26799.1  80933.9  0  0  80933.9  0  80933.9
3.855e+12  0  128.5  -26786.7  0  0  -26786.7  0  -26786.7  80707.6  0  0  80707.6  0  80707.6
3.864e+12  0  128.8  -26774.3  0  0  -26774.3  0  -26774.3  80482.3  0  0  80482.3  0  80482.3
3.873e+12  0  129.1  -26761.8  0  0  -26761.8  0  -26761.8  80257.9  0  0  80257.9  0  80257.9
3.882e+12  0  129.4  -26749.3  0  0  -26749.3  0  -26749.3  80034.6  0  0  80034.6  0  80034.6
3.891e+12  0  129.7  -26736.9  0  0  -26736.9  0  -26736.9  79812.2  0  0  79812.2  0  79812.2
3.9e+12  0  130  -26724.4  0  0  -26724.4  0  -26724.4  79590.8  0  0  79590.8  0  79590.8
3.909e+12  0  130.3  -26711.8  0  0  -26711.8  0  -26711.8  79370.3  0  0  79370.3  0  79370.3
3.918e+12  0  130.6  -26699.3  0  0  -26699.3  0  -26699.3  79150.9  0  0  79150.9  0  79150.9
3.927e+12  0  130.9  -26686.7  0  0  -26686.7  0  -26686.7  78932.4  0  0  78932.4  0  78932.4
3.936e+12  0  131.2  -26674.2  0  0  -26674.2  0  -26674.2  78714.8  0  0  78714.8  0  78714.8
3.945e+12  0  131.5  -26661.6  0  0  -26661.6  0  -26661.6  78498.2  0  0  78498.2  0  78498.2
3.954e+12  0  131.8  -26649  0  0  -26649  0  -26649  78282.5  0  0  78282.5  0  78282.5
3.963e+12  0  132.1  -26636.4  0  0  -26636.4  0  -26636.4  78067.7  0  0  78067.7  0  78067.7
3.972e+12  0  132.4  -26623.7  0  0  -26623.7  0  -26623.7  77853.9  0  0  77853.9  0  77853.9
3.981e+12  0  132.7  -26611.1  0  0  -26611.1  0  -26611.1  77641  0  0  77641  0  77641
3.99e+12  0  133  -26598.4  0  0  -26598.4  0  -26598.4  77429  0  0  77429  0  77429
3.999e+12  0  133.3  -26585.7  0  0  -26585.7  0  -26585.7  77217.9  0  0  77217.9  0  77217.9
4.008e+12  0  133.6  -26573  0  0  -26573  0  -26573  77007.7  0  0  77007.7  0  77007.7
4.017e+12  0  133.9  -26560.3  0  0  -26560.3  0  -26560.3  76798.4  0  0  76798.4  0  76798.4
4.026e+12  0  134.2  -26547.5  0  0  -26547.5  0  -26547.5  76590  0  0  76590  0  76590
4.035e+12  0  134.5  -26534.8  0  0  -26534.8  0  -26534.8  76382.5  0  0  76382.5  0  76382.5
4.044e+12  0  134.8  -26522  0  0  -26522  0  -26522  76175.8  0  0  76175.8  0  76175.8
4.053e+12  0  135.1  -26509.2  0  0  -26509.2  0  -26509.2  75970  0  0  75970  0  75970
4.062e+12  0  135.4  -26496.4  0  0  -26496.4  0  -26496.4  75765.1  0  0  75765.1  0  75765.1
4.071e+12  0  135.7  -26483.6  0  0  -26483.6  0  -26483.6  75561.1  0  0  75561.1  0  75561.1
4.08e+12  0  136  -26470.8  0  0  -26470.8  0  -26470.8  75357.9  0  0  75357.9  0  75357.9
4.089e+12  0  136.3  -26457.9  0  0  -26457.9  0  -26457.9  75155.5  0  0  75155.5  0  75155.5
4.098e+12  0  136.6  -26445.1  0  0  -26445.1  0  -26445.1  74954  0  0  74954  0  74954
4.107e+12  0  136.9  -26432.2  0  0  -26432.2  0  -26432.2  74753.4  0  0  74753.4  0  74753.4
4.116e+12  0  137.2  -26419.3  0  0  -26419.3  0  -26419.3  74553.5  0  0  74553.5  0  74553.5
4.125e+12  0  137.5  -26406.4  0  0  -26406.4  0  -26406.4  74354.5  0  0  74354.5  0  74354.5
4.134e+12  0  137.8  -26393.4  0  0  -26393.4  0  -26393.4  74156.3  0  0  74156.3  0  74156.3
4.143e+12  0  138.1  -26380.5  0  0  -26380.5  0  -26380.5  73959  0  0  73959  0  73959
4.152e+12  0  138.4  -26367.5  0  0  -26367.5  0  -26367.5  73762.4  0  0  73762.4  0  73762.4
4.161e+12  0  138.7  -26354.6  0  0  -26354.6  0  -26354.6  73566.7  0  0  73566.7  0  73566.7
4.17e+12  0  139  -26341.6  0  0  -26341.6  0  -26341.6  73371.7  0  0  73371.7  0  73371.7
4.179e+12  0  139.3  -26328.6  0  0  -26328.6  0  -26328.6  73177.6  0  0  73177.6  0  73177.6
4.188e+12  0  139.6  -26315.5  0  0  -26315.5  0  -26315.5  72984.2  0  0  72984.2  0  72984.2
4.197e+12  0  139.9  -26302.5  0  0  -26302.5  0  -26302.5  72791.7  0  0  72791.7  0  72791.7
4.206e+12  0  140.2  -26289.5  0  0  -26289.5  0  -26289.5  72599.9  0  0  72599.9  0  72599.9
4.215e+12  0  140.5  -26276.4  0  0  -26276.4  0  -26276.4  72408.9  0  0  72408.9  0  72408.9
4.224e+12  0  140.8  -26263.3  0  0  -26263.3  0  -26263.3  72218.7  0  0  72218.7  0  72218.7
4.233e+12  0  141.1  -26250.2  0  0  -26250.2  0  -26250.2  72029.2  0  0  72029.2  0  72029.2
4.242e+12  0  141.4  -26237.1  0  0  -26237.1  0  -26237.1  71840.5  0  0  71840.5  0  71840.5
4.251e+12  0  141.7  -26224  0  0  -26224  0  -26224  71652.6  0  0  71652.6  0  71652.6
4.26e+12  0  142  -26210.8  0  0  -26210.8  0  -26210.8  71465.4  0  0  71465.4  0  71465.4
4.269e+12  0  142.3  -26197.7  0  0  -26197.7  0  -26197.7  71278.9  0  0  71278.9  0  71278.9
4.278e+12  0  142.6  -26184.5  0  0  -26184.5  0  -26184.5  71093.3  0  0  71093.3  0  71093.3
4.287e+12  0  142.9  -26171.3  0  0  -26171.3  0  -26171.3  70908.3  0  0  70908.3  0  70908.3
4.296e+12  0  143.2  -26158.1  0  0  -26158.1  0  -26158.1  70724.1  0  0  70724.1  0  70724.1
4.305e+12  0  143.5  -26144.9  0  0  -26144.9  0  -26144.9  70540.6  0  0  70540.6  0  70540.6
4.314e+12  0  143.8  -26131.7  0  0  -26131.7  0  -26131.7  70357.8  0  0  70357.8  0  70357.8
4.323e+12  0  144.1  -26118.5  0  0  -26118.5  0  -26118.5  70175.8  0  0  70175.8  0  70175.8
4.332e+12  0  144.4  -26105.2  0  0  -26105.2  0  -26105.2  69994.5  0  0  69994.5  0  69994.5
4.341e+12  0  144.7  -26091.9  0  0  -26091.9  0  -26091.9  69813.9  0  0  69813.9  0  69813.9
4.35e+12  0  145  -26078.7  0  0  -26078.7  0  -26078.7  69634  0  0  69634  0  69634
4.359e+12  0  145.3  -26065.4  0  0  -26065.4  0  -26065.4  69454.8  0  0  69454.8  0  69454.8
4.368e+12  0  145.6  -26052.1  0  0  -26052.1  0  -26052.1  69276.3  0  0  69276.3  0  69276.3
4.377e+12  0  145.9  -26038.7  0  0  -26038.7  0  -26038.7  69098.6  0  0  69098.6  0  69098.6
4.386e+12  0  146.2  -26025.4  0  0  -26025.4  0  -26025.4  68921.5  0  0  68921.5  0  68921.5
4.395e+12  0  146.5  -26012  0  0  -26012  0  -26012  68745.1  0  0  68745.1  0  68745.1
4.404e+12  0  146.8  -25998.7  0  0  -25998.7  0  -25998.7  68569.3  0  0  68569.3  0  68569.3
4.413e+12  0  147.1  -25985.3  0  0  -25985.3  0  -25985.3  68394.3  0  0  68394.3  0  68394.3
4.422e+12  0  147.4  -25971.9  0  0  -25971.9  0  -25971.9  68219.9  0  0  68219.9  0  68219.9
4.431e+12  0  147.7  -25958.5  0  0  -25958.5  0  -25958.5  68046.3  0  0  68046.3  0  68046.3
4.44e+12  0  148  -25945.1  0  0  -25945.1  0  -25945.1  67873.2  0  0  67873.2  0  67873.2
4.449e+12  0  148.3  -25931.6  0  0  -25931.6  0  -25931.6  67700.9  0  0  67700.9  0  67700.9
4.458e+12  0  148.6  -25918.2  0  0  -25918.2  0  -25918.2  67529.2  0  0  67529.2  0  67529.2
4.467e+12  0  148.9  -25904.7  0  0  -25904.7  0  -25904.7  67358.2  0  0  67358.2  0  67358.2
4.476e+12  0  149.2  -25891.3  0  0  -25891.3  0  -25891.3  67187.8  0  0  67187.8  0  67187.8
4.485e+12  0  149.5  -25877.8  0  0  -25877.8  0  -25877.8  67018  0  0  67018  0  67018
4.494e+12  0  149.8  -25864.3  0  0  -25864.3  0  -25864.3  66849  0  0  66849  0  66849
4.503e+12  0  150.1  -25850.8  0  0  -25850.8  0  -25850.8  66680.5  0  0  66680.5  0  66680.5
4.512e+12  0  150.4  -25837.2  0  0  -25837.2  0  -25837.2  66512.7  0  0  66512.7  0  66512.7
4.521e+12  0  150.7  -25823.7  0  0  -25823.7  0  -25823.7  66345.5  0  0  66345.5  0  66345.5
4.53e+12  0  151  -25810.2  0  0  -25810.2  0  -25810.2  66179  0  0  66179  0  66179
4.539e+12  0  151.3  -25796.6  0  0  -25796.6  0  -25796.6  66013.1  0  0  66013.1  0  66013.1
4.548e+12  0  151.6  -25783  0  0  -25783  0  -25783  65847.8  0  0  65847.8  0  65847.8
4.557e+12  0  151.9  -25769.4  0  0  -25769.4  0  -25769.4  65683.2  0  0  65683.2  0  65683.2
4.566e+12  0  152.2  -25755.8  0  0  -25755.8  0  -25755.8  65519.1  0  0  65519.1  0  65519.1
4.575e+12  0  152.5  -25742.2  0  0  -25742.2  0  -25742.2  65355.7  0  0  65355.7  0  65355.7
4.584e+12  0  152.8  -25728.6  0  0  -25728.6  0  -25728.6  65192.9  0  0  65192.9  0  65192.9
4.593e+12  0  153.1  -25715  0  0  -25715  0  -25715  65030.6  0  0  65030.6  0  65030.6
4.602e+12  0  153.4  -25701.3  0  0  -25701.3  0  -25701.3  64869  0  0  64869  0  64869
4.611e+12  0  153.7  -25687.6  0  0  -25687.6  0  -25687.6  64708  0  0  64708  0  64708
4.62e+12  0  154  -25674  0  0  -25674  0  -25674  64547.6  0  0  64547.6  0  64547.6
4.629e+12  0  154.3  -25660.3  0  0  -25660.3  0  -25660.3  64387.8  0  0  64387.8  0  64387.8
4.638e+12  0  154.6  -25646.6  0  0  -25646.6  0  -25646.6  64228.6  0  0  64228.6  0  64228.6
4.647e+12  0  154.9  -25632.9  0  0  -25632.9  0  -25632.9  64069.9  0  0  64069.9  0  64069.9
4.656e+12  0  155.2  -25619.2  0  0  -25619.2  0  -25619.2  63911.8  0  0  63911.8  0  63911.8
4.665e+12  0  155.5  -25605.4  0  0  -25605.4  0  -25605.4  63754.4  0  0  63754.4  0  63754.4
4.674e+12  0  155.8  -25591.7  0  0  -25591.7  0  -25591.7  63597.5  0  0  63597.5  0  63597.5
4.683e+12  0  156.1  -25577.9  0  0  -25577.9  0  -25577.9  63441.1  0  0  63441.1  0  63441.1
4.692e+12  0  156.4  -25564.2  0  0  -25564.2  0  -25564.2  63285.4  0  0  63285.4  0  63285.4
4.701e+12  0  156.7  -25550.4  0  0  -25550.4  0  -25550.4  63130.2  0  0  63130.2  0  63130.2
4.71e+12  0  157  -25536.6  0  0  -25536.6  0  -25536.6  62975.6  0  0  62975.6  0  62975.6
4.719e+12  0  157.3  -25522.8  0  0  -25522.8  0  -25522.8  62821.5  0  0  62821.5  0  62821.5
4.728e+12  0  157.6  -25509  0  0  -25509  0  -25509  62668  0  0  62668  0  62668
4.737e+12  0  157.9  -25495.1  0  0  -25495.1  0  -25495.1  62515  0  0  62515  0  62515
4.746e+12  0  158.2  -25481.3  0  0  -25481.3  0  -25481.3  62362.7  0  0  62362.7  0  62362.7
4.755e+12  0  158.5  -25467.5  0  0  -25467.5  0  -25467.5  62210.8  0  0  62210.8  0  62210.8
4.764e+12  0  158.8  -25453.6  0  0  -25453.6  0  -25453.6  62059.5  0  0  62059.5  0  62059.5
4.773e+12  0  159.1  -25439.7  0  0  -25439.7  0  -25439.7  61908.7  0  0  61908.7  0  61908.7
4.782e+12  0  159.4  -25425.8  0  0  -25425.8  0  -25425.8  61758.5  0  0  61758.5  0  61758.5
4.791e+12  0  159.7  -25411.9  0  0  -25411.9  0  -25411.9  61608.9  0  0  61608.9  0  61608.9
4.8e+12  0  160  -25398  0  0  -25398  0  -25398  61459.7  0  0  61459.7  0  61459.7
4.809e+12  0  160.3  -25384.1  0  0  -25384.1  0  -25384.1  61311.1  0  0  61311.1  0  61311.1
4.818e+12  0  160.6  -25370.2  0  0  -25370.2  0  -25370.2  61163  0  0  61163  0  61163
4.827e+12  0  160.9  -25356.3  0  0  -25356.3  0  -25356.3  61015.5  0  0  61015.5  0  61015.5
4.836e+12  0  161.2  -25342.3  0  0  -25342.3  0  -25342.3  60868.4  0  0  60868.4  0  60868.4
4.845e+12  0  161.5  -25328.4  0  0  -25328.4  0  -25328.4  60721.9  0  0  60721.9  0  60721.9
4.854e+12  0  161.8  -25314.4  0  0  -25314.4  0  -25314.4  60575.9  0  0  60575.9  0  60575.9
4.863e+12  0  162.1  -25300.4  0  0  -25300.4  0  -25300.4  60430.4  0  0  60430.4  0  60430.4
4.872e+12  0  162.4  -25286.4  0  0  -25286.4  0  -25286.4  60285.5  0  0  60285.5  0  60285.5
4.881e+12  0  162.7  -25272.4  0  0  -25272.4  0  -25272.4  60141  0  0  60141  0  60141
4.89e+12  0  163  -25258.4  0  0  -25258.4  0  -25258.4  59997.1  0  0  59997.1  0  59997.1
4.899e+12  0  163.3  -25244.4  0  0  -25244.4  0  -25244.4  59853.6  0  0  59853.6  0  59853.6
4.908e+12  0  163.6  -25230.4  0  0  -25230.4  0  -25230.4  59710.7  0  0  59710.7  0  59710.7
4.917e+12  0  163.9  -25216.3  0  0  -25216.3  0  -25216.3  59568.2  0  0  59568.2  0  59568.2
4.926e+12  0  164.2  -25202.3  0  0  -25202.3  0  -25202.3  59426.3  0  0  59426.3  0  59426.3
4.935e+12  0  164.5  -25188.2  0  0  -25188.2  0  -25188.2  59284.8  0  0  59284.8  0  59284.8
4.944e+12  0  164.8  -25174.2  0  0  -25174.2  0  -25174.2  59143.9  0  0  59143.9  0  59143.9
4.953e+12  0  165.1  -25160.1  0  0  -25160.1  0  -25160.1  59003.4  0  0  59003.4  0  59003.4
4.962e+12  0  165.4  -25146  0  0  -25146  0  -25146  58863.4  0  0  58863.4  0  58863.4
4.971e+12  0  165.7  -25131.9  0  0  -25131.9  0  -25131.9  58723.9  0  0  58723.9  0  58723.9
4.98e+12  0  166  -25117.8  0  0  -25117.8  0  -25117.8  58584.9  0  0  58584.9  0  58584.9
4.989e+12  0  166.3  -25103.7  0  0  -25103.7  0  -25103.7  58446.4  0  0  58446.4  0  58446.4
4.998e+12  0  166.6  -25089.5  0  0  -25089.5  0  -25089.5  58308.3  0  0  58308.3  0  58308.3
5.007e+12  0  166.9  -25075.4  0  0  -25075.4  0  -25075.4  58170.7  0  0  58170.7  0  58170.7
5.016e+12  0  167.2  -25061.2  0  0  -25061.2  0  -25061.2  58033.6  0  0  58033.6  0  58033.6
5.025e+12  0  167.5  -25047.1  0  0  -25047.1  0  -25047.1  57897  0  0  57897  0  57897
5.034e+12  0  167.8  -25032.9  0  0  -25032.9  0  -25032.9  57760.8  0  0  57760.8  0  57760.8
5.043e+12  0  168.1  -25018.7  0  0  -25018.7  0  -25018.7  57625.1  0  0  57625.1  0  57625.1
5.052e+12  0  168.4  -25004.6  0  0  -25004.6  0  -25004.6  57489.8  0  0  57489.8  0  57489.8
5.061e+12  0  168.7  -24990.4  0  0  -24990.4  0  -24990.4  57355  0  0  57355  0  57355
5.07e+12  0  169  -24976.2  0  0  -24976.2  0  -24976.2  57220.7  0  0  57220.7  0  57220.7
5.079e+12  0  169.3  -24961.9  0  0  -24961.9  0  -24961.9  57086.8  0  0  57086.8  0  57086.8
5.088e+12  0  169.6  -24947.7  0  0  -24947.7  0  -24947.7  56953.4  0  0  56953.4  0  56953.4
5.097e+12  0  169.9  -24933.5  0  0  -24933.5  0  -24933.5  56820.4  0  0  56820.4  0  56820.4
5.106e+12  0  170.2  -24919.3  0  0  -24919.3  0  -24919.3  56687.9  0  0  56687.9  0  56687.9
5.115e+12  0  170.5  -24905  0  0  -24905  0  -24905  56555.8  0  0  56555.8  0  56555.8
5.124e+12  0  170.8  -24890.8  0  0  -24890.8  0  -24890.8  56424.2  0  0  56424.2  0  56424.2
5.133e+12  0  171.1  -24876.5  0  0  -24876.5  0  -24876.5  56293  0  0  56293  0  56293
5.142e+12  0  171.4  -24862.2  0  0  -24862.2  0  -24862.2  56162.2  0  0  56162.2  0  56162.2
5.151e+12  0  171.7  -24847.9  0  0  -24847.9  0  -24847.9  56031.9  0  0  56031.9  0  56031.9
5.16e+12  0  172  -24833.6  0  0  -24833.6  0  -24833.6  55902  0  0  55902  0  55902
5.169e+12  0  172.3  -24819.3  0  0  -24819.3  0  -24819.3  55772.6  0  0  55772.6  0  55772.6
5.178e+12  0  172.6  -24805  0  0  -24805  0  -24805  55643.5  0  0  55643.5  0  55643.5
5.187e+12  0  172.9  -24790.7  0  0  -24790.7  0  -24790.7  55514.9  0  0  55514.9  0  55514.9
5.196e+12  0  173.2  -24776.4  0  0  -24776.4  0  -24776.4  55386.8  0  0  55386.8  0  55386.8
5.205e+12  0  173.5  -24762.1  0  0  -24762.1  0  -24762.1  55259  0  0  55259  0  55259
5.214e+12  0  173.8  -24747.7  0  0  -24747.7  0  -24747.7  55131.7  0  0  55131.7  0  55131.7
5.223e+12  0  174.1  -24733.4  0  0  -24733.4  0  -24733.4  55004.8  0  0  55004.8  0  55004.8
5.232e+12  0  174.4  -24719  0  0  -24719  0  -24719  54878.4  0  0  54878.4  0  54878.4
5.241e+12  0  174.7  -24704.6  0  0  -24704.6  0  -24704.6  54752.3  0  0  54752.3  0  54752.3
5.25e+12  0  175  -24690.3  0  0  -24690.3  0  -24690.3  54626.7  0  0  54626.7  0  54626.7
5.259e+12  0  175.3  -24675.9  0  0  -24675.9  0  -24675.9  54501.4  0  0  54501.4  0  54501.4
5.268e+12  0  175.6  -24661.5  0  0  -24661.5  0  -24661.5  54376.6  0  0  54376.6  0  54376.6
5.277e+12  0  175.9  -24647.1  0  0  -24647.1  0  -24647.1  54252.2  0  0  54252.2  0  54252.2
5.286e+12  0  176.2  -24632.7  0  0  -24632.7  0  -24632.7  54128.2  0  0  54128.2  0  54128.2
5.295e+12  0  176.5  -24618.3  0  0  -24618.3  0  -24618.3  54004.6  0  0  54004.6  0  54004.6
5.304e+12  0  176.8  -24603.9  0  0  -24603.9  0  -24603.9  53881.4  0  0  53881.4  0  53881.4
5.313e+12  0  177.1  -24589.4  0  0  -24589.4  0  -24589.4  53758.6  0  0  53758.6  0  53758.6
5.322e+12  0  177.4  -24575  0  0  -24575  0  -24575  53636.2  0  0  53636.2  0  53636.2
5.331e+12  0  177.7  -24560.6  0  0  -24560.6  0  -24560.6  53514.2  0  0  53514.2  0  53514.2
5.34e+12  0  178  -24546.1  0  0  -24546.1  0  -24546.1  53392.6  0  0  53392.6  0  53392.6
5.349e+12  0  178.3  -24531.7  0  0  -24531.7  0  -24531.7  53271.4  0  0  53271.4  0  53271.4
5.358e+12  0  178.6  -24517.2  0  0  -24517.2  0  -24517.2  53150.5  0  0  53150.5  0  53150.5
5.367e+12  0  178.9  -24502.7  0  0  -24502.7  0  -24502.7  53030.1  0  0  53030.1  0  53030.1
5.376e+12  0  179.2  -24488.2  0  0  -24488.2  0  -24488.2  52910.1  0  0  52910.1  0  52910.1
5.385e+12  0  179.5  -24473.8  0  0  -24473.8  0  -24473.8  52790.4  0  0  52790.4  0  52790.4
5.394e+12  0  179.8  -24459.3  0  0  -24459.3  0  -24459.3  52671.1  0  0  52671.1  0  52671.1
5.403e+12  0  180.1  -24444.8  0  0  -24444.8  0  -24444.8  52552.2  0  0  52552.2  0  52552.2
5.412e+12  0  180.4  -24430.3  0  0  -24430.3  0  -24430.3  52433.7  0  0  52433.7  0  52433.7
5.421e+12  0  180.7  -24415.7  0  0  -24415.7  0  -24415.7  52315.6  0  0  52315.6  0  52315.6
5.43e+12  0  181  -24401.2  0  0  -24401.2  0  -24401.2  52197.8  0  0  52197.8  0  52197.8
5.439e+12  0  181.3  -24386.7  0  0  -24386.7  0  -24386.7  52080.5  0  0  52080.5  0  52080.5
5.448e+12  0  181.6  -24372.2  0  0  -24372.2  0  -24372.2  51963.5  0  0  51963.5  0  51963.5
5.457e+12  0  181.9  -24357.6  0  0  -24357.6  0  -24357.6  51846.8  0  0  51846.8  0  51846.8
5.466e+12  0  182.2  -24343.1  0  0  -24343.1  0  -24343.1  51730.6  0  0  51730.6  0  51730.6
5.475e+12  0  182.5  -24328.5  0  0  -24328.5  0  -24328.5  51614.7  0  0  51614.7  0  51614.7
5.484e+12  0  182.8  -24313.9  0  0  -24313.9  0  -24313.9  51499.1  0  0  51499.1  0  51499.1
5.493e+12  0  183.1  -24299.4  0  0  -24299.4  0  -24299.4  51384  0  0  51384  0  51384
5.502e+12  0  183.4  -24284.8  0  0  -24284.8  0  -24284.8  51269.2  0  0  51269.2  0  51269.2
5.511e+12  0  183.7  -24270.2  0  0  -24270.2  0  -24270.2  51154.7  0  0  51154.7  0  51154.7
5.52e+12  0  184  -24255.6  0  0  -24255.6  0  -24255.6  51040.6  0  0  51040.6  0  51040.6
5.529e+12  0  184.3  -24241  0  0  -24241  0  -24241  50926.9  0  0  50926.9  0  50926.9
5.538e+12  0  184.6  -24226.5  0  0  -24226.5  0  -24226.5  50813.5  0  0  50813.5  0  50813.5
5.547e+12  0  184.9  -24211.8  0  0  -24211.8  0  -24211.8  50700.5  0  0  50700.5  0  50700.5
5.556e+12  0  185.2  -24197.2  0  0  -24197.2  0  -24197.2  50587.9  0  0  50587.9  0  50587.9
5.565e+12  0  185.5  -24182.6  0  0  -24182.6  0  -24182.6  50475.6  0  0  50475.6  0  50475.6
5.574e+12  0  185.8  -24168  0  0  -24168  0  -24168  50363.6  0  0  50363.6  0  50363.6
5.583e+12  0  186.1  -24153.4  0  0  -24153.4  0  -24153.4  50252  0  0  50252  0  50252
5.592e+12  0  186.4  -24138.7  0  0  -24138.7  0  -24138.7  50140.8  0  0  50140.8  0  50140.8
5.601e+12  0  186.7  -24124.1  0  0  -24124.1  0  -24124.1  50029.8  0  0  50029.8  0  50029.8
5.61e+12  0  187  -24109.4  0  0  -24109.4  0  -24109.4  49919.3  0  0  49919.3  0  49919.3
5.619e+12  0  187.3  -24094.8  0  0  -24094.8  0  -24094.8  49809  0  0  49809  0  49809
5.628e+12  0  187.6  -24080.1  0  0  -24080.1  0  -24080.1  49699.2  0  0  49699.2  0  49699.2
5.637e+12  0  187.9  -24065.5  0  0  -24065.5  0  -24065.5  49589.6  0  0  49589.6  0  49589.6
5.646e+12  0  188.2  -24050.8  0  0  -24050.8  0  -24050.8  49480.4  0  0  49480.4  0  49480.4
5.655e+12  0  188.5  -24036.1  0  0  -24036.1  0  -24036.1  49371.5  0  0  49371.5  0  49371.5
5.664e+12  0  188.8  -24021.4  0  0  -24021.4  0  -24021.4  49263  0  0  49263  0  49263
5.673e+12  0  189.1  -24006.8  0  0  -24006.8  0  -24006.8  49154.8  0  0  49154.8  0  49154.8
5.682e+12  0  189.4  -23992.1  0  0  -23992.1  0  -23992.1  49046.9  0  0  49046.9  0  49046.9
5.691e+12  0  189.7  -23977.4  0  0  -23977.4  0  -23977.4  48939.4  0  0  48939.4  0  48939.4
5.7e+12  0  190  -23962.7  0  0  -23962.7  0  -23962.7  48832.2  0  0  48832.2  0  48832.2
5.709e+12  0  190.3  -23948  0  0  -23948  0  -23948  48725.3  0  0  48725.3  0  48725.3
5.718e+12  0  190.6  -23933.3  0  0  -23933.3  0  -23933.3  48618.7  0  0  48618.7  0  48618.7
5.727e+12  0  190.9  -23918.5  0  0  -23918.5  0  -23918.5  48512.5  0  0  48512.5  0  48512.5
5.736e+12  0  191.2  -23903.8  0  0  -23903.8  0  -23903.8  48406.6  0  0  48406.6  0  48406.6
5.745e+12  0  191.5  -23889.1  0  0  -23889.1  0  -23889.1  48301  0  0  48301  0  48301
5.754e+12  0  191.8  -23874.4  0  0  -23874.4  0  -23874.4  48195.7  0  0  48195.7  0  48195.7
5.763e+12  0  192.1  -23859.6  0  0  -23859.6  0  -23859.6  48090.7  0  0  48090.7  0  48090.7
5.772e+12  0  192.4  -23844.9  0  0  -23844.9  0  -23844.9  47986.1  0  0  47986.1  0  47986.1
5.781e+12  0  192.7  -23830.1  0  0  -23830.1  0  -23830.1  47881.8  0  0  47881.8  0  47881.8
5.79e+12  0  193  -23815.4  0  0  -23815.4  0  -23815.4  47777.8  0  0  47777.8  0  47777.8
5.799e+12  0  193.3  -23800.6  0  0  -23800.6  0  -23800.6  47674.1  0  0  47674.1  0  47674.1
5.808e+12  0  193.6  -23785.9  0  0  -23785.9  0  -23785.9  47570.7  0  0  47570.7  0  47570.7
5.817e+12  0  193.9  -23771.1  0  0  -23771.1  0  -23771.1  47467.7  0  0  47467.7  0  47467.7
5.826e+12  0  194.2  -23756.3  0  0  -23756.3  0  -23756.3  47364.9  0  0  47364.9  0  47364.9
5.835e+12  0  194.5  -23741.6  0  0  -23741.6  0  -23741.6  47262.5  0  0  47262.5  0  47262.5
5.844e+12  0  194.8  -23726.8  0  0  -23726.8  0  -23726.8  47160.3  0  0  47160.3  0  47160.3
5.853e+12  0  195.1  -23712  0  0  -23712  0  -23712  47058.5  0  0  47058.5  0  47058.5
5.862e+12  0  195.4  -23697.2  0  0  -23697.2  0  -23697.2  46956.9  0  0  46956.9  0  46956.9
5.871e+12  0  195.7  -23682.4  0  0  -23682.4  0  -23682.4  46855.7  0  0  46855.7  0  46855.7
5.88e+12  0  196  -23667.6  0  0  -23667.6  0  -23667.6  46754.8  0  0  46754.8  0  46754.8
5.889e+12  0  196.3  -23652.8  0  0  -23652.8  0  -23652.8  46654.2  0  0  46654.2  0  46654.2
5.898e+12  0  196.6  -23638  0  0  -23638  0  -23638  46553.8  0  0  46553.8  0  46553.8
5.907e+12  0  196.9  -23623.2  0  0  -23623.2  0  -23623.2  46453.8  0  0  46453.8  0  46453.8
5.916e+12  0  197.2  -23608.4  0  0  -23608.4  0  -23608.4  46354.1  0  0  46354.1  0  46354.1
5.925e+12  0  197.5  -23593.6  0  0  -23593.6  0  -23593.6  46254.6  0  0  46254.6  0  46254.6
5.934e+12  0  197.8  -23578.8  0  0  -23578.8  0  -23578.8  46155.5  0  0  46155.5  0  46155.5
5.943e+12  0  198.1  -23564  0  0  -23564  0  -23564  46056.6  0  0  46056.6  0  46056.6
5.952e+12  0  198.4  -23549.1  0  0  -23549.1  0  -23549.1  45958.1  0  0  45958.1  0  45958.1
5.961e+12  0  198.7  -23534.3  0  0  -23534.3  0  -23534.3  45859.8  0  0  45859.8  0  45859.8
5.97e+12  0  199  -23519.5  0  0  -23519.5  0  -23519.5  45761.8  0  0  45761.8  0  45761.8
5.979e+12  0  199.3  -23504.6  0  0  -23504.6  0  -23504.6  45664.1  0  0  45664.1  0  45664.1
5.988e+12  0  199.6  -23489.8  0  0  -23489.8  0  -23489.8  45566.7  0  0  45566.7  0  45566.7
5.997e+12  0  199.9  -23474.9  0  0  -23474.9  0  -23474.9  45469.6  0  0  45469.6  0  45469.6
6.006e+12  0  200.2  -23460.1  0  0  -23460.1  0  -23460.1  45372.8  0  0  45372.8  0  45372.8
6.015e+12  0  200.5  -23445.2  0  0  -23445.2  0  -23445.2  45276.2  0  0  45276.2  0  45276.2
6.024e+12  0  200.8  -23430.4  0  0  -23430.4  0  -23430.4  45179.9  0  0  45179.9  0  45179.9
6.033e+12  0  201.1  -23415.5  0  0  -23415.5  0  -23415.5  45083.9  0  0  45083.9  0  45083.9
6.042e+12  0  201.4  -23400.7  0  0  -23400.7  0  -23400.7  44988.2  0  0  44988.2  0  44988.2
6.051e+12  0  201.7  -23385.8  0  0  -23385.8  0  -23385.8  44892.8  0  0  44892.8  0  44892.8
6.06e+12  0  202  -23370.9  0  0  -23370.9  0  -23370.9  44797.6  0  0  44797.6  0  44797.6
6.069e+12  0  202.3  -23356.1  0  0  -23356.1  0  -23356.1  44702.8  0  0  44702.8  0  44702.8
6.078e+12  0  202.6  -23341.2  0  0  -23341.2  0  -23341.2  44608.2  0  0  44608.2  0  44608.2
6.087e+12  0  202.9  -23326.3  0  0  -23326.3  0  -23326.3  44513.8  0  0  44513.8  0  44513.8
6.096e+12  0  203.2  -23311.4  0  0  -23311.4  0  -23311.4  44419.8  0  0  44419.8  0  44419.8
6.105e+12  0  203.5  -23296.5  0  0  -23296.5  0  -23296.5  44326  0  0  44326  0  44326
6.114e+12  0  203.8  -23281.7  0  0  -23281.7  0  -23281.7  44232.5  0  0  44232.5  0  44232.5
6.123e+12  0  204.1  -23266.8  0  0  -23266.8  0  -23266.8  44139.2  0  0  44139.2  0  44139.2
6.132e+12  0  204.4  -23251.9  0  0  -23251.9  0  -23251.9  44046.2  0  0  44046.2  0  44046.2
6.141e+12  0  204.7  -23237  0  0  -23237  0  -23237  43953.5  0  0  43953.5  0  43953.5
6.15e+12  0  205  -23222.1  0  0  -23222.1  0  -23222.1  43861.1  0  0  43861.1  0  43861.1
6.159e+12  0  205.3  -23207.2  0  0  -23207.2  0  -23207.2  43768.9  0  0  43768.9  0  43768.9
6.168e+12  0  205.6  -23192.3  0  0  -23192.3  0  -23192.3  43677  0  0  43677  0  43677
6.177e+12  0  205.9  -23177.4  0  0  -23177.4  0  -23177.4  43585.3  0  0  43585.3  0  43585.3
6.186e+12  0  206.2  -23162.5  0  0  -23162.5  0  -23162.5  43494  0  0  43494  0  43494
6.195e+12  0  206.5  -23147.6  0  0  -23147.6  0  -23147.6  43402.8  0  0  43402.8  0  43402.8
6.204e+12  0  206.8  -23132.6  0  0  -23132.6  0  -23132.6  43312  0  0  43312  0  43312
6.213e+12  0  207.1  -23117.7  0  0  -23117.7  0  -23117.7  43221.3  0  0  43221.3  0  43221.3
6.222e+12  0  207.4  -23102.8  0  0  -23102.8  0  -23102.8  43131  0  0  43131  0  43131
6.231e+12  0  207.7  -23087.9  0  0  -23087.9  0  -23087.9  43040.9  0  0  43040.9  0  43040.9
6.24e+12  0  208  -23073  0  0  -23073  0  -23073  42951.1  0  0  42951.1  0  42951.1
6.249e+12  0  208.3  -23058  0  0  -23058  0  -23058  42861.5  0  0  42861.5  0  42861.5
6.258e+12  0  208.6  -23043.1  0  0  -23043.1  0  -23043.1  42772.1  0  0  42772.1  0  42772.1
6.267e+12  0  208.9  -23028.2  0  0  -23028.2  0  -23028.2  42683.1  0  0  42683.1  0  42683.1
6.276e+12  0  209.2  -23013.3  0  0  -23013.3  0  -23013.3  42594.2  0  0  42594.2  0  42594.2
6.285e+12  0  209.5  -22998.3  0  0  -22998.3  0  -22998.3  42505.6  0  0  42505.6  0  42505.6
6.294e+12  0  209.8  -22983.4  0  0  -22983.4  0  -22983.4  42417.3  0  0  42417.3  0  42417.3
6.303e+12  0  210.1  -22968.4  0  0  -22968.4  0  -22968.4  42329.2  0  0  42329.2  0  42329.2
6.312e+12  0  210.4  -22953.5  0  0  -22953.5  0  -22953.5  42241.4  0  0  42241.4  0  42241.4
6.321e+12  0  210.7  -22938.6  0  0  -22938.6  0  -22938.6  42153.8  0  0  42153.8  0  42153.8
6.33e+12  0  211  -22923.6  0  0  -22923.6  0  -22923.6  42066.5  0  0  42066.5  0  42066.5
6.339e+12  0  211.3  -22908.7  0  0  -22908.7  0  -22908.7  41979.4  0  0  41979.4  0  41979.4
6.348e+12  0  211.6  -22893.7  0  0  -22893.7  0  -22893.7  41892.5  0  0  41892.5  0  41892.5
6.357e+12  0  211.9  -22878.8  0  0  -22878.8  0  -22878.8  41805.9  0  0  41805.9  0  41805.9
6.366e+12  0  212.2  -22863.8  0  0  -22863.8  0  -22863.8  41719.6  0  0  41719.6  0  41719.6
6.375e+12  0  212.5  -22848.9  0  0  -22848.9  0  -22848.9  41633.4  0  0  41633.4  0  41633.4
6.384e+12  0  212.8  -22833.9  0  0  -22833.9  0  -22833.9  41547.6  0  0  41547.6  0  41547.6
6.393e+12  0  213.1  -22819  0  0  -22819  0  -22819  41461.9  0  0  41461.9  0  41461.9
6.402e+12  0  213.4  -22804  0  0  -22804  0  -22804  41376.5  0  0  41376.5  0  41376.5
6.411e+12  0  213.7  -22789.1  0  0  -22789.1  0  -22789.1  41291.3  0  0  41291.3  0  41291.3
6.42e+12  0  214  -22774.1  0  0  -22774.1  0  -22774.1  41206.4  0  0  41206.4  0  41206.4
6.429e+12  0  214.3  -22759.1  0  0  -22759.1  0  -22759.1  41121.7  0  0  41121.7  0  41121.7
6.438e+12  0  214.6  -22744.2  0  0  -22744.2  0  -22744.2  41037.2  0  0  41037.2  0  41037.2
6.447e+12  0  214.9  -22729.2  0  0  -22729.2  0  -22729.2  40953  0  0  40953  0  40953
6.456e+12  0  215.2  -22714.3  0  0  -22714.3  0  -22714.3  40869  0  0  40869  0  40869
6.465e+12  0  215.5  -22699.3  0  0  -22699.3  0  -22699.3  40785.2  0  0  40785.2  0  40785.2
6.474e+12  0  215.8  -22684.3  0  0  -22684.3  0  -22684.3  40701.7  0  0  40701.7  0  40701.7
6.483e+12  0  216.1  -22669.4  0  0  -22669.4  0  -22669.4  40618.4  0  0  40618.4  0  40618.4
6.492e+12  0  216.4  -22654.4  0  0  -22654.4  0  -22654.4  40535.3  0  0  40535.3  0  40535.3
6.501e+12  0  216.7  -22639.4  0  0  -22639.4  0  -22639.4  40452.5  0  0  40452.5  0  40452.5
6.51e+12  0  217  -22624.4  0  0  -22624.4  0  -22624.4  40369.9  0  0  40369.9  0  40369.9
6.519e+12  0  217.3  -22609.5  0  0  -22609.5  0  -22609.5  40287.5  0  0  40287.5  0  40287.5
6.528e+12  0  217.6  -22594.5  0  0  -22594.5  0  -22594.5  40205.3  0  0  40205.3  0  40205.3
6.537e+12  0  217.9  -22579.5  0  0  -22579.5  0  -22579.5  40123.3  0  0  40123.3  0  40123.3
6.546e+12  0  218.2  -22564.6  0  0  -22564.6  0  -22564.6  40041.6  0  0  40041.6  0  40041.6
6.555e+12  0  218.5  -22549.6  0  0  -22549.6  0  -22549.6  39960.1  0  0  39960.1  0  39960.1
6.564e+12  0  218.8  -22534.6  0  0  -22534.6  0  -22534.6  39878.9  0  0  39878.9  0  39878.9
6.573e+12  0  219.1  -22519.6  0  0  -22519.6  0  -22519.6  39797.8  0  0  39797.8  0  39797.8
6.582e+12  0  219.4  -22504.7  0  0  -22504.7  0  -22504.7  39717  0  0  39717  0  39717
6.591e+12  0  219.7  -22489.7  0  0  -22489.7  0  -22489.7  39636.4  0  0  39636.4  0  39636.4
6.6e+12  0  220  -22474.7  0  0  -22474.7  0  -22474.7  39556  0  0  39556  0  39556
6.609e+12  0  220.3  -22459.7  0  0  -22459.7  0  -22459.7  39475.8  0  0  39475.8  0  39475.8
6.618e+12  0  220.6  -22444.7  0  0  -22444.7  0  -22444.7  39395.8  0  0  39395.8  0  39395.8
6.627e+12  0  220.9  -22429.8  0  0  -22429.8  0  -22429.8  39316.1  0  0  39316.1  0  39316.1
6.636e+12  0  221.2  -22414.8  0  0  -22414.8  0  -22414.8  39236.6  0  0  39236.6  0  39236.6
6.645e+12  0  221.5  -22399.8  0  0  -22399.8  0  -22399.8  39157.3  0  0  39157.3  0  39157.3
6.654e+12  0  221.8  -22384.8  0  0  -22384.8  0  -22384.8  39078.2  0  0  39078.2  0  39078.2
6.663e+12  0  222.1  -22369.9  0  0  -22369.9  0  -22369.9  38999.3  0  0  38999.3  0  38999.3
6.672e+12  0  222.4  -22354.9  0  0  -22354.9  0  -22354.9  38920.6  0  0  38920.6  0  38920.6
6.681e+12  0  222.7  -22339.9  0  0  -22339.9  0  -22339.9  38842.1  0  0  38842.1  0  38842.1
6.69e+12  0  223  -22324.9  0  0  -22324.9  0  -22324.9  38763.9  0  0  38763.9  0  38763.9
6.699e+12  0  223.3  -22309.9  0  0  -22309.9  0  -22309.9  38685.9  0  0  38685.9  0  38685.9
6.708e+12  0  223.6  -22295  0  0  -22295  0  -22295  38608  0  0  38608  0  38608
6.717e+12  0  223.9  -22280  0  0  -22280  0  -22280  38530.4  0  0  38530.4  0  38530.4
6.726e+12  0  224.2  -22265  0  0  -22265  0  -22265  38453  0  0  38453  0  38453
6.735e+12  0  224.5  -22250  0  0  -22250  0  -22250  38375.8  0  0  38375.8  0  38375.8
6.744e+12  0  224.8  -22235  0  0  -22235  0  -22235  38298.8  0  0  38298.8  0  38298.8
6.753e+12  0  225.1  -22220.1  0  0  -22220.1  0  -22220.1  38222  0  0  38222  0  38222
6.762e+12  0  225.4  -22205.1  0  0  -22205.1  0  -22205.1  38145.4  0  0  38145.4  0  38145.4
6.771e+12  0  225.7  -22190.1  0  0  -22190.1  0  -22190.1  38069  0  0  38069  0  38069
6.78e+12  0  226  -22175.1  0  0  -22175.1  0  -22175.1  37992.9  0  0  37992.9  0  37992.9
6.789e+12  0  226.3  -22160.1  0  0  -22160.1  0  -22160.1  37916.9  0  0  37916.9  0  37916.9
6.798e+12  0  226.6  -22145.2  0  0  -22145.2  0  -22145.2  37841.1  0  0  37841.1  0  37841.1
6.807e+12  0  226.9  -22130.2  0  0  -22130.2  0  -22130.2  37765.5  0  0  37765.5  0  37765.5
6.816e+12  0  227.2  -22115.2  0  0  -22115.2  0  -22115.2  37690.1  0  0  37690.1  0  37690.1
6.825e+12  0  227.5  -22100.2  0  0  -22100.2  0  -22100.2  37615  0  0  37615  0  37615
6.834e+12  0  227.8  -22085.3  0  0  -22085.3  0  -22085.3  37540  0  0  37540  0  37540
6.843e+12  0  228.1  -22070.3  0  0  -22070.3  0  -22070.3  37465.2  0  0  37465.2  0  37465.2
6.852e+12  0  228.4  -22055.3  0  0  -22055.3  0  -22055.3  37390.6  0  0  37390.6  0  37390.6
6.861e+12  0  228.7  -22040.3  0  0  -22040.3  0  -22040.3  37316.3  0  0  37316.3  0  37316.3
6.87e+12  0  229  -22025.4  0  0  -22025.4  0  -22025.4  37242.1  0  0  37242.1  0  37242.1
6.879e+12  0  229.3  -22010.4  0  0  -22010.4  0  -22010.4  37168.1  0  0  37168.1  0  37168.1
6.888e+12  0  229.6  -21995.4  0  0  -21995.4  0  -21995.4  37094.3  0  0  37094.3  0  37094.3
6.897e+12  0  229.9  -21980.4  0  0  -21980.4  0  -21980.4  37020.7  0  0  37020.7  0  37020.7
6.906e+12  0  230.2  -21965.5  0  0  -21965.5  0  -21965.5  36947.3  0  0  36947.3  0  36947.3
6.915e+12  0  230.5  -21950.5  0  0  -21950.5  0  -21950.5  36874  0  0  36874  0  36874
6.924e+12  0  230.8  -21935.5  0  0  -21935.5  0  -21935.5  36801  0  0  36801  0  36801
6.933e+12  0  231.1  -21920.6  0  0  -21920.6  0  -21920.6  36728.2  0  0  36728.2  0  36728.2
6.942e+12  0  231.4  -21905.6  0  0  -21905.6  0  -21905.6  36655.5  0  0  36655.5  0  36655.5
6.951e+12  0  231.7  -21890.6  0  0  -21890.6  0  -21890.6  36583.1  0  0  36583.1  0  36583.1
6.96e+12  0  232  -21875.7  0  0  -21875.7  0  -21875.7  36510.8  0  0  36510.8  0  36510.8
6.969e+12  0  232.3  -21860.7  0  0  -21860.7  0  -21860.7  36438.7  0  0  36438.7  0  36438.7
6.978e+12  0  232.6  -21845.7  0  0  -21845.7  0  -21845.7  36366.8  0  0  36366.8  0  36366.8
6.987e+12  0  232.9  -21830.8  0  0  -21830.8  0  -21830.8  36295.1  0  0  36295.1  0  36295.1
6.996e+12  0  233.2  -21815.8  0  0  -21815.8  0  -21815.8  36223.6  0  0  36223.6  0  36223.6
7.005e+12  0  233.5  -21800.9  0  0  -21800.9  0  -21800.9  36152.3  0  0  36152.3  0  36152.3
7.014e+12  0  233.8  -21785.9  0  0  -21785.9  0  -21785.9  36081.2  0  0  36081.2  0  36081.2
7.023e+12  0  234.1  -21771  0  0  -21771  0  -21771  36010.2  0  0  36010.2  0  36010.2
7.032e+12  0  234.4  -21756  0  0  -21756  0  -21756  35939.4  0  0  35939.4  0  35939.4
7.041e+12  0  234.7  -21741  0  0  -21741  0  -21741  35868.8  0  0  35868.8  0  35868.8
7.05e+12  0  235  -21726.1  0  0  -21726.1  0  -21726.1  35798.4  0  0  35798.4  0  35798.4
7.059e+12  0  235.3  -21711.1  0  0  -21711.1  0  -21711.1  35728.2  0  0  35728.2  0  35728.2
7.068e+12  0  235.6  -21696.2  0  0  -21696.2  0  -21696.2  35658.1  0  0  35658.1  0  35658.1
7.077e+12  0  235.9  -21681.2  0  0  -21681.2  0  -21681.2  35588.3  0  0  35588.3  0  35588.3
7.086e+12  0  236.2  -21666.3  0  0  -21666.3  0  -21666.3  35518.6  0  0  35518.6  0  35518.6
7.095e+12  0  236.5  -21651.4  0  0  -21651.4  0  -21651.4  35449.1  0  0  35449.1  0  35449.1
7.104e+12  0  236.8  -21636.4  0  0  -21636.4  0  -21636.4  35379.8  0  0  35379.8  0  35379.8
7.113e+12  0  237.1  -21621.5  0  0  -21621.5  0  -21621.5  35310.6  0  0  35310.6  0  35310.6
7.122e+12  0  237.4  -21606.5  0  0  -21606.5  0  -21606.5  35241.6  0  0  35241.6  0  35241.6
7.131e+12  0  237.7  -21591.6  0  0  -21591.6  0  -21591.6  35172.8  0  0  35172.8  0  35172.8
7.14e+12  0  238  -21576.7  0  0  -21576.7  0  -21576.7  35104.2  0  0  35104.2  0  35104.2
7.149e+12  0  238.3  -21561.7  0  0  -21561.7  0  -21561.7  35035.8  0  0  35035.8  0  35035.8
7.158e+12  0  238.6  -21546.8  0  0  -21546.8  0  -21546.8  34967.5  0  0  34967.5  0  34967.5
7.167e+12  0  238.9  -21531.9  0  0  -21531.9  0  -21531.9  34899.4  0  0  34899.4  0  34899.4
7.176e+12  0  239.2  -21516.9  0  0  -21516.9  0  -21516.9  34831.5  0  0  34831.5  0  34831.5
7.185e+12  0  239.5  -21502  0  0  -21502  0  -21502  34763.8  0  0  34763.8  0  34763.8
7.194e+12  0  239.8  -21487.1  0  0  -21487.1  0  -21487.1  34696.2  0  0  34696.2  0  34696.2
7.203e+12  0  240.1  -21472.2  0  0  -21472.2  0  -21472.2  34628.8  0  0  34628.8  0  34628.8
7.212e+12  0  240.4  -21457.3  0  0  -21457.3  0  -21457.3  34561.5  0  0  34561.5  0  34561.5
7.221e+12  0  240.7  -21442.3  0  0  -21442.3  0  -21442.3  34494.5  0  0  34494.5  0  34494.5
7.23e+12  0  241  -21427.4  0  0  -21427.4  0  -21427.4  34427.6  0  0  34427.6  0  34427.6
7.239e+12  0  241.3  -21412.5  0  0  -21412.5  0  -21412.5  34360.9  0  0  34360.9  0  34360.9
7.248e+12  0  241.6  -21397.6  0  0  -21397.6  0  -21397.6  34294.3  0  0  34294.3  0  34294.3
7.257e+12  0  241.9  -21382.7  0  0  -21382.7  0  -21382.7  34228  0  0  34228  0  34228
7.266e+12  0  242.2  -21367.8  0  0  -21367.8  0  -21367.8  34161.7  0  0  34161.7  0  34161.7
7.275e+12  0  242.5  -21352.9  0  0  -21352.9  0  -21352.9  34095.7  0  0  34095.7  0  34095.7
7.284e+12  0  242.8  -21338  0  0  -21338  0  -21338  34029.8  0  0  34029.8  0  34029.8
7.293e+12  0  243.1  -21323.1  0  0  -21323.1  0  -21323.1  33964.1  0  0  33964.1  0  33964.1
7.302e+12  0  243.4  -21308.2  0  0  -21308.2  0  -21308.2  33898.6  0  0  33898.6  0  33898.6
7.311e+12  0  243.7  -21293.3  0  0  -21293.3  0  -21293.3  33833.2  0  0  33833.2  0  33833.2
7.32e+12  0  244  -21278.4  0  0  -21278.4  0  -21278.4  33768  0  0  33768  0  33768
7.329e+12  0  244.3  -21263.5  0  0  -21263.5  0  -21263.5  33702.9  0  0  33702.9  0  33702.9
7.338e+12  0  244.6  -21248.6  0  0  -21248.6  0  -21248.6  33638  0  0  33638  0  33638
7.347e+12  0  244.9  -21233.7  0  0  -21233.7  0  -21233.7  33573.3  0  0  33573.3  0  33573.3
7.356e+12  0  245.2  -21218.9  0  0  -21218.9  0  -21218.9  33508.7  0  0  33508.7  0  33508.7
7.365e+12  0  245.5  -21204  0  0  -21204  0  -21204  33444.3  0  0  33444.3  0  33444.3
7.374e+12  0  245.8  -21189.1  0  0  -21189.1  0  -21189.1  33380.1  0  0  33380.1  0  33380.1
7.383e+12  0  246.1  -21174.2  0  0  -21174.2  0  -21174.2  33316  0  0  33316  0  33316
7.392e+12  0  246.4  -21159.4  0  0  -21159.4  0  -21159.4  33252.1  0  0  33252.1  0  33252.1
7.401e+12  0  246.7  -21144.5  0  0  -21144.5  0  -21144.5  33188.4  0  0  33188.4  0  33188.4
7.41e+12  0  247  -21129.6  0  0  -21129.6  0  -21129.6  33124.8  0  0  33124.8  0  33124.8
7.419e+12  0  247.3  -21114.8  0  0  -21114.8  0  -21114.8  33061.3  0  0  33061.3  0  33061.3
7.428e+12  0  247.6  -21099.9  0  0  -21099.9  0  -21099.9  32998  0  0  32998  0  32998
7.437e+12  0  247.9  -21085  0  0  -21085  0  -21085  32934.9  0  0  32934.9  0  32934.9
7.446e+12  0  248.2  -21070.2  0  0  -21070.2  0  -21070.2  32871.9  0  0  32871.9  0  32871.9
7.455e+12  0  248.5  -21055.3  0  0  -21055.3  0  -21055.3  32809.1  0  0  32809.1  0  32809.1
7.464e+12  0  248.8  -21040.5  0  0  -21040.5  0  -21040.5  32746.5  0  0  32746.5  0  32746.5
7.473e+12  0  249.1  -21025.6  0  0  -21025.6  0  -21025.6  32684  0  0  32684  0  32684
7.482e+12  0  249.4  -21010.8  0  0  -21010.8  0  -21010.8  32621.6  0  0  32621.6  0  32621.6
7.491e+12  0  249.7  -20996  0  0  -20996  0  -20996  32559.5  0  0  32559.5  0  32559.5
7.5e+12  0  250  -20981.1  0  0  -20981.1  0  -20981.1  32497.4  0  0  32497.4  0  32497.4
7.509e+12  0  250.3  -20966.3  0  0  -20966.3  0  -20966.3  32435.5  0  0  32435.5  0  32435.5
7.518e+12  0  250.6  -20951.5  0  0  -20951.5  0  -20951.5  32373.8  0  0  32373.8  0  32373.8
7.527e+12  0  250.9  -20936.6  0  0  -20936.6  0  -20936.6  32312.2  0  0  32312.2  0  32312.2
7.536e+12  0  251.2  -20921.8  0  0  -20921.8  0  -20921.8  32250.8  0  0  32250.8  0  32250.8
7.545e+12  0  251.5  -20907  0  0  -20907  0  -20907  32189.5  0  0  32189.5  0  32189.5
7.554e+12  0  251.8  -20892.2  0  0  -20892.2  0  -20892.2  32128.4  0  0  32128.4  0  32128.4
7.563e+12  0  252.1  -20877.4  0  0  -20877.4  0  -20877.4  32067.5  0  0  32067.5  0  32067.5
7.572e+12  0  252.4  -20862.6  0  0  -20862.6  0  -20862.6  32006.6  0  0  32006.6  0  32006.6
7.581e+12  0  252.7  -20847.8  0  0  -20847.8  0  -20847.8  31946  0  0  31946  0  31946
7.59e+12  0  253  -20833  0  0  -20833  0  -20833  31885.4  0  0  31885.4  0  31885.4
7.599e+12  0  253.3  -20818.2  0  0  -20818.2  0  -20818.2  31825.1  0  0  31825.1  0  31825.1
7.608e+12  0  253.6  -20803.4  0  0  -20803.4  0  -20803.4  31764.9  0  0  31764.9  0  31764.9
7.617e+12  0  253.9  -20788.6  0  0  -20788.6  0  -20788.6  31704.8  0  0  31704.8  0  31704.8
7.626e+12  0  254.2  -20773.8  0  0  -20773.8  0  -20773.8  31644.9  0  0  31644.9  0  31644.9
7.635e+12  0  254.5  -20759  0  0  -20759  0  -20759  31585.1  0  0  31585.1  0  31585.1
7.644e+12  0  254.8  -20744.2  0  0  -20744.2  0  -20744.2  31525.4  0  0  31525.4  0  31525.4
7.653e+12  0  255.1  -20729.4  0  0  -20729.4  0  -20729.4  31465.9  0  0  31465.9  0  31465.9
7.662e+12  0  255.4  -20714.7  0  0  -20714.7  0  -20714.7  31406.6  0  0  31406.6  0  31406.6
7.671e+12  0  255.7  -20699.9  0  0  -20699.9  0  -20699.9  31347.4  0  0  31347.4  0  31347.4
7.68e+12  0  256  -20685.1  0  0  -20685.1  0  -20685.1  31288.3  0  0  31288.3  0  31288.3
7.689e+12  0  256.3  -20670.4  0  0  -20670.4  0  -20670.4  31229.4  0  0  31229.4  0  31229.4
7.698e+12  0  256.6  -20655.6  0  0  -20655.6  0  -20655.6  31170.7  0  0  31170.7  0  31170.7
7.707e+12  0  256.9  -20640.9  0  0  -20640.9  0  -20640.9  31112  0  0  31112  0  31112
7.716e+12  0  257.2  -20626.1  0  0  -20626.1  0  -20626.1  31053.6  0  0  31053.6  0  31053.6
7.725e+12  0  257.5  -20611.4  0  0  -20611.4  0  -20611.4  30995.2  0  0  30995.2  0  30995.2
7.734e+12  0  257.8  -20596.6  0  0  -20596.6  0  -20596.6  30937  0  0  30937  0  30937
7.743e+12  0  258.1  -20581.9  0  0  -20581.9  0  -20581.9  30879  0  0  30879  0  30879
7.752e+12  0  258.4  -20567.1  0  0  -20567.1  0  -20567.1  30821  0  0  30821  0  30821
7.761e+12  0  258.7  -20552.4  0  0  -20552.4  0  -20552.4  30763.3  0  0  30763.3  0  30763.3
7.77e+12  0  259  -20537.7  0  0  -20537.7  0  -20537.7  30705.6  0  0  30705.6  0  30705.6
7.779e+12  0  259.3  -20523  0  0  -20523  0  -20523  30648.1  0  0  30648.1  0  30648.1
7.788e+12  0  259.6  -20508.2  0  0  -20508.2  0  -20508.2  30590.8  0  0  30590.8  0  30590.8
7.797e+12  0  259.9  -20493.5  0  0  -20493.5  0  -20493.5  30533.6  0  0  30533.6  0  30533.6
7.806e+12  0  260.2  -20478.8  0  0  -20478.8  0  -20478.8  30476.5  0  0  30476.5  0  30476.5
7.815e+12  0  260.5  -20464.1  0  0  -20464.1  0  -20464.1  30419.5  0  0  30419.5  0  30419.5
7.824e+12  0  260.8  -20449.4  0  0  -20449.4  0  -20449.4  30362.7  0  0  30362.7  0  30362.7
7.833e+12  0  261.1  -20434.7  0  0  -20434.7  0  -20434.7  30306.1  0  0  30306.1  0  30306.1
7.842e+12  0  261.4  -20420  0  0  -20420  0  -20420  30249.5  0  0  30249.5  0  30249.5
7.851e+12  0  261.7  -20405.3  0  0  -20405.3  0  -20405.3  30193.1  0  0  30193.1  0  30193.1
7.86e+12  0  262  -20390.6  0  0  -20390.6  0  -20390.6  30136.9  0  0  30136.9  0  30136.9
7.869e+12  0  262.3  -20376  0  0  -20376  0  -20376  30080.7  0  0  30080.7  0  30080.7
7.878e+12  0  262.6  -20361.3  0  0  -20361.3  0  -20361.3  30024.7  0  0  30024.7  0  30024.7
7.887e+12  0  262.9  -20346.6  0  0  -20346.6  0  -20346.6  29968.9  0  0  29968.9  0  29968.9
7.896e+12  0  263.2  -20331.9  0  0  -20331.9  0  -20331.9  29913.2  0  0  29913.2  0  29913.2
7.905e+12  0  263.5  -20317.3  0  0  -20317.3  0  -20317.3  29857.6  0  0  29857.6  0  29857.6
7.914e+12  0  263.8  -20302.6  0  0  -20302.6  0  -20302.6  29802.1  0  0  29802.1  0  29802.1
7.923e+12  0  264.1  -20288  0  0  -20288  0  -20288  29746.8  0  0  29746.8  0  29746.8
7.932e+12  0  264.4  -20273.3  0  0  -20273.3  0  -20273.3  29691.6  0  0  29691.6  0  29691.6
7.941e+12  0  264.7  -20258.7  0  0  -20258.7  0  -20258.7  29636.5  0  0  29636.5  0  29636.5
7.95e+12  0  265  -20244  0  0  -20244  0  -20244  29581.6  0  0  29581.6  0  29581.6
7.959e+12  0  265.3  -20229.4  0  0  -20229.4  0  -20229.4  29526.8  0  0  29526.8  0  29526.8
7.968e+12  0  265.6  -20214.8  0  0  -20214.8  0  -20214.8  29472.1  0  0  29472.1  0  29472.1
7.977e+12  0  265.9  -20200.1  0  0  -20200.1  0  -20200.1  29417.6  0  0  29417.6  0  29417.6
7.986e+12  0  266.2  -20185.5  0  0  -20185.5  0  -20185.5  29363.2  0  0  29363.2  0  29363.2
7.995e+12  0  266.5  -20170.9  0  0  -20170.9  0  -20170.9  29308.9  0  0  29308.9  0  29308.9
8.004e+12  0  266.8  -20156.3  0  0  -20156.3  0  -20156.3  29254.8  0  0  29254.8  0  29254.8
8.013e+12  0  267.1  -20141.7  0  0  -20141.7  0  -20141.7  29200.7  0  0  29200.7  0  29200.7
8.022e+12  0  267.4  -20127.1  0  0  -20127.1  0  -20127.1  29146.8  0  0  29146.8  0  29146.8
8.031e+12  0  267.7  -20112.5  0  0  -20112.5  0  -20112.5  29093.1  0  0  29093.1  0  29093.1
8.04e+12  0  268  -20097.9  0  0  -20097.9  0  -20097.9  29039.4  0  0  29039.4  0  29039.4
8.049e+12  0  268.3  -20083.3  0  0  -20083.3  0  -20083.3  28985.9  0  0  28985.9  0  28985.9
8.058e+12  0  268.6  -20068.7  0  0  -20068.7  0  -20068.7  28932.5  0  0  28932.5  0  28932.5
8.067e+12  0  268.9  -20054.1  0  0  -20054.1  0  -20054.1  28879.3  0  0  28879.3  0  28879.3
8.076e+12  0  269.2  -20039.5  0  0  -20039.5  0  -20039.5  28826.2  0  0  28826.2  0  28826.2
8.085e+12  0  269.5  -20025  0  0  -20025  0  -20025  28773.1  0  0  28773.1  0  28773.1
8.094e+12  0  269.8  -20010.4  0  0  -20010.4  0  -20010.4  28720.3  0  0  28720.3  0  28720.3
8.103e+12  0  270.1  -19995.8  0  0  -19995.8  0  -19995.8  28667.5  0  0  28667.5  0  28667.5
8.112e+12  0  270.4  -19981.3  0  0  -19981.3  0  -19981.3  28614.9  0  0  28614.9  0  28614.9
8.121e+12  0  270.7  -19966.7  0  0  -19966.7  0  -19966.7  28562.4  0  0  28562.4  0  28562.4
8.13e+12  0  271  -19952.2  0  0  -19952.2  0  -19952.2  28510  0  0  28510  0  28510
8.139e+12  0  271.3  -19937.7  0  0  -19937.7  0  -19937.7  28457.7  0  0  28457.7  0  28457.7
8.148e+12  0  271.6  -19923.1  0  0  -19923.1  0  -19923.1  28405.6  0  0  28405.6  0  28405.6
8.157e+12  0  271.9  -19908.6  0  0  -19908.6  0  -19908.6  28353.6  0  0  28353.6  0  28353.6
8.166e+12  0  272.2  -19894.1  0  0  -19894.1  0  -19894.1  28301.7  0  0  28301.7  0  28301.7
8.175e+12  0  272.5  -19879.6  0  0  -19879.6  0  -19879.6  28249.9  0  0  28249.9  0  28249.9
8.184e+12  0  272.8  -19865  0  0  -19865  0  -19865  28198.2  0  0  28198.2  0  28198.2
8.193e+12  0  273.1  -19850.5  0  0  -19850.5  0  -19850.5  28146.7  0  0  28146.7  0  28146.7
8.202e+12  0  273.4  -19836  0  0  -19836  0  -19836  28095.3  0  0  28095.3  0  28095.3
8.211e+12  0  273.7  -19821.5  0  0  -19821.5  0  -19821.5  28044  0  0  28044  0  28044
8.22e+12  0  274  -19807  0  0  -19807  0  -19807  27992.8  0  0  27992.8  0  27992.8
8.229e+12  0  274.3  -19792.6  0  0  -19792.6  0  -19792.6  27941.8  0  0  27941.8  0  27941.8
8.238e+12  0  274.6  -19778.1  0  0  -19778.1  0  -19778.1  27890.8  0  0  27890.8  0  27890.8
8.247e+12  0  274.9  -19763.6  0  0  -19763.6  0  -19763.6  27840  0  0  27840  0  27840
8.256e+12  0  275.2  -19749.1  0  0  -19749.1  0  -19749.1  27789.3  0  0  27789.3  0  27789.3
8.265e+12  0  275.5  -19734.7  0  0  -19734.7  0  -19734.7  27738.7  0  0  27738.7  0  27738.7
8.274e+12  0  275.8  -19720.2  0  0  -19720.2  0  -19720.2  27688.3  0  0  27688.3  0  27688.3
8.283e+12  0  276.1  -19705.7  0  0  -19705.7  0  -19705.7  27637.9  0  0  27637.9  0  27637.9
8.292e+12  0  276.4  -19691.3  0  0  -19691.3  0  -19691.3  27587.7  0  0  27587.7  0  27587.7
8.301e+12  0  276.7  -19676.8  0  0  -19676.8  0  -19676.8  27537.6  0  0  27537.6  0  27537.6
8.31e+12  0  277  -19662.4  0  0  -19662.4  0  -19662.4  27487.6  0  0  27487.6  0  27487.6
8.319e+12  0  277.3  -19648  0  0  -19648  0  -19648  27437.7  0  0  27437.7  0  27437.7
8.328e+12  0  277.6  -19633.6  0  0  -19633.6  0  -19633.6  27388  0  0  27388  0  27388
8.337e+12  0  277.9  -19619.1  0  0  -19619.1  0  -19619.1  27338.3  0  0  27338.3  0  27338.3
8.346e+12  0  278.2  -19604.7  0  0  -19604.7  0  -19604.7  27288.8  0  0  27288.8  0  27288.8
8.355e+12  0  278.5  -19590.3  0  0  -19590.3  0  -19590.3  27239.4  0  0  27239.4  0  27239.4
8.364e+12  0  278.8  -19575.9  0  0  -19575.9  0  -19575.9  27190.1  0  0  27190.1  0  27190.1
8.373e+12  0  279.1  -19561.5  0  0  -19561.5  0  -19561.5  27140.9  0  0  27140.9  0  27140.9
8.382e+12  0  279.4  -19547.1  0  0  -19547.1  0  -19547.1  27091.8  0  0  27091.8  0  27091.8
8.391e+12  0  279.7  -19532.7  0  0  -19532.7  0  -19532.7  27042.8  0  0  27042.8  0  27042.8
8.4e+12  0  280  -19518.3  0  0  -19518.3  0  -19518.3  26994  0  0  26994  0  26994
8.409e+12  0  280.3  -19504  0  0  -19504  0  -19504  26945.3  0  0  26945.3  0  26945.3
8.418e+12  0  280.6  -19489.6  0  0  -19489.6  0  -19489.6  26896.6  0  0  26896.6  0  26896.6
8.427e+12  0  280.9  -19475.2  0  0  -19475.2  0  -19475.2  26848.1  0  0  26848.1  0  26848.1
8.436e+12  0  281.2  -19460.9  0  0  -19460.9  0  -19460.9  26799.7  0  0  26799.7  0  26799.7
8.445e+12  0  281.5  -19446.5  0  0  -19446.5  0  -19446.5  26751.4  0  0  26751.4  0  26751.4
8.454e+12  0  281.8  -19432.2  0  0  -19432.2  0  -19432.2  26703.2  0  0  26703.2  0  26703.2
8.463e+12  0  282.1  -19417.8  0  0  -19417.8  0  -19417.8  26655.2  0  0  26655.2  0  26655.2
8.472e+12  0  282.4  -19403.5  0  0  -19403.5  0  -19403.5  26607.2  0  0  26607.2  0  26607.2
8.481e+12  0  282.7  -19389.2  0  0  -19389.2  0  -19389.2  26559.4  0  0  26559.4  0  26559.4
8.49e+12  0  283  -19374.8  0  0  -19374.8  0  -19374.8  26511.6  0  0  26511.6  0  26511.6
8.499e+12  0  283.3  -19360.5  0  0  -19360.5  0  -19360.5  26464  0  0  26464  0  26464
8.508e+12  0  283.6  -19346.2  0  0  -19346.2  0  -19346.2  26416.5  0  0  26416.5  0  26416.5
8.517e+12  0  283.9  -19331.9  0  0  -19331.9  0  -19331.9  26369.1  0  0  26369.1  0  26369.1
8.526e+12  0  284.2  -19317.6  0  0  -19317.6  0  -19317.6  26321.8  0  0  26321.8  0  26321.8
8.535e+12  0  284.5  -19303.3  0  0  -19303.3  0  -19303.3  26274.6  0  0  26274.6  0  26274.6
8.544e+12  0  284.8  -19289  0  0  -19289  0  -19289  26227.5  0  0  26227.5  0  26227.5
8.553e+12  0  285.1  -19274.7  0  0  -19274.7  0  -19274.7  26180.5  0  0  26180.5  0  26180.5
8.562e+12  0  285.4  -19260.5  0  0  -19260.5  0  -19260.5  26133.6  0  0  26133.6  0  26133.6
8.571e+12  0  285.7  -19246.2  0  0  -19246.2  0  -19246.2  26086.9  0  0  26086.9  0  26086.9
8.58e+12  0  286  -19231.9  0  0  -19231.9  0  -19231.9  26040.2  0  0  26040.2  0  26040.2
8.589e+12  0  286.3  -19217.7  0  0  -19217.7  0  -19217.7  25993.6  0  0  25993.6  0  25993.6
8.598e+12  0  286.6  -19203.4  0  0  -19203.4  0  -19203.4  25947.2  0  0  25947.2  0  25947.2
8.607e+12  0  286.9  -19189.2  0  0  -19189.2  0  -19189.2  25900.9  0  0  25900.9  0  25900.9
8.616e+12  0  287.2  -19175  0  0  -19175  0  -19175  25854.6  0  0  25854.6  0  25854.6
8.625e+12  0  287.5  -19160.7  0  0  -19160.7  0  -19160.7  25808.5  0  0  25808.5  0  25808.5
8.634e+12  0  287.8  -19146.5  0  0  -19146.5  0  -19146.5  25762.5  0  0  25762.5  0  25762.5
8.643e+12  0  288.1  -19132.3  0  0  -19132.3  0  -19132.3  25716.5  0  0  25716.5  0  25716.5
8.652e+12  0  288.4  -19118.1  0  0  -19118.1  0  -19118.1  25670.7  0  0  25670.7  0  25670.7
8.661e+12  0  288.7  -19103.9  0  0  -19103.9  0  -19103.9  25625  0  0  25625  0  25625
8.67e+12  0  289  -19089.7  0  0  -19089.7  0  -19089.7  25579.4  0  0  25579.4  0  25579.4
8.679e+12  0  289.3  -19075.5  0  0  -19075.5  0  -19075.5  25533.9  0  0  25533.9  0  25533.9
8.688e+12  0  289.6  -19061.3  0  0  -19061.3  0  -19061.3  25488.5  0  0  25488.5  0  25488.5
8.697e+12  0  289.9  -19047.1  0  0  -19047.1  0  -19047.1  25443.2  0  0  25443.2  0  25443.2
8.706e+12  0  290.2  -19032.9  0  0  -19032.9  0  -19032.9  25398  0  0  25398  0  25398
8.715e+12  0  290.5  -19018.8  0  0  -19018.8  0  -19018.8  25352.9  0  0  25352.9  0  25352.9
8.724e+12  0  290.8  -19004.6  0  0  -19004.6  0  -19004.6  25307.9  0  0  25307.9  0  25307.9
8.733e+12  0  291.1  -18990.4  0  0  -18990.4  0  -18990.4  25263  0  0  25263  0  25263
8.742e+12  0  291.4  -18976.3  0  0  -18976.3  0  -18976.3  25218.2  0  0  25218.2  0  25218.2
8.751e+12  0  291.7  -18962.2  0  0  -18962.2  0  -18962.2  25173.5  0  0  25173.5  0  25173.5
8.76e+12  0  292  -18948  0  0  -18948  0  -18948  25128.9  0  0  25128.9  0  25128.9
8.769e+12  0  292.3  -18933.9  0  0  -18933.9  0  -18933.9  25084.4  0  0  25084.4  0  25084.4
8.778e+12  0  292.6  -18919.8  0  0  -18919.8  0  -18919.8  25040  0  0  25040  0  25040
8.787e+12  0  292.9  -18905.7  0  0  -18905.7  0  -18905.7  24995.7  0  0  24995.7  0  24995.7
8.796e+12  0  293.2  -18891.5  0  0  -18891.5  0  -18891.5  24951.5  0  0  24951.5  0  24951.5
8.805e+12  0  293.5  -18877.4  0  0  -18877.4  0  -18877.4  24907.4  0  0  24907.4  0  24907.4
8.814e+12  0  293.8  -18863.3  0  0  -18863.3  0  -18863.3  24863.4  0  0  24863.4  0  24863.4
8.823e+12  0  294.1  -18849.3  0  0  -18849.3  0  -18849.3  24819.5  0  0  24819.5  0  24819.5
8.832e+12  0  294.4  -18835.2  0  0  -18835.2  0  -18835.2  24775.7  0  0  24775.7  0  24775.7
8.841e+12  0  294.7  -18821.1  0  0  -18821.1  0  -18821.1  24732  0  0  24732  0  24732
8.85e+12  0  295  -18807  0  0  -18807  0  -18807  24688.4  0  0  24688.4  0  24688.4
8.859e+12  0  295.3  -18793  0  0  -18793  0  -18793  24644.9  0  0  24644.9  0  24644.9
8.868e+12  0  295.6  -18778.9  0  0  -18778.9  0  -18778.9  24601.5  0  0  24601.5  0  24601.5
8.877e+12  0  295.9  -18764.9  0  0  -18764.9  0  -18764.9  24558.2  0  0  24558.2  0  24558.2
8.886e+12  0  296.2  -18750.8  0  0  -18750.8  0  -18750.8  24514.9  0  0  24514.9  0  24514.9
8.895e+12  0  296.5  -18736.8  0  0  -18736.8  0  -18736.8  24471.8  0  0  24471.8  0  24471.8
8.904e+12  0  296.8  -18722.8  0  0  -18722.8  0  -18722.8  24428.8  0  0  24428.8  0  24428.8
8.913e+12  0  297.1  -18708.7  0  0  -18708.7  0  -18708.7  24385.9  0  0  24385.9  0  24385.9
8.922e+12  0  297.4  -18694.7  0  0  -18694.7  0  -18694.7  24343  0  0  24343  0  24343
8.931e+12  0  297.7  -18680.7  0  0  -18680.7  0  -18680.7  24300.3  0  0  24300.3  0  24300.3
8.94e+12  0  298  -18666.7  0  0  -18666.7  0  -18666.7  24257.6  0  0  24257.6  0  24257.6
8.949e+12  0  298.3  -18652.7  0  0  -18652.7  0  -18652.7  24215.1  0  0  24215.1  0  24215.1
8.958e+12  0  298.6  -18638.7  0  0  -18638.7  0  -18638.7  24172.6  0  0  24172.6  0  24172.6
8.967e+12  0  298.9  -18624.8  0  0  -18624.8  0  -18624.8  24130.3  0  0  24130.3  0  24130.3
8.976e+12  0  299.2  -18610.8  0  0  -18610.8  0  -18610.8  24088  0  0  24088  0  24088
8.985e+12  0  299.5  -18596.8  0  0  -18596.8  0  -18596.8  24045.8  0  0  24045.8  0  24045.8
8.994e+12  0  299.8  -18582.9  0  0  -18582.9  0  -18582.9  24003.8  0  0  24003.8  0  24003.8
9.003e+12  0  300.1  -18568.9  0  0  -18568.9  0  -18568.9  23961.8  0  0  23961.8  0  23961.8
9.012e+12  0  300.4  -18555  0  0  -18555  0  -18555  23919.9  0  0  23919.9  0  23919.9
9.021e+12  0  300.7  -18541  0  0  -18541  0  -18541  23878.1  0  0  23878.1  0  23878.1
9.03e+12  0  301  -18527.1  0  0  -18527.1  0  -18527.1  23836.4  0  0  23836.4  0  23836.4
9.039e+12  0  301.3  -18513.2  0  0  -18513.2  0  -18513.2  23794.8  0  0  23794.8  0  23794.8
9.048e+12  0  301.6  -18499.2  0  0  -18499.2  0  -18499.2  23753.2  0  0  23753.2  0  23753.2
9.057e+12  0  301.9  -18485.3  0  0  -18485.3  0  -18485.3  23711.8  0  0  23711.8  0  23711.8
9.066e+12  0  302.2  -18471.4  0  0  -18471.4  0  -18471.4  23670.5  0  0  23670.5  0  23670.5
9.075e+12  0  302.5  -18457.5  0  0  -18457.5  0  -18457.5  23629.2  0  0  23629.2  0  23629.2
9.084e+12  0  302.8  -18443.6  0  0  -18443.6  0  -18443.6  23588.1  0  0  23588.1  0  23588.1
9.093e+12  0  303.1  -18429.8  0  0  -18429.8  0  -18429.8  23547  0  0  23547  0  23547
9.102e+12  0  303.4  -18415.9  0  0  -18415.9  0  -18415.9  23506  0  0  23506  0  23506
9.111e+12  0  303.7  -18402  0  0  -18402  0  -18402  23465.1  0  0  23465.1  0  23465.1
9.12e+12  0  304  -18388.2  0  0  -18388.2  0  -18388.2  23424.3  0  0  23424.3  0  23424.3
9.129e+12  0  304.3  -18374.3  0  0  -18374.3  0  -18374.3  23383.6  0  0  23383.6  0  23383.6
9.138e+12  0  304.6  -18360.5  0  0  -18360.5  0  -18360.5  23343  0  0  23343  0  23343
9.147e+12  0  304.9  -18346.6  0  0  -18346.6  0  -18346.6  23302.5  0  0  23302.5  0  23302.5
9.156e+12  0  305.2  -18332.8  0  0  -18332.8  0  -18332.8  23262  0  0  23262  0  23262
9.165e+12  0  305.5  -18319  0  0  -18319  0  -18319  23221.7  0  0  23221.7  0  23221.7
9.174e+12  0  305.8  -18305.2  0  0  -18305.2  0  -18305.2  23181.4  0  0  23181.4  0  23181.4
9.183e+12  0  306.1  -18291.3  0  0  -18291.3  0  -18291.3  23141.2  0  0  23141.2  0  23141.2
9.192e+12  0  306.4  -18277.5  0  0  -18277.5  0  -18277.5  23101.1  0  0  23101.1  0  23101.1
9.201e+12  0  306.7  -18263.7  0  0  -18263.7  0  -18263.7  23061.1  0  0  23061.1  0  23061.1
9.21e+12  0  307  -18250  0  0  -18250  0  -18250  23021.2  0  0  23021.2  0  23021.2
9.219e+12  0  307.3  -18236.2  0  0  -18236.2  0  -18236.2  22981.4  0  0  22981.4  0  22981.4
9.228e+12  0  307.6  -18222.4  0  0  -18222.4  0  -18222.4  22941.7  0  0  22941.7  0  22941.7
9.237e+12  0  307.9  -18208.6  0  0  -18208.6  0  -18208.6  22902  0  0  22902  0  22902
9.246e+12  0  308.2  -18194.9  0  0  -18194.9  0  -18194.9  22862.4  0  0  22862.4  0  22862.4
9.255e+12  0  308.5  -18181.1  0  0  -18181.1  0  -18181.1  22823  0  0  22823  0  22823
9.264e+12  0  308.8  -18167.4  0  0  -18167.4  0  -18167.4  22783.6  0  0  22783.6  0  22783.6
9.273e+12  0  309.1  -18153.7  0  0  -18153.7  0  -18153.7  22744.3  0  0  22744.3  0  22744.3
9.282e+12  0  309.4  -18139.9  0  0  -18139.9  0  -18139.9  22705  0  0  22705  0  22705
9.291e+12  0  309.7  -18126.2  0  0  -18126.2  0  -18126.2  22665.9  0  0  22665.9  0  22665.9
9.3e+12  0  310  -18112.5  0  0  -18112.5  0  -18112.5  22626.8  0  0  22626.8  0  22626.8
9.309e+12  0  310.3  -18098.8  0  0  -18098.8  0  -18098.8  22587.9  0  0  22587.9  0  22587.9
9.318e+12  0  310.6  -18085.1  0  0  -18085.1  0  -18085.1  22549  0  0  22549  0  22549
9.327e+12  0  310.9  -18071.4  0  0  -18071.4  0  -18071.4  22510.2  0  0  22510.2  0  22510.2
9.336e+12  0  311.2  -18057.7  0  0  -18057.7  0  -18057.7  22471.5  0  0  22471.5  0  22471.5
9.345e+12  0  311.5  -18044  0  0  -18044  0  -18044  22432.9  0  0  22432.9  0  22432.9
9.354e+12  0  311.8  -18030.4  0  0  -18030.4  0  -18030.4  22394.3  0  0  22394.3  0  22394.3
9.363e+12  0  312.1  -18016.7  0  0  -18016.7  0  -18016.7  22355.8  0  0  22355.8  0  22355.8
9.372e+12  0  312.4  -18003.1  0  0  -18003.1  0  -18003.1  22317.5  0  0  22317.5  0  22317.5
9.381e+12  0  312.7  -17989.4  0  0  -17989.4  0  -17989.4  22279.2  0  0  22279.2  0  22279.2
9.39e+12  0  313  -17975.8  0  0  -17975.8  0  -17975.8  22241  0  0  22241  0  22241
9.399e+12  0  313.3  -17962.1  0  0  -17962.1  0  -17962.1  22202.8  0  0  22202.8  0  22202.8
9.408e+12  0  313.6  -17948.5  0  0  -17948.5  0  -17948.5  22164.8  0  0  22164.8  0  22164.8
9.417e+12  0  313.9  -17934.9  0  0  -17934.9  0  -17934.9  22126.8  0  0  22126.8  0  22126.8
9.426e+12  0  314.2  -17921.3  0  0  -17921.3  0  -17921.3  22088.9  0  0  22088.9  0  22088.9
9.435e+12  0  314.5  -17907.7  0  0  -17907.7  0  -17907.7  22051.1  0  0  22051.1  0  22051.1
9.444e+12  0  314.8  -17894.1  0  0  -17894.1  0  -17894.1  22013.4  0  0  22013.4  0  22013.4
9.453e+12  0  315.1  -17880.5  0  0  -17880.5  0  -17880.5  21975.8  0  0  21975.8  0  21975.8
9.462e+12  0  315.4  -17866.9  0  0  -17866.9  0  -17866.9  21938.2  0  0  21938.2  0  21938.2
9.471e+12  0  315.7  -17853.4  0  0  -17853.4  0  -17853.4  21900.7  0  0  21900.7  0  21900.7
9.48e+12  0  316  -17839.8  0  0  -17839.8  0  -17839.8  21863.3  0  0  21863.3  0  21863.3
9.489e+12  0  316.3  -17826.3  0  0  -17826.3  0  -17826.3  21826  0  0  21826  0  21826
9.498e+12  0  316.6  -17812.7  0  0  -17812.7  0  -17812.7  21788.8  0  0  21788.8  0  21788.8
9.507e+12  0  316.9  -17799.2  0  0  -17799.2  0  -17799.2  21751.6  0  0  21751.6  0  21751.6
9.516e+12  0  317.2  -17785.6  0  0  -17785.6  0  -17785.6  21714.5  0  0  21714.5  0  21714.5
9.525e+12  0  317.5  -17772.1  0  0  -17772.1  0  -17772.1  21677.5  0  0  21677.5  0  21677.5
9.534e+12  0  317.8  -17758.6  0  0  -17758.6  0  -17758.6  21640.6  0  0  21640.6  0  21640.6
9.543e+12  0  318.1  -17745.1  0  0  -17745.1  0  -17745.1  21603.8  0  0  21603.8  0  21603.8
9.552e+12  0  318.4  -17731.6  0  0  -17731.6  0  -17731.6  21567  0  0  21567  0  21567
9.561e+12  0  318.7  -17718.1  0  0  -17718.1  0  -17718.1  21530.3  0  0  21530.3  0  21530.3
9.57e+12  0  319  -17704.6  0  0  -17704.6  0  -17704.6  21493.7  0  0  21493.7  0  21493.7
9.579e+12  0  319.3  -17691.1  0  0  -17691.1  0  -17691.1  21457.2  0  0  21457.2  0  21457.2
9.588e+12  0  319.6  -17677.7  0  0  -17677.7  0  -17677.7  21420.8  0  0  21420.8  0  21420.8
9.597e+12  0  319.9  -17664.2  0  0  -17664.2  0  -17664.2  21384.4  0  0  21384.4  0  21384.4
9.606e+12  0  320.2  -17650.8  0  0  -17650.8  0  -17650.8  21348.1  0  0  21348.1  0  21348.1
9.615e+12  0  320.5  -17637.3  0  0  -17637.3  0  -17637.3  21311.9  0  0  21311.9  0  21311.9
9.624e+12  0  320.8  -17623.9  0  0  -17623.9  0  -17623.9  21275.7  0  0  21275.7  0  21275.7
9.633e+12  0  321.1  -17610.5  0  0  -17610.5  0  -17610.5  21239.7  0  0  21239.7  0  21239.7
9.642e+12  0  321.4  -17597  0  0  -17597  0  -17597  21203.7  0  0  21203.7  0  21203.7
9.651e+12  0  321.7  -17583.6  0  0  -17583.6  0  -17583.6  21167.8  0  0  21167.8  0  21167.8
9.66e+12  0  322  -17570.2  0  0  -17570.2  0  -17570.2  21132  0  0  21132  0  21132
9.669e+12  0  322.3  -17556.8  0  0  -17556.8  0  -17556.8  21096.2  0  0  21096.2  0  21096.2
9.678e+12  0  322.6  -17543.4  0  0  -17543.4  0  -17543.4  21060.5  0  0  21060.5  0  21060.5
9.687e+12  0  322.9  -17530  0  0  -17530  0  -17530  21024.9  0  0  21024.9  0  21024.9
9.696e+12  0  323.2  -17516.7  0  0  -17516.7  0  -17516.7  20989.4  0  0  20989.4  0  20989.4
9.705e+12  0  323.5  -17503.3  0  0  -17503.3  0  -17503.3  20953.9  0  0  20953.9  0  20953.9
9.714e+12  0  323.8  -17489.9  0  0  -17489.9  0  -17489.9  20918.6  0  0  20918.6  0  20918.6
9.723e+12  0  324.1  -17476.6  0  0  -17476.6  0  -17476.6  20883.3  0  0  20883.3  0  20883.3
9.732e+12  0  324.4  -17463.3  0  0  -17463.3  0  -17463.3  20848  0  0  20848  0  20848
9.741e+12  0  324.7  -17449.9  0  0  -17449.9  0  -17449.9  20812.9  0  0  20812.9  0  20812.9
9.75e+12  0  325  -17436.6  0  0  -17436.6  0  -17436.6  20777.8  0  0  20777.8  0  20777.8
9.759e+12  0  325.3  -17423.3  0  0  -17423.3  0  -17423.3  20742.8  0  0  20742.8  0  20742.8
9.768e+12  0  325.6  -17410  0  0  -17410  0  -17410  20707.9  0  0  20707.9  0  20707.9
9.777e+12  0  325.9  -17396.7  0  0  -17396.7  0  -17396.7  20673  0  0  20673  0  20673
9.786e+12  0  326.2  -17383.4  0  0  -17383.4  0  -17383.4  20638.3  0  0  20638.3  0  20638.3
9.795e+12  0  326.5  -17370.1  0  0  -17370.1  0  -17370.1  20603.5  0  0  20603.5  0  20603.5
9.804e+12  0  326.8  -17356.8  0  0  -17356.8  0  -17356.8  20568.9  0  0  20568.9  0  20568.9
9.813e+12  0  327.1  -17343.6  0  0  -17343.6  0  -17343.6  20534.4  0  0  20534.4  0  20534.4
9.822e+12  0  327.4  -17330.3  0  0  -17330.3  0  -17330.3  20499.9  0  0  20499.9  0  20499.9
9.831e+12  0  327.7  -17317  0  0  -17317  0  -17317  20465.4  0  0  20465.4  0  20465.4
9.84e+12  0  328  -17303.8  0  0  -17303.8  0  -17303.8  20431.1  0  0  20431.1  0  20431.1
9.849e+12  0  328.3  -17290.6  0  0  -17290.6  0  -17290.6  20396.8  0  0  20396.8  0  20396.8
9.858e+12  0  328.6  -17277.3  0  0  -17277.3  0  -17277.3  20362.6  0  0  20362.6  0  20362.6
9.867e+12  0  328.9  -17264.1  0  0  -17264.1  0  -17264.1  20328.5  0  0  20328.5  0  20328.5
9.876e+12  0  329.2  -17250.9  0  0  -17250.9  0  -17250.9  20294.5  0  0  20294.5  0  20294.5
9.885e+12  0  329.5  -17237.7  0  0  -17237.7  0  -17237.7  20260.5  0  0  20260.5  0  20260.5
9.894e+12  0  329.8  -17224.5  0  0  -17224.5  0  -17224.5  20226.6  0  0  20226.6  0  20226.6
9.903e+12  0  330.1  -17211.3  0  0  -17211.3  0  -17211.3  20192.7  0  0  20192.7  0  20192.7
9.912e+12  0  330.4  -17198.1  0  0  -17198.1  0  -17198.1  20159  0  0  20159  0  20159
9.921e+12  0  330.7  -17185  0  0  -17185  0  -17185  20125.3  0  0  20125.3  0  20125.3
9.93e+12  0  331  -17171.8  0  0  -17171.8  0  -17171.8  20091.6  0  0  20091.6  0  20091.6
9.939e+12  0  331.3  -17158.6  0  0  -17158.6  0  -17158.6  20058.1  0  0  20058.1  0  20058.1
9.948e+12  0  331.6  -17145.5  0  0  -17145.5  0  -17145.5  20024.6  0  0  20024.6  0  20024.6
9.957e+12  0  331.9  -17132.4  0  0  -17132.4  0  -17132.4  19991.2  0  0  19991.2  0  19991.2
9.966e+12  0  332.2  -17119.2  0  0  -17119.2  0  -17119.2  19957.8  0  0  19957.8  0  19957.8
9.975e+12  0  332.5  -17106.1  0  0  -17106.1  0  -17106.1  19924.5  0  0  19924.5  0  19924.5
9.984e+12  0  332.8  -17093  0  0  -17093  0  -17093  19891.3  0  0  19891.3  0  19891.3
9.993e+12  0  333.1  -17079.9  0  0  -17079.9  0  -17079.9  19858.2  0  0  19858.2  0  19858.2
1.0002e+13  0  333.4  -17066.8  0  0  -17066.8  0  -17066.8  19825.1  0  0  19825.1  0  19825.1
1.0011e+13  0  333.7  -17053.7  0  0  -17053.7  0  -17053.7  19792.1  0  0  19792.1  0  19792.1
1.002e+13  0  334  -17040.6  0  0  -17040.6  0  -17040.6  19759.2  0  0  19759.2  0  19759.2
1.0029e+13  0  334.3  -17027.6  0  0  -17027.6  0  -17027.6  19726.3  0  0  19726.3  0  19726.3
1.0038e+13  0  334.6  -17014.5  0  0  -17014.5  0  -17014.5  19693.6  0  0  19693.6  0  19693.6
1.0047e+13  0  334.9  -17001.4  0  0  -17001.4  0  -17001.4  19660.8  0  0  19660.8  0  19660.8
1.0056e+13  0  335.2  -16988.4  0  0  -16988.4  0  -16988.4  19628.2  0  0  19628.2  0  19628.2
1.0065e+13  0  335.5  -16975.4  0  0  -16975.4  0  -16975.4  19595.6  0  0  19595.6  0  19595.6
1.0074e+13  0  335.8  -16962.3  0  0  -16962.3  0  -16962.3  19563.1  0  0  19563.1  0  19563.1
1.0083e+13  0  336.1  -16949.3  0  0  -16949.3  0  -16949.3  19530.6  0  0  19530.6  0  19530.6
1.0092e+13  0  336.4  -16936.3  0  0  -16936.3  0  -16936.3  19498.2  0  0  19498.2  0  19498.2
1.0101e+13  0  336.7  -16923.3  0  0  -16923.3  0  -16923.3  19465.9  0  0  19465.9  0  19465.9
1.011e+13  0  337  -16910.3  0  0  -16910.3  0  -16910.3  19433.7  0  0  19433.7  0  19433.7
1.0119e+13  0  337.3  -16897.3  0  0  -16897.3  0  -16897.3  19401.5  0  0  19401.5  0  19401.5
1.0128e+13  0  337.6  -16884.3  0  0  -16884.3  0  -16884.3  19369.4  0  0  19369.4  0  19369.4
1.0137e+13  0  337.9  -16871.4  0  0  -16871.4  0  -16871.4  19337.3  0  0  19337.3  0  19337.3
1.0146e+13  0  338.2  -16858.4  0  0  -16858.4  0  -16858.4  19305.3  0  0  19305.3  0  19305.3
1.0155e+13  0  338.5  -16845.4  0  0  -16845.4  0  -16845.4  19273.4  0  0  19273.4  0  19273.4
1.0164e+13  0  338.8  -16832.5  0  0  -16832.5  0  -16832.5  19241.5  0  0  19241.5  0  19241.5
1.0173e+13  0  339.1  -16819.6  0  0  -16819.6  0  -16819.6  19209.8  0  0  19209.8  0  19209.8
1.0182e+13  0  339.4  -16806.6  0  0  -16806.6  0  -16806.6  19178  0  0  19178  0  19178
1.0191e+13  0  339.7  -16793.7  0  0  -16793.7  0  -16793.7  19146.4  0  0  19146.4  0  19146.4
1.02e+13  0  340  -16780.8  0  0  -16780.8  0  -16780.8  19114.8  0  0  19114.8  0  19114.8
1.0209e+13  0  340.3  -16767.9  0  0  -16767.9  0  -16767.9  19083.3  0  0  19083.3  0  19083.3
1.0218e+13  0  340.6  -16755  0  0  -16755  0  -16755  19051.8  0  0  19051.8  0  19051.8
1.0227e+13  0  340.9  -16742.1  0  0  -16742.1  0  -16742.1  19020.4  0  0  19020.4  0  19020.4
1.0236e+13  0  341.2  -16729.2  0  0  -16729.2  0  -16729.2  18989.1  0  0  18989.1  0  18989.1
1.0245e+13  0  341.5  -16716.4  0  0  -16716.4  0  -16716.4  18957.8  0  0  18957.8  0  18957.8
1.0254e+13  0  341.8  -16703.5  0  0  -16703.5  0  -16703.5  18926.6  0  0  18926.6  0  18926.6
1.0263e+13  0  342.1  -16690.7  0  0  -16690.7  0  -16690.7  18895.5  0  0  18895.5  0  18895.5
1.0272e+13  0  342.4  -16677.8  0  0  -16677.8  0  -16677.8  18864.4  0  0  18864.4  0  18864.4
1.0281e+13  0  342.7  -16665  0  0  -16665  0  -16665  18833.4  0  0  18833.4  0  18833.4
1.029e+13  0  343  -16652.1  0  0  -16652.1  0  -16652.1  18802.5  0  0  18802.5  0  18802.5
1.0299e+13  0  343.3  -16639.3  0  0  -16639.3  0  -16639.3  18771.6  0  0  18771.6  0  18771.6
1.0308e+13  0  343.6  -16626.5  0  0  -16626.5  0  -16626.5  18740.8  0  0  18740.8  0  18740.8
1.0317e+13  0  343.9  -16613.7  0  0  -16613.7  0  -16613.7  18710  0  0  18710  0  18710
1.0326e+13  0  344.2  -16600.9  0  0  -16600.9  0  -16600.9  18679.3  0  0  18679.3  0  18679.3
1.0335e+13  0  344.5  -16588.1  0  0  -16588.1  0  -16588.1  18648.7  0  0  18648.7  0  18648.7
1.0344e+13  0  344.8  -16575.4  0  0  -16575.4  0  -16575.4  18618.2  0  0  18618.2  0  18618.2
1.0353e+13  0  345.1  -16562.6  0  0  -16562.6  0  -16562.6  18587.7  0  0  18587.7  0  18587.7
1.0362e+13  0  345.4  -16549.8  0  0  -16549.8  0  -16549.8  18557.2  0  0  18557.2  0  18557.2
1.0371e+13  0  345.7  -16537.1  0  0  -16537.1  0  -16537.1  18526.8  0  0  18526.8  0  18526.8
1.038e+13  0  346  -16524.3  0  0  -16524.3  0  -16524.3  18496.5  0  0  18496.5  0  18496.5
1.0389e+13  0  346.3  -16511.6  0  0  -16511.6  0  -16511.6  18466.3  0  0  18466.3  0  18466.3
1.0398e+13  0  346.6  -16498.9  0  0  -16498.9  0  -16498.9  18436.1  0  0  18436.1  0  18436.1
1.0407e+13  0  346.9  -16486.2  0  0  -16486.2  0  -16486.2  18406  0  0  18406  0  18406
1.0416e+13  0  347.2  -16473.5  0  0  -16473.5  0  -16473.5  18375.9  0  0  18375.9  0  18375.9
1.0425e+13  0  347.5  -16460.8  0  0  -16460.8  0  -16460.8  18345.9  0  0  18345.9  0  18345.9
1.0434e+13  0  347.8  -16448.1  0  0  -16448.1  0  -16448.1  18316  0  0  18316  0  18316
1.0443e+13  0  348.1  -16435.4  0  0  -16435.4  0  -16435.4  18286.1  0  0  18286.1  0  18286.1
1.0452e+13  0  348.4  -16422.7  0  0  -16422.7  0  -16422.7  18256.3  0  0  18256.3  0  18256.3
1.0461e+13  0  348.7  -16410.1  0  0  -16410.1  0  -16410.1  18226.5  0  0  18226.5  0  18226.5
1.047e+13  0  349  -16397.4  0  0  -16397.4  0  -16397.4  18196.8  0  0  18196.8  0  18196.8
1.0479e+13  0  349.3  -16384.8  0  0  -16384.8  0  -16384.8  18167.2  0  0  18167.2  0  18167.2
1.0488e+13  0  349.6  -16372.1  0  0  -16372.1  0  -16372.1  18137.6  0  0  18137.6  0  18137.6
1.0497e+13  0  349.9  -16359.5  0  0  -16359.5  0  -16359.5  18108.1  0  0  18108.1  0  18108.1
1.0506e+13  0  350.2  -16346.9  0  0  -16346.9  0  -16346.9  18078.6  0  0  18078.6  0  18078.6
1.0515e+13  0  350.5  -16334.2  0  0  -16334.2  0  -16334.2  18049.2  0  0  18049.2  0  18049.2
1.0524e+13  0  350.8  -16321.6  0  0  -16321.6  0  -16321.6  18019.9  0  0  18019.9  0  18019.9
1.0533e+13  0  351.1  -16309.1  0  0  -16309.1  0  -16309.1  17990.6  0  0  17990.6  0  17990.6
1.0542e+13  0  351.4  -16296.5  0  0  -16296.5  0  -16296.5  17961.4  0  0  17961.4  0  17961.4
1.0551e+13  0  351.7  -16283.9  0  0  -16283.9  0  -16283.9  17932.2  0  0  17932.2  0  17932.2
1.056e+13  0  352  -16271.3  0  0  -16271.3  0  -16271.3  17903.1  0  0  17903.1  0  17903.1
1.0569e+13  0  352.3  -16258.8  0  0  -16258.8  0  -16258.8  17874.1  0  0  17874.1  0  17874.1
1.0578e+13  0  352.6  -16246.2  0  0  -16246.2  0  -16246.2  17845.1  0  0  17845.1  0  17845.1
1.0587e+13  0  352.9  -16233.7  0  0  -16233.7  0  -16233.7  17816.2  0  0  17816.2  0  17816.2
1.0596e+13  0  353.2  -16221.1  0  0  -16221.1  0  -16221.1  17787.3  0  0  17787.3  0  17787.3
1.0605e+13  0  353.5  -16208.6  0  0  -16208.6  0  -16208.6  17758.5  0  0  17758.5  0  17758.5
1.0614e+13  0  353.8  -16196.1  0  0  -16196.1  0  -16196.1  17729.8  0  0  17729.8  0  17729.8
1.0623e+13  0  354.1  -16183.6  0  0  -16183.6  0  -16183.6  17701.1  0  0  17701.1  0  17701.1
1.0632e+13  0  354.4  -16171.1  0  0  -16171.1  0  -16171.1  17672.4  0  0  17672.4  0  17672.4
1.0641e+13  0  354.7  -16158.6  0  0  -16158.6  0  -16158.6  17643.9  0  0  17643.9  0  17643.9
1.065e+13  0  355  -16146.1  0  0  -16146.1  0  -16146.1  17615.3  0  0  17615.3  0  17615.3
1.0659e+13  0  355.3  -16133.6  0  0  -16133.6  0  -16133.6  17586.9  0  0  17586.9  0  17586.9
1.0668e+13  0  355.6  -16121.2  0  0  -16121.2  0  -16121.2  17558.5  0  0  17558.5  0  17558.5
1.0677e+13  0  355.9  -16108.7  0  0  -16108.7  0  -16108.7  17530.1  0  0  17530.1  0  17530.1
1.0686e+13  0  356.2  -16096.3  0  0  -16096.3  0  -16096.3  17501.9  0  0  17501.9  0  17501.9
1.0695e+13  0  356.5  -16083.8  0  0  -16083.8  0  -16083.8  17473.6  0  0  17473.6  0  17473.6
1.0704e+13  0  356.8  -16071.4  0  0  -16071.4  0  -16071.4  17445.5  0  0  17445.5  0  17445.5
1.0713e+13  0  357.1  -16059  0  0  -16059  0  -16059  17417.3  0  0  17417.3  0  17417.3
1.0722e+13  0  357.4  -16046.6  0  0  -16046.6  0  -16046.6  17389.3  0  0  17389.3  0  17389.3
1.0731e+13  0  357.7  -16034.2  0  0  -16034.2  0  -16034.2  17361.3  0  0  17361.3  0  17361.3
1.074e+13  0  358  -16021.8  0  0  -16021.8  0  -16021.8  17333.3  0  0  17333.3  0  17333.3
1.0749e+13  0  358.3  -16009.4  0  0  -16009.4  0  -16009.4  17305.5  0  0  17305.5  0  17305.5
1.0758e+13  0  358.6  -15997  0  0  -15997  0  -15997  17277.6  0  0  17277.6  0  17277.6
1.0767e+13  0  358.9  -15984.6  0  0  -15984.6  0  -15984.6  17249.8  0  0  17249.8  0  17249.8
1.0776e+13  0  359.2  -15972.3  0  0  -15972.3  0  -15972.3  17222.1  0  0  17222.1  0  17222.1
1.0785e+13  0  359.5  -15959.9  0  0  -15959.9  0  -15959.9  17194.5  0  0  17194.5  0  17194.5
1.0794e+13  0  359.8  -15947.6  0  0  -15947.6  0  -15947.6  17166.8  0  0  17166.8  0  17166.8
1.0803e+13  0  360.1  -15935.3  0  0  -15935.3  0  -15935.3  17139.3  0  0  17139.3  0  17139.3
1.0812e+13  0  360.4  -15922.9  0  0  -15922.9  0  -15922.9  17111.8  0  0  17111.8  0  17111.8
1.0821e+13  0  360.7  -15910.6  0  0  -15910.6  0  -15910.6  17084.4  0  0  17084.4  0  17084.4
1.083e+13  0  361  -15898.3  0  0  -15898.3  0  -15898.3  17057  0  0  17057  0  17057
1.0839e+13  0  361.3  -15886  0  0  -15886  0  -15886  17029.6  0  0  17029.6  0  17029.6
1.0848e+13  0  361.6  -15873.7  0  0  -15873.7  0  -15873.7  17002.4  0  0  17002.4  0  17002.4
1.0857e+13  0  361.9  -15861.4  0  0  -15861.4  0  -15861.4  16975.1  0  0  16975.1  0  16975.1
1.0866e+13  0  362.2  -15849.2  0  0  -15849.2  0  -15849.2  16948  0  0  16948  0  16948
1.0875e+13  0  362.5  -15836.9  0  0  -15836.9  0  -15836.9  16920.8  0  0  16920.8  0  16920.8
1.0884e+13  0  362.8  -15824.7  0  0  -15824.7  0  -15824.7  16893.8  0  0  16893.8  0  16893.8
1.0893e+13  0  363.1  -15812.4  0  0  -15812.4  0  -15812.4  16866.8  0  0  16866.8  0  16866.8
1.0902e+13  0  363.4  -15800.2  0  0  -15800.2  0  -15800.2  16839.8  0  0  16839.8  0  16839.8
1.0911e+13  0  363.7  -15787.9  0  0  -15787.9  0  -15787.9  16812.9  0  0  16812.9  0  16812.9
1.092e+13  0  364  -15775.7  0  0  -15775.7  0  -15775.7  16786.1  0  0  16786.1  0  16786.1
1.0929e+13  0  364.3  -15763.5  0  0  -15763.5  0  -15763.5  16759.3  0  0  16759.3  0  16759.3
1.0938e+13  0  364.6  -15751.3  0  0  -15751.3  0  -15751.3  16732.6  0  0  16732.6  0  16732.6
1.0947e+13  0  364.9  -15739.1  0  0  -15739.1  0  -15739.1  16705.9  0  0  16705.9  0  16705.9
1.0956e+13  0  365.2  -15726.9  0  0  -15726.9  0  -15726.9  16679.2  0  0  16679.2  0  16679.2
1.0965e+13  0  365.5  -15714.8  0  0  -15714.8  0  -15714.8  16652.7  0  0  16652.7  0  16652.7
1.0974e+13  0  365.8  -15702.6  0  0  -15702.6  0  -15702.6  16626.1  0  0  16626.1  0  16626.1
1.0983e+13  0  366.1  -15690.4  0  0  -15690.4  0  -15690.4  16599.7  0  0  16599.7  0  16599.7
1.0992e+13  0  366.4  -15678.3  0  0  -15678.3  0  -15678.3  16573.2  0  0  16573.2  0  16573.2
1.1001e+13  0  366.7  -15666.2  0  0  -15666.2  0  -15666.2  16546.9  0  0  16546.9  0  16546.9
1.101e+13  0  367  -15654  0  0  -15654  0  -15654  16520.6  0  0  16520.6  0  16520.6
1.1019e+13  0  367.3  -15641.9  0  0  -15641.9  0  -15641.9  16494.3  0  0  16494.3  0  16494.3
1.1028e+13  0  367.6  -15629.8  0  0  -15629.8  0  -15629.8  16468.1  0  0  16468.1  0  16468.1
1.1037e+13  0  367.9  -15617.7  0  0  -15617.7  0  -15617.7  16441.9  0  0  16441.9  0  16441.9
1.1046e+13  0  368.2  -15605.6  0  0  -15605.6  0  -15605.6  16415.8  0  0  16415.8  0  16415.8
1.1055e+13  0  368.5  -15593.5  0  0  -15593.5  0  -15593.5  16389.8  0  0  16389.8  0  16389.8
1.1064e+13  0  368.8  -15581.4  0  0  -15581.4  0  -15581.4  16363.8  0  0  16363.8  0  16363.8
1.1073e+13  0  369.1  -15569.4  0  0  -15569.4  0  -15569.4  16337.8  0  0  16337.8  0  16337.8
1.1082e+13  0  369.4  -15557.3  0  0  -15557.3  0  -15557.3  16311.9  0  0  16311.9  0  16311.9
1.1091e+13  0  369.7  -15545.3  0  0  -15545.3  0  -15545.3  16286.1  0  0  16286.1  0  16286.1
1.11e+13  0  370  -15533.2  0  0  -15533.2  0  -15533.2  16260.3  0  0  16260.3  0  16260.3
1.1109e+13  0  370.3  -15521.2  0  0  -15521.2  0  -15521.2  16234.5  0  0  16234.5  0  16234.5
1.1118e+13  0  370.6  -15509.2  0  0  -15509.2  0  -15509.2  16208.8  0  0  16208.8  0  16208.8
1.1127e+13  0  370.9  -15497.1  0  0  -15497.1  0  -15497.1  16183.2  0  0  16183.2  0  16183.2
1.1136e+13  0  371.2  -15485.1  0  0  -15485.1  0  -15485.1  16157.6  0  0  16157.6  0  16157.6
1.1145e+13  0  371.5  -15473.1  0  0  -15473.1  0  -15473.1  16132  0  0  16132  0  16132
1.1154e+13  0  371.8  -15461.2  0  0  -15461.2  0  -15461.2  16106.6  0  0  16106.6  0  16106.6
1.1163e+13  0  372.1  -15449.2  0  0  -15449.2  0  -15449.2  16081.1  0  0  16081.1  0  16081.1
1.1172e+13  0  372.4  -15437.2  0  0  -15437.2  0  -15437.2  16055.7  0  0  16055.7  0  16055.7
1.1181e+13  0  372.7  -15425.2  0  0  -15425.2  0  -15425.2  16030.4  0  0  16030.4  0  16030.4
1.119e+13  0  373  -15413.3  0  0  -15413.3  0  -15413.3  16005.1  0  0  16005.1  0  16005.1
1.1199e+13  0  373.3  -15401.4  0  0  -15401.4  0  -15401.4  15979.8  0  0  15979.8  0  15979.8
1.1208e+13  0  373.6  -15389.4  0  0  -15389.4  0  -15389.4  15954.7  0  0  15954.7  0  15954.7
1.1217e+13  0  373.9  -15377.5  0  0  -15377.5  0  -15377.5  15929.5  0  0  15929.5  0  15929.5
1.1226e+13  0  374.2  -15365.6  0  0  -15365.6  0  -15365.6  15904.4  0  0  15904.4  0  15904.4
1.1235e+13  0  374.5  -15353.7  0  0  -15353.7  0  -15353.7  15879.4  0  0  15879.4  0  15879.4
1.1244e+13  0  374.8  -15341.8  0  0  -15341.8  0  -15341.8  15854.4  0  0  15854.4  0  15854.4
1.1253e+13  0  375.1  -15329.9  0  0  -15329.9  0  -15329.9  15829.4  0  0  15829.4  0  15829.4
1.1262e+13  0  375.4  -15318  0  0  -15318  0  -15318  15804.5  0  0  15804.5  0  15804.5
1.1271e+13  0  375.7  -15306.1  0  0  -15306.1  0  -15306.1  15779.7  0  0  15779.7  0  15779.7
1.128e+13  0  376  -15294.3  0  0  -15294.3  0  -15294.3  15754.9  0  0  15754.9  0  15754.9
1.1289e+13  0  376.3  -15282.4  0  0  -15282.4  0  -15282.4  15730.1  0  0  15730.1  0  15730.1
1.1298e+13  0  376.6  -15270.6  0  0  -15270.6  0  -15270.6  15705.4  0  0  15705.4  0  15705.4
1.1307e+13  0  376.9  -15258.7  0  0  -15258.7  0  -15258.7  15680.8  0  0  15680.8  0  15680.8
1.1316e+13  0  377.2  -15246.9  0  0  -15246.9  0  -15246.9  15656.2  0  0  15656.2  0  15656.2
1.1325e+13  0  377.5  -15235.1  0  0  -15235.1  0  -15235.1  15631.6  0  0  15631.6  0  15631.6
1.1334e+13  0  377.8  -15223.3  0  0  -15223.3  0  -15223.3  15607.1  0  0  15607.1  0  15607.1
1.1343e+13  0  378.1  -15211.5  0  0  -15211.5  0  -15211.5  15582.7  0  0  15582.7  0  15582.7
1.1352e+13  0  378.4  -15199.7  0  0  -15199.7  0  -15199.7  15558.3  0  0  15558.3  0  15558.3
1.1361e+13  0  378.7  -15187.9  0  0  -15187.9  0  -15187.9  15533.9  0  0  15533.9  0  15533.9
1.137e+13  0  379  -15176.1  0  0  -15176.1  0  -15176.1  15509.6  0  0  15509.6  0  15509.6
1.1379e+13  0  379.3  -15164.4  0  0  -15164.4  0  -15164.4  15485.3  0  0  15485.3  0  15485.3
1.1388e+13  0  379.6  -15152.6  0  0  -15152.6  0  -15152.6  15461.1  0  0  15461.1  0  15461.1
1.1397e+13  0  379.9  -15140.9  0  0  -15140.9  0  -15140.9  15436.9  0  0  15436.9  0  15436.9
1.1406e+13  0  380.2  -15129.1  0  0  -15129.1  0  -15129.1  15412.8  0  0  15412.8  0  15412.8
1.1415e+13  0  380.5  -15117.4  0  0  -15117.4  0  -15117.4  15388.7  0  0  15388.7  0  15388.7
1.1424e+13  0  380.8  -15105.7  0  0  -15105.7  0  -15105.7  15364.7  0  0  15364.7  0  15364.7
1.1433e+13  0  381.1  -15094  0  0  -15094  0  -15094  15340.7  0  0  15340.7  0  15340.7
1.1442e+13  0  381.4  -15082.3  0  0  -15082.3  0  -15082.3  15316.7  0  0  15316.7  0  15316.7
1.1451e+13  0  381.7  -15070.6  0  0  -15070.6  0  -15070.6  15292.9  0  0  15292.9  0  15292.9
1.146e+13  0  382  -15058.9  0  0  -15058.9  0  -15058.9  15269  0  0  15269  0  15269
1.1469e+13  0  382.3  -15047.2  0  0  -15047.2  0  -15047.2  15245.2  0  0  15245.2  0  15245.2
1.1478e+13  0  382.6  -15035.5  0  0  -15035.5  0  -15035.5  15221.5  0  0  15221.5  0  15221.5
1.1487e+13  0  382.9  -15023.9  0  0  -15023.9  0  -15023.9  15197.7  0  0  15197.7  0  15197.7
1.1496e+13  0  383.2  -15012.2  0  0  -15012.2  0  -15012.2  15174.1  0  0  15174.1  0  15174.1
1.1505e+13  0  383.5  -15000.6  0  0  -15000.6  0  -15000.6  15150.5  0  0  15150.5  0  15150.5
1.1514e+13  0  383.8  -14989  0  0  -14989  0  -14989  15126.9  0  0  15126.9  0  15126.9
1.1523e+13  0  384.1  -14977.3  0  0  -14977.3  0  -14977.3  15103.4  0  0  15103.4  0  15103.4
1.1532e+13  0  384.4  -14965.7  0  0  -14965.7  0  -14965.7  15079.9  0  0  15079.9  0  15079.9
1.1541e+13  0  384.7  -14954.1  0  0  -14954.1  0  -14954.1  15056.5  0  0  15056.5  0  15056.5
1.155e+13  0  385  -14942.5  0  0  -14942.5  0  -14942.5  15033.1  0  0  15033.1  0  15033.1
1.1559e+13  0  385.3  -14930.9  0  0  -14930.9  0  -14930.9  15009.7  0  0  15009.7  0  15009.7
1.1568e+13  0  385.6  -14919.4  0  0  -14919.4  0  -14919.4  14986.5  0  0  14986.5  0  14986.5
1.1577e+13  0  385.9  -14907.8  0  0  -14907.8  0  -14907.8  14963.2  0  0  14963.2  0  14963.2
1.1586e+13  0  386.2  -14896.2  0  0  -14896.2  0  -14896.2  14940  0  0  14940  0  14940
1.1595e+13  0  386.5  -14884.7  0  0  -14884.7  0  -14884.7  14916.8  0  0  14916.8  0  14916.8
1.1604e+13  0  386.8  -14873.1  0  0  -14873.1  0  -14873.1  14893.7  0  0  14893.7  0  14893.7
1.1613e+13  0  387.1  -14861.6  0  0  -14861.6  0  -14861.6  14870.7  0  0  14870.7  0  14870.7
1.1622e+13  0  387.4  -14850.1  0  0  -14850.1  0  -14850.1  14847.6  0  0  14847.6  0  14847.6
1.1631e+13  0  387.7  -14838.6  0  0  -14838.6  0  -14838.6  14824.6  0  0  14824.6  0  14824.6
1.164e+13  0  388  -14827.1  0  0  -14827.1  0  -14827.1  14801.7  0  0  14801.7  0  14801.7
1.1649e+13  0  388.3  -14815.6  0  0  -14815.6  0  -14815.6  14778.8  0  0  14778.8  0  14778.8
1.1658e+13  0  388.6  -14804.1  0  0  -14804.1  0  -14804.1  14756  0  0  14756  0  14756
1.1667e+13  0  388.9  -14792.6  0  0  -14792.6  0  -14792.6  14733.2  0  0  14733.2  0  14733.2
1.1676e+13  0  389.2  -14781.1  0  0  -14781.1  0  -14781.1  14710.4  0  0  14710.4  0  14710.4
1.1685e+13  0  389.5  -14769.7  0  0  -14769.7  0  -14769.7  14687.7  0  0  14687.7  0  14687.7
1.1694e+13  0  389.8  -14758.2  0  0  -14758.2  0  -14758.2  14665  0  0  14665  0  14665
1.1703e+13  0  390.1  -14746.8  0  0  -14746.8  0  -14746.8  14642.4  0  0  14642.4  0  14642.4
1.1712e+13  0  390.4  -14735.3  0  0  -14735.3  0  -14735.3  14619.8  0  0  14619.8  0  14619.8
1.1721e+13  0  390.7  -14723.9  0  0  -14723.9  0  -14723.9  14597.3  0  0  14597.3  0  14597.3
1.173e+13  0  391  -14712.5  0  0  -14712.5  0  -14712.5  14574.8  0  0  14574.8  0  14574.8
1.1739e+13  0  391.3  -14701.1  0  0  -14701.1  0  -14701.1  14552.3  0  0  14552.3  0  14552.3
1.1748e+13  0  391.6  -14689.7  0  0  -14689.7  0  -14689.7  14529.9  0  0  14529.9  0  14529.9
1.1757e+13  0  391.9  -14678.3  0  0  -14678.3  0  -14678.3  14507.5  0  0  14507.5  0  14507.5
1.1766e+13  0  392.2  -14666.9  0  0  -14666.9  0  -14666.9  14485.2  0  0  14485.2  0  14485.2
1.1775e+13  0  392.5  -14655.5  0  0  -14655.5  0  -14655.5  14462.9  0  0  14462.9  0  14462.9
1.1784e+13  0  392.8  -14644.2  0  0  -14644.2  0  -14644.2  14440.7  0  0  14440.7  0  14440.7
1.1793e+13  0  393.1  -14632.8  0  0  -14632.8  0  -14632.8  14418.5  0  0  14418.5  0  14418.5
1.1802e+13  0  393.4  -14621.5  0  0  -14621.5  0  -14621.5  14396.3  0  0  14396.3  0  14396.3
1.1811e+13  0  393.7  -14610.1  0  0  -14610.1  0  -14610.1  14374.2  0  0  14374.2  0  14374.2
1.182e+13  0  394  -14598.8  0  0  -14598.8  0  -14598.8  14352.2  0  0  14352.2  0  14352.2
1.1829e+13  0  394.3  -14587.5  0  0  -14587.5  0  -14587.5  14330.1  0  0  14330.1  0  14330.1
1.1838e+13  0  394.6  -14576.2  0  0  -14576.2  0  -14576.2  14308.2  0  0  14308.2  0  14308.2
1.1847e+13  0  394.9  -14564.9  0  0  -14564.9  0  -14564.9  14286.2  0  0  14286.2  0  14286.2
1.1856e+13  0  395.2  -14553.6  0  0  -14553.6  0  -14553.6  14264.3  0  0  14264.3  0  14264.3
1.1865e+13  0  395.5  -14542.3  0  0  -14542.3  0  -14542.3  14242.5  0  0  14242.5  0  14242.5
1.1874e+13  0  395.8  -14531  0  0  -14531  0  -14531  14220.6  0  0  14220.6  0  14220.6
1.1883e+13  0  396.1  -14519.8  0  0  -14519.8  0  -14519.8  14198.9  0  0  14198.9  0  14198.9
1.1892e+13  0  396.4  -14508.5  0  0  -14508.5  0  -14508.5  14177.1  0  0  14177.1  0  14177.1
1.1901e+13  0  396.7  -14497.3  0  0  -14497.3  0  -14497.3  14155.4  0  0  14155.4  0  14155.4
1.191e+13  0  397  -14486  0  0  -14486  0  -14486  14133.8  0  0  14133.8  0  14133.8
1.1919e+13  0  397.3  -14474.8  0  0  -14474.8  0  -14474.8  14112.2  0  0  14112.2  0  14112.2
1.1928e+13  0  397.6  -14463.6  0  0  -14463.6  0  -14463.6  14090.6  0  0  14090.6  0  14090.6
1.1937e+13  0  397.9  -14452.4  0  0  -14452.4  0  -14452.4  14069.1  0  0  14069.1  0  14069.1
1.1946e+13  0  398.2  -14441.2  0  0  -14441.2  0  -14441.2  14047.6  0  0  14047.6  0  14047.6
1.1955e+13  0  398.5  -14430  0  0  -14430  0  -14430  14026.2  0  0  14026.2  0  14026.2
1.1964e+13  0  398.8  -14418.8  0  0  -14418.8  0  -14418.8  14004.8  0  0  14004.8  0  14004.8
1.1973e+13  0  399.1  -14407.6  0  0  -14407.6  0  -14407.6  13983.4  0  0  13983.4  0  13983.4
1.1982e+13  0  399.4  -14396.5  0  0  -14396.5  0  -14396.5  13962.1  0  0  13962.1  0  13962.1
1.1991e+13  0  399.7  -14385.3  0  0  -14385.3  0  -14385.3  13940.8  0  0  13940.8  0  13940.8
1.2e+13  0  400  -14374.1  0  0  -14374.1  0  -14374.1  13919.6  0  0  13919.6  0  13919.6
1.2009e+13  0  400.3  -14363  0  0  -14363  0  -14363  13898.4  0  0  13898.4  0  13898.4
1.2018e+13  0  400.6  -14351.9  0  0  -14351.9  0  -14351.9  13877.2  0  0  13877.2  0  13877.2
1.2027e+13  0  400.9  -14340.8  0  0  -14340.8  0  -14340.8  13856.1  0  0  13856.1  0  13856.1
1.2036e+13  0  401.2  -14329.6  0  0  -14329.6  0  -14329.6  13835  0  0  13835  0  13835
1.2045e+13  0  401.5  -14318.5  0  0  -14318.5  0  -14318.5  13814  0  0  13814  0  13814
1.2054e+13  0  401.8  -14307.4  0  0  -14307.4  0  -14307.4  13793  0  0  13793  0  13793
1.2063e+13  0  402.1  -14296.4  0  0  -14296.4  0  -14296.4  13772  0  0  13772  0  13772
1.2072e+13  0  402.4  -14285.3  0  0  -14285.3  0  -14285.3  13751.1  0  0  13751.1  0  13751.1
1.2081e+13  0  402.7  -14274.2  0  0  -14274.2  0  -14274.2  13730.2  0  0  13730.2  0  13730.2
1.209e+13  0  403  -14263.2  0  0  -14263.2  0  -14263.2  13709.4  0  0  13709.4  0  13709.4
1.2099e+13  0  403.3  -14252.1  0  0  -14252.1  0  -14252.1  13688.6  0  0  13688.6  0  13688.6
1.2108e+13  0  403.6  -14241.1  0  0  -14241.1  0  -14241.1  13667.8  0  0  13667.8  0  13667.8
1.2117e+13  0  403.9  -14230  0  0  -14230  0  -14230  13647.1  0  0  13647.1  0  13647.1
1.2126e+13  0  404.2  -14219  0  0  -14219  0  -14219  13626.4  0  0  13626.4  0  13626.4
1.2135e+13  0  404.5  -14208  0  0  -14208  0  -14208  13605.8  0  0  13605.8  0  13605.8
1.2144e+13  0  404.8  -14197  0  0  -14197  0  -14197  13585.2  0  0  13585.2  0  13585.2
1.2153e+13  0  405.1  -14186  0  0  -14186  0  -14186  13564.6  0  0  13564.6  0  13564.6
1.2162e+13  0  405.4  -14175  0  0  -14175  0  -14175  13544.1  0  0  13544.1  0  13544.1
1.2171e+13  0  405.7  -14164  0  0  -14164  0  -14164  13523.6  0  0  13523.6  0  13523.6
1.218e+13  0  406  -14153  0  0  -14153  0  -14153  13503.1  0  0  13503.1  0  13503.1
1.2189e+13  0  406.3  -14142.1  0  0  -14142.1  0  -14142.1  13482.7  0  0  13482.7  0  13482.7
1.2198e+13  0  406.6  -14131.1  0  0  -14131.1  0  -14131.1  13462.4  0  0  13462.4  0  13462.4
1.2207e+13  0  406.9  -14120.2  0  0  -14120.2  0  -14120.2  13442  0  0  13442  0  13442
1.2216e+13  0  407.2  -14109.3  0  0  -14109.3  0  -14109.3  13421.7  0  0  13421.7  0  13421.7
1.2225e+13  0  407.5  -14098.3  0  0  -14098.3  0  -14098.3  13401.5  0  0  13401.5  0  13401.5
1.2234e+13  0  407.8  -14087.4  0  0  -14087.4  0  -14087.4  13381.3  0  0  13381.3  0  13381.3
1.2243e+13  0  408.1  -14076.5  0  0  -14076.5  0  -14076.5  13361.1  0  0  13361.1  0  13361.1
1.2252e+13  0  408.4  -14065.6  0  0  -14065.6  0  -14065.6  13340.9  0  0  13340.9  0  13340.9
1.2261e+13  0  408.7  -14054.7  0  0  -14054.7  0  -14054.7  13320.8  0  0  13320.8  0  13320.8
1.227e+13  0  409  -14043.8  0  0  -14043.8  0  -14043.8  13300.8  0  0  13300.8  0  13300.8
1.2279e+13  0  409.3  -14033  0  0  -14033  0  -14033  13280.7  0  0  13280.7  0  13280.7
1.2288e+13  0  409.6  -14022.1  0  0  -14022.1  0  -14022.1  13260.8  0  0  13260.8  0  13260.8
1.2297e+13  0  409.9  -14011.2  0  0  -14011.2  0  -14011.2  13240.8  0  0  13240.8  0  13240.8
1.2306e+13  0  410.2  -14000.4  0  0  -14000.4  0  -14000.4  13220.9  0  0  13220.9  0  13220.9
1.2315e+13  0  410.5  -13989.5  0  0  -13989.5  0  -13989.5  13201  0  0  13201  0  13201
1.2324e+13  0  410.8  -13978.7  0  0  -13978.7  0  -13978.7  13181.2  0  0  13181.2  0  13181.2
1.2333e+13  0  411.1  -13967.9  0  0  -13967.9  0  -13967.9  13161.4  0  0  13161.4  0  13161.4
1.2342e+13  0  411.4  -13957.1  0  0  -13957.1  0  -13957.1  13141.6  0  0  13141.6  0  13141.6
1.2351e+13  0  411.7  -13946.3  0  0  -13946.3  0  -13946.3  13121.9  0  0  13121.9  0  13121.9
1.236e+13  0  412  -13935.5  0  0  -13935.5  0  -13935.5  13102.2  0  0  13102.2  0  13102.2
1.2369e+13  0  412.3  -13924.7  0  0  -13924.7  0  -13924.7  13082.5  0  0  13082.5  0  13082.5
1.2378e+13  0  412.6  -13913.9  0  0  -13913.9  0  -13913.9  13062.9  0  0  13062.9  0  13062.9
1.2387e+13  0  412.9  -13903.2  0  0  -13903.2  0  -13903.2  13043.3  0  0  13043.3  0  13043.3
1.2396e+13  0  413.2  -13892.4  0  0  -13892.4  0  -13892.4  13023.8  0  0  13023.8  0  13023.8
1.2405e+13  0  413.5  -13881.7  0  0  -13881.7  0  -13881.7  13004.3  0  0  13004.3  0  13004.3
1.2414e+13  0  413.8  -13870.9  0  0  -13870.9  0  -13870.9  12984.8  0  0  12984.8  0  12984.8
1.2423e+13  0  414.1  -13860.2  0  0  -13860.2  0  -13860.2  12965.4  0  0  12965.4  0  12965.4
1.2432e+13  0  414.4  -13849.5  0  0  -13849.5  0  -13849.5  12946  0  0  12946  0  12946
1.2441e+13  0  414.7  -13838.7  0  0  -13838.7  0  -13838.7  12926.6  0  0  12926.6  0  12926.6
1.245e+13  0  415  -13828  0  0  -13828  0  -13828  12907.3  0  0  12907.3  0  12907.3
1.2459e+13  0  415.3  -13817.3  0  0  -13817.3  0  -13817.3  12888  0  0  12888  0  12888
1.2468e+13  0  415.6  -13806.7  0  0  -13806.7  0  -13806.7  12868.7  0  0  12868.7  0  12868.7
1.2477e+13  0  415.9  -13796  0  0  -13796  0  -13796  12849.5  0  0  12849.5  0  12849.5
1.2486e+13  0  416.2  -13785.3  0  0  -13785.3  0  -13785.3  12830.3  0  0  12830.3  0  12830.3
1.2495e+13  0  416.5  -13774.6  0  0  -13774.6  0  -13774.6  12811.2  0  0  12811.2  0  12811.2
1.2504e+13  0  416.8  -13764  0  0  -13764  0  -13764  12792.1  0  0  12792.1  0  12792.1
1.2513e+13  0  417.1  -13753.4  0  0  -13753.4  0  -13753.4  12773  0  0  12773  0  12773
1.2522e+13  0  417.4  -13742.7  0  0  -13742.7  0  -13742.7  12754  0  0  12754  0  12754
1.2531e+13  0  417.7  -13732.1  0  0  -13732.1  0  -13732.1  12735  0  0  12735  0  12735
1.254e+13  0  418  -13721.5  0  0  -13721.5  0  -13721.5  12716  0  0  12716  0  12716
1.2549e+13  0  418.3  -13710.9  0  0  -13710.9  0  -13710.9  12697.1  0  0  12697.1  0  12697.1
1.2558e+13  0  418.6  -13700.3  0  0  -13700.3  0  -13700.3  12678.2  0  0  12678.2  0  12678.2
1.2567e+13  0  418.9  -13689.7  0  0  -13689.7  0  -13689.7  12659.3  0  0  12659.3  0  12659.3
1.2576e+13  0  419.2  -13679.1  0  0  -13679.1  0  -13679.1  12640.5  0  0  12640.5  0  12640.5
1.2585e+13  0  419.5  -13668.5  0  0  -13668.5  0  -13668.5  12621.7  0  0  12621.7  0  12621.7
1.2594e+13  0  419.8  -13658  0  0  -13658  0  -13658  12602.9  0  0  12602.9  0  12602.9
1.2603e+13  0  420.1  -13647.4  0  0  -13647.4  0  -13647.4  12584.2  0  0  12584.2  0  12584.2
1.2612e+13  0  420.4  -13636.9  0  0  -13636.9  0  -13636.9  12565.5  0  0  12565.5  0  12565.5
1.2621e+13  0  420.7  -13626.3  0  0  -13626.3  0  -13626.3  12546.9  0  0  12546.9  0  12546.9
1.263e+13  0  421  -13615.8  0  0  -13615.8  0  -13615.8  12528.3  0  0  12528.3  0  12528.3
1.2639e+13  0  421.3  -13605.3  0  0  -13605.3  0  -13605.3  12509.7  0  0  12509.7  0  12509.7
1.2648e+13  0  421.6  -13594.8  0  0  -13594.8  0  -13594.8  12491.1  0  0  12491.1  0  12491.1
1.2657e+13  0  421.9  -13584.3  0  0  -13584.3  0  -13584.3  12472.6  0  0  12472.6  0  12472.6
1.2666e+13  0  422.2  -13573.8  0  0  -13573.8  0  -13573.8  12454.1  0  0  12454.1  0  12454.1
1.2675e+13  0  422.5  -13563.3  0  0  -13563.3  0  -13563.3  12435.7  0  0  12435.7  0  12435.7
1.2684e+13  0  422.8  -13552.8  0  0  -13552.8  0  -13552.8  12417.3  0  0  12417.3  0  12417.3
1.2693e+13  0  423.1  -13542.3  0  0  -13542.3  0  -13542.3  12398.9  0  0  12398.9  0  12398.9
1.2702e+13  0  423.4  -13531.9  0  0  -13531.9  0  -13531.9  12380.6  0  0  12380.6  0  12380.6
1.2711e+13  0  423.7  -13521.4  0  0  -13521.4  0  -13521.4  12362.3  0  0  12362.3  0  12362.3
1.272e+13  0  424  -13511  0  0  -13511  0  -13511  12344  0  0  12344  0  12344
1.2729e+13  0  424.3  -13500.5  0  0  -13500.5  0  -13500.5  12325.7  0  0  12325.7  0  12325.7
1.2738e+13  0  424.6  -13490.1  0  0  -13490.1  0  -13490.1  12307.5  0  0  12307.5  0  12307.5
1.2747e+13  0  424.9  -13479.7  0  0  -13479.7  0  -13479.7  12289.4  0  0  12289.4  0  12289.4
1.2756e+13  0  425.2  -13469.3  0  0  -13469.3  0  -13469.3  12271.2  0  0  12271.2  0  12271.2
1.2765e+13  0  425.5  -13458.9  0  0  -13458.9  0  -13458.9  12253.1  0  0  12253.1  0  12253.1
1.2774e+13  0  425.8  -13448.5  0  0  -13448.5  0  -13448.5  12235  0  0  12235  0  12235
1.2783e+13  0  426.1  -13438.1  0  0  -13438.1  0  -13438.1  12217  0  0  12217  0  12217
1.2792e+13  0  426.4  -13427.8  0  0  -13427.8  0  -13427.8  12199  0  0  12199  0  12199
1.2801e+13  0  426.7  -13417.4  0  0  -13417.4  0  -13417.4  12181  0  0  12181  0  12181
1.281e+13  0  427  -13407  0  0  -13407  0  -13407  12163.1  0  0  12163.1  0  12163.1
1.2819e+13  0  427.3  -13396.7  0  0  -13396.7  0  -13396.7  12145.2  0  0  12145.2  0  12145.2
1.2828e+13  0  427.6  -13386.4  0  0  -13386.4  0  -13386.4  12127.3  0  0  12127.3  0  12127.3
1.2837e+13  0  427.9  -13376  0  0  -13376  0  -13376  12109.4  0  0  12109.4  0  12109.4
1.2846e+13  0  428.2  -13365.7  0  0  -13365.7  0  -13365.7  12091.6  0  0  12091.6  0  12091.6
1.2855e+13  0  428.5  -13355.4  0  0  -13355.4  0  -13355.4  12073.9  0  0  12073.9  0  12073.9
1.2864e+13  0  428.8  -13345.1  0  0  -13345.1  0  -13345.1  12056.1  0  0  12056.1  0  12056.1
1.2873e+13  0  429.1  -13334.8  0  0  -13334.8  0  -13334.8  12038.4  0  0  12038.4  0  12038.4
1.2882e+13  0  429.4  -13324.5  0  0  -13324.5  0  -13324.5  12020.7  0  0  12020.7  0  12020.7
1.2891e+13  0  429.7  -13314.2  0  0  -13314.2  0  -13314.2  12003.1  0  0  12003.1  0  12003.1
1.29e+13  0  430  -13304  0  0  -13304  0  -13304  11985.5  0  0  11985.5  0  11985.5
1.2909e+13  0  430.3  -13293.7  0  0  -13293.7  0  -13293.7  11967.9  0  0  11967.9  0  11967.9
1.2918e+13  0  430.6  -13283.5  0  0  -13283.5  0  -13283.5  11950.3  0  0  11950.3  0  11950.3
1.2927e+13  0  430.9  -13273.2  0  0  -13273.2  0  -13273.2  11932.8  0  0  11932.8  0  11932.8
1.2936e+13  0  431.2  -13263  0  0  -13263  0  -13263  11915.3  0  0  11915.3  0  11915.3
1.2945e+13  0  431.5  -13252.8  0  0  -13252.8  0  -13252.8  11897.9  0  0  11897.9  0  11897.9
1.2954e+13  0  431.8  -13242.5  0  0  -13242.5  0  -13242.5  11880.5  0  0  11880.5  0  11880.5
1.2963e+13  0  432.1  -13232.3  0  0  -13232.3  0  -13232.3  11863.1  0  0  11863.1  0  11863.1
1.2972e+13  0  432.4  -13222.1  0  0  -13222.1  0  -13222.1  11845.7  0  0  11845.7  0  11845.7
1.2981e+13  0  432.7  -13211.9  0  0  -13211.9  0  -13211.9  11828.4  0  0  11828.4  0  11828.4
1.299e+13  0  433  -13201.8  0  0  -13201.8  0  -13201.8  11811.1  0  0  11811.1  0  11811.1
1.2999e+13  0  433.3  -13191.6  0  0  -13191.6  0  -13191.6  11793.8  0  0  11793.8  0  11793.8
1.3008e+13  0  433.6  -13181.4  0  0  -13181.4  0  -13181.4  11776.6  0  0  11776.6  0  11776.6
1.3017e+13  0  433.9  -13171.3  0  0  -13171.3  0  -13171.3  11759.4  0  0  11759.4  0  11759.4
1.3026e+13  0  434.2  -13161.1  0  0  -13161.1  0  -13161.1  11742.3  0  0  11742.3  0  11742.3
1.3035e+13  0  434.5  -13151  0  0  -13151  0  -13151  11725.1  0  0  11725.1  0  11725.1
1.3044e+13  0  434.8  -13140.9  0  0  -13140.9  0  -13140.9  11708  0  0  11708  0  11708
1.3053e+13  0  435.1  -13130.7  0  0  -13130.7  0  -13130.7  11690.9  0  0  11690.9  0  11690.9
1.3062e+13  0  435.4  -13120.6  0  0  -13120.6  0  -13120.6  11673.9  0  0  11673.9  0  11673.9
1.3071e+13  0  435.7  -13110.5  0  0  -13110.5  0  -13110.5  11656.9  0  0  11656.9  0  11656.9
1.308e+13  0  436  -13100.4  0  0  -13100.4  0  -13100.4  11639.9  0  0  11639.9  0  11639.9
1.3089e+13  0  436.3  -13090.3  0  0  -13090.3  0  -13090.3  11623  0  0  11623  0  11623
1.3098e+13  0  436.6  -13080.3  0  0  -13080.3  0  -13080.3  11606  0  0  11606  0  11606
1.3107e+13  0  436.9  -13070.2  0  0  -13070.2  0  -13070.2  11589.2  0  0  11589.2  0  11589.2
1.3116e+13  0  437.2  -13060.1  0  0  -13060.1  0  -13060.1  11572.3  0  0  11572.3  0  11572.3
1.3125e+13  0  437.5  -13050.1  0  0  -13050.1  0  -13050.1  11555.5  0  0  11555.5  0  11555.5
1.3134e+13  0  437.8  -13040  0  0  -13040  0  -13040  11538.7  0  0  11538.7  0  11538.7
1.3143e+13  0  438.1  -13030  0  0  -13030  0  -13030  11521.9  0  0  11521.9  0  11521.9
1.3152e+13  0  438.4  -13020  0  0  -13020  0  -13020  11505.2  0  0  11505.2  0  11505.2
1.3161e+13  0  438.7  -13010  0  0  -13010  0  -13010  11488.5  0  0  11488.5  0  11488.5
1.317e+13  0  439  -12999.9  0  0  -12999.9  0  -12999.9  11471.8  0  0  11471.8  0  11471.8
1.3179e+13  0  439.3  -12989.9  0  0  -12989.9  0  -12989.9  11455.2  0  0  11455.2  0  11455.2
1.3188e+13  0  439.6  -12979.9  0  0  -12979.9  0  -12979.9  11438.6  0  0  11438.6  0  11438.6
1.3197e+13  0  439.9  -12970  0  0  -12970  0  -12970  11422  0  0  11422  0  11422
1.3206e+13  0  440.2  -12960  0  0  -12960  0  -12960  11405.4  0  0  11405.4  0  11405.4
1.3215e+13  0  440.5  -12950  0  0  -12950  0  -12950  11388.9  0  0  11388.9  0  11388.9
1.3224e+13  0  440.8  -12940.1  0  0  -12940.1  0  -12940.1  11372.4  0  0  11372.4  0  11372.4
1.3233e+13  0  441.1  -12930.1  0  0  -12930.1  0  -12930.1  11355.9  0  0  11355.9  0  11355.9
1.3242e+13  0  441.4  -12920.2  0  0  -12920.2  0  -12920.2  11339.5  0  0  11339.5  0  11339.5
1.3251e+13  0  441.7  -12910.2  0  0  -12910.2  0  -12910.2  11323.1  0  0  11323.1  0  11323.1
1.326e+13  0  442  -12900.3  0  0  -12900.3  0  -12900.3  11306.7  0  0  11306.7  0  11306.7
1.3269e+13  0  442.3  -12890.4  0  0  -12890.4  0  -12890.4  11290.4  0  0  11290.4  0  11290.4
1.3278e+13  0  442.6  -12880.5  0  0  -12880.5  0  -12880.5  11274.1  0  0  11274.1  0  11274.1
1.3287e+13  0  442.9  -12870.6  0  0  -12870.6  0  -12870.6  11257.8  0  0  11257.8  0  11257.8
1.3296e+13  0  443.2  -12860.7  0  0  -12860.7  0  -12860.7  11241.5  0  0  11241.5  0  11241.5
1.3305e+13  0  443.5  -12850.8  0  0  -12850.8  0  -12850.8  11225.3  0  0  11225.3  0  11225.3
1.3314e+13  0  443.8  -12841  0  0  -12841  0  -12841  11209.1  0  0  11209.1  0  11209.1
1.3323e+13  0  444.1  -12831.1  0  0  -12831.1  0  -12831.1  11193  0  0  11193  0  11193
1.3332e+13  0  444.4  -12821.2  0  0  -12821.2  0  -12821.2  11176.8  0  0  11176.8  0  11176.8
1.3341e+13  0  444.7  -12811.4  0  0  -12811.4  0  -12811.4  11160.7  0  0  11160.7  0  11160.7
1.335e+13  0  445  -12801.5  0  0  -12801.5  0  -12801.5  11144.6  0  0  11144.6  0  11144.6
1.3359e+13  0  445.3  -12791.7  0  0  -12791.7  0  -12791.7  11128.6  0  0  11128.6  0  11128.6
1.3368e+13  0  445.6  -12781.9  0  0  -12781.9  0  -12781.9  11112.6  0  0  11112.6  0  11112.6
1.3377e+13  0  445.9  -12772.1  0  0  -12772.1  0  -12772.1  11096.6  0  0  11096.6  0  11096.6
1.3386e+13  0  446.2  -12762.3  0  0  -12762.3  0  -12762.3  11080.6  0  0  11080.6  0  11080.6
1.3395e+13  0  446.5  -12752.5  0  0  -12752.5  0  -12752.5  11064.7  0  0  11064.7  0  11064.7
1.3404e+13  0  446.8  -12742.7  0  0  -12742.7  0  -12742.7  11048.8  0  0  11048.8  0  11048.8
1.3413e+13  0  447.1  -12732.9  0  0  -12732.9  0  -12732.9  11032.9  0  0  11032.9  0  11032.9
1.3422e+13  0  447.4  -12723.1  0  0  -12723.1  0  -12723.1  11017  0  0  11017  0  11017
1.3431e+13  0  447.7  -12713.4  0  0  -12713.4  0  -12713.4  11001.2  0  0  11001.2  0  11001.2
1.344e+13  0  448  -12703.6  0  0  -12703.6  0  -12703.6  10985.4  0  0  10985.4  0  10985.4
1.3449e+13  0  448.3  -12693.9  0  0  -12693.9  0  -12693.9  10969.7  0  0  10969.7  0  10969.7
1.3458e+13  0  448.6  -12684.1  0  0  -12684.1  0  -12684.1  10953.9  0  0  10953.9  0  10953.9
1.3467e+13  0  448.9  -12674.4  0  0  -12674.4  0  -12674.4  10938.2  0  0  10938.2  0  10938.2
1.3476e+13  0  449.2  -12664.7  0  0  -12664.7  0  -12664.7  10922.5  0  0  10922.5  0  10922.5
1.3485e+13  0  449.5  -12655  0  0  -12655  0  -12655  10906.9  0  0  10906.9  0  10906.9
1.3494e+13  0  449.8  -12645.3  0  0  -12645.3  0  -12645.3  10891.3  0  0  10891.3  0  10891.3
1.3503e+13  0  450.1  -12635.6  0  0  -12635.6  0  -12635.6  10875.7  0  0  10875.7  0  10875.7
1.3512e+13  0  450.4  -12625.9  0  0  -12625.9  0  -12625.9  10860.1  0  0  10860.1  0  10860.1
1.3521e+13  0  450.7  -12616.2  0  0  -12616.2  0  -12616.2  10844.6  0  0  10844.6  0  10844.6
1.353e+13  0  451  -12606.5  0  0  -12606.5  0  -12606.5  10829.1  0  0  10829.1  0  10829.1
1.3539e+13  0  451.3  -12596.9  0  0  -12596.9  0  -12596.9  10813.6  0  0  10813.6  0  10813.6
1.3548e+13  0  451.6  -12587.2  0  0  -12587.2  0  -12587.2  10798.1  0  0  10798.1  0  10798.1
1.3557e+13  0  451.9  -12577.6  0  0  -12577.6  0  -12577.6  10782.7  0  0  10782.7  0  10782.7
1.3566e+13  0  452.2  -12567.9  0  0  -12567.9  0  -12567.9  10767.3  0  0  10767.3  0  10767.3
1.3575e+13  0  452.5  -12558.3  0  0  -12558.3  0  -12558.3  10751.9  0  0  10751.9  0  10751.9
1.3584e+13  0  452.8  -12548.7  0  0  -12548.7  0  -12548.7  10736.6  0  0  10736.6  0  10736.6
1.3593e+13  0  453.1  -12539.1  0  0  -12539.1  0  -12539.1  10721.3  0  0  10721.3  0  10721.3
1.3602e+13  0  453.4  -12529.5  0  0  -12529.5  0  -12529.5  10706  0  0  10706  0  10706
1.3611e+13  0  453.7  -12519.9  0  0  -12519.9  0  -12519.9  10690.7  0  0  10690.7  0  10690.7
1.362e+13  0  454  -12510.3  0  0  -12510.3  0  -12510.3  10675.5  0  0  10675.5  0  10675.5
1.3629e+13  0  454.3  -12500.7  0  0  -12500.7  0  -12500.7  10660.3  0  0  10660.3  0  10660.3
1.3638e+13  0  454.6  -12491.1  0  0  -12491.1  0  -12491.1  10645.1  0  0  10645.1  0  10645.1
1.3647e+13  0  454.9  -12481.6  0  0  -12481.6  0  -12481.6  10630  0  0  10630  0  10630
1.3656e+13  0  455.2  -12472  0  0  -12472  0  -12472  10614.8  0  0  10614.8  0  10614.8
1.3665e+13  0  455.5  -12462.5  0  0  -12462.5  0  -12462.5  10599.7  0  0  10599.7  0  10599.7
1.3674e+13  0  455.8  -12452.9  0  0  -12452.9  0  -12452.9  10584.7  0  0  10584.7  0  10584.7
1.3683e+13  0  456.1  -12443.4  0  0  -12443.4  0  -12443.4  10569.6  0  0  10569.6  0  10569.6
1.3692e+13  0  456.4  -12433.9  0  0  -12433.9  0  -12433.9  10554.6  0  0  10554.6  0  10554.6
1.3701e+13  0  456.7  -12424.4  0  0  -12424.4  0  -12424.4  10539.6  0  0  10539.6  0  10539.6
1.371e+13  0  457  -12414.9  0  0  -12414.9  0  -12414.9  10524.6  0  0  10524.6  0  10524.6
1.3719e+13  0  457.3  -12405.4  0  0  -12405.4  0  -12405.4  10509.7  0  0  10509.7  0  10509.7
1.3728e+13  0  457.6  -12395.9  0  0  -12395.9  0  -12395.9  10494.8  0  0  10494.8  0  10494.8
1.3737e+13  0  457.9  -12386.4  0  0  -12386.4  0  -12386.4  10479.9  0  0  10479.9  0  10479.9
1.3746e+13  0  458.2  -12376.9  0  0  -12376.9  0  -12376.9  10465  0  0  10465  0  10465
1.3755e+13  0  458.5  -12367.5  0  0  -12367.5  0  -12367.5  10450.2  0  0  10450.2  0  10450.2
1.3764e+13  0  458.8  -12358  0  0  -12358  0  -12358  10435.4  0  0  10435.4  0  10435.4
1.3773e+13  0  459.1  -12348.6  0  0  -12348.6  0  -12348.6  10420.6  0  0  10420.6  0  10420.6
1.3782e+13  0  459.4  -12339.1  0  0  -12339.1  0  -12339.1  10405.9  0  0  10405.9  0  10405.9
1.3791e+13  0  459.7  -12329.7  0  0  -12329.7  0  -12329.7  10391.1  0  0  10391.1  0  10391.1
1.38e+13  0  460  -12320.3  0  0  -12320.3  0  -12320.3  10376.4  0  0  10376.4  0  10376.4
1.3809e+13  0  460.3  -12310.9  0  0  -12310.9  0  -12310.9  10361.8  0  0  10361.8  0  10361.8
1.3818e+13  0  460.6  -12301.5  0  0  -12301.5  0  -12301.5  10347.1  0  0  10347.1  0  10347.1
1.3827e+13  0  460.9  -12292.1  0  0  -12292.1  0  -12292.1  10332.5  0  0  10332.5  0  10332.5
1.3836e+13  0  461.2  -12282.7  0  0  -12282.7  0  -12282.7  10317.9  0  0  10317.9  0  10317.9
1.3845e+13  0  461.5  -12273.3  0  0  -12273.3  0  -12273.3  10303.3  0  0  10303.3  0  10303.3
1.3854e+13  0  461.8  -12263.9  0  0  -12263.9  0  -12263.9  10288.8  0  0  10288.8  0  10288.8
1.3863e+13  0  462.1  -12254.6  0  0  -12254.6  0  -12254.6  10274.3  0  0  10274.3  0  10274.3
1.3872e+13  0  462.4  -12245.2  0  0  -12245.2  0  -12245.2  10259.8  0  0  10259.8  0  10259.8
1.3881e+13  0  462.7  -12235.9  0  0  -12235.9  0  -12235.9  10245.3  0  0  10245.3  0  10245.3
1.389e+13  0  463  -12226.5  0  0  -12226.5  0  -12226.5  10230.9  0  0  10230.9  0  10230.9
1.3899e+13  0  463.3  -12217.2  0  0  -12217.2  0  -12217.2  10216.4  0  0  10216.4  0  10216.4
1.3908e+13  0  463.6  -12207.9  0  0  -12207.9  0  -12207.9  10202.1  0  0  10202.1  0  10202.1
1.3917e+13  0  463.9  -12198.6  0  0  -12198.6  0  -12198.6  10187.7  0  0  10187.7  0  10187.7
1.3926e+13  0  464.2  -12189.3  0  0  -12189.3  0  -12189.3  10173.3  0  0  10173.3  0  10173.3
1.3935e+13  0  464.5  -12180  0  0  -12180  0  -12180  10159  0  0  10159  0  10159
1.3944e+13  0  464.8  -12170.7  0  0  -12170.7  0  -12170.7  10144.7  0  0  10144.7  0  10144.7
1.3953e+13  0  465.1  -12161.4  0  0  -12161.4  0  -12161.4  10130.5  0  0  10130.5  0  10130.5
1.3962e+13  0  465.4  -12152.1  0  0  -12152.1  0  -12152.1  10116.2  0  0  10116.2  0  10116.2
1.3971e+13  0  465.7  -12142.9  0  0  -12142.9  0  -12142.9  10102  0  0  10102  0  10102
1.398e+13  0  466  -12133.6  0  0  -12133.6  0  -12133.6  10087.8  0  0  10087.8  0  10087.8
1.3989e+13  0  466.3  -12124.3  0  0  -12124.3  0  -12124.3  10073.7  0  0  10073.7  0  10073.7
1.3998e+13  0  466.6  -12115.1  0  0  -12115.1  0  -12115.1  10059.5  0  0  10059.5  0  10059.5
1.4007e+13  0  466.9  -12105.9  0  0  -12105.9  0  -12105.9  10045.4  0  0  10045.4  0  10045.4
1.4016e+13  0  467.2  -12096.6  0  0  -12096.6  0  -12096.6  10031.3  0  0  10031.3  0  10031.3
1.4025e+13  0  467.5  -12087.4  0  0  -12087.4  0  -12087.4  10017.3  0  0  10017.3  0  10017.3
1.4034e+13  0  467.8  -12078.2  0  0  -12078.2  0  -12078.2  10003.2  0  0  10003.2  0  10003.2
1.4043e+13  0  468.1  -12069  0  0  -12069  0  -12069  9989.21  0  0  9989.21  0  9989.21
1.4052e+13  0  468.4  -12059.8  0  0  -12059.8  0  -12059.8  9975.22  0  0  9975.22  0  9975.22
1.4061e+13  0  468.7  -12050.6  0  0  -12050.6  0  -12050.6  9961.25  0  0  9961.25  0  9961.25
1.407e+13  0  469  -12041.5  0  0  -12041.5  0  -12041.5  9947.31  0  0  9947.31  0  9947.31
1.4079e+13  0  469.3  -12032.3  0  0  -12032.3  0  -12032.3  9933.39  0  0  9933.39  0  9933.39
1.4088e+13  0  469.6  -12023.1  0  0  -12023.1  0  -12023.1  9919.5  0  0  9919.5  0  9919.5
1.4097e+13  0  469.9  -12014  0  0  -12014  0  -12014  9905.63  0  0  9905.63  0  9905.63
1.4106e+13  0  470.2  -12004.8  0  0  -12004.8  0  -12004.8  9891.79  0  0  9891.79  0  9891.79
1.4115e+13  0  470.5  -11995.7  0  0  -11995.7  0  -11995.7  9877.97  0  0  9877.97  0  9877.97
1.4124e+13  0  470.8  -11986.6  0  0  -11986.6  0  -11986.6  9864.18  0  0  9864.18  0  9864.18
1.4133e+13  0  471.1  -11977.5  0  0  -11977.5  0  -11977.5  9850.41  0  0  9850.41  0  9850.41
1.4142e+13  0  471.4  -11968.4  0  0  -11968.4  0  -11968.4  9836.66  0  0  9836.66  0  9836.66
1.4151e+13  0  471.7  -11959.3  0  0  -11959.3  0  -11959.3  9822.94  0  0  9822.94  0  9822.94
1.416e+13  0  472  -11950.2  0  0  -11950.2  0  -11950.2  9809.24  0  0  9809.24  0  9809.24
1.4169e+13  0  472.3  -11941.1  0  0  -11941.1  0  -11941.1  9795.56  0  0  9795.56  0  9795.56
1.4178e+13  0  472.6  -11932  0  0  -11932  0  -11932  9781.91  0  0  9781.91  0  9781.91
1.4187e+13  0  472.9  -11922.9  0  0  -11922.9  0  -11922.9  9768.29  0  0  9768.29  0  9768.29
1.4196e+13  0  473.2  -11913.9  0  0  -11913.9  0  -11913.9  9754.68  0  0  9754.68  0  9754.68
1.4205e+13  0  473.5  -11904.8  0  0  -11904.8  0  -11904.8  9741.1  0  0  9741.1  0  9741.1
1.4214e+13  0  473.8  -11895.8  0  0  -11895.8  0  -11895.8  9727.55  0  0  9727.55  0  9727.55
1.4223e+13  0  474.1  -11886.7  0  0  -11886.7  0  -11886.7  9714.02  0  0  9714.02  0  9714.02
1.4232e+13  0  474.4  -11877.7  0  0  -11877.7  0  -11877.7  9700.51  0  0  9700.51  0  9700.51
1.4241e+13  0  474.7  -11868.7  0  0  -11868.7  0  -11868.7  9687.02  0  0  9687.02  0  9687.02
1.425e+13  0  475  -11859.6  0  0  -11859.6  0  -11859.6  9673.56  0  0  9673.56  0  9673.56
1.4259e+13  0  475.3  -11850.6  0  0  -11850.6  0  -11850.6  9660.13  0  0  9660.13  0  9660.13
1.4268e+13  0  475.6  -11841.6  0  0  -11841.6  0  -11841.6  9646.71  0  0  9646.71  0  9646.71
1.4277e+13  0  475.9  -11832.6  0  0  -11832.6  0  -11832.6  9633.32  0  0  9633.32  0  9633.32
1.4286e+13  0  476.2  -11823.7  0  0  -11823.7  0  -11823.7  9619.95  0  0  9619.95  0  9619.95
1.4295e+13  0  476.5  -11814.7  0  0  -11814.7  0  -11814.7  9606.61  0  0  9606.61  0  9606.61
1.4304e+13  0  476.8  -11805.7  0  0  -11805.7  0  -11805.7  9593.29  0  0  9593.29  0  9593.29
1.4313e+13  0  477.1  -11796.8  0  0  -11796.8  0  -11796.8  9579.99  0  0  9579.99  0  9579.99
1.4322e+13  0  477.4  -11787.8  0  0  -11787.8  0  -11787.8  9566.72  0  0  9566.72  0  9566.72
1.4331e+13  0  477.7  -11778.9  0  0  -11778.9  0  -11778.9  9553.47  0  0  9553.47  0  9553.47
1.434e+13  0  478  -11769.9  0  0  -11769.9  0  -11769.9  9540.24  0  0  9540.24  0  9540.24
1.4349e+13  0  478.3  -11761  0  0  -11761  0  -11761  9527.03  0  0  9527.03  0  9527.03
1.4358e+13  0  478.6  -11752.1  0  0  -11752.1  0  -11752.1  9513.85  0  0  9513.85  0  9513.85
1.4367e+13  0  478.9  -11743.2  0  0  -11743.2  0  -11743.2  9500.69  0  0  9500.69  0  9500.69
1.4376e+13  0  479.2  -11734.3  0  0  -11734.3  0  -11734.3  9487.56  0  0  9487.56  0  9487.56
1.4385e+13  0  479.5  -11725.4  0  0  -11725.4  0  -11725.4  9474.44  0  0  9474.44  0  9474.44
1.4394e+13  0  479.8  -11716.5  0  0  -11716.5  0  -11716.5  9461.35  0  0  9461.35  0  9461.35
1.4403e+13  0  480.1  -11707.6  0  0  -11707.6  0  -11707.6  9448.28  0  0  9448.28  0  9448.28
1.4412e+13  0  480.4  -11698.7  0  0  -11698.7  0  -11698.7  9435.24  0  0  9435.24  0  9435.24
1.4421e+13  0  480.7  -11689.9  0  0  -11689.9  0  -11689.9  9422.22  0  0  9422.22  0  9422.22
1.443e+13  0  481  -11681  0  0  -11681  0  -11681  9409.22  0  0  9409.22  0  9409.22
1.4439e+13  0  481.3  -11672.2  0  0  -11672.2  0  -11672.2  9396.24  0  0  9396.24  0  9396.24
1.4448e+13  0  481.6  -11663.3  0  0  -11663.3  0  -11663.3  9383.28  0  0  9383.28  0  9383.28
1.4457e+13  0  481.9  -11654.5  0  0  -11654.5  0  -11654.5  9370.35  0  0  9370.35  0  9370.35
1.4466e+13  0  482.2  -11645.7  0  0  -11645.7  0  -11645.7  9357.44  0  0  9357.44  0  9357.44
1.4475e+13  0  482.5  -11636.9  0  0  -11636.9  0  -11636.9  9344.55  0  0  9344.55  0  9344.55
1.4484e+13  0  482.8  -11628  0  0  -11628  0  -11628  9331.69  0  0  9331.69  0  9331.69
1.4493e+13  0  483.1  -11619.2  0  0  -11619.2  0  -11619.2  9318.84  0  0  9318.84  0  9318.84
1.4502e+13  0  483.4  -11610.5  0  0  -11610.5  0  -11610.5  9306.02  0  0  9306.02  0  9306.02
1.4511e+13  0  483.7  -11601.7  0  0  -11601.7  0  -11601.7  9293.22  0  0  9293.22  0  9293.22
1.452e+13  0  484  -11592.9  0  0  -11592.9  0  -11592.9  9280.45  0  0  9280.45  0  9280.45
1.4529e+13  0  484.3  -11584.1  0  0  -11584.1  0  -11584.1  9267.69  0  0  9267.69  0  9267.69
1.4538e+13  0  484.6  -11575.4  0  0  -11575.4  0  -11575.4  9254.96  0  0  9254.96  0  9254.96
1.4547e+13  0  484.9  -11566.6  0  0  -11566.6  0  -11566.6  9242.25  0  0  9242.25  0  9242.25
1.4556e+13  0  485.2  -11557.9  0  0  -11557.9  0  -11557.9  9229.56  0  0  9229.56  0  9229.56
1.4565e+13  0  485.5  -11549.1  0  0  -11549.1  0  -11549.1  9216.9  0  0  9216.9  0  9216.9
1.4574e+13  0  485.8  -11540.4  0  0  -11540.4  0  -11540.4  9204.25  0  0  9204.25  0  9204.25
1.4583e+13  0  486.1  -11531.7  0  0  -11531.7  0  -11531.7  9191.63  0  0  9191.63  0  9191.63
1.4592e+13  0  486.4  -11522.9  0  0  -11522.9  0  -11522.9  9179.03  0  0  9179.03  0  9179.03
1.4601e+13  0  486.7  -11514.2  0  0  -11514.2  0  -11514.2  9166.45  0  0  9166.45  0  9166.45
1.461e+13  0  487  -11505.5  0  0  -11505.5  0  -11505.5  9153.89  0  0  9153.89  0  9153.89
1.4619e+13  0  487.3  -11496.9  0  0  -11496.9  0  -11496.9  9141.35  0  0  9141.35  0  9141.35
1.4628e+13  0  487.6  -11488.2  0  0  -11488.2  0  -11488.2  9128.84  0  0  9128.84  0  9128.84
1.4637e+13  0  487.9  -11479.5  0  0  -11479.5  0  -11479.5  9116.35  0  0  9116.35  0  9116.35
1.4646e+13  0  488.2  -11470.8  0  0  -11470.8  0  -11470.8  9103.87  0  0  9103.87  0  9103.87
1.4655e+13  0  488.5  -11462.2  0  0  -11462.2  0  -11462.2  9091.42  0  0  9091.42  0  9091.42
1.4664e+13  0  488.8  -11453.5  0  0  -11453.5  0  -11453.5  9079  0  0  9079  0  9079
1.4673e+13  0  489.1  -11444.9  0  0  -11444.9  0  -11444.9  9066.59  0  0  9066.59  0  9066.59
1.4682e+13  0  489.4  -11436.2  0  0  -11436.2  0  -11436.2  9054.2  0  0  9054.2  0  9054.2
1.4691e+13  0  489.7  -11427.6  0  0  -11427.6  0  -11427.6  9041.84  0  0  9041.84  0  9041.84
1.47e+13  0  490  -11419  0  0  -11419  0  -11419  9029.5  0  0  9029.5  0  9029.5
1.4709e+13  0  490.3  -11410.4  0  0  -11410.4  0  -11410.4  9017.17  0  0  9017.17  0  9017.17
1.4718e+13  0  490.6  -11401.8  0  0  -11401.8  0  -11401.8  9004.87  0  0  9004.87  0  9004.87
1.4727e+13  0  490.9  -11393.2  0  0  -11393.2  0  -11393.2  8992.59  0  0  8992.59  0  8992.59
1.4736e+13  0  491.2  -11384.6  0  0  -11384.6  0  -11384.6  8980.33  0  0  8980.33  0  8980.33
1.4745e+13  0  491.5  -11376  0  0  -11376  0  -11376  8968.1  0  0  8968.1  0  8968.1
1.4754e+13  0  491.8  -11367.4  0  0  -11367.4  0  -11367.4  8955.88  0  0  8955.88  0  8955.88
1.4763e+13  0  492.1  -11358.8  0  0  -11358.8  0  -11358.8  8943.68  0  0  8943.68  0  8943.68
1.4772e+13  0  492.4  -11350.3  0  0  -11350.3  0  -11350.3  8931.51  0  0  8931.51  0  8931.51
1.4781e+13  0  492.7  -11341.7  0  0  -11341.7  0  -11341.7  8919.35  0  0  8919.35  0  8919.35
1.479e+13  0  493  -11333.2  0  0  -11333.2  0  -11333.2  8907.22  0  0  8907.22  0  8907.22
1.4799e+13  0  493.3  -11324.6  0  0  -11324.6  0  -11324.6  8895.11  0  0  8895.11  0  8895.11
1.4808e+13  0  493.6  -11316.1  0  0  -11316.1  0  -11316.1  8883.02  0  0  8883.02  0  8883.02
1.4817e+13  0  493.9  -11307.6  0  0  -11307.6  0  -11307.6  8870.95  0  0  8870.95  0  8870.95
1.4826e+13  0  494.2  -11299.1  0  0  -11299.1  0  -11299.1  8858.9  0  0  8858.9  0  8858.9
1.4835e+13  0  494.5  -11290.6  0  0  -11290.6  0  -11290.6  8846.87  0  0  8846.87  0  8846.87
1.4844e+13  0  494.8  -11282.1  0  0  -11282.1  0  -11282.1  8834.86  0  0  8834.86  0  8834.86
1.4853e+13  0  495.1  -11273.6  0  0  -11273.6  0  -11273.6  8822.87  0  0  8822.87  0  8822.87
1.4862e+13  0  495.4  -11265.1  0  0  -11265.1  0  -11265.1  8810.9  0  0  8810.9  0  8810.9
1.4871e+13  0  495.7  -11256.6  0  0  -11256.6  0  -11256.6  8798.95  0  0  8798.95  0  8798.95
1.488e+13  0  496  -11248.2  0  0  -11248.2  0  -11248.2  8787.02  0  0  8787.02  0  8787.02
1.4889e+13  0  496.3  -11239.7  0  0  -11239.7  0  -11239.7  8775.12  0  0  8775.12  0  8775.12
1.4898e+13  0  496.6  -11231.2  0  0  -11231.2  0  -11231.2  8763.23  0  0  8763.23  0  8763.23
1.4907e+13  0  496.9  -11222.8  0  0  -11222.8  0  -11222.8  8751.36  0  0  8751.36  0  8751.36
1.4916e+13  0  497.2  -11214.4  0  0  -11214.4  0  -11214.4  8739.52  0  0  8739.52  0  8739.52
1.4925e+13  0  497.5  -11205.9  0  0  -11205.9  0  -11205.9  8727.69  0  0  8727.69  0  8727.69
1.4934e+13  0  497.8  -11197.5  0  0  -11197.5  0  -11197.5  8715.89  0  0  8715.89  0  8715.89
1.4943e+13  0  498.1  -11189.1  0  0  -11189.1  0  -11189.1  8704.1  0  0  8704.1  0  8704.1
1.4952e+13  0  498.4  -11180.7  0  0  -11180.7  0  -11180.7  8692.33  0  0  8692.33  0  8692.33
1.4961e+13  0  498.7  -11172.3  0  0  -11172.3  0  -11172.3  8680.59  0  0  8680.59  0  8680.59
1.497e+13  0  499  -11163.9  0  0  -11163.9  0  -11163.9  8668.86  0  0  8668.86  0  8668.86
1.4979e+13  0  499.3  -11155.5  0  0  -11155.5  0  -11155.5  8657.16  0  0  8657.16  0  8657.16
1.4988e+13  0  499.6  -11147.1  0  0  -11147.1  0  -11147.1  8645.47  0  0  8645.47  0  8645.47
1.4997e+13  0  499.9  -11138.8  0  0  -11138.8  0  -11138.8  8633.8  0  0  8633.8  0  8633.8
1.5006e+13  0  500.2  -11130.4  0  0  -11130.4  0  -11130.4  8622.16  0  0  8622.16  0  8622.16
1.5015e+13  0  500.5  -11122  0  0  -11122  0  -11122  8610.53  0  0  8610.53  0  8610.53
1.5024e+13  0  500.8  -11113.7  0  0  -11113.7  0  -11113.7  8598.93  0  0  8598.93  0  8598.93
1.5033e+13  0  501.1  -11105.3  0  0  -11105.3  0  -11105.3  8587.34  0  0  8587.34  0  8587.34
1.5042e+13  0  501.4  -11097  0  0  -11097  0  -11097  8575.77  0  0  8575.77  0  8575.77
1.5051e+13  0  501.7  -11088.7  0  0  -11088.7  0  -11088.7  8564.22  0  0  8564.22  0  8564.22
1.506e+13  0  502  -11080.4  0  0  -11080.4  0  -11080.4  8552.7  0  0  8552.7  0  8552.7
1.5069e+13  0  502.3  -11072.1  0  0  -11072.1  0  -11072.1  8541.19  0  0  8541.19  0  8541.19
1.5078e+13  0  502.6  -11063.8  0  0  -11063.8  0  -11063.8  8529.7  0  0  8529.7  0  8529.7
1.5087e+13  0  502.9  -11055.5  0  0  -11055.5  0  -11055.5  8518.23  0  0  8518.23  0  8518.23
1.5096e+13  0  503.2  -11047.2  0  0  -11047.2  0  -11047.2  8506.78  0  0  8506.78  0  8506.78
1.5105e+13  0  503.5  -11038.9  0  0  -11038.9  0  -11038.9  8495.35  0  0  8495.35  0  8495.35
1.5114e+13  0  503.8  -11030.6  0  0  -11030.6  0  -11030.6  8483.94  0  0  8483.94  0  8483.94
1.5123e+13  0  504.1  -11022.4  0  0  -11022.4  0  -11022.4  8472.54  0  0  8472.54  0  8472.54
1.5132e+13  0  504.4  -11014.1  0  0  -11014.1  0  -11014.1  8461.17  0  0  8461.17  0  8461.17
1.5141e+13  0  504.7  -11005.9  0  0  -11005.9  0  -11005.9  8449.82  0  0  8449.82  0  8449.82
1.515e+13  0  505  -10997.6  0  0  -10997.6  0  -10997.6  8438.48  0  0  8438.48  0  8438.48
1.5159e+13  0  505.3  -10989.4  0  0  -10989.4  0  -10989.4  8427.17  0  0  8427.17  0  8427.17
1.5168e+13  0  505.6  -10981.1  0  0  -10981.1  0  -10981.1  8415.87  0  0  8415.87  0  8415.87
1.5177e+13  0  505.9  -10972.9  0  0  -10972.9  0  -10972.9  8404.6  0  0  8404.6  0  8404.6
1.5186e+13  0  506.2  -10964.7  0  0  -10964.7  0  -10964.7  8393.34  0  0  8393.34  0  8393.34
1.5195e+13  0  506.5  -10956.5  0  0  -10956.5  0  -10956.5  8382.1  0  0  8382.1  0  8382.1
1.5204e+13  0  506.8  -10948.3  0  0  -10948.3  0  -10948.3  8370.88  0  0  8370.88  0  8370.88
1.5213e+13  0  507.1  -10940.1  0  0  -10940.1  0  -10940.1  8359.68  0  0  8359.68  0  8359.68
1.5222e+13  0  507.4  -10931.9  0  0  -10931.9  0  -10931.9  8348.5  0  0  8348.5  0  8348.5
1.5231e+13  0  507.7  -10923.8  0  0  -10923.8  0  -10923.8  8337.33  0  0  8337.33  0  8337.33
1.524e+13  0  508  -10915.6  0  0  -10915.6  0  -10915.6  8326.19  0  0  8326.19  0  8326.19
1.5249e+13  0  508.3  -10907.4  0  0  -10907.4  0  -10907.4  8315.06  0  0  8315.06  0  8315.06
1.5258e+13  0  508.6  -10899.3  0  0  -10899.3  0  -10899.3  8303.96  0  0  8303.96  0  8303.96
1.5267e+13  0  508.9  -10891.1  0  0  -10891.1  0  -10891.1  8292.87  0  0  8292.87  0  8292.87
1.5276e+13  0  509.2  -10883  0  0  -10883  0  -10883  8281.8  0  0  8281.8  0  8281.8
1.5285e+13  0  509.5  -10874.9  0  0  -10874.9  0  -10874.9  8270.75  0  0  8270.75  0  8270.75
1.5294e+13  0  509.8  -10866.7  0  0  -10866.7  0  -10866.7  8259.71  0  0  8259.71  0  8259.71
1.5303e+13  0  510.1  -10858.6  0  0  -10858.6  0  -10858.6  8248.7  0  0  8248.7  0  8248.7
1.5312e+13  0  510.4  -10850.5  0  0  -10850.5  0  -10850.5  8237.71  0  0  8237.71  0  8237.71
1.5321e+13  0  510.7  -10842.4  0  0  -10842.4  0  -10842.4  8226.73  0  0  8226.73  0  8226.73
1.533e+13  0  511  -10834.3  0  0  -10834.3  0  -10834.3  8215.77  0  0  8215.77  0  8215.77
1.5339e+13  0  511.3  -10826.2  0  0  -10826.2  0  -10826.2  8204.83  0  0  8204.83  0  8204.83
1.5348e+13  0  511.6  -10818.1  0  0  -10818.1  0  -10818.1  8193.91  0  0  8193.91  0  8193.91
1.5357e+13  0  511.9  -10810.1  0  0  -10810.1  0  -10810.1  8183.01  0  0  8183.01  0  8183.01
1.5366e+13  0  512.2  -10802  0  0  -10802  0  -10802  8172.12  0  0  8172.12  0  8172.12
1.5375e+13  0  512.5  -10793.9  0  0  -10793.9  0  -10793.9  8161.25  0  0  8161.25  0  8161.25
1.5384e+13  0  512.8  -10785.9  0  0  -10785.9  0  -10785.9  8150.41  0  0  8150.41  0  8150.41
1.5393e+13  0  513.1  -10777.9  0  0  -10777.9  0  -10777.9  8139.57  0  0  8139.57  0  8139.57
1.5402e+13  0  513.4  -10769.8  0  0  -10769.8  0  -10769.8  8128.76  0  0  8128.76  0  8128.76
1.5411e+13  0  513.7  -10761.8  0  0  -10761.8  0  -10761.8  8117.97  0  0  8117.97  0  8117.97
1.542e+13  0  514  -10753.8  0  0  -10753.8  0  -10753.8  8107.19  0  0  8107.19  0  8107.19
1.5429e+13  0  514.3  -10745.8  0  0  -10745.8  0  -10745.8  8096.43  0  0  8096.43  0  8096.43
1.5438e+13  0  514.6  -10737.7  0  0  -10737.7  0  -10737.7  8085.69  0  0  8085.69  0  8085.69
1.5447e+13  0  514.9  -10729.7  0  0  -10729.7  0  -10729.7  8074.97  0  0  8074.97  0  8074.97
1.5456e+13  0  515.2  -10721.8  0  0  -10721.8  0  -10721.8  8064.27  0  0  8064.27  0  8064.27
1.5465e+13  0  515.5  -10713.8  0  0  -10713.8  0  -10713.8  8053.58  0  0  8053.58  0  8053.58
1.5474e+13  0  515.8  -10705.8  0  0  -10705.8  0  -10705.8  8042.91  0  0  8042.91  0  8042.91
1.5483e+13  0  516.1  -10697.8  0  0  -10697.8  0  -10697.8  8032.26  0  0  8032.26  0  8032.26
1.5492e+13  0  516.4  -10689.9  0  0  -10689.9  0  -10689.9  8021.63  0  0  8021.63  0  8021.63
1.5501e+13  0  516.7  -10681.9  0  0  -10681.9  0  -10681.9  8011.02  0  0  8011.02  0  8011.02
1.551e+13  0  517  -10673.9  0  0  -10673.9  0  -10673.9  8000.42  0  0  8000.42  0  8000.42
1.5519e+13  0  517.3  -10666  0  0  -10666  0  -10666  7989.84  0  0  7989.84  0  7989.84
1.5528e+13  0  517.6  -10658.1  0  0  -10658.1  0  -10658.1  7979.28  0  0  7979.28  0  7979.28
1.5537e+13  0  517.9  -10650.1  0  0  -10650.1  0  -10650.1  7968.73  0  0  7968.73  0  7968.73
1.5546e+13  0  518.2  -10642.2  0  0  -10642.2  0  -10642.2  7958.21  0  0  7958.21  0  7958.21
1.5555e+13  0  518.5  -10634.3  0  0  -10634.3  0  -10634.3  7947.7  0  0  7947.7  0  7947.7
1.5564e+13  0  518.8  -10626.4  0  0  -10626.4  0  -10626.4  7937.21  0  0  7937.21  0  7937.21
1.5573e+13  0  519.1  -10618.5  0  0  -10618.5  0  -10618.5  7926.73  0  0  7926.73  0  7926.73
1.5582e+13  0  519.4  -10610.6  0  0  -10610.6  0  -10610.6  7916.28  0  0  7916.28  0  7916.28
1.5591e+13  0  519.7  -10602.7  0  0  -10602.7  0  -10602.7  7905.84  0  0  7905.84  0  7905.84
1.56e+13  0  520  -10594.8  0  0  -10594.8  0  -10594.8  7895.41  0  0  7895.41  0  7895.41
1.5609e+13  0  520.3  -10587  0  0  -10587  0  -10587  7885.01  0  0  7885.01  0  7885.01
1.5618e+13  0  520.6  -10579.1  0  0  -10579.1  0  -10579.1  7874.62  0  0  7874.62  0  7874.62
1.5627e+13  0  520.9  -10571.3  0  0  -10571.3  0  -10571.3  7864.25  0  0  7864.25  0  7864.25
1.5636e+13  0  521.2  -10563.4  0  0  -10563.4  0  -10563.4  7853.9  0  0  7853.9  0  7853.9
1.5645e+13  0  521.5  -10555.6  0  0  -10555.6  0  -10555.6  7843.56  0  0  7843.56  0  7843.56
1.5654e+13  0  521.8  -10547.7  0  0  -10547.7  0  -10547.7  7833.25  0  0  7833.25  0  7833.25
1.5663e+13  0  522.1  -10539.9  0  0  -10539.9  0  -10539.9  7822.95  0  0  7822.95  0  7822.95
1.5672e+13  0  522.4  -10532.1  0  0  -10532.1  0  -10532.1  7812.66  0  0  7812.66  0  7812.66
1.5681e+13  0  522.7  -10524.3  0  0  -10524.3  0  -10524.3  7802.39  0  0  7802.39  0  7802.39
1.569e+13  0  523  -10516.5  0  0  -10516.5  0  -10516.5  7792.14  0  0  7792.14  0  7792.14
1.5699e+13  0  523.3  -10508.7  0  0  -10508.7  0  -10508.7  7781.91  0  0  7781.91  0  7781.91
1.5708e+13  0  523.6  -10500.9  0  0  -10500.9  0  -10500.9  7771.7  0  0  7771.7  0  7771.7
1.5717e+13  0  523.9  -10493.1  0  0  -10493.1  0  -10493.1  7761.5  0  0  7761.5  0  7761.5
1.5726e+13  0  524.2  -10485.3  0  0  -10485.3  0  -10485.3  7751.31  0  0  7751.31  0  7751.31
1.5735e+13  0  524.5  -10477.5  0  0  -10477.5  0  -10477.5  7741.15  0  0  7741.15  0  7741.15
1.5744e+13  0  524.8  -10469.8  0  0  -10469.8  0  -10469.8  7731  0  0  7731  0  7731
1.5753e+13  0  525.1  -10462  0  0  -10462  0  -10462  7720.87  0  0  7720.87  0  7720.87
1.5762e+13  0  525.4  -10454.3  0  0  -10454.3  0  -10454.3  7710.75  0  0  7710.75  0  7710.75
1.5771e+13  0  525.7  -10446.5  0  0  -10446.5  0  -10446.5  7700.65  0  0  7700.65  0  7700.65
1.578e+13  0  526  -10438.8  0  0  -10438.8  0  -10438.8  7690.57  0  0  7690.57  0  7690.57
1.5789e+13  0  526.3  -10431.1  0  0  -10431.1  0  -10431.1  7680.51  0  0  7680.51  0  7680.51
1.5798e+13  0  526.6  -10423.3  0  0  -10423.3  0  -10423.3  7670.46  0  0  7670.46  0  7670.46
1.5807e+13  0  526.9  -10415.6  0  0  -10415.6  0  -10415.6  7660.43  0  0  7660.43  0  7660.43
1.5816e+13  0  527.2  -10407.9  0  0  -10407.9  0  -10407.9  7650.41  0  0  7650.41  0  7650.41
1.5825e+13  0  527.5  -10400.2  0  0  -10400.2  0  -10400.2  7640.42  0  0  7640.42  0  7640.42
1.5834e+13  0  527.8  -10392.5  0  0  -10392.5  0  -10392.5  7630.43  0  0  7630.43  0  7630.43
1.5843e+13  0  528.1  -10384.8  0  0  -10384.8  0  -10384.8  7620.47  0  0  7620.47  0  7620.47
1.5852e+13  0  528.4  -10377.2  0  0  -10377.2  0  -10377.2  7610.52  0  0  7610.52  0  7610.52
1.5861e+13  0  528.7  -10369.5  0  0  -10369.5  0  -10369.5  7600.59  0  0  7600.59  0  7600.59
1.587e+13  0  529  -10361.8  0  0  -10361.8  0  -10361.8  7590.67  0  0  7590.67  0  7590.67
1.5879e+13  0  529.3  -10354.2  0  0  -10354.2  0  -10354.2  7580.77  0  0  7580.77  0  7580.77
1.5888e+13  0  529.6  -10346.5  0  0  -10346.5  0  -10346.5  7570.89  0  0  7570.89  0  7570.89
1.5897e+13  0  529.9  -10338.9  0  0  -10338.9  0  -10338.9  7561.02  0  0  7561.02  0  7561.02
1.5906e+13  0  530.2  -10331.2  0  0  -10331.2  0  -10331.2  7551.17  0  0  7551.17  0  7551.17
1.5915e+13  0  530.5  -10323.6  0  0  -10323.6  0  -10323.6  7541.33  0  0  7541.33  0  7541.33
1.5924e+13  0  530.8  -10316  0  0  -10316  0  -10316  7531.51  0  0  7531.51  0  7531.51
1.5933e+13  0  531.1  -10308.4  0  0  -10308.4  0  -10308.4  7521.71  0  0  7521.71  0  7521.71
1.5942e+13  0  531.4  -10300.7  0  0  -10300.7  0  -10300.7  7511.92  0  0  7511.92  0  7511.92
1.5951e+13  0  531.7  -10293.1  0  0  -10293.1  0  -10293.1  7502.15  0  0  7502.15  0  7502.15
1.596e+13  0  532  -10285.5  0  0  -10285.5  0  -10285.5  7492.4  0  0  7492.4  0  7492.4
1.5969e+13  0  532.3  -10278  0  0  -10278  0  -10278  7482.66  0  0  7482.66  0  7482.66
1.5978e+13  0  532.6  -10270.4  0  0  -10270.4  0  -10270.4  7472.94  0  0  7472.94  0  7472.94
1.5987e+13  0  532.9  -10262.8  0  0  -10262.8  0  -10262.8  7463.23  0  0  7463.23  0  7463.23
1.5996e+13  0  533.2  -10255.2  0  0  -10255.2  0  -10255.2  7453.54  0  0  7453.54  0  7453.54
1.6005e+13  0  533.5  -10247.7  0  0  -10247.7  0  -10247.7  7443.87  0  0  7443.87  0  7443.87
1.6014e+13  0  533.8  -10240.1  0  0  -10240.1  0  -10240.1  7434.21  0  0  7434.21  0  7434.21
1.6023e+13  0  534.1  -10232.6  0  0  -10232.6  0  -10232.6  7424.57  0  0  7424.57  0  7424.57
1.6032e+13  0  534.4  -10225  0  0  -10225  0  -10225  7414.94  0  0  7414.94  0  7414.94
1.6041e+13  0  534.7  -10217.5  0  0  -10217.5  0  -10217.5  7405.33  0  0  7405.33  0  7405.33
1.605e+13  0  535  -10210  0  0  -10210  0  -10210  7395.73  0  0  7395.73  0  7395.73
1.6059e+13  0  535.3  -10202.4  0  0  -10202.4  0  -10202.4  7386.15  0  0  7386.15  0  7386.15
1.6068e+13  0  535.6  -10194.9  0  0  -10194.9  0  -10194.9  7376.59  0  0  7376.59  0  7376.59
1.6077e+13  0  535.9  -10187.4  0  0  -10187.4  0  -10187.4  7367.04  0  0  7367.04  0  7367.04
1.6086e+13  0  536.2  -10179.9  0  0  -10179.9  0  -10179.9  7357.51  0  0  7357.51  0  7357.51
1.6095e+13  0  536.5  -10172.4  0  0  -10172.4  0  -10172.4  7347.99  0  0  7347.99  0  7347.99
1.6104e+13  0  536.8  -10164.9  0  0  -10164.9  0  -10164.9  7338.49  0  0  7338.49  0  7338.49
1.6113e+13  0  537.1  -10157.5  0  0  -10157.5  0  -10157.5  7329  0  0  7329  0  7329
1.6122e+13  0  537.4  -10150  0  0  -10150  0  -10150  7319.53  0  0  7319.53  0  7319.53
1.6131e+13  0  537.7  -10142.5  0  0  -10142.5  0  -10142.5  7310.08  0  0  7310.08  0  7310.08
1.614e+13  0  538  -10135.1  0  0  -10135.1  0  -10135.1  7300.64  0  0  7300.64  0  7300.64
1.6149e+13  0  538.3  -10127.6  0  0  -10127.6  0  -10127.6  7291.21  0  0  7291.21  0  7291.21
1.6158e+13  0  538.6  -10120.2  0  0  -10120.2  0  -10120.2  7281.81  0  0  7281.81  0  7281.81
1.6167e+13  0  538.9  -10112.7  0  0  -10112.7  0  -10112.7  7272.41  0  0  7272.41  0  7272.41
1.6176e+13  0  539.2  -10105.3  0  0  -10105.3  0  -10105.3  7263.03  0  0  7263.03  0  7263.03
1.6185e+13  0  539.5  -10097.9  0  0  -10097.9  0  -10097.9  7253.67  0  0  7253.67  0  7253.67
1.6194e+13  0  539.8  -10090.5  0  0  -10090.5  0  -10090.5  7244.32  0  0  7244.32  0  7244.32
1.6203e+13  0  540.1  -10083  0  0  -10083  0  -10083  7234.99  0  0  7234.99  0  7234.99
1.6212e+13  0  540.4  -10075.6  0  0  -10075.6  0  -10075.6  7225.67  0  0  7225.67  0  7225.67
1.6221e+13  0  540.7  -10068.2  0  0  -10068.2  0  -10068.2  7216.37  0  0  7216.37  0  7216.37
1.623e+13  0  541  -10060.9  0  0  -10060.9  0  -10060.9  7207.08  0  0  7207.08  0  7207.08
1.6239e+13  0  541.3  -10053.5  0  0  -10053.5  0  -10053.5  7197.81  0  0  7197.81  0  7197.81
1.6248e+13  0  541.6  -10046.1  0  0  -10046.1  0  -10046.1  7188.56  0  0  7188.56  0  7188.56
1.6257e+13  0  541.9  -10038.7  0  0  -10038.7  0  -10038.7  7179.31  0  0  7179.31  0  7179.31
1.6266e+13  0  542.2  -10031.4  0  0  -10031.4  0  -10031.4  7170.09  0  0  7170.09  0  7170.09
1.6275e+13  0  542.5  -10024  0  0  -10024  0  -10024  7160.88  0  0  7160.88  0  7160.88
1.6284e+13  0  542.8  -10016.6  0  0  -10016.6  0  -10016.6  7151.68  0  0  7151.68  0  7151.68
1.6293e+13  0  543.1  -10009.3  0  0  -10009.3  0  -10009.3  7142.5  0  0  7142.5  0  7142.5
1.6302e+13  0  543.4  -10002  0  0  -10002  0  -10002  7133.33  0  0  7133.33  0  7133.33
1.6311e+13  0  543.7  -9994.64  0  0  -9994.64  0  -9994.64  7124.18  0  0  7124.18  0  7124.18
1.632e+13  0  544  -9987.31  0  0  -9987.31  0  -9987.31  7115.04  0  0  7115.04  0  7115.04
1.6329e+13  0  544.3  -9979.99  0  0  -9979.99  0  -9979.99  7105.92  0  0  7105.92  0  7105.92
1.6338e+13  0  544.6  -9972.68  0  0  -9972.68  0  -9972.68  7096.81  0  0  7096.81  0  7096.81
1.6347e+13  0  544.9  -9965.38  0  0  -9965.38  0  -9965.38  7087.72  0  0  7087.72  0  7087.72
1.6356e+13  0  545.2  -9958.08  0  0  -9958.08  0  -9958.08  7078.64  0  0  7078.64  0  7078.64
1.6365e+13  0  545.5  -9950.79  0  0  -9950.79  0  -9950.79  7069.58  0  0  7069.58  0  7069.58
1.6374e+13  0  545.8  -9943.51  0  0  -9943.51  0  -9943.51  7060.53  0  0  7060.53  0  7060.53
1.6383e+13  0  546.1  -9936.23  0  0  -9936.23  0  -9936.23  7051.5  0  0  7051.5  0  7051.5
1.6392e+13  0  546.4  -9928.96  0  0  -9928.96  0  -9928.96  7042.48  0  0  7042.48  0  7042.48
1.6401e+13  0  546.7  -9921.7  0  0  -9921.7  0  -9921.7  7033.47  0  0  7033.47  0  7033.47
1.641e+13  0  547  -9914.44  0  0  -9914.44  0  -9914.44  7024.48  0  0  7024.48  0  7024.48
1.6419e+13  0  547.3  -9907.19  0  0  -9907.19  0  -9907.19  7015.51  0  0  7015.51  0  7015.51
1.6428e+13  0  547.6  -9899.95  0  0  -9899.95  0  -9899.95  7006.55  0  0  7006.55  0  7006.55
1.6437e+13  0  547.9  -9892.71  0  0  -9892.71  0  -9892.71  6997.6  0  0  6997.6  0  6997.6
1.6446e+13  0  548.2  -9885.48  0  0  -9885.48  0  -9885.48  6988.67  0  0  6988.67  0  6988.67
1.6455e+13  0  548.5  -9878.25  0  0  -9878.25  0  -9878.25  6979.75  0  0  6979.75  0  6979.75
1.6464e+13  0  548.8  -9871.04  0  0  -9871.04  0  -9871.04  6970.85  0  0  6970.85  0  6970.85
1.6473e+13  0  549.1  -9863.82  0  0  -9863.82  0  -9863.82  6961.96  0  0  6961.96  0  6961.96
1.6482e+13  0  549.4  -9856.62  0  0  -9856.62  0  -9856.62  6953.08  0  0  6953.08  0  6953.08
1.6491e+13  0  549.7  -9849.42  0  0  -9849.42  0  -9849.42  6944.22  0  0  6944.22  0  6944.22
1.65e+13  0  550  -9842.23  0  0  -9842.23  0  -9842.23  6935.38  0  0  6935.38  0  6935.38
1.6509e+13  0  550.3  -9835.05  0  0  -9835.05  0  -9835.05  6926.55  0  0  6926.55  0  6926.55
1.6518e+13  0  550.6  -9827.87  0  0  -9827.87  0  -9827.87  6917.73  0  0  6917.73  0  6917.73
1.6527e+13  0  550.9  -9820.7  0  0  -9820.7  0  -9820.7  6908.93  0  0  6908.93  0  6908.93
1.6536e+13  0  551.2  -9813.53  0  0  -9813.53  0  -9813.53  6900.14  0  0  6900.14  0  6900.14
1.6545e+13  0  551.5  -9806.37  0  0  -9806.37  0  -9806.37  6891.36  0  0  6891.36  0  6891.36
1.6554e+13  0  551.8  -9799.22  0  0  -9799.22  0  -9799.22  6882.6  0  0  6882.6  0  6882.6
1.6563e+13  0  552.1  -9792.08  0  0  -9792.08  0  -9792.08  6873.85  0  0  6873.85  0  6873.85
1.6572e+13  0  552.4  -9784.94  0  0  -9784.94  0  -9784.94  6865.12  0  0  6865.12  0  6865.12
1.6581e+13  0  552.7  -9777.8  0  0  -9777.8  0  -9777.8  6856.4  0  0  6856.4  0  6856.4
1.659e+13  0  553  -9770.68  0  0  -9770.68  0  -9770.68  6847.7  0  0  6847.7  0  6847.7
1.6599e+13  0  553.3  -9763.56  0  0  -9763.56  0  -9763.56  6839.01  0  0  6839.01  0  6839.01
1.6608e+13  0  553.6  -9756.45  0  0  -9756.45  0  -9756.45  6830.33  0  0  6830.33  0  6830.33
1.6617e+13  0  553.9  -9749.34  0  0  -9749.34  0  -9749.34  6821.67  0  0  6821.67  0  6821.67
1.6626e+13  0  554.2  -9742.24  0  0  -9742.24  0  -9742.24  6813.02  0  0  6813.02  0  6813.02
1.6635e+13  0  554.5  -9735.15  0  0  -9735.15  0  -9735.15  6804.39  0  0  6804.39  0  6804.39
1.6644e+13  0  554.8  -9728.06  0  0  -9728.06  0  -9728.06  6795.77  0  0  6795.77  0  6795.77
1.6653e+13  0  555.1  -9720.98  0  0  -9720.98  0  -9720.98  6787.16  0  0  6787.16  0  6787.16
1.6662e+13  0  555.4  -9713.91  0  0  -9713.91  0  -9713.91  6778.57  0  0  6778.57  0  6778.57
1.6671e+13  0  555.7  -9706.84  0  0  -9706.84  0  -9706.84  6769.99  0  0  6769.99  0  6769.99
1.668e+13  0  556  -9699.78  0  0  -9699.78  0  -9699.78  6761.42  0  0  6761.42  0  6761.42
1.6689e+13  0  556.3  -9692.72  0  0  -9692.72  0  -9692.72  6752.87  0  0  6752.87  0  6752.87
1.6698e+13  0  556.6  -9685.68  0  0  -9685.68  0  -9685.68  6744.33  0  0  6744.33  0  6744.33
1.6707e+13  0  556.9  -9678.63  0  0  -9678.63  0  -9678.63  6735.81  0  0  6735.81  0  6735.81
1.6716e+13  0  557.2  -9671.6  0  0  -9671.6  0  -9671.6  6727.29  0  0  6727.29  0  6727.29
1.6725e+13  0  557.5  -9664.57  0  0  -9664.57  0  -9664.57  6718.8  0  0  6718.8  0  6718.8
1.6734e+13  0  557.8  -9657.55  0  0  -9657.55  0  -9657.55  6710.31  0  0  6710.31  0  6710.31
1.6743e+13  0  558.1  -9650.53  0  0  -9650.53  0  -9650.53  6701.84  0  0  6701.84  0  6701.84
1.6752e+13  0  558.4  -9643.52  0  0  -9643.52  0  -9643.52  6693.39  0  0  6693.39  0  6693.39
1.6761e+13  0  558.7  -9636.52  0  0  -9636.52  0  -9636.52  6684.94  0  0  6684.94  0  6684.94
1.677e+13  0  559  -9629.52  0  0  -9629.52  0  -9629.52  6676.51  0  0  6676.51  0  6676.51
1.6779e+13  0  559.3  -9622.53  0  0  -9622.53  0  -9622.53  6668.1  0  0  6668.1  0  6668.1
1.6788e+13  0  559.6  -9615.55  0  0  -9615.55  0  -9615.55  6659.7  0  0  6659.7  0  6659.7
1.6797e+13  0  559.9  -9608.57  0  0  -9608.57  0  -9608.57  6651.31  0  0  6651.31  0  6651.31
1.6806e+13  0  560.2  -9601.6  0  0  -9601.6  0  -9601.6  6642.93  0  0  6642.93  0  6642.93
1.6815e+13  0  560.5  -9594.63  0  0  -9594.63  0  -9594.63  6634.57  0  0  6634.57  0  6634.57
1.6824e+13  0  560.8  -9587.68  0  0  -9587.68  0  -9587.68  6626.22  0  0  6626.22  0  6626.22
1.6833e+13  0  561.1  -9580.72  0  0  -9580.72  0  -9580.72  6617.88  0  0  6617.88  0  6617.88
1.6842e+13  0  561.4  -9573.78  0  0  -9573.78  0  -9573.78  6609.56  0  0  6609.56  0  6609.56
1.6851e+13  0  561.7  -9566.84  0  0  -9566.84  0  -9566.84  6601.25  0  0  6601.25  0  6601.25
1.686e+13  0  562  -9559.91  0  0  -9559.91  0  -9559.91  6592.96  0  0  6592.96  0  6592.96
1.6869e+13  0  562.3  -9552.98  0  0  -9552.98  0  -9552.98  6584.67  0  0  6584.67  0  6584.67
1.6878e+13  0  562.6  -9546.06  0  0  -9546.06  0  -9546.06  6576.4  0  0  6576.4  0  6576.4
1.6887e+13  0  562.9  -9539.15  0  0  -9539.15  0  -9539.15  6568.15  0  0  6568.15  0  6568.15
1.6896e+13  0  563.2  -9532.24  0  0  -9532.24  0  -9532.24  6559.9  0  0  6559.9  0  6559.9
1.6905e+13  0  563.5  -9525.34  0  0  -9525.34  0  -9525.34  6551.67  0  0  6551.67  0  6551.67
1.6914e+13  0  563.8  -9518.44  0  0  -9518.44  0  -9518.44  6543.46  0  0  6543.46  0  6543.46
1.6923e+13  0  564.1  -9511.55  0  0  -9511.55  0  -9511.55  6535.25  0  0  6535.25  0  6535.25
1.6932e+13  0  564.4  -9504.67  0  0  -9504.67  0  -9504.67  6527.06  0  0  6527.06  0  6527.06
1.6941e+13  0  564.7  -9497.79  0  0  -9497.79  0  -9497.79  6518.88  0  0  6518.88  0  6518.88
1.695e+13  0  565  -9490.92  0  0  -9490.92  0  -9490.92  6510.72  0  0  6510.72  0  6510.72
1.6959e+13  0  565.3  -9484.06  0  0  -9484.06  0  -9484.06  6502.57  0  0  6502.57  0  6502.57
1.6968e+13  0  565.6  -9477.2  0  0  -9477.2  0  -9477.2  6494.43  0  0  6494.43  0  6494.43
1.6977e+13  0  565.9  -9470.35  0  0  -9470.35  0  -9470.35  6486.3  0  0  6486.3  0  6486.3
1.6986e+13  0  566.2  -9463.51  0  0  -9463.51  0  -9463.51  6478.19  0  0  6478.19  0  6478.19
1.6995e+13  0  566.5  -9456.67  0  0  -9456.67  0  -9456.67  6470.09  0  0  6470.09  0  6470.09
1.7004e+13  0  566.8  -9449.84  0  0  -9449.84  0  -9449.84  6462  0  0  6462  0  6462
1.7013e+13  0  567.1  -9443.01  0  0  -9443.01  0  -9443.01  6453.92  0  0  6453.92  0  6453.92
1.7022e+13  0  567.4  -9436.19  0  0  -9436.19  0  -9436.19  6445.86  0  0  6445.86  0  6445.86
1.7031e+13  0  567.7  -9429.38  0  0  -9429.38  0  -9429.38  6437.81  0  0  6437.81  0  6437.81
1.704e+13  0  568  -9422.57  0  0  -9422.57  0  -9422.57  6429.78  0  0  6429.78  0  6429.78
1.7049e+13  0  568.3  -9415.77  0  0  -9415.77  0  -9415.77  6421.75  0  0  6421.75  0  6421.75
1.7058e+13  0  568.6  -9408.98  0  0  -9408.98  0  -9408.98  6413.74  0  0  6413.74  0  6413.74
1.7067e+13  0  568.9  -9402.19  0  0  -9402.19  0  -9402.19  6405.74  0  0  6405.74  0  6405.74
1.7076e+13  0  569.2  -9395.4  0  0  -9395.4  0  -9395.4  6397.76  0  0  6397.76  0  6397.76
1.7085e+13  0  569.5  -9388.63  0  0  -9388.63  0  -9388.63  6389.79  0  0  6389.79  0  6389.79
1.7094e+13  0  569.8  -9381.86  0  0  -9381.86  0  -9381.86  6381.83  0  0  6381.83  0  6381.83
1.7103e+13  0  570.1  -9375.09  0  0  -9375.09  0  -9375.09  6373.88  0  0  6373.88  0  6373.88
1.7112e+13  0  570.4  -9368.34  0  0  -9368.34  0  -9368.34  6365.94  0  0  6365.94  0  6365.94
1.7121e+13  0  570.7  -9361.59  0  0  -9361.59  0  -9361.59  6358.02  0  0  6358.02  0  6358.02
1.713e+13  0  571  -9354.84  0  0  -9354.84  0  -9354.84  6350.11  0  0  6350.11  0  6350.11
1.7139e+13  0  571.3  -9348.1  0  0  -9348.1  0  -9348.1  6342.21  0  0  6342.21  0  6342.21
1.7148e+13  0  571.6  -9341.37  0  0  -9341.37  0  -9341.37  6334.33  0  0  6334.33  0  6334.33
1.7157e+13  0  571.9  -9334.64  0  0  -9334.64  0  -9334.64  6326.45  0  0  6326.45  0  6326.45
1.7166e+13  0  572.2  -9327.92  0  0  -9327.92  0  -9327.92  6318.59  0  0  6318.59  0  6318.59
1.7175e+13  0  572.5  -9321.21  0  0  -9321.21  0  -9321.21  6310.74  0  0  6310.74  0  6310.74
1.7184e+13  0  572.8  -9314.5  0  0  -9314.5  0  -9314.5  6302.91  0  0  6302.91  0  6302.91
1.7193e+13  0  573.1  -9307.8  0  0  -9307.8  0  -9307.8  6295.09  0  0  6295.09  0  6295.09
1.7202e+13  0  573.4  -9301.1  0  0  -9301.1  0  -9301.1  6287.27  0  0  6287.27  0  6287.27
1.7211e+13  0  573.7  -9294.41  0  0  -9294.41  0  -9294.41  6279.48  0  0  6279.48  0  6279.48
1.722e+13  0  574  -9287.73  0  0  -9287.73  0  -9287.73  6271.69  0  0  6271.69  0  6271.69
1.7229e+13  0  574.3  -9281.05  0  0  -9281.05  0  -9281.05  6263.92  0  0  6263.92  0  6263.92
1.7238e+13  0  574.6  -9274.38  0  0  -9274.38  0  -9274.38  6256.15  0  0  6256.15  0  6256.15
1.7247e+13  0  574.9  -9267.71  0  0  -9267.71  0  -9267.71  6248.4  0  0  6248.4  0  6248.4
1.7256e+13  0  575.2  -9261.05  0  0  -9261.05  0  -9261.05  6240.67  0  0  6240.67  0  6240.67
1.7265e+13  0  575.5  -9254.4  0  0  -9254.4  0  -9254.4  6232.94  0  0  6232.94  0  6232.94
1.7274e+13  0  575.8  -9247.75  0  0  -9247.75  0  -9247.75  6225.23  0  0  6225.23  0  6225.23
1.7283e+13  0  576.1  -9241.11  0  0  -9241.11  0  -9241.11  6217.53  0  0  6217.53  0  6217.53
1.7292e+13  0  576.4  -9234.47  0  0  -9234.47  0  -9234.47  6209.84  0  0  6209.84  0  6209.84
1.7301e+13  0  576.7  -9227.85  0  0  -9227.85  0  -9227.85  6202.16  0  0  6202.16  0  6202.16
1.731e+13  0  577  -9221.22  0  0  -9221.22  0  -9221.22  6194.5  0  0  6194.5  0  6194.5
1.7319e+13  0  577.3  -9214.61  0  0  -9214.61  0  -9214.61  6186.84  0  0  6186.84  0  6186.84
1.7328e+13  0  577.6  -9207.99  0  0  -9207.99  0  -9207.99  6179.2  0  0  6179.2  0  6179.2
1.7337e+13  0  577.9  -9201.39  0  0  -9201.39  0  -9201.39  6171.57  0  0  6171.57  0  6171.57
1.7346e+13  0  578.2  -9194.79  0  0  -9194.79  0  -9194.79  6163.96  0  0  6163.96  0  6163.96
1.7355e+13  0  578.5  -9188.2  0  0  -9188.2  0  -9188.2  6156.35  0  0  6156.35  0  6156.35
1.7364e+13  0  578.8  -9181.61  0  0  -9181.61  0  -9181.61  6148.76  0  0  6148.76  0  6148.76
1.7373e+13  0  579.1  -9175.03  0  0  -9175.03  0  -9175.03  6141.18  0  0  6141.18  0  6141.18
1.7382e+13  0  579.4  -9168.46  0  0  -9168.46  0  -9168.46  6133.61  0  0  6133.61  0  6133.61
1.7391e+13  0  579.7  -9161.89  0  0  -9161.89  0  -9161.89  6126.05  0  0  6126.05  0  6126.05
1.74e+13  0  580  -9155.32  0  0  -9155.32  0  -9155.32  6118.5  0  0  6118.5  0  6118.5
1.7409e+13  0  580.3  -9148.77  0  0  -9148.77  0  -9148.77  6110.97  0  0  6110.97  0  6110.97
1.7418e+13  0  580.6  -9142.22  0  0  -9142.22  0  -9142.22  6103.45  0  0  6103.45  0  6103.45
1.7427e+13  0  580.9  -9135.67  0  0  -9135.67  0  -9135.67  6095.94  0  0  6095.94  0  6095.94
1.7436e+13  0  581.2  -9129.13  0  0  -9129.13  0  -9129.13  6088.44  0  0  6088.44  0  6088.44
1.7445e+13  0  581.5  -9122.6  0  0  -9122.6  0  -9122.6  6080.95  0  0  6080.95  0  6080.95
1.7454e+13  0  581.8  -9116.07  0  0  -9116.07  0  -9116.07  6073.48  0  0  6073.48  0  6073.48
1.7463e+13  0  582.1  -9109.55  0  0  -9109.55  0  -9109.55  6066.01  0  0  6066.01  0  6066.01
1.7472e+13  0  582.4  -9103.04  0  0  -9103.04  0  -9103.04  6058.56  0  0  6058.56  0  6058.56
1.7481e+13  0  582.7  -9096.53  0  0  -9096.53  0  -9096.53  6051.12  0  0  6051.12  0  6051.12
1.749e+13  0  583  -9090.03  0  0  -9090.03  0  -9090.03  6043.69  0  0  6043.69  0  6043.69
1.7499e+13  0  583.3  -9083.53  0  0  -9083.53  0  -9083.53  6036.28  0  0  6036.28  0  6036.28
1.7508e+13  0  583.6  -9077.04  0  0  -9077.04  0  -9077.04  6028.87  0  0  6028.87  0  6028.87
1.7517e+13  0  583.9  -9070.55  0  0  -9070.55  0  -9070.55  6021.48  0  0  6021.48  0  6021.48
1.7526e+13  0  584.2  -9064.07  0  0  -9064.07  0  -9064.07  6014.09  0  0  6014.09  0  6014.09
1.7535e+13  0  584.5  -9057.6  0  0  -9057.6  0  -9057.6  6006.72  0  0  6006.72  0  6006.72
1.7544e+13  0  584.8  -9051.13  0  0  -9051.13  0  -9051.13  5999.36  0  0  5999.36  0  5999.36
1.7553e+13  0  585.1  -9044.67  0  0  -9044.67  0  -9044.67  5992.02  0  0  5992.02  0  5992.02
1.7562e+13  0  585.4  -9038.22  0  0  -9038.22  0  -9038.22  5984.68  0  0  5984.68  0  5984.68
1.7571e+13  0  585.7  -9031.77  0  0  -9031.77  0  -9031.77  5977.35  0  0  5977.35  0  5977.35
1.758e+13  0  586  -9025.32  0  0  -9025.32  0  -9025.32  5970.04  0  0  5970.04  0  5970.04
1.7589e+13  0  586.3  -9018.89  0  0  -9018.89  0  -9018.89  5962.74  0  0  5962.74  0  5962.74
1.7598e+13  0  586.6  -9012.45  0  0  -9012.45  0  -9012.45  5955.45  0  0  5955.45  0  5955.45
1.7607e+13  0  586.9  -9006.03  0  0  -9006.03  0  -9006.03  5948.17  0  0  5948.17  0  5948.17
1.7616e+13  0  587.2  -8999.61  0  0  -8999.61  0  -8999.61  5940.9  0  0  5940.9  0  5940.9
1.7625e+13  0  587.5  -8993.19  0  0  -8993.19  0  -8993.19  5933.64  0  0  5933.64  0  5933.64
1.7634e+13  0  587.8  -8986.78  0  0  -8986.78  0  -8986.78  5926.4  0  0  5926.4  0  5926.4
1.7643e+13  0  588.1  -8980.38  0  0  -8980.38  0  -8980.38  5919.16  0  0  5919.16  0  5919.16
1.7652e+13  0  588.4  -8973.98  0  0  -8973.98  0  -8973.98  5911.94  0  0  5911.94  0  5911.94
1.7661e+13  0  588.7  -8967.59  0  0  -8967.59  0  -8967.59  5904.73  0  0  5904.73  0  5904.73
1.767e+13  0  589  -8961.21  0  0  -8961.21  0  -8961.21  5897.52  0  0  5897.52  0  5897.52
1.7679e+13  0  589.3  -8954.83  0  0  -8954.83  0  -8954.83  5890.34  0  0  5890.34  0  5890.34
1.7688e+13  0  589.6  -8948.46  0  0  -8948.46  0  -8948.46  5883.16  0  0  5883.16  0  5883.16
1.7697e+13  0  589.9  -8942.09  0  0  -8942.09  0  -8942.09  5875.99  0  0  5875.99  0  5875.99
1.7706e+13  0  590.2  -8935.73  0  0  -8935.73  0  -8935.73  5868.83  0  0  5868.83  0  5868.83
1.7715e+13  0  590.5  -8929.37  0  0  -8929.37  0  -8929.37  5861.69  0  0  5861.69  0  5861.69
1.7724e+13  0  590.8  -8923.02  0  0  -8923.02  0  -8923.02  5854.55  0  0  5854.55  0  5854.55
1.7733e+13  0  591.1  -8916.68  0  0  -8916.68  0  -8916.68  5847.43  0  0  5847.43  0  5847.43
1.7742e+13  0  591.4  -8910.34  0  0  -8910.34  0  -8910.34  5840.32  0  0  5840.32  0  5840.32
1.7751e+13  0  591.7  -8904  0  0  -8904  0  -8904  5833.22  0  0  5833.22  0  5833.22
1.776e+13  0  592  -8897.68  0  0  -8897.68  0  -8897.68  5826.13  0  0  5826.13  0  5826.13
1.7769e+13  0  592.3  -8891.36  0  0  -8891.36  0  -8891.36  5819.05  0  0  5819.05  0  5819.05
1.7778e+13  0  592.6  -8885.04  0  0  -8885.04  0  -8885.04  5811.98  0  0  5811.98  0  5811.98
1.7787e+13  0  592.9  -8878.73  0  0  -8878.73  0  -8878.73  5804.92  0  0  5804.92  0  5804.92
1.7796e+13  0  593.2  -8872.43  0  0  -8872.43  0  -8872.43  5797.87  0  0  5797.87  0  5797.87
1.7805e+13  0  593.5  -8866.13  0  0  -8866.13  0  -8866.13  5790.84  0  0  5790.84  0  5790.84
1.7814e+13  0  593.8  -8859.84  0  0  -8859.84  0  -8859.84  5783.81  0  0  5783.81  0  5783.81
1.7823e+13  0  594.1  -8853.55  0  0  -8853.55  0  -8853.55  5776.8  0  0  5776.8  0  5776.8
1.7832e+13  0  594.4  -8847.27  0  0  -8847.27  0  -8847.27  5769.8  0  0  5769.8  0  5769.8
1.7841e+13  0  594.7  -8840.99  0  0  -8840.99  0  -8840.99  5762.8  0  0  5762.8  0  5762.8
1.785e+13  0  595  -8834.72  0  0  -8834.72  0  -8834.72  5755.82  0  0  5755.82  0  5755.82
1.7859e+13  0  595.3  -8828.46  0  0  -8828.46  0  -8828.46  5748.85  0  0  5748.85  0  5748.85
1.7868e+13  0  595.6  -8822.2  0  0  -8822.2  0  -8822.2  5741.89  0  0  5741.89  0  5741.89
1.7877e+13  0  595.9  -8815.95  0  0  -8815.95  0  -8815.95  5734.94  0  0  5734.94  0  5734.94
1.7886e+13  0  596.2  -8809.7  0  0  -8809.7  0  -8809.7  5728  0  0  5728  0  5728
1.7895e+13  0  596.5  -8803.46  0  0  -8803.46  0  -8803.46  5721.08  0  0  5721.08  0  5721.08
1.7904e+13  0  596.8  -8797.23  0  0  -8797.23  0  -8797.23  5714.16  0  0  5714.16  0  5714.16
1.7913e+13  0  597.1  -8791  0  0  -8791  0  -8791  5707.25  0  0  5707.25  0  5707.25
1.7922e+13  0  597.4  -8784.77  0  0  -8784.77  0  -8784.77  5700.36  0  0  5700.36  0  5700.36
1.7931e+13  0  597.7  -8778.55  0  0  -8778.55  0  -8778.55  5693.47  0  0  5693.47  0  5693.47
1.794e+13  0  598  -8772.34  0  0  -8772.34  0  -8772.34  5686.59  0  0  5686.59  0  5686.59
1.7949e+13  0  598.3  -8766.14  0  0  -8766.14  0  -8766.14  5679.73  0  0  5679.73  0  5679.73
1.7958e+13  0  598.6  -8759.93  0  0  -8759.93  0  -8759.93  5672.88  0  0  5672.88  0  5672.88
1.7967e+13  0  598.9  -8753.74  0  0  -8753.74  0  -8753.74  5666.03  0  0  5666.03  0  5666.03
1.7976e+13  0  599.2  -8747.55  0  0  -8747.55  0  -8747.55  5659.2  0  0  5659.2  0  5659.2
1.7985e+13  0  599.5  -8741.36  0  0  -8741.36  0  -8741.36  5652.38  0  0  5652.38  0  5652.38
1.7994e+13  0  599.8  -8735.19  0  0  -8735.19  0  -8735.19  5645.57  0  0  5645.57  0  5645.57
1.8003e+13  0  600.1  -8729.01  0  0  -8729.01  0  -8729.01  5638.77  0  0  5638.77  0  5638.77
1.8012e+13  0  600.4  -8722.85  0  0  -8722.85  0  -8722.85  5631.97  0  0  5631.97  0  5631.97
1.8021e+13  0  600.7  -8716.68  0  0  -8716.68  0  -8716.68  5625.19  0  0  5625.19  0  5625.19
1.803e+13  0  601  -8710.53  0  0  -8710.53  0  -8710.53  5618.42  0  0  5618.42  0  5618.42
1.8039e+13  0  601.3  -8704.38  0  0  -8704.38  0  -8704.38  5611.66  0  0  5611.66  0  5611.66
1.8048e+13  0  601.6  -8698.23  0  0  -8698.23  0  -8698.23  5604.91  0  0  5604.91  0  5604.91
1.8057e+13  0  601.9  -8692.09  0  0  -8692.09  0  -8692.09  5598.18  0  0  5598.18  0  5598.18
1.8066e+13  0  602.2  -8685.96  0  0  -8685.96  0  -8685.96  5591.45  0  0  5591.45  0  5591.45
1.8075e+13  0  602.5  -8679.83  0  0  -8679.83  0  -8679.83  5584.73  0  0  5584.73  0  5584.73
1.8084e+13  0  602.8  -8673.71  0  0  -8673.71  0  -8673.71  5578.02  0  0  5578.02  0  5578.02
1.8093e+13  0  603.1  -8667.59  0  0  -8667.59  0  -8667.59  5571.32  0  0  5571.32  0  5571.32
1.8102e+13  0  603.4  -8661.48  0  0  -8661.48  0  -8661.48  5564.63  0  0  5564.63  0  5564.63
1.8111e+13  0  603.7  -8655.37  0  0  -8655.37  0  -8655.37  5557.96  0  0  5557.96  0  5557.96
1.812e+13  0  604  -8649.27  0  0  -8649.27  0  -8649.27  5551.29  0  0  5551.29  0  5551.29
1.8129e+13  0  604.3  -8643.18  0  0  -8643.18  0  -8643.18  5544.63  0  0  5544.63  0  5544.63
1.8138e+13  0  604.6  -8637.09  0  0  -8637.09  0  -8637.09  5537.98  0  0  5537.98  0  5537.98
1.8147e+13  0  604.9  -8631.01  0  0  -8631.01  0  -8631.01  5531.35  0  0  5531.35  0  5531.35
1.8156e+13  0  605.2  -8624.93  0  0  -8624.93  0  -8624.93  5524.72  0  0  5524.72  0  5524.72
1.8165e+13  0  605.5  -8618.86  0  0  -8618.86  0  -8618.86  5518.1  0  0  5518.1  0  5518.1
1.8174e+13  0  605.8  -8612.79  0  0  -8612.79  0  -8612.79  5511.5  0  0  5511.5  0  5511.5
1.8183e+13  0  606.1  -8606.73  0  0  -8606.73  0  -8606.73  5504.9  0  0  5504.9  0  5504.9
1.8192e+13  0  606.4  -8600.67  0  0  -8600.67  0  -8600.67  5498.32  0  0  5498.32  0  5498.32
1.8201e+13  0  606.7  -8594.62  0  0  -8594.62  0  -8594.62  5491.74  0  0  5491.74  0  5491.74
1.821e+13  0  607  -8588.58  0  0  -8588.58  0  -8588.58  5485.17  0  0  5485.17  0  5485.17
1.8219e+13  0  607.3  -8582.54  0  0  -8582.54  0  -8582.54  5478.62  0  0  5478.62  0  5478.62
1.8228e+13  0  607.6  -8576.5  0  0  -8576.5  0  -8576.5  5472.07  0  0  5472.07  0  5472.07
1.8237e+13  0  607.9  -8570.48  0  0  -8570.48  0  -8570.48  5465.53  0  0  5465.53  0  5465.53
1.8246e+13  0  608.2  -8564.45  0  0  -8564.45  0  -8564.45  5459.01  0  0  5459.01  0  5459.01
1.8255e+13  0  608.5  -8558.44  0  0  -8558.44  0  -8558.44  5452.49  0  0  5452.49  0  5452.49
1.8264e+13  0  608.8  -8552.42  0  0  -8552.42  0  -8552.42  5445.98  0  0  5445.98  0  5445.98
1.8273e+13  0  609.1  -8546.42  0  0  -8546.42  0  -8546.42  5439.49  0  0  5439.49  0  5439.49
1.8282e+13  0  609.4  -8540.42  0  0  -8540.42  0  -8540.42  5433  0  0  5433  0  5433
1.8291e+13  0  609.7  -8534.42  0  0  -8534.42  0  -8534.42  5426.52  0  0  5426.52  0  5426.52
1.83e+13  0  610  -8528.43  0  0  -8528.43  0  -8528.43  5420.06  0  0  5420.06  0  5420.06
1.8309e+13  0  610.3  -8522.45  0  0  -8522.45  0  -8522.45  5413.6  0  0  5413.6  0  5413.6
1.8318e+13  0  610.6  -8516.47  0  0  -8516.47  0  -8516.47  5407.15  0  0  5407.15  0  5407.15
1.8327e+13  0  610.9  -8510.49  0  0  -8510.49  0  -8510.49  5400.71  0  0  5400.71  0  5400.71
1.8336e+13  0  611.2  -8504.53  0  0  -8504.53  0  -8504.53  5394.29  0  0  5394.29  0  5394.29
1.8345e+13  0  611.5  -8498.56  0  0  -8498.56  0  -8498.56  5387.87  0  0  5387.87  0  5387.87
1.8354e+13  0  611.8  -8492.61  0  0  -8492.61  0  -8492.61  5381.46  0  0  5381.46  0  5381.46
1.8363e+13  0  612.1  -8486.65  0  0  -8486.65  0  -8486.65  5375.06  0  0  5375.06  0  5375.06
1.8372e+13  0  612.4  -8480.71  0  0  -8480.71  0  -8480.71  5368.67  0  0  5368.67  0  5368.67
1.8381e+13  0  612.7  -8474.77  0  0  -8474.77  0  -8474.77  5362.29  0  0  5362.29  0  5362.29
1.839e+13  0  613  -8468.83  0  0  -8468.83  0  -8468.83  5355.92  0  0  5355.92  0  5355.92
1.8399e+13  0  613.3  -8462.9  0  0  -8462.9  0  -8462.9  5349.56  0  0  5349.56  0  5349.56
1.8408e+13  0  613.6  -8456.98  0  0  -8456.98  0  -8456.98  5343.21  0  0  5343.21  0  5343.21
1.8417e+13  0  613.9  -8451.06  0  0  -8451.06  0  -8451.06  5336.87  0  0  5336.87  0  5336.87
1.8426e+13  0  614.2  -8445.14  0  0  -8445.14  0  -8445.14  5330.54  0  0  5330.54  0  5330.54
1.8435e+13  0  614.5  -8439.23  0  0  -8439.23  0  -8439.23  5324.22  0  0  5324.22  0  5324.22
1.8444e+13  0  614.8  -8433.33  0  0  -8433.33  0  -8433.33  5317.9  0  0  5317.9  0  5317.9
1.8453e+13  0  615.1  -8427.43  0  0  -8427.43  0  -8427.43  5311.6  0  0  5311.6  0  5311.6
1.8462e+13  0  615.4  -8421.54  0  0  -8421.54  0  -8421.54  5305.31  0  0  5305.31  0  5305.31
1.8471e+13  0  615.7  -8415.65  0  0  -8415.65  0  -8415.65  5299.03  0  0  5299.03  0  5299.03
1.848e+13  0  616  -8409.77  0  0  -8409.77  0  -8409.77  5292.75  0  0  5292.75  0  5292.75
1.8489e+13  0  616.3  -8403.89  0  0  -8403.89  0  -8403.89  5286.49  0  0  5286.49  0  5286.49
1.8498e+13  0  616.6  -8398.02  0  0  -8398.02  0  -8398.02  5280.23  0  0  5280.23  0  5280.23
1.8507e+13  0  616.9  -8392.16  0  0  -8392.16  0  -8392.16  5273.99  0  0  5273.99  0  5273.99
1.8516e+13  0  617.2  -8386.3  0  0  -8386.3  0  -8386.3  5267.75  0  0  5267.75  0  5267.75
1.8525e+13  0  617.5  -8380.44  0  0  -8380.44  0  -8380.44  5261.52  0  0  5261.52  0  5261.52
1.8534e+13  0  617.8  -8374.59  0  0  -8374.59  0  -8374.59  5255.3  0  0  5255.3  0  5255.3
1.8543e+13  0  618.1  -8368.75  0  0  -8368.75  0  -8368.75  5249.1  0  0  5249.1  0  5249.1
1.8552e+13  0  618.4  -8362.91  0  0  -8362.91  0  -8362.91  5242.9  0  0  5242.9  0  5242.9
1.8561e+13  0  618.7  -8357.07  0  0  -8357.07  0  -8357.07  5236.71  0  0  5236.71  0  5236.71
1.857e+13  0  619  -8351.24  0  0  -8351.24  0  -8351.24  5230.53  0  0  5230.53  0  5230.53
1.8579e+13  0  619.3  -8345.42  0  0  -8345.42  0  -8345.42  5224.36  0  0  5224.36  0  5224.36
1.8588e+13  0  619.6  -8339.6  0  0  -8339.6  0  -8339.6  5218.19  0  0  5218.19  0  5218.19
1.8597e+13  0  619.9  -8333.79  0  0  -8333.79  0  -8333.79  5212.04  0  0  5212.04  0  5212.04
1.8606e+13  0  620.2  -8327.98  0  0  -8327.98  0  -8327.98  5205.9  0  0  5205.9  0  5205.9
1.8615e+13  0  620.5  -8322.18  0  0  -8322.18  0  -8322.18  5199.77  0  0  5199.77  0  5199.77
1.8624e+13  0  620.8  -8316.38  0  0  -8316.38  0  -8316.38  5193.64  0  0  5193.64  0  5193.64
1.8633e+13  0  621.1  -8310.59  0  0  -8310.59  0  -8310.59  5187.53  0  0  5187.53  0  5187.53
1.8642e+13  0  621.4  -8304.81  0  0  -8304.81  0  -8304.81  5181.42  0  0  5181.42  0  5181.42
1.8651e+13  0  621.7  -8299.02  0  0  -8299.02  0  -8299.02  5175.32  0  0  5175.32  0  5175.32
1.866e+13  0  622  -8293.25  0  0  -8293.25  0  -8293.25  5169.23  0  0  5169.23  0  5169.23
1.8669e+13  0  622.3  -8287.48  0  0  -8287.48  0  -8287.48  5163.15  0  0  5163.15  0  5163.15
1.8678e+13  0  622.6  -8281.71  0  0  -8281.71  0  -8281.71  5157.08  0  0  5157.08  0  5157.08
1.8687e+13  0  622.9  -8275.95  0  0  -8275.95  0  -8275.95  5151.02  0  0  5151.02  0  5151.02
1.8696e+13  0  623.2  -8270.2  0  0  -8270.2  0  -8270.2  5144.97  0  0  5144.97  0  5144.97
1.8705e+13  0  623.5  -8264.45  0  0  -8264.45  0  -8264.45  5138.93  0  0  5138.93  0  5138.93
1.8714e+13  0  623.8  -8258.7  0  0  -8258.7  0  -8258.7  5132.9  0  0  5132.9  0  5132.9
1.8723e+13  0  624.1  -8252.96  0  0  -8252.96  0  -8252.96  5126.87  0  0  5126.87  0  5126.87
1.8732e+13  0  624.4  -8247.23  0  0  -8247.23  0  -8247.23  5120.86  0  0  5120.86  0  5120.86
1.8741e+13  0  624.7  -8241.5  0  0  -8241.5  0  -8241.5  5114.85  0  0  5114.85  0  5114.85
1.875e+13  0  625  -8235.78  0  0  -8235.78  0  -8235.78  5108.85  0  0  5108.85  0  5108.85
1.8759e+13  0  625.3  -8230.06  0  0  -8230.06  0  -8230.06  5102.86  0  0  5102.86  0  5102.86
1.8768e+13  0  625.6  -8224.35  0  0  -8224.35  0  -8224.35  5096.89  0  0  5096.89  0  5096.89
1.8777e+13  0  625.9  -8218.64  0  0  -8218.64  0  -8218.64  5090.91  0  0  5090.91  0  5090.91
1.8786e+13  0  626.2  -8212.94  0  0  -8212.94  0  -8212.94  5084.95  0  0  5084.95  0  5084.95
1.8795e+13  0  626.5  -8207.24  0  0  -8207.24  0  -8207.24  5079  0  0  5079  0  5079
1.8804e+13  0  626.8  -8201.54  0  0  -8201.54  0  -8201.54  5073.06  0  0  5073.06  0  5073.06
1.8813e+13  0  627.1  -8195.86  0  0  -8195.86  0  -8195.86  5067.12  0  0  5067.12  0  5067.12
1.8822e+13  0  627.4  -8190.18  0  0  -8190.18  0  -8190.18  5061.2  0  0  5061.2  0  5061.2
1.8831e+13  0  627.7  -8184.5  0  0  -8184.5  0  -8184.5  5055.28  0  0  5055.28  0  5055.28
1.884e+13  0  628  -8178.83  0  0  -8178.83  0  -8178.83  5049.37  0  0  5049.37  0  5049.37
1.8849e+13  0  628.3  -8173.16  0  0  -8173.16  0  -8173.16  5043.47  0  0  5043.47  0  5043.47
1.8858e+13  0  628.6  -8167.5  0  0  -8167.5  0  -8167.5  5037.58  0  0  5037.58  0  5037.58
1.8867e+13  0  628.9  -8161.84  0  0  -8161.84  0  -8161.84  5031.7  0  0  5031.7  0  5031.7
1.8876e+13  0  629.2  -8156.19  0  0  -8156.19  0  -8156.19  5025.82  0  0  5025.82  0  5025.82
1.8885e+13  0  629.5  -8150.54  0  0  -8150.54  0  -8150.54  5019.96  0  0  5019.96  0  5019.96
1.8894e+13  0  629.8  -8144.9  0  0  -8144.9  0  -8144.9  5014.1  0  0  5014.1  0  5014.1
1.8903e+13  0  630.1  -8139.27  0  0  -8139.27  0  -8139.27  5008.26  0  0  5008.26  0  5008.26
1.8912e+13  0  630.4  -8133.64  0  0  -8133.64  0  -8133.64  5002.42  0  0  5002.42  0  5002.42
1.8921e+13  0  630.7  -8128.01  0  0  -8128.01  0  -8128.01  4996.59  0  0  4996.59  0  4996.59
1.893e+13  0  631  -8122.39  0  0  -8122.39  0  -8122.39  4990.77  0  0  4990.77  0  4990.77
1.8939e+13  0  631.3  -8116.77  0  0  -8116.77  0  -8116.77  4984.95  0  0  4984.95  0  4984.95
1.8948e+13  0  631.6  -8111.16  0  0  -8111.16  0  -8111.16  4979.15  0  0  4979.15  0  4979.15
1.8957e+13  0  631.9  -8105.56  0  0  -8105.56  0  -8105.56  4973.36  0  0  4973.36  0  4973.36
1.8966e+13  0  632.2  -8099.96  0  0  -8099.96  0  -8099.96  4967.57  0  0  4967.57  0  4967.57
1.8975e+13  0  632.5  -8094.36  0  0  -8094.36  0  -8094.36  4961.79  0  0  4961.79  0  4961.79
1.8984e+13  0  632.8  -8088.77  0  0  -8088.77  0  -8088.77  4956.02  0  0  4956.02  0  4956.02
1.8993e+13  0  633.1  -8083.19  0  0  -8083.19  0  -8083.19  4950.26  0  0  4950.26  0  4950.26
1.9002e+13  0  633.4  -8077.61  0  0  -8077.61  0  -8077.61  4944.51  0  0  4944.51  0  4944.51
1.9011e+13  0  633.7  -8072.03  0  0  -8072.03  0  -8072.03  4938.77  0  0  4938.77  0  4938.77
1.902e+13  0  634  -8066.46  0  0  -8066.46  0  -8066.46  4933.03  0  0  4933.03  0  4933.03
1.9029e+13  0  634.3  -8060.9  0  0  -8060.9  0  -8060.9  4927.3  0  0  4927.3  0  4927.3
1.9038e+13  0  634.6  -8055.34  0  0  -8055.34  0  -8055.34  4921.59  0  0  4921.59  0  4921.59
1.9047e+13  0  634.9  -8049.78  0  0  -8049.78  0  -8049.78  4915.88  0  0  4915.88  0  4915.88
1.9056e+13  0  635.2  -8044.23  0  0  -8044.23  0  -8044.23  4910.17  0  0  4910.17  0  4910.17
1.9065e+13  0  635.5  -8038.69  0  0  -8038.69  0  -8038.69  4904.48  0  0  4904.48  0  4904.48
1.9074e+13  0  635.8  -8033.15  0  0  -8033.15  0  -8033.15  4898.8  0  0  4898.8  0  4898.8
1.9083e+13  0  636.1  -8027.61  0  0  -8027.61  0  -8027.61  4893.12  0  0  4893.12  0  4893.12
1.9092e+13  0  636.4  -8022.08  0  0  -8022.08  0  -8022.08  4887.45  0  0  4887.45  0  4887.45
1.9101e+13  0  636.7  -8016.56  0  0  -8016.56  0  -8016.56  4881.79  0  0  4881.79  0  4881.79
1.911e+13  0  637  -8011.04  0  0  -8011.04  0  -8011.04  4876.14  0  0  4876.14  0  4876.14
1.9119e+13  0  637.3  -8005.52  0  0  -8005.52  0  -8005.52  4870.5  0  0  4870.5  0  4870.5
1.9128e+13  0  637.6  -8000.01  0  0  -8000.01  0  -8000.01  4864.87  0  0  4864.87  0  4864.87
1.9137e+13  0  637.9  -7994.51  0  0  -7994.51  0  -7994.51  4859.24  0  0  4859.24  0  4859.24
1.9146e+13  0  638.2  -7989.01  0  0  -7989.01  0  -7989.01  4853.62  0  0  4853.62  0  4853.62
1.9155e+13  0  638.5  -7983.51  0  0  -7983.51  0  -7983.51  4848.01  0  0  4848.01  0  4848.01
1.9164e+13  0  638.8  -7978.02  0  0  -7978.02  0  -7978.02  4842.41  0  0  4842.41  0  4842.41
1.9173e+13  0  639.1  -7972.54  0  0  -7972.54  0  -7972.54  4836.82  0  0  4836.82  0  4836.82
1.9182e+13  0  639.4  -7967.06  0  0  -7967.06  0  -7967.06  4831.24  0  0  4831.24  0  4831.24
1.9191e+13  0  639.7  -7961.58  0  0  -7961.58  0  -7961.58  4825.66  0  0  4825.66  0  4825.66
1.92e+13  0  640  -7956.11  0  0  -7956.11  0  -7956.11  4820.09  0  0  4820.09  0  4820.09
1.9209e+13  0  640.3  -7950.65  0  0  -7950.65  0  -7950.65  4814.53  0  0  4814.53  0  4814.53
1.9218e+13  0  640.6  -7945.19  0  0  -7945.19  0  -7945.19  4808.98  0  0  4808.98  0  4808.98
1.9227e+13  0  640.9  -7939.73  0  0  -7939.73  0  -7939.73  4803.44  0  0  4803.44  0  4803.44
1.9236e+13  0  641.2  -7934.28  0  0  -7934.28  0  -7934.28  4797.9  0  0  4797.9  0  4797.9
1.9245e+13  0  641.5  -7928.84  0  0  -7928.84  0  -7928.84  4792.38  0  0  4792.38  0  4792.38
1.9254e+13  0  641.8  -7923.4  0  0  -7923.4  0  -7923.4  4786.86  0  0  4786.86  0  4786.86
1.9263e+13  0  642.1  -7917.96  0  0  -7917.96  0  -7917.96  4781.35  0  0  4781.35  0  4781.35
1.9272e+13  0  642.4  -7912.53  0  0  -7912.53  0  -7912.53  4775.84  0  0  4775.84  0  4775.84
1.9281e+13  0  642.7  -7907.11  0  0  -7907.11  0  -7907.11  4770.35  0  0  4770.35  0  4770.35
1.929e+13  0  643  -7901.68  0  0  -7901.68  0  -7901.68  4764.86  0  0  4764.86  0  4764.86
1.9299e+13  0  643.3  -7896.27  0  0  -7896.27  0  -7896.27  4759.38  0  0  4759.38  0  4759.38
1.9308e+13  0  643.6  -7890.86  0  0  -7890.86  0  -7890.86  4753.91  0  0  4753.91  0  4753.91
1.9317e+13  0  643.9  -7885.45  0  0  -7885.45  0  -7885.45  4748.45  0  0  4748.45  0  4748.45
1.9326e+13  0  644.2  -7880.05  0  0  -7880.05  0  -7880.05  4743  0  0  4743  0  4743
1.9335e+13  0  644.5  -7874.65  0  0  -7874.65  0  -7874.65  4737.55  0  0  4737.55  0  4737.55
1.9344e+13  0  644.8  -7869.26  0  0  -7869.26  0  -7869.26  4732.11  0  0  4732.11  0  4732.11
1.9353e+13  0  645.1  -7863.88  0  0  -7863.88  0  -7863.88  4726.68  0  0  4726.68  0  4726.68
1.9362e+13  0  645.4  -7858.49  0  0  -7858.49  0  -7858.49  4721.26  0  0  4721.26  0  4721.26
1.9371e+13  0  645.7  -7853.12  0  0  -7853.12  0  -7853.12  4715.84  0  0  4715.84  0  4715.84
1.938e+13  0  646  -7847.74  0  0  -7847.74  0  -7847.74  4710.44  0  0  4710.44  0  4710.44
1.9389e+13  0  646.3  -7842.38  0  0  -7842.38  0  -7842.38  4705.04  0  0  4705.04  0  4705.04
1.9398e+13  0  646.6  -7837.02  0  0  -7837.02  0  -7837.02  4699.65  0  0  4699.65  0  4699.65
1.9407e+13  0  646.9  -7831.66  0  0  -7831.66  0  -7831.66  4694.27  0  0  4694.27  0  4694.27
1.9416e+13  0  647.2  -7826.3  0  0  -7826.3  0  -7826.3  4688.89  0  0  4688.89  0  4688.89
1.9425e+13  0  647.5  -7820.96  0  0  -7820.96  0  -7820.96  4683.52  0  0  4683.52  0  4683.52
1.9434e+13  0  647.8  -7815.61  0  0  -7815.61  0  -7815.61  4678.16  0  0  4678.16  0  4678.16
1.9443e+13  0  648.1  -7810.28  0  0  -7810.28  0  -7810.28  4672.81  0  0  4672.81  0  4672.81
1.9452e+13  0  648.4  -7804.94  0  0  -7804.94  0  -7804.94  4667.47  0  0  4667.47  0  4667.47
1.9461e+13  0  648.7  -7799.61  0  0  -7799.61  0  -7799.61  4662.13  0  0  4662.13  0  4662.13
1.947e+13  0  649  -7794.29  0  0  -7794.29  0  -7794.29  4656.81  0  0  4656.81  0  4656.81
1.9479e+13  0  649.3  -7788.97  0  0  -7788.97  0  -7788.97  4651.49  0  0  4651.49  0  4651.49
1.9488e+13  0  649.6  -7783.66  0  0  -7783.66  0  -7783.66  4646.17  0  0  4646.17  0  4646.17
1.9497e+13  0  649.9  -7778.35  0  0  -7778.35  0  -7778.35  4640.87  0  0  4640.87  0  4640.87
1.9506e+13  0  650.2  -7773.04  0  0  -7773.04  0  -7773.04  4635.57  0  0  4635.57  0  4635.57
1.9515e+13  0  650.5  -7767.74  0  0  -7767.74  0  -7767.74  4630.28  0  0  4630.28  0  4630.28
1.9524e+13  0  650.8  -7762.45  0  0  -7762.45  0  -7762.45  4625  0  0  4625  0  4625
1.9533e+13  0  651.1  -7757.16  0  0  -7757.16  0  -7757.16  4619.73  0  0  4619.73  0  4619.73
1.9542e+13  0  651.4  -7751.87  0  0  -7751.87  0  -7751.87  4614.46  0  0  4614.46  0  4614.46
1.9551e+13  0  651.7  -7746.59  0  0  -7746.59  0  -7746.59  4609.2  0  0  4609.2  0  4609.2
1.956e+13  0  652  -7741.31  0  0  -7741.31  0  -7741.31  4603.95  0  0  4603.95  0  4603.95
1.9569e+13  0  652.3  -7736.04  0  0  -7736.04  0  -7736.04  4598.71  0  0  4598.71  0  4598.71
1.9578e+13  0  652.6  -7730.78  0  0  -7730.78  0  -7730.78  4593.47  0  0  4593.47  0  4593.47
1.9587e+13  0  652.9  -7725.52  0  0  -7725.52  0  -7725.52  4588.25  0  0  4588.25  0  4588.25
1.9596e+13  0  653.2  -7720.26  0  0  -7720.26  0  -7720.26  4583.03  0  0  4583.03  0  4583.03
1.9605e+13  0  653.5  -7715.01  0  0  -7715.01  0  -7715.01  4577.81  0  0  4577.81  0  4577.81
1.9614e+13  0  653.8  -7709.76  0  0  -7709.76  0  -7709.76  4572.61  0  0  4572.61  0  4572.61
1.9623e+13  0  654.1  -7704.52  0  0  -7704.52  0  -7704.52  4567.41  0  0  4567.41  0  4567.41
1.9632e+13  0  654.4  -7699.28  0  0  -7699.28  0  -7699.28  4562.22  0  0  4562.22  0  4562.22
1.9641e+13  0  654.7  -7694.04  0  0  -7694.04  0  -7694.04  4557.04  0  0  4557.04  0  4557.04
1.965e+13  0  655  -7688.81  0  0  -7688.81  0  -7688.81  4551.86  0  0  4551.86  0  4551.86
1.9659e+13  0  655.3  -7683.59  0  0  -7683.59  0  -7683.59  4546.7  0  0  4546.7  0  4546.7
1.9668e+13  0  655.6  -7678.37  0  0  -7678.37  0  -7678.37  4541.54  0  0  4541.54  0  4541.54
1.9677e+13  0  655.9  -7673.16  0  0  -7673.16  0  -7673.16  4536.39  0  0  4536.39  0  4536.39
1.9686e+13  0  656.2  -7667.95  0  0  -7667.95  0  -7667.95  4531.24  0  0  4531.24  0  4531.24
1.9695e+13  0  656.5  -7662.74  0  0  -7662.74  0  -7662.74  4526.1  0  0  4526.1  0  4526.1
1.9704e+13  0  656.8  -7657.54  0  0  -7657.54  0  -7657.54  4520.97  0  0  4520.97  0  4520.97
1.9713e+13  0  657.1  -7652.35  0  0  -7652.35  0  -7652.35  4515.85  0  0  4515.85  0  4515.85
1.9722e+13  0  657.4  -7647.15  0  0  -7647.15  0  -7647.15  4510.74  0  0  4510.74  0  4510.74
1.9731e+13  0  657.7  -7641.97  0  0  -7641.97  0  -7641.97  4505.63  0  0  4505.63  0  4505.63
1.974e+13  0  658  -7636.79  0  0  -7636.79  0  -7636.79  4500.53  0  0  4500.53  0  4500.53
1.9749e+13  0  658.3  -7631.61  0  0  -7631.61  0  -7631.61  4495.43  0  0  4495.43  0  4495.43
1.9758e+13  0  658.6  -7626.44  0  0  -7626.44  0  -7626.44  4490.35  0  0  4490.35  0  4490.35
1.9767e+13  0  658.9  -7621.27  0  0  -7621.27  0  -7621.27  4485.27  0  0  4485.27  0  4485.27
1.9776e+13  0  659.2  -7616.1  0  0  -7616.1  0  -7616.1  4480.2  0  0  4480.2  0  4480.2
1.9785e+13  0  659.5  -7610.95  0  0  -7610.95  0  -7610.95  4475.14  0  0  4475.14  0  4475.14
1.9794e+13  0  659.8  -7605.79  0  0  -7605.79  0  -7605.79  4470.08  0  0  4470.08  0  4470.08
1.9803e+13  0  660.1  -7600.64  0  0  -7600.64  0  -7600.64  4465.03  0  0  4465.03  0  4465.03
1.9812e+13  0  660.4  -7595.5  0  0  -7595.5  0  -7595.5  4459.99  0  0  4459.99  0  4459.99
1.9821e+13  0  660.7  -7590.36  0  0  -7590.36  0  -7590.36  4454.96  0  0  4454.96  0  4454.96
1.983e+13  0  661  -7585.22  0  0  -7585.22  0  -7585.22  4449.93  0  0  4449.93  0  4449.93
1.9839e+13  0  661.3  -7580.09  0  0  -7580.09  0  -7580.09  4444.91  0  0  4444.91  0  4444.91
1.9848e+13  0  661.6  -7574.96  0  0  -7574.96  0  -7574.96  4439.9  0  0  4439.9  0  4439.9
1.9857e+13  0  661.9  -7569.84  0  0  -7569.84  0  -7569.84  4434.89  0  0  4434.89  0  4434.89
1.9866e+13  0  662.2  -7564.73  0  0  -7564.73  0  -7564.73  4429.89  0  0  4429.89  0  4429.89
1.9875e+13  0  662.5  -7559.61  0  0  -7559.61  0  -7559.61  4424.9  0  0  4424.9  0  4424.9
1.9884e+13  0  662.8  -7554.51  0  0  -7554.51  0  -7554.51  4419.92  0  0  4419.92  0  4419.92
1.9893e+13  0  663.1  -7549.4  0  0  -7549.4  0  -7549.4  4414.94  0  0  4414.94  0  4414.94
1.9902e+13  0  663.4  -7544.3  0  0  -7544.3  0  -7544.3  4409.97  0  0  4409.97  0  4409.97
1.9911e+13  0  663.7  -7539.21  0  0  -7539.21  0  -7539.21  4405.01  0  0  4405.01  0  4405.01
1.992e+13  0  664  -7534.12  0  0  -7534.12  0  -7534.12  4400.06  0  0  4400.06  0  4400.06
1.9929e+13  0  664.3  -7529.03  0  0  -7529.03  0  -7529.03  4395.11  0  0  4395.11  0  4395.11
1.9938e+13  0  664.6  -7523.95  0  0  -7523.95  0  -7523.95  4390.17  0  0  4390.17  0  4390.17
1.9947e+13  0  664.9  -7518.88  0  0  -7518.88  0  -7518.88  4385.24  0  0  4385.24  0  4385.24
1.9956e+13  0  665.2  -7513.81  0  0  -7513.81  0  -7513.81  4380.31  0  0  4380.31  0  4380.31
1.9965e+13  0  665.5  -7508.74  0  0  -7508.74  0  -7508.74  4375.39  0  0  4375.39  0  4375.39
1.9974e+13  0  665.8  -7503.68  0  0  -7503.68  0  -7503.68  4370.48  0  0  4370.48  0  4370.48
1.9983e+13  0  666.1  -7498.62  0  0  -7498.62  0  -7498.62  4365.57  0  0  4365.57  0  4365.57
1.9992e+13  0  666.4  -7493.57  0  0  -7493.57  0  -7493.57  4360.67  0  0  4360.67  0  4360.67
2.0001e+13  0  666.7  -7488.52  0  0  -7488.52  0  -7488.52  4355.78  0  0  4355.78  0  4355.78
2.001e+13  0  667  -7483.47  0  0  -7483.47  0  -7483.47  4350.9  0  0  4350.9  0  4350.9
2.0019e+13  0  667.3  -7478.43  0  0  -7478.43  0  -7478.43  4346.02  0  0  4346.02  0  4346.02
2.0028e+13  0  667.6  -7473.4  0  0  -7473.4  0  -7473.4  4341.15  0  0  4341.15  0  4341.15
2.0037e+13  0  667.9  -7468.37  0  0  -7468.37  0  -7468.37  4336.29  0  0  4336.29  0  4336.29
2.0046e+13  0  668.2  -7463.34  0  0  -7463.34  0  -7463.34  4331.43  0  0  4331.43  0  4331.43
2.0055e+13  0  668.5  -7458.32  0  0  -7458.32  0  -7458.32  4326.58  0  0  4326.58  0  4326.58
2.0064e+13  0  668.8  -7453.3  0  0  -7453.3  0  -7453.3  4321.74  0  0  4321.74  0  4321.74
2.0073e+13  0  669.1  -7448.29  0  0  -7448.29  0  -7448.29  4316.91  0  0  4316.91  0  4316.91
2.0082e+13  0  669.4  -7443.28  0  0  -7443.28  0  -7443.28  4312.08  0  0  4312.08  0  4312.08
2.0091e+13  0  669.7  -7438.28  0  0  -7438.28  0  -7438.28  4307.26  0  0  4307.26  0  4307.26
2.01e+13  0  670  -7433.28  0  0  -7433.28  0  -7433.28  4302.44  0  0  4302.44  0  4302.44
2.0109e+13  0  670.3  -7428.29  0  0  -7428.29  0  -7428.29  4297.63  0  0  4297.63  0  4297.63
2.0118e+13  0  670.6  -7423.29  0  0  -7423.29  0  -7423.29  4292.83  0  0  4292.83  0  4292.83
2.0127e+13  0  670.9  -7418.31  0  0  -7418.31  0  -7418.31  4288.04  0  0  4288.04  0  4288.04
2.0136e+13  0  671.2  -7413.33  0  0  -7413.33  0  -7413.33  4283.25  0  0  4283.25  0  4283.25
2.0145e+13  0  671.5  -7408.35  0  0  -7408.35  0  -7408.35  4278.47  0  0  4278.47  0  4278.47
2.0154e+13  0  671.8  -7403.38  0  0  -7403.38  0  -7403.38  4273.7  0  0  4273.7  0  4273.7
2.0163e+13  0  672.1  -7398.41  0  0  -7398.41  0  -7398.41  4268.93  0  0  4268.93  0  4268.93
2.0172e+13  0  672.4  -7393.45  0  0  -7393.45  0  -7393.45  4264.17  0  0  4264.17  0  4264.17
2.0181e+13  0  672.7  -7388.49  0  0  -7388.49  0  -7388.49  4259.42  0  0  4259.42  0  4259.42
2.019e+13  0  673  -7383.53  0  0  -7383.53  0  -7383.53  4254.67  0  0  4254.67  0  4254.67
2.0199e+13  0  673.3  -7378.58  0  0  -7378.58  0  -7378.58  4249.94  0  0  4249.94  0  4249.94
2.0208e+13  0  673.6  -7373.64  0  0  -7373.64  0  -7373.64  4245.2  0  0  4245.2  0  4245.2
2.0217e+13  0  673.9  -7368.7  0  0  -7368.7  0  -7368.7  4240.48  0  0  4240.48  0  4240.48
2.0226e+13  0  674.2  -7363.76  0  0  -7363.76  0  -7363.76  4235.76  0  0  4235.76  0  4235.76
2.0235e+13  0  674.5  -7358.83  0  0  -7358.83  0  -7358.83  4231.05  0  0  4231.05  0  4231.05
2.0244e+13  0  674.8  -7353.9  0  0  -7353.9  0  -7353.9  4226.34  0  0  4226.34  0  4226.34
2.0253e+13  0  675.1  -7348.97  0  0  -7348.97  0  -7348.97  4221.64  0  0  4221.64  0  4221.64
2.0262e+13  0  675.4  -7344.06  0  0  -7344.06  0  -7344.06  4216.95  0  0  4216.95  0  4216.95
2.0271e+13  0  675.7  -7339.14  0  0  -7339.14  0  -7339.14  4212.26  0  0  4212.26  0  4212.26
2.028e+13  0  676  -7334.23  0  0  -7334.23  0  -7334.23  4207.58  0  0  4207.58  0  4207.58
2.0289e+13  0  676.3  -7329.32  0  0  -7329.32  0  -7329.32  4202.91  0  0  4202.91  0  4202.91
2.0298e+13  0  676.6  -7324.42  0  0  -7324.42  0  -7324.42  4198.25  0  0  4198.25  0  4198.25
2.0307e+13  0  676.9  -7319.52  0  0  -7319.52  0  -7319.52  4193.59  0  0  4193.59  0  4193.59
2.0316e+13  0  677.2  -7314.63  0  0  -7314.63  0  -7314.63  4188.94  0  0  4188.94  0  4188.94
2.0325e+13  0  677.5  -7309.74  0  0  -7309.74  0  -7309.74  4184.29  0  0  4184.29  0  4184.29
2.0334e+13  0  677.8  -7304.86  0  0  -7304.86  0  -7304.86  4179.65  0  0  4179.65  0  4179.65
2.0343e+13  0  678.1  -7299.98  0  0  -7299.98  0  -7299.98  4175.02  0  0  4175.02  0  4175.02
2.0352e+13  0  678.4  -7295.1  0  0  -7295.1  0  -7295.1  4170.39  0  0  4170.39  0  4170.39
2.0361e+13  0  678.7  -7290.23  0  0  -7290.23  0  -7290.23  4165.77  0  0  4165.77  0  4165.77
2.037e+13  0  679  -7285.37  0  0  -7285.37  0  -7285.37  4161.16  0  0  4161.16  0  4161.16
2.0379e+13  0  679.3  -7280.5  0  0  -7280.5  0  -7280.5  4156.55  0  0  4156.55  0  4156.55
2.0388e+13  0  679.6  -7275.64  0  0  -7275.64  0  -7275.64  4151.95  0  0  4151.95  0  4151.95
2.0397e+13  0  679.9  -7270.79  0  0  -7270.79  0  -7270.79  4147.36  0  0  4147.36  0  4147.36
2.0406e+13  0  680.2  -7265.94  0  0  -7265.94  0  -7265.94  4142.77  0  0  4142.77  0  4142.77
2.0415e+13  0  680.5  -7261.1  0  0  -7261.1  0  -7261.1  4138.19  0  0  4138.19  0  4138.19
2.0424e+13  0  680.8  -7256.25  0  0  -7256.25  0  -7256.25  4133.62  0  0  4133.62  0  4133.62
2.0433e+13  0  681.1  -7251.42  0  0  -7251.42  0  -7251.42  4129.05  0  0  4129.05  0  4129.05
2.0442e+13  0  681.4  -7246.59  0  0  -7246.59  0  -7246.59  4124.49  0  0  4124.49  0  4124.49
2.0451e+13  0  681.7  -7241.76  0  0  -7241.76  0  -7241.76  4119.94  0  0  4119.94  0  4119.94
2.046e+13  0  682  -7236.93  0  0  -7236.93  0  -7236.93  4115.39  0  0  4115.39  0  4115.39
2.0469e+13  0  682.3  -7232.11  0  0  -7232.11  0  -7232.11  4110.85  0  0  4110.85  0  4110.85
2.0478e+13  0  682.6  -7227.3  0  0  -7227.3  0  -7227.3  4106.31  0  0  4106.31  0  4106.31
2.0487e+13  0  682.9  -7222.49  0  0  -7222.49  0  -7222.49  4101.79  0  0  4101.79  0  4101.79
2.0496e+13  0  683.2  -7217.68  0  0  -7217.68  0  -7217.68  4097.26  0  0  4097.26  0  4097.26
2.0505e+13  0  683.5  -7212.88  0  0  -7212.88  0  -7212.88  4092.75  0  0  4092.75  0  4092.75
2.0514e+13  0  683.8  -7208.08  0  0  -7208.08  0  -7208.08  4088.24  0  0  4088.24  0  4088.24
2.0523e+13  0  684.1  -7203.29  0  0  -7203.29  0  -7203.29  4083.74  0  0  4083.74  0  4083.74
2.0532e+13  0  684.4  -7198.5  0  0  -7198.5  0  -7198.5  4079.24  0  0  4079.24  0  4079.24
2.0541e+13  0  684.7  -7193.71  0  0  -7193.71  0  -7193.71  4074.75  0  0  4074.75  0  4074.75
2.055e+13  0  685  -7188.93  0  0  -7188.93  0  -7188.93  4070.26  0  0  4070.26  0  4070.26
2.0559e+13  0  685.3  -7184.16  0  0  -7184.16  0  -7184.16  4065.79  0  0  4065.79  0  4065.79
2.0568e+13  0  685.6  -7179.38  0  0  -7179.38  0  -7179.38  4061.32  0  0  4061.32  0  4061.32
2.0577e+13  0  685.9  -7174.62  0  0  -7174.62  0  -7174.62  4056.85  0  0  4056.85  0  4056.85
2.0586e+13  0  686.2  -7169.85  0  0  -7169.85  0  -7169.85  4052.39  0  0  4052.39  0  4052.39
2.0595e+13  0  686.5  -7165.09  0  0  -7165.09  0  -7165.09  4047.94  0  0  4047.94  0  4047.94
2.0604e+13  0  686.8  -7160.34  0  0  -7160.34  0  -7160.34  4043.49  0  0  4043.49  0  4043.49
2.0613e+13  0  687.1  -7155.59  0  0  -7155.59  0  -7155.59  4039.05  0  0  4039.05  0  4039.05
2.0622e+13  0  687.4  -7150.84  0  0  -7150.84  0  -7150.84  4034.62  0  0  4034.62  0  4034.62
2.0631e+13  0  687.7  -7146.1  0  0  -7146.1  0  -7146.1  4030.19  0  0  4030.19  0  4030.19
2.064e+13  0  688  -7141.36  0  0  -7141.36  0  -7141.36  4025.77  0  0  4025.77  0  4025.77
2.0649e+13  0  688.3  -7136.62  0  0  -7136.62  0  -7136.62  4021.36  0  0  4021.36  0  4021.36
2.0658e+13  0  688.6  -7131.89  0  0  -7131.89  0  -7131.89  4016.95  0  0  4016.95  0  4016.95
2.0667e+13  0  688.9  -7127.17  0  0  -7127.17  0  -7127.17  4012.55  0  0  4012.55  0  4012.55
2.0676e+13  0  689.2  -7122.45  0  0  -7122.45  0  -7122.45  4008.15  0  0  4008.15  0  4008.15
2.0685e+13  0  689.5  -7117.73  0  0  -7117.73  0  -7117.73  4003.76  0  0  4003.76  0  4003.76
2.0694e+13  0  689.8  -7113.01  0  0  -7113.01  0  -7113.01  3999.38  0  0  3999.38  0  3999.38
2.0703e+13  0  690.1  -7108.31  0  0  -7108.31  0  -7108.31  3995  0  0  3995  0  3995
2.0712e+13  0  690.4  -7103.6  0  0  -7103.6  0  -7103.6  3990.63  0  0  3990.63  0  3990.63
2.0721e+13  0  690.7  -7098.9  0  0  -7098.9  0  -7098.9  3986.26  0  0  3986.26  0  3986.26
2.073e+13  0  691  -7094.2  0  0  -7094.2  0  -7094.2  3981.9  0  0  3981.9  0  3981.9
2.0739e+13  0  691.3  -7089.51  0  0  -7089.51  0  -7089.51  3977.55  0  0  3977.55  0  3977.55
2.0748e+13  0  691.6  -7084.82  0  0  -7084.82  0  -7084.82  3973.2  0  0  3973.2  0  3973.2
2.0757e+13  0  691.9  -7080.14  0  0  -7080.14  0  -7080.14  3968.86  0  0  3968.86  0  3968.86
2.0766e+13  0  692.2  -7075.46  0  0  -7075.46  0  -7075.46  3964.53  0  0  3964.53  0  3964.53
2.0775e+13  0  692.5  -7070.78  0  0  -7070.78  0  -7070.78  3960.2  0  0  3960.2  0  3960.2
2.0784e+13  0  692.8  -7066.11  0  0  -7066.11  0  -7066.11  3955.87  0  0  3955.87  0  3955.87
2.0793e+13  0  693.1  -7061.44  0  0  -7061.44  0  -7061.44  3951.56  0  0  3951.56  0  3951.56
2.0802e+13  0  693.4  -7056.78  0  0  -7056.78  0  -7056.78  3947.25  0  0  3947.25  0  3947.25
2.0811e+13  0  693.7  -7052.12  0  0  -7052.12  0  -7052.12  3942.94  0  0  3942.94  0  3942.94
2.082e+13  0  694  -7047.47  0  0  -7047.47  0  -7047.47  3938.64  0  0  3938.64  0  3938.64
2.0829e+13  0  694.3  -7042.81  0  0  -7042.81  0  -7042.81  3934.35  0  0  3934.35  0  3934.35
2.0838e+13  0  694.6  -7038.17  0  0  -7038.17  0  -7038.17  3930.06  0  0  3930.06  0  3930.06
2.0847e+13  0  694.9  -7033.52  0  0  -7033.52  0  -7033.52  3925.78  0  0  3925.78  0  3925.78
2.0856e+13  0  695.2  -7028.89  0  0  -7028.89  0  -7028.89  3921.51  0  0  3921.51  0  3921.51
2.0865e+13  0  695.5  -7024.25  0  0  -7024.25  0  -7024.25  3917.24  0  0  3917.24  0  3917.24
2.0874e+13  0  695.8  -7019.62  0  0  -7019.62  0  -7019.62  3912.98  0  0  3912.98  0  3912.98
2.0883e+13  0  696.1  -7014.99  0  0  -7014.99  0  -7014.99  3908.72  0  0  3908.72  0  3908.72
2.0892e+13  0  696.4  -7010.37  0  0  -7010.37  0  -7010.37  3904.47  0  0  3904.47  0  3904.47
2.0901e+13  0  696.7  -7005.75  0  0  -7005.75  0  -7005.75  3900.22  0  0  3900.22  0  3900.22
2.091e+13  0  697  -7001.14  0  0  -7001.14  0  -7001.14  3895.99  0  0  3895.99  0  3895.99
2.0919e+13  0  697.3  -6996.53  0  0  -6996.53  0  -6996.53  3891.75  0  0  3891.75  0  3891.75
2.0928e+13  0  697.6  -6991.92  0  0  -6991.92  0  -6991.92  3887.53  0  0  3887.53  0  3887.53
2.0937e+13  0  697.9  -6987.32  0  0  -6987.32  0  -6987.32  3883.3  0  0  3883.3  0  3883.3
2.0946e+13  0  698.2  -6982.72  0  0  -6982.72  0  -6982.72  3879.09  0  0  3879.09  0  3879.09
2.0955e+13  0  698.5  -6978.13  0  0  -6978.13  0  -6978.13  3874.88  0  0  3874.88  0  3874.88
2.0964e+13  0  698.8  -6973.54  0  0  -6973.54  0  -6973.54  3870.68  0  0  3870.68  0  3870.68
2.0973e+13  0  699.1  -6968.96  0  0  -6968.96  0  -6968.96  3866.48  0  0  3866.48  0  3866.48
2.0982e+13  0  699.4  -6964.37  0  0  -6964.37  0  -6964.37  3862.29  0  0  3862.29  0  3862.29
2.0991e+13  0  699.7  -6959.8  0  0  -6959.8  0  -6959.8  3858.1  0  0  3858.1  0  3858.1
2.1e+13  0  700  -6955.22  0  0  -6955.22  0  -6955.22  3853.92  0  0  3853.92  0  3853.92
2.1009e+13  0  700.3  -6950.65  0  0  -6950.65  0  -6950.65  3849.75  0  0  3849.75  0  3849.75
2.1018e+13  0  700.6  -6946.09  0  0  -6946.09  0  -6946.09  3845.58  0  0  3845.58  0  3845.58
2.1027e+13  0  700.9  -6941.53  0  0  -6941.53  0  -6941.53  3841.41  0  0  3841.41  0  3841.41
2.1036e+13  0  701.2  -6936.97  0  0  -6936.97  0  -6936.97  3837.26  0  0  3837.26  0  3837.26
2.1045e+13  0  701.5  -6932.42  0  0  -6932.42  0  -6932.42  3833.11  0  0  3833.11  0  3833.11
2.1054e+13  0  701.8  -6927.87  0  0  -6927.87  0  -6927.87  3828.96  0  0  3828.96  0  3828.96
2.1063e+13  0  702.1  -6923.32  0  0  -6923.32  0  -6923.32  3824.82  0  0  3824.82  0  3824.82
2.1072e+13  0  702.4  -6918.78  0  0  -6918.78  0  -6918.78  3820.69  0  0  3820.69  0  3820.69
2.1081e+13  0  702.7  -6914.24  0  0  -6914.24  0  -6914.24  3816.56  0  0  3816.56  0  3816.56
2.109e+13  0  703  -6909.71  0  0  -6909.71  0  -6909.71  3812.44  0  0  3812.44  0  3812.44
2.1099e+13  0  703.3  -6905.18  0  0  -6905.18  0  -6905.18  3808.32  0  0  3808.32  0  3808.32
2.1108e+13  0  703.6  -6900.66  0  0  -6900.66  0  -6900.66  3804.21  0  0  3804.21  0  3804.21
2.1117e+13  0  703.9  -6896.14  0  0  -6896.14  0  -6896.14  3800.1  0  0  3800.1  0  3800.1
2.1126e+13  0  704.2  -6891.62  0  0  -6891.62  0  -6891.62  3796  0  0  3796  0  3796
2.1135e+13  0  704.5  -6887.11  0  0  -6887.11  0  -6887.11  3791.91  0  0  3791.91  0  3791.91
2.1144e+13  0  704.8  -6882.6  0  0  -6882.6  0  -6882.6  3787.82  0  0  3787.82  0  3787.82
2.1153e+13  0  705.1  -6878.09  0  0  -6878.09  0  -6878.09  3783.74  0  0  3783.74  0  3783.74
2.1162e+13  0  705.4  -6873.59  0  0  -6873.59  0  -6873.59  3779.66  0  0  3779.66  0  3779.66
2.1171e+13  0  705.7  -6869.09  0  0  -6869.09  0  -6869.09  3775.59  0  0  3775.59  0  3775.59
2.118e+13  0  706  -6864.6  0  0  -6864.6  0  -6864.6  3771.52  0  0  3771.52  0  3771.52
2.1189e+13  0  706.3  -6860.11  0  0  -6860.11  0  -6860.11  3767.46  0  0  3767.46  0  3767.46
2.1198e+13  0  706.6  -6855.63  0  0  -6855.63  0  -6855.63  3763.41  0  0  3763.41  0  3763.41
2.1207e+13  0  706.9  -6851.14  0  0  -6851.14  0  -6851.14  3759.36  0  0  3759.36  0  3759.36
2.1216e+13  0  707.2  -6846.67  0  0  -6846.67  0  -6846.67  3755.32  0  0  3755.32  0  3755.32
2.1225e+13  0  707.5  -6842.19  0  0  -6842.19  0  -6842.19  3751.28  0  0  3751.28  0  3751.28
2.1234e+13  0  707.8  -6837.72  0  0  -6837.72  0  -6837.72  3747.25  0  0  3747.25  0  3747.25
2.1243e+13  0  708.1  -6833.26  0  0  -6833.26  0  -6833.26  3743.22  0  0  3743.22  0  3743.22
2.1252e+13  0  708.4  -6828.8  0  0  -6828.8  0  -6828.8  3739.2  0  0  3739.2  0  3739.2
2.1261e+13  0  708.7  -6824.34  0  0  -6824.34  0  -6824.34  3735.18  0  0  3735.18  0  3735.18
2.127e+13  0  709  -6819.88  0  0  -6819.88  0  -6819.88  3731.17  0  0  3731.17  0  3731.17
2.1279e+13  0  709.3  -6815.43  0  0  -6815.43  0  -6815.43  3727.17  0  0  3727.17  0  3727.17
2.1288e+13  0  709.6  -6810.99  0  0  -6810.99  0  -6810.99  3723.17  0  0  3723.17  0  3723.17
2.1297e+13  0  709.9  -6806.55  0  0  -6806.55  0  -6806.55  3719.18  0  0  3719.18  0  3719.18
2.1306e+13  0  710.2  -6802.11  0  0  -6802.11  0  -6802.11  3715.19  0  0  3715.19  0  3715.19
2.1315e+13  0  710.5  -6797.67  0  0  -6797.67  0  -6797.67  3711.21  0  0  3711.21  0  3711.21
2.1324e+13  0  710.8  -6793.24  0  0  -6793.24  0  -6793.24  3707.23  0  0  3707.23  0  3707.23
2.1333e+13  0  711.1  -6788.82  0  0  -6788.82  0  -6788.82  3703.26  0  0  3703.26  0  3703.26
2.1342e+13  0  711.4  -6784.4  0  0  -6784.4  0  -6784.4  3699.29  0  0  3699.29  0  3699.29
2.1351e+13  0  711.7  -6779.98  0  0  -6779.98  0  -6779.98  3695.33  0  0  3695.33  0  3695.33
2.136e+13  0  712  -6775.56  0  0  -6775.56  0  -6775.56  3691.38  0  0  3691.38  0  3691.38
2.1369e+13  0  712.3  -6771.15  0  0  -6771.15  0  -6771.15  3687.43  0  0  3687.43  0  3687.43
2.1378e+13  0  712.6  -6766.74  0  0  -6766.74  0  -6766.74  3683.48  0  0  3683.48  0  3683.48
2.1387e+13  0  712.9  -6762.34  0  0  -6762.34  0  -6762.34  3679.55  0  0  3679.55  0  3679.55
2.1396e+13  0  713.2  -6757.94  0  0  -6757.94  0  -6757.94  3675.61  0  0  3675.61  0  3675.61
2.1405e+13  0  713.5  -6753.55  0  0  -6753.55  0  -6753.55  3671.68  0  0  3671.68  0  3671.68
2.1414e+13  0  713.8  -6749.15  0  0  -6749.15  0  -6749.15  3667.76  0  0  3667.76  0  3667.76
2.1423e+13  0  714.1  -6744.77  0  0  -6744.77  0  -6744.77  3663.84  0  0  3663.84  0  3663.84
2.1432e+13  0  714.4  -6740.38  0  0  -6740.38  0  -6740.38  3659.93  0  0  3659.93  0  3659.93
2.1441e+13  0  714.7  -6736  0  0  -6736  0  -6736  3656.03  0  0  3656.03  0  3656.03
2.145e+13  0  715  -6731.63  0  0  -6731.63  0  -6731.63  3652.13  0  0  3652.13  0  3652.13
2.1459e+13  0  715.3  -6727.25  0  0  -6727.25  0  -6727.25  3648.23  0  0  3648.23  0  3648.23
2.1468e+13  0  715.6  -6722.89  0  0  -6722.89  0  -6722.89  3644.34  0  0  3644.34  0  3644.34
2.1477e+13  0  715.9  -6718.52  0  0  -6718.52  0  -6718.52  3640.45  0  0  3640.45  0  3640.45
2.1486e+13  0  716.2  -6714.16  0  0  -6714.16  0  -6714.16  3636.57  0  0  3636.57  0  3636.57
2.1495e+13  0  716.5  -6709.8  0  0  -6709.8  0  -6709.8  3632.7  0  0  3632.7  0  3632.7
2.1504e+13  0  716.8  -6705.45  0  0  -6705.45  0  -6705.45  3628.83  0  0  3628.83  0  3628.83
2.1513e+13  0  717.1  -6701.1  0  0  -6701.1  0  -6701.1  3624.97  0  0  3624.97  0  3624.97
2.1522e+13  0  717.4  -6696.76  0  0  -6696.76  0  -6696.76  3621.11  0  0  3621.11  0  3621.11
2.1531e+13  0  717.7  -6692.41  0  0  -6692.41  0  -6692.41  3617.26  0  0  3617.26  0  3617.26
2.154e+13  0  718  -6688.08  0  0  -6688.08  0  -6688.08  3613.41  0  0  3613.41  0  3613.41
2.1549e+13  0  718.3  -6683.74  0  0  -6683.74  0  -6683.74  3609.57  0  0  3609.57  0  3609.57
2.1558e+13  0  718.6  -6679.41  0  0  -6679.41  0  -6679.41  3605.73  0  0  3605.73  0  3605.73
2.1567e+13  0  718.9  -6675.09  0  0  -6675.09  0  -6675.09  3601.9  0  0  3601.9  0  3601.9
2.1576e+13  0  719.2  -6670.76  0  0  -6670.76  0  -6670.76  3598.07  0  0  3598.07  0  3598.07
2.1585e+13  0  719.5  -6666.44  0  0  -6666.44  0  -6666.44  3594.25  0  0  3594.25  0  3594.25
2.1594e+13  0  719.8  -6662.13  0  0  -6662.13  0  -6662.13  3590.43  0  0  3590.43  0  3590.43
2.1603e+13  0  720.1  -6657.82  0  0  -6657.82  0  -6657.82  3586.62  0  0  3586.62  0  3586.62
2.1612e+13  0  720.4  -6653.51  0  0  -6653.51  0  -6653.51  3582.81  0  0  3582.81  0  3582.81
2.1621e+13  0  720.7  -6649.21  0  0  -6649.21  0  -6649.21  3579.01  0  0  3579.01  0  3579.01
2.163e+13  0  721  -6644.91  0  0  -6644.91  0  -6644.91  3575.22  0  0  3575.22  0  3575.22
2.1639e+13  0  721.3  -6640.61  0  0  -6640.61  0  -6640.61  3571.43  0  0  3571.43  0  3571.43
2.1648e+13  0  721.6  -6636.32  0  0  -6636.32  0  -6636.32  3567.64  0  0  3567.64  0  3567.64
2.1657e+13  0  721.9  -6632.03  0  0  -6632.03  0  -6632.03  3563.86  0  0  3563.86  0  3563.86
2.1666e+13  0  722.2  -6627.74  0  0  -6627.74  0  -6627.74  3560.09  0  0  3560.09  0  3560.09
2.1675e+13  0  722.5  -6623.46  0  0  -6623.46  0  -6623.46  3556.32  0  0  3556.32  0  3556.32
2.1684e+13  0  722.8  -6619.19  0  0  -6619.19  0  -6619.19  3552.55  0  0  3552.55  0  3552.55
2.1693e+13  0  723.1  -6614.91  0  0  -6614.91  0  -6614.91  3548.79  0  0  3548.79  0  3548.79
2.1702e+13  0  723.4  -6610.64  0  0  -6610.64  0  -6610.64  3545.04  0  0  3545.04  0  3545.04
2.1711e+13  0  723.7  -6606.38  0  0  -6606.38  0  -6606.38  3541.29  0  0  3541.29  0  3541.29
2.172e+13  0  724  -6602.11  0  0  -6602.11  0  -6602.11  3537.55  0  0  3537.55  0  3537.55
2.1729e+13  0  724.3  -6597.85  0  0  -6597.85  0  -6597.85  3533.81  0  0  3533.81  0  3533.81
2.1738e+13  0  724.6  -6593.6  0  0  -6593.6  0  -6593.6  3530.07  0  0  3530.07  0  3530.07
2.1747e+13  0  724.9  -6589.35  0  0  -6589.35  0  -6589.35  3526.34  0  0  3526.34  0  3526.34
2.1756e+13  0  725.2  -6585.1  0  0  -6585.1  0  -6585.1  3522.62  0  0  3522.62  0  3522.62
2.1765e+13  0  725.5  -6580.86  0  0  -6580.86  0  -6580.86  3518.9  0  0  3518.9  0  3518.9
2.1774e+13  0  725.8  -6576.62  0  0  -6576.62  0  -6576.62  3515.19  0  0  3515.19  0  3515.19
2.1783e+13  0  726.1  -6572.38  0  0  -6572.38  0  -6572.38  3511.48  0  0  3511.48  0  3511.48
2.1792e+13  0  726.4  -6568.15  0  0  -6568.15  0  -6568.15  3507.77  0  0  3507.77  0  3507.77
2.1801e+13  0  726.7  -6563.92  0  0  -6563.92  0  -6563.92  3504.08  0  0  3504.08  0  3504.08
2.181e+13  0  727  -6559.69  0  0  -6559.69  0  -6559.69  3500.38  0  0  3500.38  0  3500.38
2.1819e+13  0  727.3  -6555.47  0  0  -6555.47  0  -6555.47  3496.69  0  0  3496.69  0  3496.69
2.1828e+13  0  727.6  -6551.25  0  0  -6551.25  0  -6551.25  3493.01  0  0  3493.01  0  3493.01
2.1837e+13  0  727.9  -6547.04  0  0  -6547.04  0  -6547.04  3489.33  0  0  3489.33  0  3489.33
2.1846e+13  0  728.2  -6542.83  0  0  -6542.83  0  -6542.83  3485.66  0  0  3485.66  0  3485.66
2.1855e+13  0  728.5  -6538.62  0  0  -6538.62  0  -6538.62  3481.99  0  0  3481.99  0  3481.99
2.1864e+13  0  728.8  -6534.42  0  0  -6534.42  0  -6534.42  3478.33  0  0  3478.33  0  3478.33
2.1873e+13  0  729.1  -6530.22  0  0  -6530.22  0  -6530.22  3474.67  0  0  3474.67  0  3474.67
2.1882e+13  0  729.4  -6526.02  0  0  -6526.02  0  -6526.02  3471.01  0  0  3471.01  0  3471.01
2.1891e+13  0  729.7  -6521.83  0  0  -6521.83  0  -6521.83  3467.36  0  0  3467.36  0  3467.36
2.19e+13  0  730  -6517.64  0  0  -6517.64  0  -6517.64  3463.72  0  0  3463.72  0  3463.72
2.1909e+13  0  730.3  -6513.46  0  0  -6513.46  0  -6513.46  3460.08  0  0  3460.08  0  3460.08
2.1918e+13  0  730.6  -6509.27  0  0  -6509.27  0  -6509.27  3456.45  0  0  3456.45  0  3456.45
2.1927e+13  0  730.9  -6505.1  0  0  -6505.1  0  -6505.1  3452.82  0  0  3452.82  0  3452.82
2.1936e+13  0  731.2  -6500.92  0  0  -6500.92  0  -6500.92  3449.19  0  0  3449.19  0  3449.19
2.1945e+13  0  731.5  -6496.75  0  0  -6496.75  0  -6496.75  3445.57  0  0  3445.57  0  3445.57
2.1954e+13  0  731.8  -6492.59  0  0  -6492.59  0  -6492.59  3441.96  0  0  3441.96  0  3441.96
2.1963e+13  0  732.1  -6488.42  0  0  -6488.42  0  -6488.42  3438.35  0  0  3438.35  0  3438.35
2.1972e+13  0  732.4  -6484.26  0  0  -6484.26  0  -6484.26  3434.75  0  0  3434.75  0  3434.75
2.1981e+13  0  732.7  -6480.11  0  0  -6480.11  0  -6480.11  3431.15  0  0  3431.15  0  3431.15
2.199e+13  0  733  -6475.95  0  0  -6475.95  0  -6475.95  3427.55  0  0  3427.55  0  3427.55
2.1999e+13  0  733.3  -6471.81  0  0  -6471.81  0  -6471.81  3423.96  0  0  3423.96  0  3423.96
2.2008e+13  0  733.6  -6467.66  0  0  -6467.66  0  -6467.66  3420.38  0  0  3420.38  0  3420.38
2.2017e+13  0  733.9  -6463.52  0  0  -6463.52  0  -6463.52  3416.79  0  0  3416.79  0  3416.79
2.2026e+13  0  734.2  -6459.38  0  0  -6459.38  0  -6459.38  3413.22  0  0  3413.22  0  3413.22
2.2035e+13  0  734.5  -6455.25  0  0  -6455.25  0  -6455.25  3409.65  0  0  3409.65  0  3409.65
2.2044e+13  0  734.8  -6451.12  0  0  -6451.12  0  -6451.12  3406.08  0  0  3406.08  0  3406.08
2.2053e+13  0  735.1  -6446.99  0  0  -6446.99  0  -6446.99  3402.52  0  0  3402.52  0  3402.52
2.2062e+13  0  735.4  -6442.87  0  0  -6442.87  0  -6442.87  3398.96  0  0  3398.96  0  3398.96
2.2071e+13  0  735.7  -6438.75  0  0  -6438.75  0  -6438.75  3395.41  0  0  3395.41  0  3395.41
2.208e+13  0  736  -6434.63  0  0  -6434.63  0  -6434.63  3391.87  0  0  3391.87  0  3391.87
2.2089e+13  0  736.3  -6430.52  0  0  -6430.52  0  -6430.52  3388.32  0  0  3388.32  0  3388.32
2.2098e+13  0  736.6  -6426.41  0  0  -6426.41  0  -6426.41  3384.79  0  0  3384.79  0  3384.79
2.2107e+13  0  736.9  -6422.3  0  0  -6422.3  0  -6422.3  3381.25  0  0  3381.25  0  3381.25
2.2116e+13  0  737.2  -6418.2  0  0  -6418.2  0  -6418.2  3377.73  0  0  3377.73  0  3377.73
2.2125e+13  0  737.5  -6414.1  0  0  -6414.1  0  -6414.1  3374.2  0  0  3374.2  0  3374.2
2.2134e+13  0  737.8  -6410.01  0  0  -6410.01  0  -6410.01  3370.69  0  0  3370.69  0  3370.69
2.2143e+13  0  738.1  -6405.92  0  0  -6405.92  0  -6405.92  3367.17  0  0  3367.17  0  3367.17
2.2152e+13  0  738.4  -6401.83  0  0  -6401.83  0  -6401.83  3363.66  0  0  3363.66  0  3363.66
2.2161e+13  0  738.7  -6397.74  0  0  -6397.74  0  -6397.74  3360.16  0  0  3360.16  0  3360.16
2.217e+13  0  739  -6393.66  0  0  -6393.66  0  -6393.66  3356.66  0  0  3356.66  0  3356.66
2.2179e+13  0  739.3  -6389.59  0  0  -6389.59  0  -6389.59  3353.16  0  0  3353.16  0  3353.16
2.2188e+13  0  739.6  -6385.51  0  0  -6385.51  0  -6385.51  3349.67  0  0  3349.67  0  3349.67
2.2197e+13  0  739.9  -6381.44  0  0  -6381.44  0  -6381.44  3346.19  0  0  3346.19  0  3346.19
2.2206e+13  0  740.2  -6377.38  0  0  -6377.38  0  -6377.38  3342.71  0  0  3342.71  0  3342.71
2.2215e+13  0  740.5  -6373.31  0  0  -6373.31  0  -6373.31  3339.23  0  0  3339.23  0  3339.23
2.2224e+13  0  740.8  -6369.25  0  0  -6369.25  0  -6369.25  3335.76  0  0  3335.76  0  3335.76
2.2233e+13  0  741.1  -6365.2  0  0  -6365.2  0  -6365.2  3332.29  0  0  3332.29  0  3332.29
2.2242e+13  0  741.4  -6361.15  0  0  -6361.15  0  -6361.15  3328.83  0  0  3328.83  0  3328.83
2.2251e+13  0  741.7  -6357.1  0  0  -6357.1  0  -6357.1  3325.37  0  0  3325.37  0  3325.37
2.226e+13  0  742  -6353.05  0  0  -6353.05  0  -6353.05  3321.92  0  0  3321.92  0  3321.92
2.2269e+13  0  742.3  -6349.01  0  0  -6349.01  0  -6349.01  3318.47  0  0  3318.47  0  3318.47
2.2278e+13  0  742.6  -6344.97  0  0  -6344.97  0  -6344.97  3315.03  0  0  3315.03  0  3315.03
2.2287e+13  0  742.9  -6340.94  0  0  -6340.94  0  -6340.94  3311.59  0  0  3311.59  0  3311.59
2.2296e+13  0  743.2  -6336.9  0  0  -6336.9  0  -6336.9  3308.16  0  0  3308.16  0  3308.16
2.2305e+13  0  743.5  -6332.88  0  0  -6332.88  0  -6332.88  3304.73  0  0  3304.73  0  3304.73
2.2314e+13  0  743.8  -6328.85  0  0  -6328.85  0  -6328.85  3301.3  0  0  3301.3  0  3301.3
2.2323e+13  0  744.1  -6324.83  0  0  -6324.83  0  -6324.83  3297.88  0  0  3297.88  0  3297.88
2.2332e+13  0  744.4  -6320.81  0  0  -6320.81  0  -6320.81  3294.46  0  0  3294.46  0  3294.46
2.2341e+13  0  744.7  -6316.8  0  0  -6316.8  0  -6316.8  3291.05  0  0  3291.05  0  3291.05
2.235e+13  0  745  -6312.79  0  0  -6312.79  0  -6312.79  3287.65  0  0  3287.65  0  3287.65
2.2359e+13  0  745.3  -6308.78  0  0  -6308.78  0  -6308.78  3284.24  0  0  3284.24  0  3284.24
2.2368e+13  0  745.6  -6304.78  0  0  -6304.78  0  -6304.78  3280.85  0  0  3280.85  0  3280.85
2.2377e+13  0  745.9  -6300.78  0  0  -6300.78  0  -6300.78  3277.45  0  0  3277.45  0  3277.45
2.2386e+13  0  746.2  -6296.78  0  0  -6296.78  0  -6296.78  3274.06  0  0  3274.06  0  3274.06
2.2395e+13  0  746.5  -6292.79  0  0  -6292.79  0  -6292.79  3270.68  0  0  3270.68  0  3270.68
2.2404e+13  0  746.8  -6288.8  0  0  -6288.8  0  -6288.8  3267.3  0  0  3267.3  0  3267.3
2.2413e+13  0  747.1  -6284.81  0  0  -6284.81  0  -6284.81  3263.92  0  0  3263.92  0  3263.92
2.2422e+13  0  747.4  -6280.83  0  0  -6280.83  0  -6280.83  3260.55  0  0  3260.55  0  3260.55
2.2431e+13  0  747.7  -6276.85  0  0  -6276.85  0  -6276.85  3257.19  0  0  3257.19  0  3257.19
2.244e+13  0  748  -6272.87  0  0  -6272.87  0  -6272.87  3253.83  0  0  3253.83  0  3253.83
2.2449e+13  0  748.3  -6268.9  0  0  -6268.9  0  -6268.9  3250.47  0  0  3250.47  0  3250.47
2.2458e+13  0  748.6  -6264.93  0  0  -6264.93  0  -6264.93  3247.11  0  0  3247.11  0  3247.11
2.2467e+13  0  748.9  -6260.97  0  0  -6260.97  0  -6260.97  3243.77  0  0  3243.77  0  3243.77
2.2476e+13  0  749.2  -6257.01  0  0  -6257.01  0  -6257.01  3240.42  0  0  3240.42  0  3240.42
2.2485e+13  0  749.5  -6253.05  0  0  -6253.05  0  -6253.05  3237.08  0  0  3237.08  0  3237.08
2.2494e+13  0  749.8  -6249.09  0  0  -6249.09  0  -6249.09  3233.75  0  0  3233.75  0  3233.75
2.2503e+13  0  750.1  -6245.14  0  0  -6245.14  0  -6245.14  3230.42  0  0  3230.42  0  3230.42
2.2512e+13  0  750.4  -6241.19  0  0  -6241.19  0  -6241.19  3227.09  0  0  3227.09  0  3227.09
2.2521e+13  0  750.7  -6237.25  0  0  -6237.25  0  -6237.25  3223.77  0  0  3223.77  0  3223.77
2.253e+13  0  751  -6233.3  0  0  -6233.3  0  -6233.3  3220.45  0  0  3220.45  0  3220.45
2.2539e+13  0  751.3  -6229.37  0  0  -6229.37  0  -6229.37  3217.14  0  0  3217.14  0  3217.14
2.2548e+13  0  751.6  -6225.43  0  0  -6225.43  0  -6225.43  3213.83  0  0  3213.83  0  3213.83
2.2557e+13  0  751.9  -6221.5  0  0  -6221.5  0  -6221.5  3210.53  0  0  3210.53  0  3210.53
2.2566e+13  0  752.2  -6217.57  0  0  -6217.57  0  -6217.57  3207.23  0  0  3207.23  0  3207.23
2.2575e+13  0  752.5  -6213.65  0  0  -6213.65  0  -6213.65  3203.93  0  0  3203.93  0  3203.93
2.2584e+13  0  752.8  -6209.72  0  0  -6209.72  0  -6209.72  3200.64  0  0  3200.64  0  3200.64
2.2593e+13  0  753.1  -6205.81  0  0  -6205.81  0  -6205.81  3197.35  0  0  3197.35  0  3197.35
2.2602e+13  0  753.4  -6201.89  0  0  -6201.89  0  -6201.89  3194.07  0  0  3194.07  0  3194.07
2.2611e+13  0  753.7  -6197.98  0  0  -6197.98  0  -6197.98  3190.79  0  0  3190.79  0  3190.79
2.262e+13  0  754  -6194.07  0  0  -6194.07  0  -6194.07  3187.52  0  0  3187.52  0  3187.52
2.2629e+13  0  754.3  -6190.17  0  0  -6190.17  0  -6190.17  3184.25  0  0  3184.25  0  3184.25
2.2638e+13  0  754.6  -6186.27  0  0  -6186.27  0  -6186.27  3180.98  0  0  3180.98  0  3180.98
2.2647e+13  0  754.9  -6182.37  0  0  -6182.37  0  -6182.37  3177.72  0  0  3177.72  0  3177.72
2.2656e+13  0  755.2  -6178.48  0  0  -6178.48  0  -6178.48  3174.47  0  0  3174.47  0  3174.47
2.2665e+13  0  755.5  -6174.58  0  0  -6174.58  0  -6174.58  3171.21  0  0  3171.21  0  3171.21
2.2674e+13  0  755.8  -6170.7  0  0  -6170.7  0  -6170.7  3167.97  0  0  3167.97  0  3167.97
2.2683e+13  0  756.1  -6166.81  0  0  -6166.81  0  -6166.81  3164.72  0  0  3164.72  0  3164.72
2.2692e+13  0  756.4  -6162.93  0  0  -6162.93  0  -6162.93  3161.48  0  0  3161.48  0  3161.48
2.2701e+13  0  756.7  -6159.05  0  0  -6159.05  0  -6159.05  3158.25  0  0  3158.25  0  3158.25
2.271e+13  0  757  -6155.18  0  0  -6155.18  0  -6155.18  3155.02  0  0  3155.02  0  3155.02
2.2719e+13  0  757.3  -6151.31  0  0  -6151.31  0  -6151.31  3151.79  0  0  3151.79  0  3151.79
2.2728e+13  0  757.6  -6147.44  0  0  -6147.44  0  -6147.44  3148.57  0  0  3148.57  0  3148.57
2.2737e+13  0  757.9  -6143.58  0  0  -6143.58  0  -6143.58  3145.35  0  0  3145.35  0  3145.35
2.2746e+13  0  758.2  -6139.72  0  0  -6139.72  0  -6139.72  3142.14  0  0  3142.14  0  3142.14
2.2755e+13  0  758.5  -6135.86  0  0  -6135.86  0  -6135.86  3138.93  0  0  3138.93  0  3138.93
2.2764e+13  0  758.8  -6132  0  0  -6132  0  -6132  3135.72  0  0  3135.72  0  3135.72
2.2773e+13  0  759.1  -6128.15  0  0  -6128.15  0  -6128.15  3132.52  0  0  3132.52  0  3132.52
2.2782e+13  0  759.4  -6124.3  0  0  -6124.3  0  -6124.3  3129.32  0  0  3129.32  0  3129.32
2.2791e+13  0  759.7  -6120.46  0  0  -6120.46  0  -6120.46  3126.13  0  0  3126.13  0  3126.13
2.28e+13  0  760  -6116.62  0  0  -6116.62  0  -6116.62  3122.94  0  0  3122.94  0  3122.94
2.2809e+13  0  760.3  -6112.78  0  0  -6112.78  0  -6112.78  3119.76  0  0  3119.76  0  3119.76
2.2818e+13  0  760.6  -6108.95  0  0  -6108.95  0  -6108.95  3116.58  0  0  3116.58  0  3116.58
2.2827e+13  0  760.9  -6105.11  0  0  -6105.11  0  -6105.11  3113.4  0  0  3113.4  0  3113.4
2.2836e+13  0  761.2  -6101.29  0  0  -6101.29  0  -6101.29  3110.23  0  0  3110.23  0  3110.23
2.2845e+13  0  761.5  -6097.46  0  0  -6097.46  0  -6097.46  3107.06  0  0  3107.06  0  3107.06
2.2854e+13  0  761.8  -6093.64  0  0  -6093.64  0  -6093.64  3103.9  0  0  3103.9  0  3103.9
2.2863e+13  0  762.1  -6089.82  0  0  -6089.82  0  -6089.82  3100.74  0  0  3100.74  0  3100.74
2.2872e+13  0  762.4  -6086.01  0  0  -6086.01  0  -6086.01  3097.59  0  0  3097.59  0  3097.59
2.2881e+13  0  762.7  -6082.2  0  0  -6082.2  0  -6082.2  3094.44  0  0  3094.44  0  3094.44
2.289e+13  0  763  -6078.39  0  0  -6078.39  0  -6078.39  3091.29  0  0  3091.29  0  3091.29
2.2899e+13  0  763.3  -6074.58  0  0  -6074.58  0  -6074.58  3088.15  0  0  3088.15  0  3088.15
2.2908e+13  0  763.6  -6070.78  0  0  -6070.78  0  -6070.78  3085.01  0  0  3085.01  0  3085.01
2.2917e+13  0  763.9  -6066.98  0  0  -6066.98  0  -6066.98  3081.87  0  0  3081.87  0  3081.87
2.2926e+13  0  764.2  -6063.19  0  0  -6063.19  0  -6063.19  3078.74  0  0  3078.74  0  3078.74
2.2935e+13  0  764.5  -6059.4  0  0  -6059.4  0  -6059.4  3075.62  0  0  3075.62  0  3075.62
2.2944e+13  0  764.8  -6055.61  0  0  -6055.61  0  -6055.61  3072.5  0  0  3072.5  0  3072.5
2.2953e+13  0  765.1  -6051.82  0  0  -6051.82  0  -6051.82  3069.38  0  0  3069.38  0  3069.38
2.2962e+13  0  765.4  -6048.04  0  0  -6048.04  0  -6048.04  3066.26  0  0  3066.26  0  3066.26
2.2971e+13  0  765.7  -6044.26  0  0  -6044.26  0  -6044.26  3063.15  0  0  3063.15  0  3063.15
2.298e+13  0  766  -6040.48  0  0  -6040.48  0  -6040.48  3060.05  0  0  3060.05  0  3060.05
2.2989e+13  0  766.3  -6036.71  0  0  -6036.71  0  -6036.71  3056.95  0  0  3056.95  0  3056.95
2.2998e+13  0  766.6  -6032.94  0  0  -6032.94  0  -6032.94  3053.85  0  0  3053.85  0  3053.85
2.3007e+13  0  766.9  -6029.18  0  0  -6029.18  0  -6029.18  3050.75  0  0  3050.75  0  3050.75
2.3016e+13  0  767.2  -6025.41  0  0  -6025.41  0  -6025.41  3047.67  0  0  3047.67  0  3047.67
2.3025e+13  0  767.5  -6021.65  0  0  -6021.65  0  -6021.65  3044.58  0  0  3044.58  0  3044.58
2.3034e+13  0  767.8  -6017.9  0  0  -6017.9  0  -6017.9  3041.5  0  0  3041.5  0  3041.5
2.3043e+13  0  768.1  -6014.14  0  0  -6014.14  0  -6014.14  3038.42  0  0  3038.42  0  3038.42
2.3052e+13  0  768.4  -6010.39  0  0  -6010.39  0  -6010.39  3035.35  0  0  3035.35  0  3035.35
2.3061e+13  0  768.7  -6006.65  0  0  -6006.65  0  -6006.65  3032.28  0  0  3032.28  0  3032.28
2.307e+13  0  769  -6002.9  0  0  -6002.9  0  -6002.9  3029.21  0  0  3029.21  0  3029.21
2.3079e+13  0  769.3  -5999.16  0  0  -5999.16  0  -5999.16  3026.15  0  0  3026.15  0  3026.15
2.3088e+13  0  769.6  -5995.43  0  0  -5995.43  0  -5995.43  3023.09  0  0  3023.09  0  3023.09
2.3097e+13  0  769.9  -5991.69  0  0  -5991.69  0  -5991.69  3020.04  0  0  3020.04  0  3020.04
2.3106e+13  0  770.2  -5987.96  0  0  -5987.96  0  -5987.96  3016.99  0  0  3016.99  0  3016.99
2.3115e+13  0  770.5  -5984.23  0  0  -5984.23  0  -5984.23  3013.95  0  0  3013.95  0  3013.95
2.3124e+13  0  770.8  -5980.51  0  0  -5980.51  0  -5980.51  3010.9  0  0  3010.9  0  3010.9
2.3133e+13  0  771.1  -5976.79  0  0  -5976.79  0  -5976.79  3007.87  0  0  3007.87  0  3007.87
2.3142e+13  0  771.4  -5973.07  0  0  -5973.07  0  -5973.07  3004.83  0  0  3004.83  0  3004.83
2.3151e+13  0  771.7  -5969.35  0  0  -5969.35  0  -5969.35  3001.8  0  0  3001.8  0  3001.8
2.316e+13  0  772  -5965.64  0  0  -5965.64  0  -5965.64  2998.78  0  0  2998.78  0  2998.78
2.3169e+13  0  772.3  -5961.93  0  0  -5961.93  0  -5961.93  2995.76  0  0  2995.76  0  2995.76
2.3178e+13  0  772.6  -5958.23  0  0  -5958.23  0  -5958.23  2992.74  0  0  2992.74  0  2992.74
2.3187e+13  0  772.9  -5954.53  0  0  -5954.53  0  -5954.53  2989.72  0  0  2989.72  0  2989.72
2.3196e+13  0  773.2  -5950.83  0  0  -5950.83  0  -5950.83  2986.71  0  0  2986.71  0  2986.71
2.3205e+13  0  773.5  -5947.13  0  0  -5947.13  0  -5947.13  2983.71  0  0  2983.71  0  2983.71
2.3214e+13  0  773.8  -5943.44  0  0  -5943.44  0  -5943.44  2980.71  0  0  2980.71  0  2980.71
2.3223e+13  0  774.1  -5939.75  0  0  -5939.75  0  -5939.75  2977.71  0  0  2977.71  0  2977.71
2.3232e+13  0  774.4  -5936.06  0  0  -5936.06  0  -5936.06  2974.71  0  0  2974.71  0  2974.71
2.3241e+13  0  774.7  -5932.38  0  0  -5932.38  0  -5932.38  2971.72  0  0  2971.72  0  2971.72
2.325e+13  0  775  -5928.7  0  0  -5928.7  0  -5928.7  2968.74  0  0  2968.74  0  2968.74
2.3259e+13  0  775.3  -5925.02  0  0  -5925.02  0  -5925.02  2965.75  0  0  2965.75  0  2965.75
2.3268e+13  0  775.6  -5921.35  0  0  -5921.35  0  -5921.35  2962.78  0  0  2962.78  0  2962.78
2.3277e+13  0  775.9  -5917.68  0  0  -5917.68  0  -5917.68  2959.8  0  0  2959.8  0  2959.8
2.3286e+13  0  776.2  -5914.01  0  0  -5914.01  0  -5914.01  2956.83  0  0  2956.83  0  2956.83
2.3295e+13  0  776.5  -5910.34  0  0  -5910.34  0  -5910.34  2953.86  0  0  2953.86  0  2953.86
2.3304e+13  0  776.8  -5906.68  0  0  -5906.68  0  -5906.68  2950.9  0  0  2950.9  0  2950.9
2.3313e+13  0  777.1  -5903.02  0  0  -5903.02  0  -5903.02  2947.94  0  0  2947.94  0  2947.94
2.3322e+13  0  777.4  -5899.37  0  0  -5899.37  0  -5899.37  2944.98  0  0  2944.98  0  2944.98
2.3331e+13  0  777.7  -5895.72  0  0  -5895.72  0  -5895.72  2942.03  0  0  2942.03  0  2942.03
2.334e+13  0  778  -5892.07  0  0  -5892.07  0  -5892.07  2939.08  0  0  2939.08  0  2939.08
2.3349e+13  0  778.3  -5888.42  0  0  -5888.42  0  -5888.42  2936.14  0  0  2936.14  0  2936.14
2.3358e+13  0  778.6  -5884.78  0  0  -5884.78  0  -5884.78  2933.2  0  0  2933.2  0  2933.2
2.3367e+13  0  778.9  -5881.14  0  0  -5881.14  0  -5881.14  2930.26  0  0  2930.26  0  2930.26
2.3376e+13  0  779.2  -5877.5  0  0  -5877.5  0  -5877.5  2927.33  0  0  2927.33  0  2927.33
2.3385e+13  0  779.5  -5873.87  0  0  -5873.87  0  -5873.87  2924.4  0  0  2924.4  0  2924.4
2.3394e+13  0  779.8  -5870.24  0  0  -5870.24  0  -5870.24  2921.48  0  0  2921.48  0  2921.48
2.3403e+13  0  780.1  -5866.61  0  0  -5866.61  0  -5866.61  2918.55  0  0  2918.55  0  2918.55
2.3412e+13  0  780.4  -5862.99  0  0  -5862.99  0  -5862.99  2915.64  0  0  2915.64  0  2915.64
2.3421e+13  0  780.7  -5859.37  0  0  -5859.37  0  -5859.37  2912.72  0  0  2912.72  0  2912.72
2.343e+13  0  781  -5855.75  0  0  -5855.75  0  -5855.75  2909.81  0  0  2909.81  0  2909.81
2.3439e+13  0  781.3  -5852.13  0  0  -5852.13  0  -5852.13  2906.91  0  0  2906.91  0  2906.91
2.3448e+13  0  781.6  -5848.52  0  0  -5848.52  0  -5848.52  2904  0  0  2904  0  2904
2.3457e+13  0  781.9  -5844.91  0  0  -5844.91  0  -5844.91  2901.1  0  0  2901.1  0  2901.1
2.3466e+13  0  782.2  -5841.31  0  0  -5841.31  0  -5841.31  2898.21  0  0  2898.21  0  2898.21
2.3475e+13  0  782.5  -5837.7  0  0  -5837.7  0  -5837.7  2895.32  0  0  2895.32  0  2895.32
2.3484e+13  0  782.8  -5834.1  0  0  -5834.1  0  -5834.1  2892.43  0  0  2892.43  0  2892.43
2.3493e+13  0  783.1  -5830.51  0  0  -5830.51  0  -5830.51  2889.55  0  0  2889.55  0  2889.55
2.3502e+13  0  783.4  -5826.91  0  0  -5826.91  0  -5826.91  2886.67  0  0  2886.67  0  2886.67
2.3511e+13  0  783.7  -5823.32  0  0  -5823.32  0  -5823.32  2883.79  0  0  2883.79  0  2883.79
2.352e+13  0  784  -5819.74  0  0  -5819.74  0  -5819.74  2880.92  0  0  2880.92  0  2880.92
2.3529e+13  0  784.3  -5816.15  0  0  -5816.15  0  -5816.15  2878.05  0  0  2878.05  0  2878.05
2.3538e+13  0  784.6  -5812.57  0  0  -5812.57  0  -5812.57  2875.18  0  0  2875.18  0  2875.18
2.3547e+13  0  784.9  -5808.99  0  0  -5808.99  0  -5808.99  2872.32  0  0  2872.32  0  2872.32
2.3556e+13  0  785.2  -5805.42  0  0  -5805.42  0  -5805.42  2869.46  0  0  2869.46  0  2869.46
2.3565e+13  0  785.5  -5801.84  0  0  -5801.84  0  -5801.84  2866.61  0  0  2866.61  0  2866.61
2.3574e+13  0  785.8  -5798.28  0  0  -5798.28  0  -5798.28  2863.76  0  0  2863.76  0  2863.76
2.3583e+13  0  786.1  -5794.71  0  0  -5794.71  0  -5794.71  2860.91  0  0  2860.91  0  2860.91
2.3592e+13  0  786.4  -5791.15  0  0  -5791.15  0  -5791.15  2858.07  0  0  2858.07  0  2858.07
2.3601e+13  0  786.7  -5787.59  0  0  -5787.59  0  -5787.59  2855.23  0  0  2855.23  0  2855.23
2.361e+13  0  787  -5784.03  0  0  -5784.03  0  -5784.03  2852.39  0  0  2852.39  0  2852.39
2.3619e+13  0  787.3  -5780.47  0  0  -5780.47  0  -5780.47  2849.56  0  0  2849.56  0  2849.56
2.3628e+13  0  787.6  -5776.92  0  0  -5776.92  0  -5776.92  2846.73  0  0  2846.73  0  2846.73
2.3637e+13  0  787.9  -5773.37  0  0  -5773.37  0  -5773.37  2843.9  0  0  2843.9  0  2843.9
2.3646e+13  0  788.2  -5769.83  0  0  -5769.83  0  -5769.83  2841.08  0  0  2841.08  0  2841.08
2.3655e+13  0  788.5  -5766.29  0  0  -5766.29  0  -5766.29  2838.26  0  0  2838.26  0  2838.26
2.3664e+13  0  788.8  -5762.75  0  0  -5762.75  0  -5762.75  2835.45  0  0  2835.45  0  2835.45
2.3673e+13  0  789.1  -5759.21  0  0  -5759.21  0  -5759.21  2832.64  0  0  2832.64  0  2832.64
2.3682e+13  0  789.4  -5755.68  0  0  -5755.68  0  -5755.68  2829.83  0  0  2829.83  0  2829.83
2.3691e+13  0  789.7  -5752.15  0  0  -5752.15  0  -5752.15  2827.03  0  0  2827.03  0  2827.03
2.37e+13  0  790  -5748.62  0  0  -5748.62  0  -5748.62  2824.23  0  0  2824.23  0  2824.23
2.3709e+13  0  790.3  -5745.1  0  0  -5745.1  0  -5745.1  2821.43  0  0  2821.43  0  2821.43
2.3718e+13  0  790.6  -5741.58  0  0  -5741.58  0  -5741.58  2818.64  0  0  2818.64  0  2818.64
2.3727e+13  0  790.9  -5738.06  0  0  -5738.06  0  -5738.06  2815.85  0  0  2815.85  0  2815.85
2.3736e+13  0  791.2  -5734.54  0  0  -5734.54  0  -5734.54  2813.06  0  0  2813.06  0  2813.06
2.3745e+13  0  791.5  -5731.03  0  0  -5731.03  0  -5731.03  2810.28  0  0  2810.28  0  2810.28
2.3754e+13  0  791.8  -5727.52  0  0  -5727.52  0  -5727.52  2807.5  0  0  2807.5  0  2807.5
2.3763e+13  0  792.1  -5724.01  0  0  -5724.01  0  -5724.01  2804.73  0  0  2804.73  0  2804.73
2.3772e+13  0  792.4  -5720.51  0  0  -5720.51  0  -5720.51  2801.96  0  0  2801.96  0  2801.96
2.3781e+13  0  792.7  -5717.01  0  0  -5717.01  0  -5717.01  2799.19  0  0  2799.19  0  2799.19
2.379e+13  0  793  -5713.51  0  0  -5713.51  0  -5713.51  2796.42  0  0  2796.42  0  2796.42
2.3799e+13  0  793.3  -5710.02  0  0  -5710.02  0  -5710.02  2793.66  0  0  2793.66  0  2793.66
2.3808e+13  0  793.6  -5706.53  0  0  -5706.53  0  -5706.53  2790.91  0  0  2790.91  0  2790.91
2.3817e+13  0  793.9  -5703.04  0  0  -5703.04  0  -5703.04  2788.15  0  0  2788.15  0  2788.15
2.3826e+13  0  794.2  -5699.55  0  0  -5699.55  0  -5699.55  2785.4  0  0  2785.4  0  2785.4
2.3835e+13  0  794.5  -5696.07  0  0  -5696.07  0  -5696.07  2782.66  0  0  2782.66  0  2782.66
2.3844e+13  0  794.8  -5692.59  0  0  -5692.59  0  -5692.59  2779.91  0  0  2779.91  0  2779.91
2.3853e+13  0  795.1  -5689.11  0  0  -5689.11  0  -5689.11  2777.17  0  0  2777.17  0  2777.17
2.3862e+13  0  795.4  -5685.64  0  0  -5685.64  0  -5685.64  2774.44  0  0  2774.44  0  2774.44
2.3871e+13  0  795.7  -5682.17  0  0  -5682.17  0  -5682.17  2771.7  0  0  2771.7  0  2771.7
2.388e+13  0  796  -5678.7  0  0  -5678.7  0  -5678.7  2768.97  0  0  2768.97  0  2768.97
2.3889e+13  0  796.3  -5675.23  0  0  -5675.23  0  -5675.23  2766.25  0  0  2766.25  0  2766.25
2.3898e+13  0  796.6  -5671.77  0  0  -5671.77  0  -5671.77  2763.53  0  0  2763.53  0  2763.53
2.3907e+13  0  796.9  -5668.31  0  0  -5668.31  0  -5668.31  2760.81  0  0  2760.81  0  2760.81
2.3916e+13  0  797.2  -5664.85  0  0  -5664.85  0  -5664.85  2758.09  0  0  2758.09  0  2758.09
2.3925e+13  0  797.5  -5661.4  0  0  -5661.4  0  -5661.4  2755.38  0  0  2755.38  0  2755.38
2.3934e+13  0  797.8  -5657.95  0  0  -5657.95  0  -5657.95  2752.67  0  0  2752.67  0  2752.67
2.3943e+13  0  798.1  -5654.5  0  0  -5654.5  0  -5654.5  2749.97  0  0  2749.97  0  2749.97
2.3952e+13  0  798.4  -5651.06  0  0  -5651.06  0  -5651.06  2747.26  0  0  2747.26  0  2747.26
2.3961e+13  0  798.7  -5647.62  0  0  -5647.62  0  -5647.62  2744.57  0  0  2744.57  0  2744.57
2.397e+13  0  799  -5644.18  0  0  -5644.18  0  -5644.18  2741.87  0  0  2741.87  0  2741.87
2.3979e+13  0  799.3  -5640.74  0  0  -5640.74  0  -5640.74  2739.18  0  0  2739.18  0  2739.18
2.3988e+13  0  799.6  -5637.31  0  0  -5637.31  0  -5637.31  2736.49  0  0  2736.49  0  2736.49
2.3997e+13  0  799.9  -5633.88  0  0  -5633.88  0  -5633.88  2733.81  0  0  2733.81  0  2733.81
2.4006e+13  0  800.2  -5630.45  0  0  -5630.45  0  -5630.45  2731.13  0  0  2731.13  0  2731.13
2.4015e+13  0  800.5  -5627.02  0  0  -5627.02  0  -5627.02  2728.45  0  0  2728.45  0  2728.45
2.4024e+13  0  800.8  -5623.6  0  0  -5623.6  0  -5623.6  2725.77  0  0  2725.77  0  2725.77
2.4033e+13  0  801.1  -5620.18  0  0  -5620.18  0  -5620.18  2723.1  0  0  2723.1  0  2723.1
2.4042e+13  0  801.4  -5616.77  0  0  -5616.77  0  -5616.77  2720.44  0  0  2720.44  0  2720.44
2.4051e+13  0  801.7  -5613.35  0  0  -5613.35  0  -5613.35  2717.77  0  0  2717.77  0  2717.77
2.406e+13  0  802  -5609.94  0  0  -5609.94  0  -5609.94  2715.11  0  0  2715.11  0  2715.11
2.4069e+13  0  802.3  -5606.54  0  0  -5606.54  0  -5606.54  2712.45  0  0  2712.45  0  2712.45
2.4078e+13  0  802.6  -5603.13  0  0  -5603.13  0  -5603.13  2709.8  0  0  2709.8  0  2709.8
2.4087e+13  0  802.9  -5599.73  0  0  -5599.73  0  -5599.73  2707.15  0  0  2707.15  0  2707.15
2.4096e+13  0  803.2  -5596.33  0  0  -5596.33  0  -5596.33  2704.5  0  0  2704.5  0  2704.5
2.4105e+13  0  803.5  -5592.94  0  0  -5592.94  0  -5592.94  2701.86  0  0  2701.86  0  2701.86
2.4114e+13  0  803.8  -5589.54  0  0  -5589.54  0  -5589.54  2699.22  0  0  2699.22  0  2699.22
2.4123e+13  0  804.1  -5586.15  0  0  -5586.15  0  -5586.15  2696.58  0  0  2696.58  0  2696.58
2.4132e+13  0  804.4  -5582.76  0  0  -5582.76  0  -5582.76  2693.95  0  0  2693.95  0  2693.95
2.4141e+13  0  804.7  -5579.38  0  0  -5579.38  0  -5579.38  2691.32  0  0  2691.32  0  2691.32
2.415e+13  0  805  -5576  0  0  -5576  0  -5576  2688.69  0  0  2688.69  0  2688.69
2.4159e+13  0  805.3  -5572.62  0  0  -5572.62  0  -5572.62  2686.06  0  0  2686.06  0  2686.06
2.4168e+13  0  805.6  -5569.24  0  0  -5569.24  0  -5569.24  2683.44  0  0  2683.44  0  2683.44
2.4177e+13  0  805.9  -5565.87  0  0  -5565.87  0  -5565.87  2680.83  0  0  2680.83  0  2680.83
2.4186e+13  0  806.2  -5562.5  0  0  -5562.5  0  -5562.5  2678.21  0  0  2678.21  0  2678.21
2.4195e+13  0  806.5  -5559.13  0  0  -5559.13  0  -5559.13  2675.6  0  0  2675.6  0  2675.6
2.4204e+13  0  806.8  -5555.77  0  0  -5555.77  0  -5555.77  2672.99  0  0  2672.99  0  2672.99
2.4213e+13  0  807.1  -5552.4  0  0  -5552.4  0  -5552.4  2670.39  0  0  2670.39  0  2670.39
2.4222e+13  0  807.4  -5549.05  0  0  -5549.05  0  -5549.05  2667.79  0  0  2667.79  0  2667.79
2.4231e+13  0  807.7  -5545.69  0  0  -5545.69  0  -5545.69  2665.19  0  0  2665.19  0  2665.19
2.424e+13  0  808  -5542.34  0  0  -5542.34  0  -5542.34  2662.6  0  0  2662.6  0  2662.6
2.4249e+13  0  808.3  -5538.98  0  0  -5538.98  0  -5538.98  2660.01  0  0  2660.01  0  2660.01
2.4258e+13  0  808.6  -5535.64  0  0  -5535.64  0  -5535.64  2657.42  0  0  2657.42  0  2657.42
2.4267e+13  0  808.9  -5532.29  0  0  -5532.29  0  -5532.29  2654.83  0  0  2654.83  0  2654.83
2.4276e+13  0  809.2  -5528.95  0  0  -5528.95  0  -5528.95  2652.25  0  0  2652.25  0  2652.25
2.4285e+13  0  809.5  -5525.61  0  0  -5525.61  0  -5525.61  2649.67  0  0  2649.67  0  2649.67
2.4294e+13  0  809.8  -5522.27  0  0  -5522.27  0  -5522.27  2647.1  0  0  2647.1  0  2647.1
2.4303e+13  0  810.1  -5518.94  0  0  -5518.94  0  -5518.94  2644.53  0  0  2644.53  0  2644.53
2.4312e+13  0  810.4  -5515.61  0  0  -5515.61  0  -5515.61  2641.96  0  0  2641.96  0  2641.96
2.4321e+13  0  810.7  -5512.28  0  0  -5512.28  0  -5512.28  2639.39  0  0  2639.39  0  2639.39
2.433e+13  0  811  -5508.95  0  0  -5508.95  0  -5508.95  2636.83  0  0  2636.83  0  2636.83
2.4339e+13  0  811.3  -5505.63  0  0  -5505.63  0  -5505.63  2634.27  0  0  2634.27  0  2634.27
2.4348e+13  0  811.6  -5502.31  0  0  -5502.31  0  -5502.31  2631.72  0  0  2631.72  0  2631.72
2.4357e+13  0  811.9  -5498.99  0  0  -5498.99  0  -5498.99  2629.17  0  0  2629.17  0  2629.17
2.4366e+13  0  812.2  -5495.68  0  0  -5495.68  0  -5495.68  2626.62  0  0  2626.62  0  2626.62
2.4375e+13  0  812.5  -5492.37  0  0  -5492.37  0  -5492.37  2624.07  0  0  2624.07  0  2624.07
2.4384e+13  0  812.8  -5489.06  0  0  -5489.06  0  -5489.06  2621.53  0  0  2621.53  0  2621.53
2.4393e+13  0  813.1  -5485.75  0  0  -5485.75  0  -5485.75  2618.99  0  0  2618.99  0  2618.99
2.4402e+13  0  813.4  -5482.45  0  0  -5482.45  0  -5482.45  2616.45  0  0  2616.45  0  2616.45
2.4411e+13  0  813.7  -5479.15  0  0  -5479.15  0  -5479.15  2613.92  0  0  2613.92  0  2613.92
2.442e+13  0  814  -5475.85  0  0  -5475.85  0  -5475.85  2611.39  0  0  2611.39  0  2611.39
2.4429e+13  0  814.3  -5472.55  0  0  -5472.55  0  -5472.55  2608.86  0  0  2608.86  0  2608.86
2.4438e+13  0  814.6  -5469.26  0  0  -5469.26  0  -5469.26  2606.34  0  0  2606.34  0  2606.34
2.4447e+13  0  814.9  -5465.97  0  0  -5465.97  0  -5465.97  2603.82  0  0  2603.82  0  2603.82
2.4456e+13  0  815.2  -5462.68  0  0  -5462.68  0  -5462.68  2601.3  0  0  2601.3  0  2601.3
2.4465e+13  0  815.5  -5459.4  0  0  -5459.4  0  -5459.4  2598.79  0  0  2598.79  0  2598.79
2.4474e+13  0  815.8  -5456.12  0  0  -5456.12  0  -5456.12  2596.28  0  0  2596.28  0  2596.28
2.4483e+13  0  816.1  -5452.84  0  0  -5452.84  0  -5452.84  2593.77  0  0  2593.77  0  2593.77
2.4492e+13  0  816.4  -5449.56  0  0  -5449.56  0  -5449.56  2591.26  0  0  2591.26  0  2591.26
2.4501e+13  0  816.7  -5446.29  0  0  -5446.29  0  -5446.29  2588.76  0  0  2588.76  0  2588.76
2.451e+13  0  817  -5443.02  0  0  -5443.02  0  -5443.02  2586.26  0  0  2586.26  0  2586.26
2.4519e+13  0  817.3  -5439.75  0  0  -5439.75  0  -5439.75  2583.77  0  0  2583.77  0  2583.77
2.4528e+13  0  817.6  -5436.49  0  0  -5436.49  0  -5436.49  2581.28  0  0  2581.28  0  2581.28
2.4537e+13  0  817.9  -5433.22  0  0  -5433.22  0  -5433.22  2578.79  0  0  2578.79  0  2578.79
2.4546e+13  0  818.2  -5429.96  0  0  -5429.96  0  -5429.96  2576.3  0  0  2576.3  0  2576.3
2.4555e+13  0  818.5  -5426.71  0  0  -5426.71  0  -5426.71  2573.82  0  0  2573.82  0  2573.82
2.4564e+13  0  818.8  -5423.45  0  0  -5423.45  0  -5423.45  2571.34  0  0  2571.34  0  2571.34
2.4573e+13  0  819.1  -5420.2  0  0  -5420.2  0  -5420.2  2568.86  0  0  2568.86  0  2568.86
2.4582e+13  0  819.4  -5416.95  0  0  -5416.95  0  -5416.95  2566.39  0  0  2566.39  0  2566.39
2.4591e+13  0  819.7  -5413.71  0  0  -5413.71  0  -5413.71  2563.92  0  0  2563.92  0  2563.92
2.46e+13  0  820  -5410.46  0  0  -5410.46  0  -5410.46  2561.45  0  0  2561.45  0  2561.45
2.4609e+13  0  820.3  -5407.22  0  0  -5407.22  0  -5407.22  2558.99  0  0  2558.99  0  2558.99
2.4618e+13  0  820.6  -5403.98  0  0  -5403.98  0  -5403.98  2556.53  0  0  2556.53  0  2556.53
2.4627e+13  0  820.9  -5400.75  0  0  -5400.75  0  -5400.75  2554.07  0  0  2554.07  0  2554.07
2.4636e+13  0  821.2  -5397.51  0  0  -5397.51  0  -5397.51  2551.61  0  0  2551.61  0  2551.61
2.4645e+13  0  821.5  -5394.28  0  0  -5394.28  0  -5394.28  2549.16  0  0  2549.16  0  2549.16
2.4654e+13  0  821.8  -5391.06  0  0  -5391.06  0  -5391.06  2546.71  0  0  2546.71  0  2546.71
2.4663e+13  0  822.1  -5387.83  0  0  -5387.83  0  -5387.83  2544.27  0  0  2544.27  0  2544.27
2.4672e+13  0  822.4  -5384.61  0  0  -5384.61  0  -5384.61  2541.82  0  0  2541.82  0  2541.82
2.4681e+13  0  822.7  -5381.39  0  0  -5381.39  0  -5381.39  2539.38  0  0  2539.38  0  2539.38
2.469e+13  0  823  -5378.17  0  0  -5378.17  0  -5378.17  2536.95  0  0  2536.95  0  2536.95
2.4699e+13  0  823.3  -5374.96  0  0  -5374.96  0  -5374.96  2534.51  0  0  2534.51  0  2534.51
2.4708e+13  0  823.6  -5371.75  0  0  -5371.75  0  -5371.75  2532.08  0  0  2532.08  0  2532.08
2.4717e+13  0  823.9  -5368.54  0  0  -5368.54  0  -5368.54  2529.65  0  0  2529.65  0  2529.65
2.4726e+13  0  824.2  -5365.33  0  0  -5365.33  0  -5365.33  2527.23  0  0  2527.23  0  2527.23
2.4735e+13  0  824.5  -5362.13  0  0  -5362.13  0  -5362.13  2524.81  0  0  2524.81  0  2524.81
2.4744e+13  0  824.8  -5358.93  0  0  -5358.93  0  -5358.93  2522.39  0  0  2522.39  0  2522.39
2.4753e+13  0  825.1  -5355.73  0  0  -5355.73  0  -5355.73  2519.97  0  0  2519.97  0  2519.97
2.4762e+13  0  825.4  -5352.54  0  0  -5352.54  0  -5352.54  2517.56  0  0  2517.56  0  2517.56
2.4771e+13  0  825.7  -5349.34  0  0  -5349.34  0  -5349.34  2515.15  0  0  2515.15  0  2515.15
2.478e+13  0  826  -5346.15  0  0  -5346.15  0  -5346.15  2512.74  0  0  2512.74  0  2512.74
2.4789e+13  0  826.3  -5342.97  0  0  -5342.97  0  -5342.97  2510.34  0  0  2510.34  0  2510.34
2.4798e+13  0  826.6  -5339.78  0  0  -5339.78  0  -5339.78  2507.94  0  0  2507.94  0  2507.94
2.4807e+13  0  826.9  -5336.6  0  0  -5336.6  0  -5336.6  2505.54  0  0  2505.54  0  2505.54
2.4816e+13  0  827.2  -5333.42  0  0  -5333.42  0  -5333.42  2503.15  0  0  2503.15  0  2503.15
2.4825e+13  0  827.5  -5330.24  0  0  -5330.24  0  -5330.24  2500.76  0  0  2500.76  0  2500.76
2.4834e+13  0  827.8  -5327.07  0  0  -5327.07  0  -5327.07  2498.37  0  0  2498.37  0  2498.37
2.4843e+13  0  828.1  -5323.9  0  0  -5323.9  0  -5323.9  2495.98  0  0  2495.98  0  2495.98
2.4852e+13  0  828.4  -5320.73  0  0  -5320.73  0  -5320.73  2493.6  0  0  2493.6  0  2493.6
2.4861e+13  0  828.7  -5317.56  0  0  -5317.56  0  -5317.56  2491.22  0  0  2491.22  0  2491.22
2.487e+13  0  829  -5314.4  0  0  -5314.4  0  -5314.4  2488.84  0  0  2488.84  0  2488.84
2.4879e+13  0  829.3  -5311.24  0  0  -5311.24  0  -5311.24  2486.47  0  0  2486.47  0  2486.47
2.4888e+13  0  829.6  -5308.08  0  0  -5308.08  0  -5308.08  2484.1  0  0  2484.1  0  2484.1
2.4897e+13  0  829.9  -5304.92  0  0  -5304.92  0  -5304.92  2481.73  0  0  2481.73  0  2481.73
2.4906e+13  0  830.2  -5301.77  0  0  -5301.77  0  -5301.77  2479.36  0  0  2479.36  0  2479.36
2.4915e+13  0  830.5  -5298.62  0  0  -5298.62  0  -5298.62  2477  0  0  2477  0  2477
2.4924e+13  0  830.8  -5295.47  0  0  -5295.47  0  -5295.47  2474.64  0  0  2474.64  0  2474.64
2.4933e+13  0  831.1  -5292.32  0  0  -5292.32  0  -5292.32  2472.28  0  0  2472.28  0  2472.28
2.4942e+13  0  831.4  -5289.18  0  0  -5289.18  0  -5289.18  2469.93  0  0  2469.93  0  2469.93
2.4951e+13  0  831.7  -5286.04  0  0  -5286.04  0  -5286.04  2467.58  0  0  2467.58  0  2467.58
2.496e+13  0  832  -5282.9  0  0  -5282.9  0  -5282.9  2465.23  0  0  2465.23  0  2465.23
2.4969e+13  0  832.3  -5279.77  0  0  -5279.77  0  -5279.77  2462.89  0  0  2462.89  0  2462.89
2.4978e+13  0  832.6  -5276.63  0  0  -5276.63  0  -5276.63  2460.54  0  0  2460.54  0  2460.54
2.4987e+13  0  832.9  -5273.5  0  0  -5273.5  0  -5273.5  2458.2  0  0  2458.2  0  2458.2
2.4996e+13  0  833.2  -5270.38  0  0  -5270.38  0  -5270.38  2455.87  0  0  2455.87  0  2455.87
2.5005e+13  0  833.5  -5267.25  0  0  -5267.25  0  -5267.25  2453.54  0  0  2453.54  0  2453.54
2.5014e+13  0  833.8  -5264.13  0  0  -5264.13  0  -5264.13  2451.2  0  0  2451.2  0  2451.2
2.5023e+13  0  834.1  -5261.01  0  0  -5261.01  0  -5261.01  2448.88  0  0  2448.88  0  2448.88
2.5032e+13  0  834.4  -5257.89  0  0  -5257.89  0  -5257.89  2446.55  0  0  2446.55  0  2446.55
2.5041e+13  0  834.7  -5254.78  0  0  -5254.78  0  -5254.78  2444.23  0  0  2444.23  0  2444.23
2.505e+13  0  835  -5251.67  0  0  -5251.67  0  -5251.67  2441.91  0  0  2441.91  0  2441.91
2.5059e+13  0  835.3  -5248.56  0  0  -5248.56  0  -5248.56  2439.59  0  0  2439.59  0  2439.59
2.5068e+13  0  835.6  -5245.45  0  0  -5245.45  0  -5245.45  2437.28  0  0  2437.28  0  2437.28
2.5077e+13  0  835.9  -5242.35  0  0  -5242.35  0  -5242.35  2434.97  0  0  2434.97  0  2434.97
2.5086e+13  0  836.2  -5239.24  0  0  -5239.24  0  -5239.24  2432.66  0  0  2432.66  0  2432.66
2.5095e+13  0  836.5  -5236.14  0  0  -5236.14  0  -5236.14  2430.36  0  0  2430.36  0  2430.36
2.5104e+13  0  836.8  -5233.05  0  0  -5233.05  0  -5233.05  2428.06  0  0  2428.06  0  2428.06
2.5113e+13  0  837.1  -5229.95  0  0  -5229.95  0  -5229.95  2425.76  0  0  2425.76  0  2425.76
2.5122e+13  0  837.4  -5226.86  0  0  -5226.86  0  -5226.86  2423.46  0  0  2423.46  0  2423.46
2.5131e+13  0  837.7  -5223.77  0  0  -5223.77  0  -5223.77  2421.17  0  0  2421.17  0  2421.17
2.514e+13  0  838  -5220.69  0  0  -5220.69  0  -5220.69  2418.88  0  0  2418.88  0  2418.88
2.5149e+13  0  838.3  -5217.6  0  0  -5217.6  0  -5217.6  2416.59  0  0  2416.59  0  2416.59
2.5158e+13  0  838.6  -5214.52  0  0  -5214.52  0  -5214.52  2414.3  0  0  2414.3  0  2414.3
2.5167e+13  0  838.9  -5211.44  0  0  -5211.44  0  -5211.44  2412.02  0  0  2412.02  0  2412.02
2.5176e+13  0  839.2  -5208.37  0  0  -5208.37  0  -5208.37  2409.74  0  0  2409.74  0  2409.74
2.5185e+13  0  839.5  -5205.29  0  0  -5205.29  0  -5205.29  2407.46  0  0  2407.46  0  2407.46
2.5194e+13  0  839.8  -5202.22  0  0  -5202.22  0  -5202.22  2405.19  0  0  2405.19  0  2405.19
2.5203e+13  0  840.1  -5199.15  0  0  -5199.15  0  -5199.15  2402.92  0  0  2402.92  0  2402.92
2.5212e+13  0  840.4  -5196.08  0  0  -5196.08  0  -5196.08  2400.65  0  0  2400.65  0  2400.65
2.5221e+13  0  840.7  -5193.02  0  0  -5193.02  0  -5193.02  2398.39  0  0  2398.39  0  2398.39
2.523e+13  0  841  -5189.96  0  0  -5189.96  0  -5189.96  2396.12  0  0  2396.12  0  2396.12
2.5239e+13  0  841.3  -5186.9  0  0  -5186.9  0  -5186.9  2393.86  0  0  2393.86  0  2393.86
2.5248e+13  0  841.6  -5183.84  0  0  -5183.84  0  -5183.84  2391.61  0  0  2391.61  0  2391.61
2.5257e+13  0  841.9  -5180.79  0  0  -5180.79  0  -5180.79  2389.35  0  0  2389.35  0  2389.35
2.5266e+13  0  842.2  -5177.74  0  0  -5177.74  0  -5177.74  2387.1  0  0  2387.1  0  2387.1
2.5275e+13  0  842.5  -5174.69  0  0  -5174.69  0  -5174.69  2384.85  0  0  2384.85  0  2384.85
2.5284e+13  0  842.8  -5171.64  0  0  -5171.64  0  -5171.64  2382.6  0  0  2382.6  0  2382.6
2.5293e+13  0  843.1  -5168.6  0  0  -5168.6  0  -5168.6  2380.36  0  0  2380.36  0  2380.36
2.5302e+13  0  843.4  -5165.56  0  0  -5165.56  0  -5165.56  2378.12  0  0  2378.12  0  2378.12
2.5311e+13  0  843.7  -5162.52  0  0  -5162.52  0  -5162.52  2375.88  0  0  2375.88  0  2375.88
2.532e+13  0  844  -5159.49  0  0  -5159.49  0  -5159.49  2373.65  0  0  2373.65  0  2373.65
2.5329e+13  0  844.3  -5156.45  0  0  -5156.45  0  -5156.45  2371.41  0  0  2371.41  0  2371.41
2.5338e+13  0  844.6  -5153.42  0  0  -5153.42  0  -5153.42  2369.18  0  0  2369.18  0  2369.18
2.5347e+13  0  844.9  -5150.39  0  0  -5150.39  0  -5150.39  2366.96  0  0  2366.96  0  2366.96
2.5356e+13  0  845.2  -5147.36  0  0  -5147.36  0  -5147.36  2364.73  0  0  2364.73  0  2364.73
2.5365e+13  0  845.5  -5144.34  0  0  -5144.34  0  -5144.34  2362.51  0  0  2362.51  0  2362.51
2.5374e+13  0  845.8  -5141.32  0  0  -5141.32  0  -5141.32  2360.29  0  0  2360.29  0  2360.29
2.5383e+13  0  846.1  -5138.3  0  0  -5138.3  0  -5138.3  2358.07  0  0  2358.07  0  2358.07
2.5392e+13  0  846.4  -5135.28  0  0  -5135.28  0  -5135.28  2355.86  0  0  2355.86  0  2355.86
2.5401e+13  0  846.7  -5132.27  0  0  -5132.27  0  -5132.27  2353.65  0  0  2353.65  0  2353.65
2.541e+13  0  847  -5129.26  0  0  -5129.26  0  -5129.26  2351.44  0  0  2351.44  0  2351.44
2.5419e+13  0  847.3  -5126.25  0  0  -5126.25  0  -5126.25  2349.24  0  0  2349.24  0  2349.24
2.5428e+13  0  847.6  -5123.24  0  0  -5123.24  0  -5123.24  2347.03  0  0  2347.03  0  2347.03
2.5437e+13  0  847.9  -5120.24  0  0  -5120.24  0  -5120.24  2344.83  0  0  2344.83  0  2344.83
2.5446e+13  0  848.2  -5117.24  0  0  -5117.24  0  -5117.24  2342.64  0  0  2342.64  0  2342.64
2.5455e+13  0  848.5  -5114.24  0  0  -5114.24  0  -5114.24  2340.44  0  0  2340.44  0  2340.44
2.5464e+13  0  848.8  -5111.24  0  0  -5111.24  0  -5111.24  2338.25  0  0  2338.25  0  2338.25
2.5473e+13  0  849.1  -5108.25  0  0  -5108.25  0  -5108.25  2336.06  0  0  2336.06  0  2336.06
2.5482e+13  0  849.4  -5105.26  0  0  -5105.26  0  -5105.26  2333.87  0  0  2333.87  0  2333.87
2.5491e+13  0  849.7  -5102.27  0  0  -5102.27  0  -5102.27  2331.69  0  0  2331.69  0  2331.69
2.55e+13  0  850  -5099.28  0  0  -5099.28  0  -5099.28  2329.51  0  0  2329.51  0  2329.51
2.5509e+13  0  850.3  -5096.29  0  0  -5096.29  0  -5096.29  2327.33  0  0  2327.33  0  2327.33
2.5518e+13  0  850.6  -5093.31  0  0  -5093.31  0  -5093.31  2325.15  0  0  2325.15  0  2325.15
2.5527e+13  0  850.9  -5090.33  0  0  -5090.33  0  -5090.33  2322.98  0  0  2322.98  0  2322.98
2.5536e+13  0  851.2  -5087.36  0  0  -5087.36  0  -5087.36  2320.81  0  0  2320.81  0  2320.81
2.5545e+13  0  851.5  -5084.38  0  0  -5084.38  0  -5084.38  2318.64  0  0  2318.64  0  2318.64
2.5554e+13  0  851.8  -5081.41  0  0  -5081.41  0  -5081.41  2316.47  0  0  2316.47  0  2316.47
2.5563e+13  0  852.1  -5078.44  0  0  -5078.44  0  -5078.44  2314.31  0  0  2314.31  0  2314.31
2.5572e+13  0  852.4  -5075.47  0  0  -5075.47  0  -5075.47  2312.15  0  0  2312.15  0  2312.15
2.5581e+13  0  852.7  -5072.51  0  0  -5072.51  0  -5072.51  2309.99  0  0  2309.99  0  2309.99
2.559e+13  0  853  -5069.54  0  0  -5069.54  0  -5069.54  2307.84  0  0  2307.84  0  2307.84
2.5599e+13  0  853.3  -5066.58  0  0  -5066.58  0  -5066.58  2305.68  0  0  2305.68  0  2305.68
2.5608e+13  0  853.6  -5063.63  0  0  -5063.63  0  -5063.63  2303.53  0  0  2303.53  0  2303.53
2.5617e+13  0  853.9  -5060.67  0  0  -5060.67  0  -5060.67  2301.39  0  0  2301.39  0  2301.39
2.5626e+13  0  854.2  -5057.72  0  0  -5057.72  0  -5057.72  2299.24  0  0  2299.24  0  2299.24
2.5635e+13  0  854.5  -5054.77  0  0  -5054.77  0  -5054.77  2297.1  0  0  2297.1  0  2297.1
2.5644e+13  0  854.8  -5051.82  0  0  -5051.82  0  -5051.82  2294.96  0  0  2294.96  0  2294.96
2.5653e+13  0  855.1  -5048.87  0  0  -5048.87  0  -5048.87  2292.82  0  0  2292.82  0  2292.82
2.5662e+13  0  855.4  -5045.93  0  0  -5045.93  0  -5045.93  2290.69  0  0  2290.69  0  2290.69
2.5671e+13  0  855.7  -5042.99  0  0  -5042.99  0  -5042.99  2288.56  0  0  2288.56  0  2288.56
2.568e+13  0  856  -5040.05  0  0  -5040.05  0  -5040.05  2286.43  0  0  2286.43  0  2286.43
2.5689e+13  0  856.3  -5037.11  0  0  -5037.11  0  -5037.11  2284.3  0  0  2284.3  0  2284.3
2.5698e+13  0  856.6  -5034.18  0  0  -5034.18  0  -5034.18  2282.18  0  0  2282.18  0  2282.18
2.5707e+13  0  856.9  -5031.25  0  0  -5031.25  0  -5031.25  2280.06  0  0  2280.06  0  2280.06
2.5716e+13  0  857.2  -5028.32  0  0  -5028.32  0  -5028.32  2277.94  0  0  2277.94  0  2277.94
2.5725e+13  0  857.5  -5025.39  0  0  -5025.39  0  -5025.39  2275.82  0  0  2275.82  0  2275.82
2.5734e+13  0  857.8  -5022.47  0  0  -5022.47  0  -5022.47  2273.71  0  0  2273.71  0  2273.71
2.5743e+13  0  858.1  -5019.55  0  0  -5019.55  0  -5019.55  2271.6  0  0  2271.6  0  2271.6
2.5752e+13  0  858.4  -5016.63  0  0  -5016.63  0  -5016.63  2269.49  0  0  2269.49  0  2269.49
2.5761e+13  0  858.7  -5013.71  0  0  -5013.71  0  -5013.71  2267.38  0  0  2267.38  0  2267.38
2.577e+13  0  859  -5010.79  0  0  -5010.79  0  -5010.79  2265.28  0  0  2265.28  0  2265.28
2.5779e+13  0  859.3  -5007.88  0  0  -5007.88  0  -5007.88  2263.18  0  0  2263.18  0  2263.18
2.5788e+13  0  859.6  -5004.97  0  0  -5004.97  0  -5004.97  2261.08  0  0  2261.08  0  2261.08
2.5797e+13  0  859.9  -5002.06  0  0  -5002.06  0  -5002.06  2258.98  0  0  2258.98  0  2258.98
2.5806e+13  0  860.2  -4999.16  0  0  -4999.16  0  -4999.16  2256.89  0  0  2256.89  0  2256.89
2.5815e+13  0  860.5  -4996.25  0  0  -4996.25  0  -4996.25  2254.8  0  0  2254.8  0  2254.8
2.5824e+13  0  860.8  -4993.35  0  0  -4993.35  0  -4993.35  2252.71  0  0  2252.71  0  2252.71
2.5833e+13  0  861.1  -4990.46  0  0  -4990.46  0  -4990.46  2250.62  0  0  2250.62  0  2250.62
2.5842e+13  0  861.4  -4987.56  0  0  -4987.56  0  -4987.56  2248.54  0  0  2248.54  0  2248.54
2.5851e+13  0  861.7  -4984.67  0  0  -4984.67  0  -4984.67  2246.46  0  0  2246.46  0  2246.46
2.586e+13  0  862  -4981.77  0  0  -4981.77  0  -4981.77  2244.38  0  0  2244.38  0  2244.38
2.5869e+13  0  862.3  -4978.89  0  0  -4978.89  0  -4978.89  2242.3  0  0  2242.3  0  2242.3
2.5878e+13  0  862.6  -4976  0  0  -4976  0  -4976  2240.23  0  0  2240.23  0  2240.23
2.5887e+13  0  862.9  -4973.11  0  0  -4973.11  0  -4973.11  2238.16  0  0  2238.16  0  2238.16
2.5896e+13  0  863.2  -4970.23  0  0  -4970.23  0  -4970.23  2236.09  0  0  2236.09  0  2236.09
2.5905e+13  0  863.5  -4967.35  0  0  -4967.35  0  -4967.35  2234.02  0  0  2234.02  0  2234.02
2.5914e+13  0  863.8  -4964.48  0  0  -4964.48  0  -4964.48  2231.96  0  0  2231.96  0  2231.96
2.5923e+13  0  864.1  -4961.6  0  0  -4961.6  0  -4961.6  2229.9  0  0  2229.9  0  2229.9
2.5932e+13  0  864.4  -4958.73  0  0  -4958.73  0  -4958.73  2227.84  0  0  2227.84  0  2227.84
2.5941e+13  0  864.7  -4955.86  0  0  -4955.86  0  -4955.86  2225.78  0  0  2225.78  0  2225.78
2.595e+13  0  865  -4952.99  0  0  -4952.99  0  -4952.99  2223.73  0  0  2223.73  0  2223.73
2.5959e+13  0  865.3  -4950.12  0  0  -4950.12  0  -4950.12  2221.68  0  0  2221.68  0  2221.68
2.5968e+13  0  865.6  -4947.26  0  0  -4947.26  0  -4947.26  2219.63  0  0  2219.63  0  2219.63
2.5977e+13  0  865.9  -4944.4  0  0  -4944.4  0  -4944.4  2217.58  0  0  2217.58  0  2217.58
2.5986e+13  0  866.2  -4941.54  0  0  -4941.54  0  -4941.54  2215.54  0  0  2215.54  0  2215.54
2.5995e+13  0  866.5  -4938.69  0  0  -4938.69  0  -4938.69  2213.5  0  0  2213.5  0  2213.5
2.6004e+13  0  866.8  -4935.83  0  0  -4935.83  0  -4935.83  2211.46  0  0  2211.46  0  2211.46
2.6013e+13  0  867.1  -4932.98  0  0  -4932.98  0  -4932.98  2209.42  0  0  2209.42  0  2209.42
2.6022e+13  0  867.4  -4930.13  0  0  -4930.13  0  -4930.13  2207.39  0  0  2207.39  0  2207.39
2.6031e+13  0  867.7  -4927.28  0  0  -4927.28  0  -4927.28  2205.36  0  0  2205.36  0  2205.36
2.604e+13  0  868  -4924.44  0  0  -4924.44  0  -4924.44  2203.33  0  0  2203.33  0  2203.33
2.6049e+13  0  868.3  -4921.6  0  0  -4921.6  0  -4921.6  2201.3  0  0  2201.3  0  2201.3
2.6058e+13  0  868.6  -4918.76  0  0  -4918.76  0  -4918.76  2199.28  0  0  2199.28  0  2199.28
2.6067e+13  0  868.9  -4915.92  0  0  -4915.92  0  -4915.92  2197.25  0  0  2197.25  0  2197.25
2.6076e+13  0  869.2  -4913.08  0  0  -4913.08  0  -4913.08  2195.24  0  0  2195.24  0  2195.24
2.6085e+13  0  869.5  -4910.25  0  0  -4910.25  0  -4910.25  2193.22  0  0  2193.22  0  2193.22
2.6094e+13  0  869.8  -4907.42  0  0  -4907.42  0  -4907.42  2191.2  0  0  2191.2  0  2191.2
2.6103e+13  0  870.1  -4904.59  0  0  -4904.59  0  -4904.59  2189.19  0  0  2189.19  0  2189.19
2.6112e+13  0  870.4  -4901.76  0  0  -4901.76  0  -4901.76  2187.18  0  0  2187.18  0  2187.18
2.6121e+13  0  870.7  -4898.94  0  0  -4898.94  0  -4898.94  2185.17  0  0  2185.17  0  2185.17
2.613e+13  0  871  -4896.12  0  0  -4896.12  0  -4896.12  2183.17  0  0  2183.17  0  2183.17
2.6139e+13  0  871.3  -4893.3  0  0  -4893.3  0  -4893.3  2181.17  0  0  2181.17  0  2181.17
2.6148e+13  0  871.6  -4890.48  0  0  -4890.48  0  -4890.48  2179.17  0  0  2179.17  0  2179.17
2.6157e+13  0  871.9  -4887.66  0  0  -4887.66  0  -4887.66  2177.17  0  0  2177.17  0  2177.17
2.6166e+13  0  872.2  -4884.85  0  0  -4884.85  0  -4884.85  2175.17  0  0  2175.17  0  2175.17
2.6175e+13  0  872.5  -4882.04  0  0  -4882.04  0  -4882.04  2173.18  0  0  2173.18  0  2173.18
2.6184e+13  0  872.8  -4879.23  0  0  -4879.23  0  -4879.23  2171.19  0  0  2171.19  0  2171.19
2.6193e+13  0  873.1  -4876.43  0  0  -4876.43  0  -4876.43  2169.2  0  0  2169.2  0  2169.2
2.6202e+13  0  873.4  -4873.62  0  0  -4873.62  0  -4873.62  2167.21  0  0  2167.21  0  2167.21
2.6211e+13  0  873.7  -4870.82  0  0  -4870.82  0  -4870.82  2165.23  0  0  2165.23  0  2165.23
2.622e+13  0  874  -4868.02  0  0  -4868.02  0  -4868.02  2163.25  0  0  2163.25  0  2163.25
2.6229e+13  0  874.3  -4865.22  0  0  -4865.22  0  -4865.22  2161.27  0  0  2161.27  0  2161.27
2.6238e+13  0  874.6  -4862.43  0  0  -4862.43  0  -4862.43  2159.29  0  0  2159.29  0  2159.29
2.6247e+13  0  874.9  -4859.64  0  0  -4859.64  0  -4859.64  2157.32  0  0  2157.32  0  2157.32
2.6256e+13  0  875.2  -4856.85  0  0  -4856.85  0  -4856.85  2155.35  0  0  2155.35  0  2155.35
2.6265e+13  0  875.5  -4854.06  0  0  -4854.06  0  -4854.06  2153.38  0  0  2153.38  0  2153.38
2.6274e+13  0  875.8  -4851.27  0  0  -4851.27  0  -4851.27  2151.41  0  0  2151.41  0  2151.41
2.6283e+13  0  876.1  -4848.49  0  0  -4848.49  0  -4848.49  2149.44  0  0  2149.44  0  2149.44
2.6292e+13  0  876.4  -4845.71  0  0  -4845.71  0  -4845.71  2147.48  0  0  2147.48  0  2147.48
2.6301e+13  0  876.7  -4842.93  0  0  -4842.93  0  -4842.93  2145.52  0  0  2145.52  0  2145.52
2.631e+13  0  877  -4840.15  0  0  -4840.15  0  -4840.15  2143.56  0  0  2143.56  0  2143.56
2.6319e+13  0  877.3  -4837.38  0  0  -4837.38  0  -4837.38  2141.61  0  0  2141.61  0  2141.61
2.6328e+13  0  877.6  -4834.6  0  0  -4834.6  0  -4834.6  2139.65  0  0  2139.65  0  2139.65
2.6337e+13  0  877.9  -4831.83  0  0  -4831.83  0  -4831.83  2137.7  0  0  2137.7  0  2137.7
2.6346e+13  0  878.2  -4829.07  0  0  -4829.07  0  -4829.07  2135.75  0  0  2135.75  0  2135.75
2.6355e+13  0  878.5  -4826.3  0  0  -4826.3  0  -4826.3  2133.81  0  0  2133.81  0  2133.81
2.6364e+13  0  878.8  -4823.54  0  0  -4823.54  0  -4823.54  2131.86  0  0  2131.86  0  2131.86
2.6373e+13  0  879.1  -4820.77  0  0  -4820.77  0  -4820.77  2129.92  0  0  2129.92  0  2129.92
2.6382e+13  0  879.4  -4818.02  0  0  -4818.02  0  -4818.02  2127.98  0  0  2127.98  0  2127.98
2.6391e+13  0  879.7  -4815.26  0  0  -4815.26  0  -4815.26  2126.05  0  0  2126.05  0  2126.05
2.64e+13  0  880  -4812.5  0  0  -4812.5  0  -4812.5  2124.11  0  0  2124.11  0  2124.11
2.6409e+13  0  880.3  -4809.75  0  0  -4809.75  0  -4809.75  2122.18  0  0  2122.18  0  2122.18
2.6418e+13  0  880.6  -4807  0  0  -4807  0  -4807  2120.25  0  0  2120.25  0  2120.25
2.6427e+13  0  880.9  -4804.25  0  0  -4804.25  0  -4804.25  2118.32  0  0  2118.32  0  2118.32
2.6436e+13  0  881.2  -4801.51  0  0  -4801.51  0  -4801.51  2116.39  0  0  2116.39  0  2116.39
2.6445e+13  0  881.5  -4798.76  0  0  -4798.76  0  -4798.76  2114.47  0  0  2114.47  0  2114.47
2.6454e+13  0  881.8  -4796.02  0  0  -4796.02  0  -4796.02  2112.55  0  0  2112.55  0  2112.55
2.6463e+13  0  882.1  -4793.28  0  0  -4793.28  0  -4793.28  2110.63  0  0  2110.63  0  2110.63
2.6472e+13  0  882.4  -4790.55  0  0  -4790.55  0  -4790.55  2108.71  0  0  2108.71  0  2108.71
2.6481e+13  0  882.7  -4787.81  0  0  -4787.81  0  -4787.81  2106.8  0  0  2106.8  0  2106.8
2.649e+13  0  883  -4785.08  0  0  -4785.08  0  -4785.08  2104.89  0  0  2104.89  0  2104.89
2.6499e+13  0  883.3  -4782.35  0  0  -4782.35  0  -4782.35  2102.98  0  0  2102.98  0  2102.98
2.6508e+13  0  883.6  -4779.62  0  0  -4779.62  0  -4779.62  2101.07  0  0  2101.07  0  2101.07
2.6517e+13  0  883.9  -4776.89  0  0  -4776.89  0  -4776.89  2099.16  0  0  2099.16  0  2099.16
2.6526e+13  0  884.2  -4774.17  0  0  -4774.17  0  -4774.17  2097.26  0  0  2097.26  0  2097.26
2.6535e+13  0  884.5  -4771.45  0  0  -4771.45  0  -4771.45  2095.36  0  0  2095.36  0  2095.36
2.6544e+13  0  884.8  -4768.73  0  0  -4768.73  0  -4768.73  2093.46  0  0  2093.46  0  2093.46
2.6553e+13  0  885.1  -4766.01  0  0  -4766.01  0  -4766.01  2091.57  0  0  2091.57  0  2091.57
2.6562e+13  0  885.4  -4763.29  0  0  -4763.29  0  -4763.29  2089.67  0  0  2089.67  0  2089.67
2.6571e+13  0  885.7  -4760.58  0  0  -4760.58  0  -4760.58  2087.78  0  0  2087.78  0  2087.78
2.658e+13  0  886  -4757.87  0  0  -4757.87  0  -4757.87  2085.89  0  0  2085.89  0  2085.89
2.6589e+13  0  886.3  -4755.16  0  0  -4755.16  0  -4755.16  2084  0  0  2084  0  2084
2.6598e+13  0  886.6  -4752.46  0  0  -4752.46  0  -4752.46  2082.12  0  0  2082.12  0  2082.12
2.6607e+13  0  886.9  -4749.75  0  0  -4749.75  0  -4749.75  2080.23  0  0  2080.23  0  2080.23
2.6616e+13  0  887.2  -4747.05  0  0  -4747.05  0  -4747.05  2078.35  0  0  2078.35  0  2078.35
2.6625e+13  0  887.5  -4744.35  0  0  -4744.35  0  -4744.35  2076.47  0  0  2076.47  0  2076.47
2.6634e+13  0  887.8  -4741.65  0  0  -4741.65  0  -4741.65  2074.6  0  0  2074.6  0  2074.6
2.6643e+13  0  888.1  -4738.95  0  0  -4738.95  0  -4738.95  2072.72  0  0  2072.72  0  2072.72
2.6652e+13  0  888.4  -4736.26  0  0  -4736.26  0  -4736.26  2070.85  0  0  2070.85  0  2070.85
2.6661e+13  0  888.7  -4733.57  0  0  -4733.57  0  -4733.57  2068.98  0  0  2068.98  0  2068.98
2.667e+13  0  889  -4730.88  0  0  -4730.88  0  -4730.88  2067.11  0  0  2067.11  0  2067.11
2.6679e+13  0  889.3  -4728.19  0  0  -4728.19  0  -4728.19  2065.25  0  0  2065.25  0  2065.25
2.6688e+13  0  889.6  -4725.51  0  0  -4725.51  0  -4725.51  2063.39  0  0  2063.39  0  2063.39
2.6697e+13  0  889.9  -4722.82  0  0  -4722.82  0  -4722.82  2061.52  0  0  2061.52  0  2061.52
2.6706e+13  0  890.2  -4720.14  0  0  -4720.14  0  -4720.14  2059.67  0  0  2059.67  0  2059.67
2.6715e+13  0  890.5  -4717.47  0  0  -4717.47  0  -4717.47  2057.81  0  0  2057.81  0  2057.81
2.6724e+13  0  890.8  -4714.79  0  0  -4714.79  0  -4714.79  2055.95  0  0  2055.95  0  2055.95
2.6733e+13  0  891.1  -4712.11  0  0  -4712.11  0  -4712.11  2054.1  0  0  2054.1  0  2054.1
2.6742e+13  0  891.4  -4709.44  0  0  -4709.44  0  -4709.44  2052.25  0  0  2052.25  0  2052.25
2.6751e+13  0  891.7  -4706.77  0  0  -4706.77  0  -4706.77  2050.4  0  0  2050.4  0  2050.4
2.676e+13  0  892  -4704.1  0  0  -4704.1  0  -4704.1  2048.56  0  0  2048.56  0  2048.56
2.6769e+13  0  892.3  -4701.44  0  0  -4701.44  0  -4701.44  2046.71  0  0  2046.71  0  2046.71
2.6778e+13  0  892.6  -4698.77  0  0  -4698.77  0  -4698.77  2044.87  0  0  2044.87  0  2044.87
2.6787e+13  0  892.9  -4696.11  0  0  -4696.11  0  -4696.11  2043.03  0  0  2043.03  0  2043.03
2.6796e+13  0  893.2  -4693.45  0  0  -4693.45  0  -4693.45  2041.2  0  0  2041.2  0  2041.2
2.6805e+13  0  893.5  -4690.8  0  0  -4690.8  0  -4690.8  2039.36  0  0  2039.36  0  2039.36
2.6814e+13  0  893.8  -4688.14  0  0  -4688.14  0  -4688.14  2037.53  0  0  2037.53  0  2037.53
2.6823e+13  0  894.1  -4685.49  0  0  -4685.49  0  -4685.49  2035.7  0  0  2035.7  0  2035.7
2.6832e+13  0  894.4  -4682.84  0  0  -4682.84  0  -4682.84  2033.87  0  0  2033.87  0  2033.87
2.6841e+13  0  894.7  -4680.19  0  0  -4680.19  0  -4680.19  2032.04  0  0  2032.04  0  2032.04
2.685e+13  0  895  -4677.54  0  0  -4677.54  0  -4677.54  2030.22  0  0  2030.22  0  2030.22
2.6859e+13  0  895.3  -4674.89  0  0  -4674.89  0  -4674.89  2028.4  0  0  2028.4  0  2028.4
2.6868e+13  0  895.6  -4672.25  0  0  -4672.25  0  -4672.25  2026.58  0  0  2026.58  0  2026.58
2.6877e+13  0  895.9  -4669.61  0  0  -4669.61  0  -4669.61  2024.76  0  0  2024.76  0  2024.76
2.6886e+13  0  896.2  -4666.97  0  0  -4666.97  0  -4666.97  2022.94  0  0  2022.94  0  2022.94
2.6895e+13  0  896.5  -4664.34  0  0  -4664.34  0  -4664.34  2021.13  0  0  2021.13  0  2021.13
2.6904e+13  0  896.8  -4661.7  0  0  -4661.7  0  -4661.7  2019.32  0  0  2019.32  0  2019.32
2.6913e+13  0  897.1  -4659.07  0  0  -4659.07  0  -4659.07  2017.51  0  0  2017.51  0  2017.51
2.6922e+13  0  897.4  -4656.44  0  0  -4656.44  0  -4656.44  2015.7  0  0  2015.7  0  2015.7
2.6931e+13  0  897.7  -4653.81  0  0  -4653.81  0  -4653.81  2013.89  0  0  2013.89  0  2013.89
2.694e+13  0  898  -4651.19  0  0  -4651.19  0  -4651.19  2012.09  0  0  2012.09  0  2012.09
2.6949e+13  0  898.3  -4648.56  0  0  -4648.56  0  -4648.56  2010.29  0  0  2010.29  0  2010.29
2.6958e+13  0  898.6  -4645.94  0  0  -4645.94  0  -4645.94  2008.49  0  0  2008.49  0  2008.49
2.6967e+13  0  898.9  -4643.32  0  0  -4643.32  0  -4643.32  2006.69  0  0  2006.69  0  2006.69
2.6976e+13  0  899.2  -4640.7  0  0  -4640.7  0  -4640.7  2004.9  0  0  2004.9  0  2004.9
2.6985e+13  0  899.5  -4638.09  0  0  -4638.09  0  -4638.09  2003.11  0  0  2003.11  0  2003.11
2.6994e+13  0  899.8  -4635.47  0  0  -4635.47  0  -4635.47  2001.32  0  0  2001.32  0  2001.32
2.7003e+13  0  900.1  -4632.86  0  0  -4632.86  0  -4632.86  1999.53  0  0  1999.53  0  1999.53
2.7012e+13  0  900.4  -4630.25  0  0  -4630.25  0  -4630.25  1997.74  0  0  1997.74  0  1997.74
2.7021e+13  0  900.7  -4627.65  0  0  -4627.65  0  -4627.65  1995.96  0  0  1995.96  0  1995.96
2.703e+13  0  901  -4625.04  0  0  -4625.04  0  -4625.04  1994.17  0  0  1994.17  0  1994.17
2.7039e+13  0  901.3  -4622.44  0  0  -4622.44  0  -4622.44  1992.39  0  0  1992.39  0  1992.39
2.7048e+13  0  901.6  -4619.84  0  0  -4619.84  0  -4619.84  1990.62  0  0  1990.62  0  1990.62
2.7057e+13  0  901.9  -4617.24  0  0  -4617.24  0  -4617.24  1988.84  0  0  1988.84  0  1988.84
2.7066e+13  0  902.2  -4614.64  0  0  -4614.64  0  -4614.64  1987.07  0  0  1987.07  0  1987.07
2.7075e+13  0  902.5  -4612.05  0  0  -4612.05  0  -4612.05  1985.29  0  0  1985.29  0  1985.29
2.7084e+13  0  902.8  -4609.45  0  0  -4609.45  0  -4609.45  1983.52  0  0  1983.52  0  1983.52
2.7093e+13  0  903.1  -4606.86  0  0  -4606.86  0  -4606.86  1981.76  0  0  1981.76  0  1981.76
2.7102e+13  0  903.4  -4604.27  0  0  -4604.27  0  -4604.27  1979.99  0  0  1979.99  0  1979.99
2.7111e+13  0  903.7  -4601.69  0  0  -4601.69  0  -4601.69  1978.23  0  0  1978.23  0  1978.23
2.712e+13  0  904  -4599.1  0  0  -4599.1  0  -4599.1  1976.47  0  0  1976.47  0  1976.47
2.7129e+13  0  904.3  -4596.52  0  0  -4596.52  0  -4596.52  1974.71  0  0  1974.71  0  1974.71
2.7138e+13  0  904.6  -4593.94  0  0  -4593.94  0  -4593.94  1972.95  0  0  1972.95  0  1972.95
2.7147e+13  0  904.9  -4591.36  0  0  -4591.36  0  -4591.36  1971.19  0  0  1971.19  0  1971.19
2.7156e+13  0  905.2  -4588.78  0  0  -4588.78  0  -4588.78  1969.44  0  0  1969.44  0  1969.44
2.7165e+13  0  905.5  -4586.21  0  0  -4586.21  0  -4586.21  1967.69  0  0  1967.69  0  1967.69
2.7174e+13  0  905.8  -4583.64  0  0  -4583.64  0  -4583.64  1965.94  0  0  1965.94  0  1965.94
2.7183e+13  0  906.1  -4581.07  0  0  -4581.07  0  -4581.07  1964.19  0  0  1964.19  0  1964.19
2.7192e+13  0  906.4  -4578.5  0  0  -4578.5  0  -4578.5  1962.45  0  0  1962.45  0  1962.45
2.7201e+13  0  906.7  -4575.93  0  0  -4575.93  0  -4575.93  1960.7  0  0  1960.7  0  1960.7
2.721e+13  0  907  -4573.37  0  0  -4573.37  0  -4573.37  1958.96  0  0  1958.96  0  1958.96
2.7219e+13  0  907.3  -4570.8  0  0  -4570.8  0  -4570.8  1957.22  0  0  1957.22  0  1957.22
2.7228e+13  0  907.6  -4568.24  0  0  -4568.24  0  -4568.24  1955.48  0  0  1955.48  0  1955.48
2.7237e+13  0  907.9  -4565.69  0  0  -4565.69  0  -4565.69  1953.75  0  0  1953.75  0  1953.75
2.7246e+13  0  908.2  -4563.13  0  0  -4563.13  0  -4563.13  1952.02  0  0  1952.02  0  1952.02
2.7255e+13  0  908.5  -4560.57  0  0  -4560.57  0  -4560.57  1950.28  0  0  1950.28  0  1950.28
2.7264e+13  0  908.8  -4558.02  0  0  -4558.02  0  -4558.02  1948.55  0  0  1948.55  0  1948.55
2.7273e+13  0  909.1  -4555.47  0  0  -4555.47  0  -4555.47  1946.83  0  0  1946.83  0  1946.83
2.7282e+13  0  909.4  -4552.92  0  0  -4552.92  0  -4552.92  1945.1  0  0  1945.1  0  1945.1
2.7291e+13  0  909.7  -4550.38  0  0  -4550.38  0  -4550.38  1943.38  0  0  1943.38  0  1943.38
2.73e+13  0  910  -4547.83  0  0  -4547.83  0  -4547.83  1941.66  0  0  1941.66  0  1941.66
2.7309e+13  0  910.3  -4545.29  0  0  -4545.29  0  -4545.29  1939.94  0  0  1939.94  0  1939.94
2.7318e+13  0  910.6  -4542.75  0  0  -4542.75  0  -4542.75  1938.22  0  0  1938.22  0  1938.22
2.7327e+13  0  910.9  -4540.21  0  0  -4540.21  0  -4540.21  1936.5  0  0  1936.5  0  1936.5
2.7336e+13  0  911.2  -4537.68  0  0  -4537.68  0  -4537.68  1934.79  0  0  1934.79  0  1934.79
2.7345e+13  0  911.5  -4535.14  0  0  -4535.14  0  -4535.14  1933.08  0  0  1933.08  0  1933.08
2.7354e+13  0  911.8  -4532.61  0  0  -4532.61  0  -4532.61  1931.37  0  0  1931.37  0  1931.37
2.7363e+13  0  912.1  -4530.08  0  0  -4530.08  0  -4530.08  1929.66  0  0  1929.66  0  1929.66
2.7372e+13  0  912.4  -4527.55  0  0  -4527.55  0  -4527.55  1927.96  0  0  1927.96  0  1927.96
2.7381e+13  0  912.7  -4525.03  0  0  -4525.03  0  -4525.03  1926.25  0  0  1926.25  0  1926.25
2.739e+13  0  913  -4522.5  0  0  -4522.5  0  -4522.5  1924.55  0  0  1924.55  0  1924.55
2.7399e+13  0  913.3  -4519.98  0  0  -4519.98  0  -4519.98  1922.85  0  0  1922.85  0  1922.85
2.7408e+13  0  913.6  -4517.46  0  0  -4517.46  0  -4517.46  1921.15  0  0  1921.15  0  1921.15
2.7417e+13  0  913.9  -4514.94  0  0  -4514.94  0  -4514.94  1919.46  0  0  1919.46  0  1919.46
2.7426e+13  0  914.2  -4512.42  0  0  -4512.42  0  -4512.42  1917.76  0  0  1917.76  0  1917.76
2.7435e+13  0  914.5  -4509.91  0  0  -4509.91  0  -4509.91  1916.07  0  0  1916.07  0  1916.07
2.7444e+13  0  914.8  -4507.4  0  0  -4507.4  0  -4507.4  1914.38  0  0  1914.38  0  1914.38
2.7453e+13  0  915.1  -4504.89  0  0  -4504.89  0  -4504.89  1912.7  0  0  1912.7  0  1912.7
2.7462e+13  0  915.4  -4502.38  0  0  -4502.38  0  -4502.38  1911.01  0  0  1911.01  0  1911.01
2.7471e+13  0  915.7  -4499.87  0  0  -4499.87  0  -4499.87  1909.32  0  0  1909.32  0  1909.32
2.748e+13  0  916  -4497.37  0  0  -4497.37  0  -4497.37  1907.64  0  0  1907.64  0  1907.64
2.7489e+13  0  916.3  -4494.86  0  0  -4494.86  0  -4494.86  1905.96  0  0  1905.96  0  1905.96
2.7498e+13  0  916.6  -4492.36  0  0  -4492.36  0  -4492.36  1904.28  0  0  1904.28  0  1904.28
2.7507e+13  0  916.9  -4489.86  0  0  -4489.86  0  -4489.86  1902.61  0  0  1902.61  0  1902.61
2.7516e+13  0  917.2  -4487.37  0  0  -4487.37  0  -4487.37  1900.93  0  0  1900.93  0  1900.93
2.7525e+13  0  917.5  -4484.87  0  0  -4484.87  0  -4484.87  1899.26  0  0  1899.26  0  1899.26
2.7534e+13  0  917.8  -4482.38  0  0  -4482.38  0  -4482.38  1897.59  0  0  1897.59  0  1897.59
2.7543e+13  0  918.1  -4479.89  0  0  -4479.89  0  -4479.89  1895.92  0  0  1895.92  0  1895.92
2.7552e+13  0  918.4  -4477.4  0  0  -4477.4  0  -4477.4  1894.25  0  0  1894.25  0  1894.25
2.7561e+13  0  918.7  -4474.91  0  0  -4474.91  0  -4474.91  1892.59  0  0  1892.59  0  1892.59
2.757e+13  0  919  -4472.43  0  0  -4472.43  0  -4472.43  1890.93  0  0  1890.93  0  1890.93
2.7579e+13  0  919.3  -4469.95  0  0  -4469.95  0  -4469.95  1889.27  0  0  1889.27  0  1889.27
2.7588e+13  0  919.6  -4467.46  0  0  -4467.46  0  -4467.46  1887.61  0  0  1887.61  0  1887.61
2.7597e+13  0  919.9  -4464.99  0  0  -4464.99  0  -4464.99  1885.95  0  0  1885.95  0  1885.95
2.7606e+13  0  920.2  -4462.51  0  0  -4462.51  0  -4462.51  1884.29  0  0  1884.29  0  1884.29
2.7615e+13  0  920.5  -4460.03  0  0  -4460.03  0  -4460.03  1882.64  0  0  1882.64  0  1882.64
2.7624e+13  0  920.8  -4457.56  0  0  -4457.56  0  -4457.56  1880.99  0  0  1880.99  0  1880.99
2.7633e+13  0  921.1  -4455.09  0  0  -4455.09  0  -4455.09  1879.34  0  0  1879.34  0  1879.34
2.7642e+13  0  921.4  -4452.62  0  0  -4452.62  0  -4452.62  1877.69  0  0  1877.69  0  1877.69
2.7651e+13  0  921.7  -4450.15  0  0  -4450.15  0  -4450.15  1876.04  0  0  1876.04  0  1876.04
2.766e+13  0  922  -4447.69  0  0  -4447.69  0  -4447.69  1874.4  0  0  1874.4  0  1874.4
2.7669e+13  0  922.3  -4445.22  0  0  -4445.22  0  -4445.22  1872.76  0  0  1872.76  0  1872.76
2.7678e+13  0  922.6  -4442.76  0  0  -4442.76  0  -4442.76  1871.12  0  0  1871.12  0  1871.12
2.7687e+13  0  922.9  -4440.3  0  0  -4440.3  0  -4440.3  1869.48  0  0  1869.48  0  1869.48
2.7696e+13  0  923.2  -4437.84  0  0  -4437.84  0  -4437.84  1867.84  0  0  1867.84  0  1867.84
2.7705e+13  0  923.5  -4435.39  0  0  -4435.39  0  -4435.39  1866.21  0  0  1866.21  0  1866.21
2.7714e+13  0  923.8  -4432.93  0  0  -4432.93  0  -4432.93  1864.58  0  0  1864.58  0  1864.58
2.7723e+13  0  924.1  -4430.48  0  0  -4430.48  0  -4430.48  1862.94  0  0  1862.94  0  1862.94
2.7732e+13  0  924.4  -4428.03  0  0  -4428.03  0  -4428.03  1861.32  0  0  1861.32  0  1861.32
2.7741e+13  0  924.7  -4425.58  0  0  -4425.58  0  -4425.58  1859.69  0  0  1859.69  0  1859.69
2.775e+13  0  925  -4423.13  0  0  -4423.13  0  -4423.13  1858.06  0  0  1858.06  0  1858.06
2.7759e+13  0  925.3  -4420.69  0  0  -4420.69  0  -4420.69  1856.44  0  0  1856.44  0  1856.44
2.7768e+13  0  925.6  -4418.25  0  0  -4418.25  0  -4418.25  1854.82  0  0  1854.82  0  1854.82
2.7777e+13  0  925.9  -4415.81  0  0  -4415.81  0  -4415.81  1853.2  0  0  1853.2  0  1853.2
2.7786e+13  0  926.2  -4413.37  0  0  -4413.37  0  -4413.37  1851.58  0  0  1851.58  0  1851.58
2.7795e+13  0  926.5  -4410.93  0  0  -4410.93  0  -4410.93  1849.96  0  0  1849.96  0  1849.96
2.7804e+13  0  926.8  -4408.5  0  0  -4408.5  0  -4408.5  1848.35  0  0  1848.35  0  1848.35
2.7813e+13  0  927.1  -4406.06  0  0  -4406.06  0  -4406.06  1846.74  0  0  1846.74  0  1846.74
2.7822e+13  0  927.4  -4403.63  0  0  -4403.63  0  -4403.63  1845.13  0  0  1845.13  0  1845.13
2.7831e+13  0  927.7  -4401.2  0  0  -4401.2  0  -4401.2  1843.52  0  0  1843.52  0  1843.52
2.784e+13  0  928  -4398.77  0  0  -4398.77  0  -4398.77  1841.91  0  0  1841.91  0  1841.91
2.7849e+13  0  928.3  -4396.35  0  0  -4396.35  0  -4396.35  1840.3  0  0  1840.3  0  1840.3
2.7858e+13  0  928.6  -4393.93  0  0  -4393.93  0  -4393.93  1838.7  0  0  1838.7  0  1838.7
2.7867e+13  0  928.9  -4391.5  0  0  -4391.5  0  -4391.5  1837.1  0  0  1837.1  0  1837.1
2.7876e+13  0  929.2  -4389.08  0  0  -4389.08  0  -4389.08  1835.5  0  0  1835.5  0  1835.5
2.7885e+13  0  929.5  -4386.67  0  0  -4386.67  0  -4386.67  1833.9  0  0  1833.9  0  1833.9
2.7894e+13  0  929.8  -4384.25  0  0  -4384.25  0  -4384.25  1832.31  0  0  1832.31  0  1832.31
2.7903e+13  0  930.1  -4381.84  0  0  -4381.84  0  -4381.84  1830.71  0  0  1830.71  0  1830.71
2.7912e+13  0  930.4  -4379.42  0  0  -4379.42  0  -4379.42  1829.12  0  0  1829.12  0  1829.12
2.7921e+13  0  930.7  -4377.01  0  0  -4377.01  0  -4377.01  1827.53  0  0  1827.53  0  1827.53
2.793e+13  0  931  -4374.6  0  0  -4374.6  0  -4374.6  1825.94  0  0  1825.94  0  1825.94
2.7939e+13  0  931.3  -4372.2  0  0  -4372.2  0  -4372.2  1824.35  0  0  1824.35  0  1824.35
2.7948e+13  0  931.6  -4369.79  0  0  -4369.79  0  -4369.79  1822.77  0  0  1822.77  0  1822.77
2.7957e+13  0  931.9  -4367.39  0  0  -4367.39  0  -4367.39  1821.18  0  0  1821.18  0  1821.18
2.7966e+13  0  932.2  -4364.99  0  0  -4364.99  0  -4364.99  1819.6  0  0  1819.6  0  1819.6
2.7975e+13  0  932.5  -4362.59  0  0  -4362.59  0  -4362.59  1818.02  0  0  1818.02  0  1818.02
2.7984e+13  0  932.8  -4360.19  0  0  -4360.19  0  -4360.19  1816.44  0  0  1816.44  0  1816.44
2.7993e+13  0  933.1  -4357.8  0  0  -4357.8  0  -4357.8  1814.87  0  0  1814.87  0  1814.87
2.8002e+13  0  933.4  -4355.4  0  0  -4355.4  0  -4355.4  1813.29  0  0  1813.29  0  1813.29
2.8011e+13  0  933.7  -4353.01  0  0  -4353.01  0  -4353.01  1811.72  0  0  1811.72  0  1811.72
2.802e+13  0  934  -4350.62  0  0  -4350.62  0  -4350.62  1810.15  0  0  1810.15  0  1810.15
2.8029e+13  0  934.3  -4348.23  0  0  -4348.23  0  -4348.23  1808.58  0  0  1808.58  0  1808.58
2.8038e+13  0  934.6  -4345.85  0  0  -4345.85  0  -4345.85  1807.01  0  0  1807.01  0  1807.01
2.8047e+13  0  934.9  -4343.46  0  0  -4343.46  0  -4343.46  1805.45  0  0  1805.45  0  1805.45
2.8056e+13  0  935.2  -4341.08  0  0  -4341.08  0  -4341.08  1803.88  0  0  1803.88  0  1803.88
2.8065e+13  0  935.5  -4338.7  0  0  -4338.7  0  -4338.7  1802.32  0  0  1802.32  0  1802.32
2.8074e+13  0  935.8  -4336.32  0  0  -4336.32  0  -4336.32  1800.76  0  0  1800.76  0  1800.76
2.8083e+13  0  936.1  -4333.94  0  0  -4333.94  0  -4333.94  1799.2  0  0  1799.2  0  1799.2
2.8092e+13  0  936.4  -4331.57  0  0  -4331.57  0  -4331.57  1797.65  0  0  1797.65  0  1797.65
2.8101e+13  0  936.7  -4329.19  0  0  -4329.19  0  -4329.19  1796.09  0  0  1796.09  0  1796.09
2.811e+13  0  937  -4326.82  0  0  -4326.82  0  -4326.82  1794.54  0  0  1794.54  0  1794.54
2.8119e+13  0  937.3  -4324.45  0  0  -4324.45  0  -4324.45  1792.99  0  0  1792.99  0  1792.99
2.8128e+13  0  937.6  -4322.08  0  0  -4322.08  0  -4322.08  1791.44  0  0  1791.44  0  1791.44
2.8137e+13  0  937.9  -4319.72  0  0  -4319.72  0  -4319.72  1789.89  0  0  1789.89  0  1789.89
2.8146e+13  0  938.2  -4317.35  0  0  -4317.35  0  -4317.35  1788.34  0  0  1788.34  0  1788.34
2.8155e+13  0  938.5  -4314.99  0  0  -4314.99  0  -4314.99  1786.8  0  0  1786.8  0  1786.8
2.8164e+13  0  938.8  -4312.63  0  0  -4312.63  0  -4312.63  1785.25  0  0  1785.25  0  1785.25
2.8173e+13  0  939.1  -4310.27  0  0  -4310.27  0  -4310.27  1783.71  0  0  1783.71  0  1783.71
2.8182e+13  0  939.4  -4307.91  0  0  -4307.91  0  -4307.91  1782.17  0  0  1782.17  0  1782.17
2.8191e+13  0  939.7  -4305.56  0  0  -4305.56  0  -4305.56  1780.64  0  0  1780.64  0  1780.64
2.82e+13  0  940  -4303.21  0  0  -4303.21  0  -4303.21  1779.1  0  0  1779.1  0  1779.1
2.8209e+13  0  940.3  -4300.85  0  0  -4300.85  0  -4300.85  1777.57  0  0  1777.57  0  1777.57
2.8218e+13  0  940.6  -4298.5  0  0  -4298.5  0  -4298.5  1776.03  0  0  1776.03  0  1776.03
2.8227e+13  0  940.9  -4296.16  0  0  -4296.16  0  -4296.16  1774.5  0  0  1774.5  0  1774.5
2.8236e+13  0  941.2  -4293.81  0  0  -4293.81  0  -4293.81  1772.97  0  0  1772.97  0  1772.97
2.8245e+13  0  941.5  -4291.47  0  0  -4291.47  0  -4291.47  1771.45  0  0  1771.45  0  1771.45
2.8254e+13  0  941.8  -4289.12  0  0  -4289.12  0  -4289.12  1769.92  0  0  1769.92  0  1769.92
2.8263e+13  0  942.1  -4286.78  0  0  -4286.78  0  -4286.78  1768.4  0  0  1768.4  0  1768.4
2.8272e+13  0  942.4  -4284.44  0  0  -4284.44  0  -4284.44  1766.88  0  0  1766.88  0  1766.88
2.8281e+13  0  942.7  -4282.11  0  0  -4282.11  0  -4282.11  1765.35  0  0  1765.35  0  1765.35
2.829e+13  0  943  -4279.77  0  0  -4279.77  0  -4279.77  1763.84  0  0  1763.84  0  1763.84
2.8299e+13  0  943.3  -4277.44  0  0  -4277.44  0  -4277.44  1762.32  0  0  1762.32  0  1762.32
2.8308e+13  0  943.6  -4275.11  0  0  -4275.11  0  -4275.11  1760.8  0  0  1760.8  0  1760.8
2.8317e+13  0  943.9  -4272.78  0  0  -4272.78  0  -4272.78  1759.29  0  0  1759.29  0  1759.29
2.8326e+13  0  944.2  -4270.45  0  0  -4270.45  0  -4270.45  1757.78  0  0  1757.78  0  1757.78
2.8335e+13  0  944.5  -4268.12  0  0  -4268.12  0  -4268.12  1756.27  0  0  1756.27  0  1756.27
2.8344e+13  0  944.8  -4265.8  0  0  -4265.8  0  -4265.8  1754.76  0  0  1754.76  0  1754.76
2.8353e+13  0  945.1  -4263.48  0  0  -4263.48  0  -4263.48  1753.25  0  0  1753.25  0  1753.25
2.8362e+13  0  945.4  -4261.16  0  0  -4261.16  0  -4261.16  1751.75  0  0  1751.75  0  1751.75
2.8371e+13  0  945.7  -4258.84  0  0  -4258.84  0  -4258.84  1750.24  0  0  1750.24  0  1750.24
2.838e+13  0  946  -4256.52  0  0  -4256.52  0  -4256.52  1748.74  0  0  1748.74  0  1748.74
2.8389e+13  0  946.3  -4254.2  0  0  -4254.2  0  -4254.2  1747.24  0  0  1747.24  0  1747.24
2.8398e+13  0  946.6  -4251.89  0  0  -4251.89  0  -4251.89  1745.74  0  0  1745.74  0  1745.74
2.8407e+13  0  946.9  -4249.58  0  0  -4249.58  0  -4249.58  1744.25  0  0  1744.25  0  1744.25
2.8416e+13  0  947.2  -4247.27  0  0  -4247.27  0  -4247.27  1742.75  0  0  1742.75  0  1742.75
2.8425e+13  0  947.5  -4244.96  0  0  -4244.96  0  -4244.96  1741.26  0  0  1741.26  0  1741.26
2.8434e+13  0  947.8  -4242.65  0  0  -4242.65  0  -4242.65  1739.77  0  0  1739.77  0  1739.77
2.8443e+13  0  948.1  -4240.35  0  0  -4240.35  0  -4240.35  1738.28  0  0  1738.28  0  1738.28
2.8452e+13  0  948.4  -4238.05  0  0  -4238.05  0  -4238.05  1736.79  0  0  1736.79  0  1736.79
2.8461e+13  0  948.7  -4235.74  0  0  -4235.74  0  -4235.74  1735.3  0  0  1735.3  0  1735.3
2.847e+13  0  949  -4233.44  0  0  -4233.44  0  -4233.44  1733.82  0  0  1733.82  0  1733.82
2.8479e+13  0  949.3  -4231.15  0  0  -4231.15  0  -4231.15  1732.33  0  0  1732.33  0  1732.33
2.8488e+13  0  949.6  -4228.85  0  0  -4228.85  0  -4228.85  1730.85  0  0  1730.85  0  1730.85
2.8497e+13  0  949.9  -4226.56  0  0  -4226.56  0  -4226.56  1729.37  0  0  1729.37  0  1729.37
2.8506e+13  0  950.2  -4224.26  0  0  -4224.26  0  -4224.26  1727.89  0  0  1727.89  0  1727.89
2.8515e+13  0  950.5  -4221.97  0  0  -4221.97  0  -4221.97  1726.42  0  0  1726.42  0  1726.42
2.8524e+13  0  950.8  -4219.68  0  0  -4219.68  0  -4219.68  1724.94  0  0  1724.94  0  1724.94
2.8533e+13  0  951.1  -4217.4  0  0  -4217.4  0  -4217.4  1723.47  0  0  1723.47  0  1723.47
2.8542e+13  0  951.4  -4215.11  0  0  -4215.11  0  -4215.11  1722  0  0  1722  0  1722
2.8551e+13  0  951.7  -4212.83  0  0  -4212.83  0  -4212.83  1720.52  0  0  1720.52  0  1720.52
2.856e+13  0  952  -4210.55  0  0  -4210.55  0  -4210.55  1719.06  0  0  1719.06  0  1719.06
2.8569e+13  0  952.3  -4208.27  0  0  -4208.27  0  -4208.27  1717.59  0  0  1717.59  0  1717.59
2.8578e+13  0  952.6  -4205.99  0  0  -4205.99  0  -4205.99  1716.12  0  0  1716.12  0  1716.12
2.8587e+13  0  952.9  -4203.71  0  0  -4203.71  0  -4203.71  1714.66  0  0  1714.66  0  1714.66
2.8596e+13  0  953.2  -4201.44  0  0  -4201.44  0  -4201.44  1713.2  0  0  1713.2  0  1713.2
2.8605e+13  0  953.5  -4199.16  0  0  -4199.16  0  -4199.16  1711.74  0  0  1711.74  0  1711.74
2.8614e+13  0  953.8  -4196.89  0  0  -4196.89  0  -4196.89  1710.28  0  0  1710.28  0  1710.28
2.8623e+13  0  954.1  -4194.62  0  0  -4194.62  0  -4194.62  1708.82  0  0  1708.82  0  1708.82
2.8632e+13  0  954.4  -4192.35  0  0  -4192.35  0  -4192.35  1707.37  0  0  1707.37  0  1707.37
2.8641e+13  0  954.7  -4190.09  0  0  -4190.09  0  -4190.09  1705.91  0  0  1705.91  0  1705.91
2.865e+13  0  955  -4187.82  0  0  -4187.82  0  -4187.82  1704.46  0  0  1704.46  0  1704.46
2.8659e+13  0  955.3  -4185.56  0  0  -4185.56  0  -4185.56  1703.01  0  0  1703.01  0  1703.01
2.8668e+13  0  955.6  -4183.3  0  0  -4183.3  0  -4183.3  1701.56  0  0  1701.56  0  1701.56
2.8677e+13  0  955.9  -4181.04  0  0  -4181.04  0  -4181.04  1700.11  0  0  1700.11  0  1700.11
2.8686e+13  0  956.2  -4178.78  0  0  -4178.78  0  -4178.78  1698.67  0  0  1698.67  0  1698.67
2.8695e+13  0  956.5  -4176.53  0  0  -4176.53  0  -4176.53  1697.22  0  0  1697.22  0  1697.22
2.8704e+13  0  956.8  -4174.27  0  0  -4174.27  0  -4174.27  1695.78  0  0  1695.78  0  1695.78
2.8713e+13  0  957.1  -4172.02  0  0  -4172.02  0  -4172.02  1694.34  0  0  1694.34  0  1694.34
2.8722e+13  0  957.4  -4169.77  0  0  -4169.77  0  -4169.77  1692.9  0  0  1692.9  0  1692.9
2.8731e+13  0  957.7  -4167.52  0  0  -4167.52  0  -4167.52  1691.46  0  0  1691.46  0  1691.46
2.874e+13  0  958  -4165.27  0  0  -4165.27  0  -4165.27  1690.03  0  0  1690.03  0  1690.03
2.8749e+13  0  958.3  -4163.03  0  0  -4163.03  0  -4163.03  1688.59  0  0  1688.59  0  1688.59
2.8758e+13  0  958.6  -4160.78  0  0  -4160.78  0  -4160.78  1687.16  0  0  1687.16  0  1687.16
2.8767e+13  0  958.9  -4158.54  0  0  -4158.54  0  -4158.54  1685.73  0  0  1685.73  0  1685.73
2.8776e+13  0  959.2  -4156.3  0  0  -4156.3  0  -4156.3  1684.3  0  0  1684.3  0  1684.3
2.8785e+13  0  959.5  -4154.06  0  0  -4154.06  0  -4154.06  1682.87  0  0  1682.87  0  1682.87
2.8794e+13  0  959.8  -4151.83  0  0  -4151.83  0  -4151.83  1681.44  0  0  1681.44  0  1681.44
2.8803e+13  0  960.1  -4149.59  0  0  -4149.59  0  -4149.59  1680.02  0  0  1680.02  0  1680.02
2.8812e+13  0  960.4  -4147.36  0  0  -4147.36  0  -4147.36  1678.59  0  0  1678.59  0  1678.59
2.8821e+13  0  960.7  -4145.12  0  0  -4145.12  0  -4145.12  1677.17  0  0  1677.17  0  1677.17
2.883e+13  0  961  -4142.89  0  0  -4142.89  0  -4142.89  1675.75  0  0  1675.75  0  1675.75
2.8839e+13  0  961.3  -4140.67  0  0  -4140.67  0  -4140.67  1674.33  0  0  1674.33  0  1674.33
2.8848e+13  0  961.6  -4138.44  0  0  -4138.44  0  -4138.44  1672.91  0  0  1672.91  0  1672.91
2.8857e+13  0  961.9  -4136.21  0  0  -4136.21  0  -4136.21  1671.5  0  0  1671.5  0  1671.5
2.8866e+13  0  962.2  -4133.99  0  0  -4133.99  0  -4133.99  1670.08  0  0  1670.08  0  1670.08
2.8875e+13  0  962.5  -4131.77  0  0  -4131.77  0  -4131.77  1668.67  0  0  1668.67  0  1668.67
2.8884e+13  0  962.8  -4129.55  0  0  -4129.55  0  -4129.55  1667.26  0  0  1667.26  0  1667.26
2.8893e+13  0  963.1  -4127.33  0  0  -4127.33  0  -4127.33  1665.85  0  0  1665.85  0  1665.85
2.8902e+13  0  963.4  -4125.11  0  0  -4125.11  0  -4125.11  1664.44  0  0  1664.44  0  1664.44
2.8911e+13  0  963.7  -4122.9  0  0  -4122.9  0  -4122.9  1663.04  0  0  1663.04  0  1663.04
2.892e+13  0  964  -4120.69  0  0  -4120.69  0  -4120.69  1661.63  0  0  1661.63  0  1661.63
2.8929e+13  0  964.3  -4118.47  0  0  -4118.47  0  -4118.47  1660.23  0  0  1660.23  0  1660.23
2.8938e+13  0  964.6  -4116.26  0  0  -4116.26  0  -4116.26  1658.83  0  0  1658.83  0  1658.83
2.8947e+13  0  964.9  -4114.06  0  0  -4114.06  0  -4114.06  1657.43  0  0  1657.43  0  1657.43
2.8956e+13  0  965.2  -4111.85  0  0  -4111.85  0  -4111.85  1656.03  0  0  1656.03  0  1656.03
2.8965e+13  0  965.5  -4109.64  0  0  -4109.64  0  -4109.64  1654.63  0  0  1654.63  0  1654.63
2.8974e+13  0  965.8  -4107.44  0  0  -4107.44  0  -4107.44  1653.23  0  0  1653.23  0  1653.23
2.8983e+13  0  966.1  -4105.24  0  0  -4105.24  0  -4105.24  1651.84  0  0  1651.84  0  1651.84
2.8992e+13  0  966.4  -4103.04  0  0  -4103.04  0  -4103.04  1650.45  0  0  1650.45  0  1650.45
2.9001e+13  0  966.7  -4100.84  0  0  -4100.84  0  -4100.84  1649.06  0  0  1649.06  0  1649.06
2.901e+13  0  967  -4098.65  0  0  -4098.65  0  -4098.65  1647.67  0  0  1647.67  0  1647.67
2.9019e+13  0  967.3  -4096.45  0  0  -4096.45  0  -4096.45  1646.28  0  0  1646.28  0  1646.28
2.9028e+13  0  967.6  -4094.26  0  0  -4094.26  0  -4094.26  1644.89  0  0  1644.89  0  1644.89
2.9037e+13  0  967.9  -4092.07  0  0  -4092.07  0  -4092.07  1643.51  0  0  1643.51  0  1643.51
2.9046e+13  0  968.2  -4089.88  0  0  -4089.88  0  -4089.88  1642.13  0  0  1642.13  0  1642.13
2.9055e+13  0  968.5  -4087.69  0  0  -4087.69  0  -4087.69  1640.74  0  0  1640.74  0  1640.74
2.9064e+13  0  968.8  -4085.5  0  0  -4085.5  0  -4085.5  1639.36  0  0  1639.36  0  1639.36
2.9073e+13  0  969.1  -4083.32  0  0  -4083.32  0  -4083.32  1637.98  0  0  1637.98  0  1637.98
2.9082e+13  0  969.4  -4081.13  0  0  -4081.13  0  -4081.13  1636.61  0  0  1636.61  0  1636.61
2.9091e+13  0  969.7  -4078.95  0  0  -4078.95  0  -4078.95  1635.23  0  0  1635.23  0  1635.23
2.91e+13  0  970  -4076.77  0  0  -4076.77  0  -4076.77  1633.86  0  0  1633.86  0  1633.86
2.9109e+13  0  970.3  -4074.59  0  0  -4074.59  0  -4074.59  1632.48  0  0  1632.48  0  1632.48
2.9118e+13  0  970.6  -4072.42  0  0  -4072.42  0  -4072.42  1631.11  0  0  1631.11  0  1631.11
2.9127e+13  0  970.9  -4070.24  0  0  -4070.24  0  -4070.24  1629.74  0  0  1629.74  0  1629.74
2.9136e+13  0  971.2  -4068.07  0  0  -4068.07  0  -4068.07  1628.38  0  0  1628.38  0  1628.38
2.9145e+13  0  971.5  -4065.9  0  0  -4065.9  0  -4065.9  1627.01  0  0  1627.01  0  1627.01
2.9154e+13  0  971.8  -4063.73  0  0  -4063.73  0  -4063.73  1625.64  0  0  1625.64  0  1625.64
2.9163e+13  0  972.1  -4061.56  0  0  -4061.56  0  -4061.56  1624.28  0  0  1624.28  0  1624.28
2.9172e+13  0  972.4  -4059.39  0  0  -4059.39  0  -4059.39  1622.92  0  0  1622.92  0  1622.92
2.9181e+13  0  972.7  -4057.23  0  0  -4057.23  0  -4057.23  1621.56  0  0  1621.56  0  1621.56
2.919e+13  0  973  -4055.06  0  0  -4055.06  0  -4055.06  1620.2  0  0  1620.2  0  1620.2
2.9199e+13  0  973.3  -4052.9  0  0  -4052.9  0  -4052.9  1618.84  0  0  1618.84  0  1618.84
2.9208e+13  0  973.6  -4050.74  0  0  -4050.74  0  -4050.74  1617.48  0  0  1617.48  0  1617.48
2.9217e+13  0  973.9  -4048.58  0  0  -4048.58  0  -4048.58  1616.13  0  0  1616.13  0  1616.13
2.9226e+13  0  974.2  -4046.43  0  0  -4046.43  0  -4046.43  1614.78  0  0  1614.78  0  1614.78
2.9235e+13  0  974.5  -4044.27  0  0  -4044.27  0  -4044.27  1613.42  0  0  1613.42  0  1613.42
2.9244e+13  0  974.8  -4042.12  0  0  -4042.12  0  -4042.12  1612.07  0  0  1612.07  0  1612.07
2.9253e+13  0  975.1  -4039.97  0  0  -4039.97  0  -4039.97  1610.72  0  0  1610.72  0  1610.72
2.9262e+13  0  975.4  -4037.82  0  0  -4037.82  0  -4037.82  1609.38  0  0  1609.38  0  1609.38
2.9271e+13  0  975.7  -4035.67  0  0  -4035.67  0  -4035.67  1608.03  0  0  1608.03  0  1608.03
2.928e+13  0  976  -4033.52  0  0  -4033.52  0  -4033.52  1606.69  0  0  1606.69  0  1606.69
2.9289e+13  0  976.3  -4031.37  0  0  -4031.37  0  -4031.37  1605.34  0  0  1605.34  0  1605.34
2.9298e+13  0  976.6  -4029.23  0  0  -4029.23  0  -4029.23  1604  0  0  1604  0  1604
2.9307e+13  0  976.9  -4027.09  0  0  -4027.09  0  -4027.09  1602.66  0  0  1602.66  0  1602.66
2.9316e+13  0  977.2  -4024.95  0  0  -4024.95  0  -4024.95  1601.32  0  0  1601.32  0  1601.32
2.9325e+13  0  977.5  -4022.81  0  0  -4022.81  0  -4022.81  1599.99  0  0  1599.99  0  1599.99
2.9334e+13  0  977.8  -4020.67  0  0  -4020.67  0  -4020.67  1598.65  0  0  1598.65  0  1598.65
2.9343e+13  0  978.1  -4018.54  0  0  -4018.54  0  -4018.54  1597.32  0  0  1597.32  0  1597.32
2.9352e+13  0  978.4  -4016.4  0  0  -4016.4  0  -4016.4  1595.98  0  0  1595.98  0  1595.98
2.9361e+13  0  978.7  -4014.27  0  0  -4014.27  0  -4014.27  1594.65  0  0  1594.65  0  1594.65
2.937e+13  0  979  -4012.14  0  0  -4012.14  0  -4012.14  1593.32  0  0  1593.32  0  1593.32
2.9379e+13  0  979.3  -4010.01  0  0  -4010.01  0  -4010.01  1591.99  0  0  1591.99  0  1591.99
2.9388e+13  0  979.6  -4007.88  0  0  -4007.88  0  -4007.88  1590.67  0  0  1590.67  0  1590.67
2.9397e+13  0  979.9  -4005.76  0  0  -4005.76  0  -4005.76  1589.34  0  0  1589.34  0  1589.34
2.9406e+13  0  980.2  -4003.63  0  0  -4003.63  0  -4003.63  1588.02  0  0  1588.02  0  1588.02
2.9415e+13  0  980.5  -4001.51  0  0  -4001.51  0  -4001.51  1586.69  0  0  1586.69  0  1586.69
2.9424e+13  0  980.8  -3999.39  0  0  -3999.39  0  -3999.39  1585.37  0  0  1585.37  0  1585.37
2.9433e+13  0  981.1  -3997.27  0  0  -3997.27  0  -3997.27  1584.05  0  0  1584.05  0  1584.05
2.9442e+13  0  981.4  -3995.15  0  0  -3995.15  0  -3995.15  1582.74  0  0  1582.74  0  1582.74
2.9451e+13  0  981.7  -3993.03  0  0  -3993.03  0  -3993.03  1581.42  0  0  1581.42  0  1581.42
2.946e+13  0  982  -3990.92  0  0  -3990.92  0  -3990.92  1580.1  0  0  1580.1  0  1580.1
2.9469e+13  0  982.3  -3988.8  0  0  -3988.8  0  -3988.8  1578.79  0  0  1578.79  0  1578.79
2.9478e+13  0  982.6  -3986.69  0  0  -3986.69  0  -3986.69  1577.48  0  0  1577.48  0  1577.48
2.9487e+13  0  982.9  -3984.58  0  0  -3984.58  0  -3984.58  1576.17  0  0  1576.17  0  1576.17
2.9496e+13  0  983.2  -3982.47  0  0  -3982.47  0  -3982.47  1574.86  0  0  1574.86  0  1574.86
2.9505e+13  0  983.5  -3980.37  0  0  -3980.37  0  -3980.37  1573.55  0  0  1573.55  0  1573.55
2.9514e+13  0  983.8  -3978.26  0  0  -3978.26  0  -3978.26  1572.24  0  0  1572.24  0  1572.24
2.9523e+13  0  984.1  -3976.16  0  0  -3976.16  0  -3976.16  1570.94  0  0  1570.94  0  1570.94
2.9532e+13  0  984.4  -3974.05  0  0  -3974.05  0  -3974.05  1569.63  0  0  1569.63  0  1569.63
2.9541e+13  0  984.7  -3971.95  0  0  -3971.95  0  -3971.95  1568.33  0  0  1568.33  0  1568.33
2.955e+13  0  985  -3969.85  0  0  -3969.85  0  -3969.85  1567.03  0  0  1567.03  0  1567.03
2.9559e+13  0  985.3  -3967.76  0  0  -3967.76  0  -3967.76  1565.73  0  0  1565.73  0  1565.73
2.9568e+13  0  985.6  -3965.66  0  0  -3965.66  0  -3965.66  1564.43  0  0  1564.43  0  1564.43
2.9577e+13  0  985.9  -3963.57  0  0  -3963.57  0  -3963.57  1563.13  0  0  1563.13  0  1563.13
2.9586e+13  0  986.2  -3961.47  0  0  -3961.47  0  -3961.47  1561.84  0  0  1561.84  0  1561.84
2.9595e+13  0  986.5  -3959.38  0  0  -3959.38  0  -3959.38  1560.54  0  0  1560.54  0  1560.54
2.9604e+13  0  986.8  -3957.29  0  0  -3957.29  0  -3957.29  1559.25  0  0  1559.25  0  1559.25
2.9613e+13  0  987.1  -3955.2  0  0  -3955.2  0  -3955.2  1557.96  0  0  1557.96  0  1557.96
2.9622e+13  0  987.4  -3953.12  0  0  -3953.12  0  -3953.12  1556.67  0  0  1556.67  0  1556.67
2.9631e+13  0  987.7  -3951.03  0  0  -3951.03  0  -3951.03  1555.38  0  0  1555.38  0  1555.38
2.964e+13  0  988  -3948.95  0  0  -3948.95  0  -3948.95  1554.09  0  0  1554.09  0  1554.09
2.9649e+13  0  988.3  -3946.87  0  0  -3946.87  0  -3946.87  1552.81  0  0  1552.81  0  1552.81
2.9658e+13  0  988.6  -3944.79  0  0  -3944.79  0  -3944.79  1551.52  0  0  1551.52  0  1551.52
2.9667e+13  0  988.9  -3942.71  0  0  -3942.71  0  -3942.71  1550.24  0  0  1550.24  0  1550.24
2.9676e+13  0  989.2  -3940.63  0  0  -3940.63  0  -3940.63  1548.96  0  0  1548.96  0  1548.96
2.9685e+13  0  989.5  -3938.56  0  0  -3938.56  0  -3938.56  1547.68  0  0  1547.68  0  1547.68
2.9694e+13  0  989.8  -3936.48  0  0  -3936.48  0  -3936.48  1546.4  0  0  1546.4  0  1546.4
2.9703e+13  0  990.1  -3934.41  0  0  -3934.41  0  -3934.41  1545.12  0  0  1545.12  0  1545.12
2.9712e+13  0  990.4  -3932.34  0  0  -3932.34  0  -3932.34  1543.84  0  0  1543.84  0  1543.84
2.9721e+13  0  990.7  -3930.27  0  0  -3930.27  0  -3930.27  1542.57  0  0  1542.57  0  1542.57
2.973e+13  0  991  -3928.2  0  0  -3928.2  0  -3928.2  1541.3  0  0  1541.3  0  1541.3
2.9739e+13  0  991.3  -3926.13  0  0  -3926.13  0  -3926.13  1540.02  0  0  1540.02  0  1540.02
2.9748e+13  0  991.6  -3924.07  0  0  -3924.07  0  -3924.07  1538.75  0  0  1538.75  0  1538.75
2.9757e+13  0  991.9  -3922.01  0  0  -3922.01  0  -3922.01  1537.48  0  0  1537.48  0  1537.48
2.9766e+13  0  992.2  -3919.94  0  0  -3919.94  0  -3919.94  1536.22  0  0  1536.22  0  1536.22
2.9775e+13  0  992.5  -3917.88  0  0  -3917.88  0  -3917.88  1534.95  0  0  1534.95  0  1534.95
2.9784e+13  0  992.8  -3915.83  0  0  -3915.83  0  -3915.83  1533.69  0  0  1533.69  0  1533.69
2.9793e+13  0  993.1  -3913.77  0  0  -3913.77  0  -3913.77  1532.42  0  0  1532.42  0  1532.42
2.9802e+13  0  993.4  -3911.71  0  0  -3911.71  0  -3911.71  1531.16  0  0  1531.16  0  1531.16
2.9811e+13  0  993.7  -3909.66  0  0  -3909.66  0  -3909.66  1529.9  0  0  1529.9  0  1529.9
2.982e+13  0  994  -3907.61  0  0  -3907.61  0  -3907.61  1528.64  0  0  1528.64  0  1528.64
2.9829e+13  0  994.3  -3905.56  0  0  -3905.56  0  -3905.56  1527.38  0  0  1527.38  0  1527.38
2.9838e+13  0  994.6  -3903.51  0  0  -3903.51  0  -3903.51  1526.12  0  0  1526.12  0  1526.12
2.9847e+13  0  994.9  -3901.46  0  0  -3901.46  0  -3901.46  1524.87  0  0  1524.87  0  1524.87
2.9856e+13  0  995.2  -3899.41  0  0  -3899.41  0  -3899.41  1523.61  0  0  1523.61  0  1523.61
2.9865e+13  0  995.5  -3897.37  0  0  -3897.37  0  -3897.37  1522.36  0  0  1522.36  0  1522.36
2.9874e+13  0  995.8  -3895.32  0  0  -3895.32  0  -3895.32  1521.11  0  0  1521.11  0  1521.11
2.9883e+13  0  996.1  -3893.28  0  0  -3893.28  0  -3893.28  1519.86  0  0  1519.86  0  1519.86
2.9892e+13  0  996.4  -3891.24  0  0  -3891.24  0  -3891.24  1518.61  0  0  1518.61  0  1518.61
2.9901e+13  0  996.7  -3889.2  0  0  -3889.2  0  -3889.2  1517.36  0  0  1517.36  0  1517.36
2.991e+13  0  997  -3887.17  0  0  -3887.17  0  -3887.17  1516.12  0  0  1516.12  0  1516.12
2.9919e+13  0  997.3  -3885.13  0  0  -3885.13  0  -3885.13  1514.87  0  0  1514.87  0  1514.87
2.9928e+13  0  997.6  -3883.1  0  0  -3883.1  0  -3883.1  1513.63  0  0  1513.63  0  1513.63
2.9937e+13  0  997.9  -3881.06  0  0  -3881.06  0  -3881.06  1512.39  0  0  1512.39  0  1512.39
2.9946e+13  0  998.2  -3879.03  0  0  -3879.03  0  -3879.03  1511.14  0  0  1511.14  0  1511.14
2.9955e+13  0  998.5  -3877  0  0  -3877  0  -3877  1509.91  0  0  1509.91  0  1509.91
2.9964e+13  0  998.8  -3874.97  0  0  -3874.97  0  -3874.97  1508.67  0  0  1508.67  0  1508.67
2.9973e+13  0  999.1  -3872.95  0  0  -3872.95  0  -3872.95  1507.43  0  0  1507.43  0  1507.43
2.9982e+13  0  999.4  -3870.92  0  0  -3870.92  0  -3870.92  1506.19  0  0  1506.19  0  1506.19
2.9991e+13  0  999.7  -3868.9  0  0  -3868.9  0  -3868.9  1504.96  0  0  1504.96  0  1504.96
3e+13  0  1000  -3866.88  0  0  -3866.88  0  -3866.88  1503.73  0  0  1503.73  0  1503.73
3.0009e+13  0  1000.3  -3864.86  0  0  -3864.86  0  -3864.86  1502.5  0  0  1502.5  0  1502.5
3.0018e+13  0  1000.6  -3862.84  0  0  -3862.84  0  -3862.84  1501.27  0  0  1501.27  0  1501.27
3.0027e+13  0  1000.9  -3860.82  0  0  -3860.82  0  -3860.82  1500.04  0  0  1500.04  0  1500.04
3.0036e+13  0  1001.2  -3858.8  0  0  -3858.8  0  -3858.8  1498.81  0  0  1498.81  0  1498.81
3.0045e+13  0  1001.5  -3856.79  0  0  -3856.79  0  -3856.79  1497.58  0  0  1497.58  0  1497.58
3.0054e+13  0  1001.8  -3854.78  0  0  -3854.78  0  -3854.78  1496.36  0  0  1496.36  0  1496.36
3.0063e+13  0  1002.1  -3852.76  0  0  -3852.76  0  -3852.76  1495.13  0  0  1495.13  0  1495.13
3.0072e+13  0  1002.4  -3850.75  0  0  -3850.75  0  -3850.75  1493.91  0  0  1493.91  0  1493.91
3.0081e+13  0  1002.7  -3848.75  0  0  -3848.75  0  -3848.75  1492.69  0  0  1492.69  0  1492.69
3.009e+13  0  1003  -3846.74  0  0  -3846.74  0  -3846.74  1491.47  0  0  1491.47  0  1491.47
3.0099e+13  0  1003.3  -3844.73  0  0  -3844.73  0  -3844.73  1490.25  0  0  1490.25  0  1490.25
3.0108e+13  0  1003.6  -3842.73  0  0  -3842.73  0  -3842.73  1489.04  0  0  1489.04  0  1489.04
3.0117e+13  0  1003.9  -3840.73  0  0  -3840.73  0  -3840.73  1487.82  0  0  1487.82  0  1487.82
3.0126e+13  0  1004.2  -3838.73  0  0  -3838.73  0  -3838.73  1486.6  0  0  1486.6  0  1486.6
3.0135e+13  0  1004.5  -3836.73  0  0  -3836.73  0  -3836.73  1485.39  0  0  1485.39  0  1485.39
3.0144e+13  0  1004.8  -3834.73  0  0  -3834.73  0  -3834.73  1484.18  0  0  1484.18  0  1484.18
3.0153e+13  0  1005.1  -3832.73  0  0  -3832.73  0  -3832.73  1482.97  0  0  1482.97  0  1482.97
3.0162e+13  0  1005.4  -3830.74  0  0  -3830.74  0  -3830.74  1481.76  0  0  1481.76  0  1481.76
3.0171e+13  0  1005.7  -3828.74  0  0  -3828.74  0  -3828.74  1480.55  0  0  1480.55  0  1480.55
3.018e+13  0  1006  -3826.75  0  0  -3826.75  0  -3826.75  1479.34  0  0  1479.34  0  1479.34
3.0189e+13  0  1006.3  -3824.76  0  0  -3824.76  0  -3824.76  1478.14  0  0  1478.14  0  1478.14
3.0198e+13  0  1006.6  -3822.77  0  0  -3822.77  0  -3822.77  1476.94  0  0  1476.94  0  1476.94
3.0207e+13  0  1006.9  -3820.78  0  0  -3820.78  0  -3820.78  1475.73  0  0  1475.73  0  1475.73
3.0216e+13  0  1007.2  -3818.79  0  0  -3818.79  0  -3818.79  1474.53  0  0  1474.53  0  1474.53
3.0225e+13  0  1007.5  -3816.81  0  0  -3816.81  0  -3816.81  1473.33  0  0  1473.33  0  1473.33
3.0234e+13  0  1007.8  -3814.83  0  0  -3814.83  0  -3814.83  1472.13  0  0  1472.13  0  1472.13
3.0243e+13  0  1008.1  -3812.84  0  0  -3812.84  0  -3812.84  1470.93  0  0  1470.93  0  1470.93
3.0252e+13  0  1008.4  -3810.86  0  0  -3810.86  0  -3810.86  1469.74  0  0  1469.74  0  1469.74
3.0261e+13  0  1008.7  -3808.88  0  0  -3808.88  0  -3808.88  1468.54  0  0  1468.54  0  1468.54
3.027e+13  0  1009  -3806.91  0  0  -3806.91  0  -3806.91  1467.35  0  0  1467.35  0  1467.35
3.0279e+13  0  1009.3  -3804.93  0  0  -3804.93  0  -3804.93  1466.15  0  0  1466.15  0  1466.15
3.0288e+13  0  1009.6  -3802.96  0  0  -3802.96  0  -3802.96  1464.96  0  0  1464.96  0  1464.96
3.0297e+13  0  1009.9  -3800.98  0  0  -3800.98  0  -3800.98  1463.77  0  0  1463.77  0  1463.77
3.0306e+13  0  1010.2  -3799.01  0  0  -3799.01  0  -3799.01  1462.58  0  0  1462.58  0  1462.58
3.0315e+13  0  1010.5  -3797.04  0  0  -3797.04  0  -3797.04  1461.4  0  0  1461.4  0  1461.4
3.0324e+13  0  1010.8  -3795.07  0  0  -3795.07  0  -3795.07  1460.21  0  0  1460.21  0  1460.21
3.0333e+13  0  1011.1  -3793.11  0  0  -3793.11  0  -3793.11  1459.02  0  0  1459.02  0  1459.02
3.0342e+13  0  1011.4  -3791.14  0  0  -3791.14  0  -3791.14  1457.84  0  0  1457.84  0  1457.84
3.0351e+13  0  1011.7  -3789.17  0  0  -3789.17  0  -3789.17  1456.66  0  0  1456.66  0  1456.66
3.036e+13  0  1012  -3787.21  0  0  -3787.21  0  -3787.21  1455.48  0  0  1455.48  0  1455.48
3.0369e+13  0  1012.3  -3785.25  0  0  -3785.25  0  -3785.25  1454.3  0  0  1454.3  0  1454.3
3.0378e+13  0  1012.6  -3783.29  0  0  -3783.29  0  -3783.29  1453.12  0  0  1453.12  0  1453.12
3.0387e+13  0  1012.9  -3781.33  0  0  -3781.33  0  -3781.33  1451.94  0  0  1451.94  0  1451.94
3.0396e+13  0  1013.2  -3779.37  0  0  -3779.37  0  -3779.37  1450.76  0  0  1450.76  0  1450.76
3.0405e+13  0  1013.5  -3777.42  0  0  -3777.42  0  -3777.42  1449.59  0  0  1449.59  0  1449.59
3.0414e+13  0  1013.8  -3775.46  0  0  -3775.46  0  -3775.46  1448.42  0  0  1448.42  0  1448.42
3.0423e+13  0  1014.1  -3773.51  0  0  -3773.51  0  -3773.51  1447.24  0  0  1447.24  0  1447.24
3.0432e+13  0  1014.4  -3771.56  0  0  -3771.56  0  -3771.56  1446.07  0  0  1446.07  0  1446.07
3.0441e+13  0  1014.7  -3769.61  0  0  -3769.61  0  -3769.61  1444.9  0  0  1444.9  0  1444.9
3.045e+13  0  1015  -3767.66  0  0  -3767.66  0  -3767.66  1443.73  0  0  1443.73  0  1443.73
3.0459e+13  0  1015.3  -3765.71  0  0  -3765.71  0  -3765.71  1442.56  0  0  1442.56  0  1442.56
3.0468e+13  0  1015.6  -3763.77  0  0  -3763.77  0  -3763.77  1441.4  0  0  1441.4  0  1441.4
3.0477e+13  0  1015.9  -3761.82  0  0  -3761.82  0  -3761.82  1440.23  0  0  1440.23  0  1440.23
3.0486e+13  0  1016.2  -3759.88  0  0  -3759.88  0  -3759.88  1439.07  0  0  1439.07  0  1439.07
3.0495e+13  0  1016.5  -3757.94  0  0  -3757.94  0  -3757.94  1437.91  0  0  1437.91  0  1437.91
3.0504e+13  0  1016.8  -3756  0  0  -3756  0  -3756  1436.74  0  0  1436.74  0  1436.74
3.0513e+13  0  1017.1  -3754.06  0  0  -3754.06  0  -3754.06  1435.58  0  0  1435.58  0  1435.58
3.0522e+13  0  1017.4  -3752.12  0  0  -3752.12  0  -3752.12  1434.43  0  0  1434.43  0  1434.43
3.0531e+13  0  1017.7  -3750.19  0  0  -3750.19  0  -3750.19  1433.27  0  0  1433.27  0  1433.27
3.054e+13  0  1018  -3748.25  0  0  -3748.25  0  -3748.25  1432.11  0  0  1432.11  0  1432.11
3.0549e+13  0  1018.3  -3746.32  0  0  -3746.32  0  -3746.32  1430.96  0  0  1430.96  0  1430.96
3.0558e+13  0  1018.6  -3744.39  0  0  -3744.39  0  -3744.39  1429.8  0  0  1429.8  0  1429.8
3.0567e+13  0  1018.9  -3742.46  0  0  -3742.46  0  -3742.46  1428.65  0  0  1428.65  0  1428.65
3.0576e+13  0  1019.2  -3740.53  0  0  -3740.53  0  -3740.53  1427.5  0  0  1427.5  0  1427.5
3.0585e+13  0  1019.5  -3738.6  0  0  -3738.6  0  -3738.6  1426.35  0  0  1426.35  0  1426.35
3.0594e+13  0  1019.8  -3736.68  0  0  -3736.68  0  -3736.68  1425.2  0  0  1425.2  0  1425.2
3.0603e+13  0  1020.1  -3734.75  0  0  -3734.75  0  -3734.75  1424.05  0  0  1424.05  0  1424.05
3.0612e+13  0  1020.4  -3732.83  0  0  -3732.83  0  -3732.83  1422.9  0  0  1422.9  0  1422.9
3.0621e+13  0  1020.7  -3730.91  0  0  -3730.91  0  -3730.91  1421.76  0  0  1421.76  0  1421.76
3.063e+13  0  1021  -3728.99  0  0  -3728.99  0  -3728.99  1420.61  0  0  1420.61  0  1420.61
3.0639e+13  0  1021.3  -3727.07  0  0  -3727.07  0  -3727.07  1419.47  0  0  1419.47  0  1419.47
3.0648e+13  0  1021.6  -3725.15  0  0  -3725.15  0  -3725.15  1418.33  0  0  1418.33  0  1418.33
3.0657e+13  0  1021.9  -3723.24  0  0  -3723.24  0  -3723.24  1417.19  0  0  1417.19  0  1417.19
3.0666e+13  0  1022.2  -3721.32  0  0  -3721.32  0  -3721.32  1416.05  0  0  1416.05  0  1416.05
3.0675e+13  0  1022.5  -3719.41  0  0  -3719.41  0  -3719.41  1414.91  0  0  1414.91  0  1414.91
3.0684e+13  0  1022.8  -3717.5  0  0  -3717.5  0  -3717.5  1413.77  0  0  1413.77  0  1413.77
3.0693e+13  0  1023.1  -3715.59  0  0  -3715.59  0  -3715.59  1412.63  0  0  1412.63  0  1412.63
3.0702e+13  0  1023.4  -3713.68  0  0  -3713.68  0  -3713.68  1411.5  0  0  1411.5  0  1411.5
3.0711e+13  0  1023.7  -3711.77  0  0  -3711.77  0  -3711.77  1410.37  0  0  1410.37  0  1410.37
3.072e+13  0  1024  -3709.86  0  0  -3709.86  0  -3709.86  1409.23  0  0  1409.23  0  1409.23
3.0729e+13  0  1024.3  -3707.96  0  0  -3707.96  0  -3707.96  1408.1  0  0  1408.1  0  1408.1
3.0738e+13  0  1024.6  -3706.06  0  0  -3706.06  0  -3706.06  1406.97  0  0  1406.97  0  1406.97
3.0747e+13  0  1024.9  -3704.15  0  0  -3704.15  0  -3704.15  1405.84  0  0  1405.84  0  1405.84
3.0756e+13  0  1025.2  -3702.25  0  0  -3702.25  0  -3702.25  1404.72  0  0  1404.72  0  1404.72
3.0765e+13  0  1025.5  -3700.36  0  0  -3700.36  0  -3700.36  1403.59  0  0  1403.59  0  1403.59
3.0774e+13  0  1025.8  -3698.46  0  0  -3698.46  0  -3698.46  1402.46  0  0  1402.46  0  1402.46
3.0783e+13  0  1026.1  -3696.56  0  0  -3696.56  0  -3696.56  1401.34  0  0  1401.34  0  1401.34
3.0792e+13  0  1026.4  -3694.67  0  0  -3694.67  0  -3694.67  1400.22  0  0  1400.22  0  1400.22
3.0801e+13  0  1026.7  -3692.77  0  0  -3692.77  0  -3692.77  1399.1  0  0  1399.1  0  1399.1
3.081e+13  0  1027  -3690.88  0  0  -3690.88  0  -3690.88  1397.97  0  0  1397.97  0  1397.97
3.0819e+13  0  1027.3  -3688.99  0  0  -3688.99  0  -3688.99  1396.86  0  0  1396.86  0  1396.86
3.0828e+13  0  1027.6  -3687.1  0  0  -3687.1  0  -3687.1  1395.74  0  0  1395.74  0  1395.74
3.0837e+13  0  1027.9  -3685.21  0  0  -3685.21  0  -3685.21  1394.62  0  0  1394.62  0  1394.62
3.0846e+13  0  1028.2  -3683.33  0  0  -3683.33  0  -3683.33  1393.5  0  0  1393.5  0  1393.5
3.0855e+13  0  1028.5  -3681.44  0  0  -3681.44  0  -3681.44  1392.39  0  0  1392.39  0  1392.39
3.0864e+13  0  1028.8  -3679.56  0  0  -3679.56  0  -3679.56  1391.28  0  0  1391.28  0  1391.28
3.0873e+13  0  1029.1  -3677.67  0  0  -3677.67  0  -3677.67  1390.16  0  0  1390.16  0  1390.16
3.0882e+13  0  1029.4  -3675.79  0  0  -3675.79  0  -3675.79  1389.05  0  0  1389.05  0  1389.05
3.0891e+13  0  1029.7  -3673.91  0  0  -3673.91  0  -3673.91  1387.94  0  0  1387.94  0  1387.94
3.09e+13  0  1030  -3672.03  0  0  -3672.03  0  -3672.03  1386.83  0  0  1386.83  0  1386.83
3.0909e+13  0  1030.3  -3670.16  0  0  -3670.16  0  -3670.16  1385.73  0  0  1385.73  0  1385.73
3.0918e+13  0  1030.6  -3668.28  0  0  -3668.28  0  -3668.28  1384.62  0  0  1384.62  0  1384.62
3.0927e+13  0  1030.9  -3666.41  0  0  -3666.41  0  -3666.41  1383.51  0  0  1383.51  0  1383.51
3.0936e+13  0  1031.2  -3664.53  0  0  -3664.53  0  -3664.53  1382.41  0  0  1382.41  0  1382.41
3.0945e+13  0  1031.5  -3662.66  0  0  -3662.66  0  -3662.66  1381.31  0  0  1381.31  0  1381.31
3.0954e+13  0  1031.8  -3660.79  0  0  -3660.79  0  -3660.79  1380.2  0  0  1380.2  0  1380.2
3.0963e+13  0  1032.1  -3658.92  0  0  -3658.92  0  -3658.92  1379.1  0  0  1379.1  0  1379.1
3.0972e+13  0  1032.4  -3657.06  0  0  -3657.06  0  -3657.06  1378  0  0  1378  0  1378
3.0981e+13  0  1032.7  -3655.19  0  0  -3655.19  0  -3655.19  1376.9  0  0  1376.9  0  1376.9
3.099e+13  0  1033  -3653.33  0  0  -3653.33  0  -3653.33  1375.81  0  0  1375.81  0  1375.81
3.0999e+13  0  1033.3  -3651.46  0  0  -3651.46  0  -3651.46  1374.71  0  0  1374.71  0  1374.71
3.1008e+13  0  1033.6  -3649.6  0  0  -3649.6  0  -3649.6  1373.62  0  0  1373.62  0  1373.62
3.1017e+13  0  1033.9  -3647.74  0  0  -3647.74  0  -3647.74  1372.52  0  0  1372.52  0  1372.52
3.1026e+13  0  1034.2  -3645.88  0  0  -3645.88  0  -3645.88  1371.43  0  0  1371.43  0  1371.43
3.1035e+13  0  1034.5  -3644.02  0  0  -3644.02  0  -3644.02  1370.34  0  0  1370.34  0  1370.34
3.1044e+13  0  1034.8  -3642.17  0  0  -3642.17  0  -3642.17  1369.25  0  0  1369.25  0  1369.25
3.1053e+13  0  1035.1  -3640.31  0  0  -3640.31  0  -3640.31  1368.16  0  0  1368.16  0  1368.16
3.1062e+13  0  1035.4  -3638.46  0  0  -3638.46  0  -3638.46  1367.07  0  0  1367.07  0  1367.07
3.1071e+13  0  1035.7  -3636.6  0  0  -3636.6  0  -3636.6  1365.98  0  0  1365.98  0  1365.98
3.108e+13  0  1036  -3634.75  0  0  -3634.75  0  -3634.75  1364.9  0  0  1364.9  0  1364.9
3.1089e+13  0  1036.3  -3632.9  0  0  -3632.9  0  -3632.9  1363.81  0  0  1363.81  0  1363.81
3.1098e+13  0  1036.6  -3631.05  0  0  -3631.05  0  -3631.05  1362.73  0  0  1362.73  0  1362.73
3.1107e+13  0  1036.9  -3629.21  0  0  -3629.21  0  -3629.21  1361.64  0  0  1361.64  0  1361.64
3.1116e+13  0  1037.2  -3627.36  0  0  -3627.36  0  -3627.36  1360.56  0  0  1360.56  0  1360.56
3.1125e+13  0  1037.5  -3625.52  0  0  -3625.52  0  -3625.52  1359.48  0  0  1359.48  0  1359.48
3.1134e+13  0  1037.8  -3623.67  0  0  -3623.67  0  -3623.67  1358.4  0  0  1358.4  0  1358.4
3.1143e+13  0  1038.1  -3621.83  0  0  -3621.83  0  -3621.83  1357.33  0  0  1357.33  0  1357.33
3.1152e+13  0  1038.4  -3619.99  0  0  -3619.99  0  -3619.99  1356.25  0  0  1356.25  0  1356.25
3.1161e+13  0  1038.7  -3618.15  0  0  -3618.15  0  -3618.15  1355.17  0  0  1355.17  0  1355.17
3.117e+13  0  1039  -3616.31  0  0  -3616.31  0  -3616.31  1354.1  0  0  1354.1  0  1354.1
3.1179e+13  0  1039.3  -3614.48  0  0  -3614.48  0  -3614.48  1353.02  0  0  1353.02  0  1353.02
3.1188e+13  0  1039.6  -3612.64  0  0  -3612.64  0  -3612.64  1351.95  0  0  1351.95  0  1351.95
3.1197e+13  0  1039.9  -3610.81  0  0  -3610.81  0  -3610.81  1350.88  0  0  1350.88  0  1350.88
3.1206e+13  0  1040.2  -3608.98  0  0  -3608.98  0  -3608.98  1349.81  0  0  1349.81  0  1349.81
3.1215e+13  0  1040.5  -3607.14  0  0  -3607.14  0  -3607.14  1348.74  0  0  1348.74  0  1348.74
3.1224e+13  0  1040.8  -3605.31  0  0  -3605.31  0  -3605.31  1347.67  0  0  1347.67  0  1347.67
3.1233e+13  0  1041.1  -3603.49  0  0  -3603.49  0  -3603.49  1346.61  0  0  1346.61  0  1346.61
3.1242e+13  0  1041.4  -3601.66  0  0  -3601.66  0  -3601.66  1345.54  0  0  1345.54  0  1345.54
3.1251e+13  0  1041.7  -3599.83  0  0  -3599.83  0  -3599.83  1344.48  0  0  1344.48  0  1344.48
3.126e+13  0  1042  -3598.01  0  0  -3598.01  0  -3598.01  1343.41  0  0  1343.41  0  1343.41
3.1269e+13  0  1042.3  -3596.19  0  0  -3596.19  0  -3596.19  1342.35  0  0  1342.35  0  1342.35
3.1278e+13  0  1042.6  -3594.36  0  0  -3594.36  0  -3594.36  1341.29  0  0  1341.29  0  1341.29
3.1287e+13  0  1042.9  -3592.54  0  0  -3592.54  0  -3592.54  1340.23  0  0  1340.23  0  1340.23
3.1296e+13  0  1043.2  -3590.72  0  0  -3590.72  0  -3590.72  1339.17  0  0  1339.17  0  1339.17
3.1305e+13  0  1043.5  -3588.91  0  0  -3588.91  0  -3588.91  1338.11  0  0  1338.11  0  1338.11
3.1314e+13  0  1043.8  -3587.09  0  0  -3587.09  0  -3587.09  1337.05  0  0  1337.05  0  1337.05
3.1323e+13  0  1044.1  -3585.27  0  0  -3585.27  0  -3585.27  1336  0  0  1336  0  1336
3.1332e+13  0  1044.4  -3583.46  0  0  -3583.46  0  -3583.46  1334.94  0  0  1334.94  0  1334.94
3.1341e+13  0  1044.7  -3581.65  0  0  -3581.65  0  -3581.65  1333.89  0  0  1333.89  0  1333.89
3.135e+13  0  1045  -3579.84  0  0  -3579.84  0  -3579.84  1332.84  0  0  1332.84  0  1332.84
3.1359e+13  0  1045.3  -3578.03  0  0  -3578.03  0  -3578.03  1331.78  0  0  1331.78  0  1331.78
3.1368e+13  0  1045.6  -3576.22  0  0  -3576.22  0  -3576.22  1330.73  0  0  1330.73  0  1330.73
3.1377e+13  0  1045.9  -3574.41  0  0  -3574.41  0  -3574.41  1329.68  0  0  1329.68  0  1329.68
3.1386e+13  0  1046.2  -3572.6  0  0  -3572.6  0  -3572.6  1328.64  0  0  1328.64  0  1328.64
3.1395e+13  0  1046.5  -3570.8  0  0  -3570.8  0  -3570.8  1327.59  0  0  1327.59  0  1327.59
3.1404e+13  0  1046.8  -3568.99  0  0  -3568.99  0  -3568.99  1326.54  0  0  1326.54  0  1326.54
3.1413e+13  0  1047.1  -3567.19  0  0  -3567.19  0  -3567.19  1325.5  0  0  1325.5  0  1325.5
3.1422e+13  0  1047.4  -3565.39  0  0  -3565.39  0  -3565.39  1324.45  0  0  1324.45  0  1324.45
3.1431e+13  0  1047.7  -3563.59  0  0  -3563.59  0  -3563.59  1323.41  0  0  1323.41  0  1323.41
3.144e+13  0  1048  -3561.79  0  0  -3561.79  0  -3561.79  1322.37  0  0  1322.37  0  1322.37
3.1449e+13  0  1048.3  -3560  0  0  -3560  0  -3560  1321.33  0  0  1321.33  0  1321.33
3.1458e+13  0  1048.6  -3558.2  0  0  -3558.2  0  -3558.2  1320.29  0  0  1320.29  0  1320.29
3.1467e+13  0  1048.9  -3556.41  0  0  -3556.41  0  -3556.41  1319.25  0  0  1319.25  0  1319.25
3.1476e+13  0  1049.2  -3554.61  0  0  -3554.61  0  -3554.61  1318.21  0  0  1318.21  0  1318.21
3.1485e+13  0  1049.5  -3552.82  0  0  -3552.82  0  -3552.82  1317.18  0  0  1317.18  0  1317.18
3.1494e+13  0  1049.8  -3551.03  0  0  -3551.03  0  -3551.03  1316.14  0  0  1316.14  0  1316.14
3.1503e+13  0  1050.1  -3549.24  0  0  -3549.24  0  -3549.24  1315.11  0  0  1315.11  0  1315.11
3.1512e+13  0  1050.4  -3547.45  0  0  -3547.45  0  -3547.45  1314.07  0  0  1314.07  0  1314.07
3.1521e+13  0  1050.7  -3545.67  0  0  -3545.67  0  -3545.67  1313.04  0  0  1313.04  0  1313.04
3.153e+13  0  1051  -3543.88  0  0  -3543.88  0  -3543.88  1312.01  0  0  1312.01  0  1312.01
3.1539e+13  0  1051.3  -3542.1  0  0  -3542.1  0  -3542.1  1310.98  0  0  1310.98  0  1310.98
3.1548e+13  0  1051.6  -3540.31  0  0  -3540.31  0  -3540.31  1309.95  0  0  1309.95  0  1309.95
3.1557e+13  0  1051.9  -3538.53  0  0  -3538.53  0  -3538.53  1308.92  0  0  1308.92  0  1308.92
3.1566e+13  0  1052.2  -3536.75  0  0  -3536.75  0  -3536.75  1307.9  0  0  1307.9  0  1307.9
3.1575e+13  0  1052.5  -3534.97  0  0  -3534.97  0  -3534.97  1306.87  0  0  1306.87  0  1306.87
3.1584e+13  0  1052.8  -3533.2  0  0  -3533.2  0  -3533.2  1305.84  0  0  1305.84  0  1305.84
3.1593e+13  0  1053.1  -3531.42  0  0  -3531.42  0  -3531.42  1304.82  0  0  1304.82  0  1304.82
3.1602e+13  0  1053.4  -3529.64  0  0  -3529.64  0  -3529.64  1303.8  0  0  1303.8  0  1303.8
3.1611e+13  0  1053.7  -3527.87  0  0  -3527.87  0  -3527.87  1302.78  0  0  1302.78  0  1302.78
3.162e+13  0  1054  -3526.1  0  0  -3526.1  0  -3526.1  1301.76  0  0  1301.76  0  1301.76
3.1629e+13  0  1054.3  -3524.33  0  0  -3524.33  0  -3524.33  1300.74  0  0  1300.74  0  1300.74
3.1638e+13  0  1054.6  -3522.56  0  0  -3522.56  0  -3522.56  1299.72  0  0  1299.72  0  1299.72
3.1647e+13  0  1054.9  -3520.79  0  0  -3520.79  0  -3520.79  1298.7  0  0  1298.7  0  1298.7
3.1656e+13  0  1055.2  -3519.02  0  0  -3519.02  0  -3519.02  1297.68  0  0  1297.68  0  1297.68
3.1665e+13  0  1055.5  -3517.25  0  0  -3517.25  0  -3517.25  1296.67  0  0  1296.67  0  1296.67
3.1674e+13  0  1055.8  -3515.49  0  0  -3515.49  0  -3515.49  1295.65  0  0  1295.65  0  1295.65
3.1683e+13  0  1056.1  -3513.72  0  0  -3513.72  0  -3513.72  1294.64  0  0  1294.64  0  1294.64
3.1692e+13  0  1056.4  -3511.96  0  0  -3511.96  0  -3511.96  1293.63  0  0  1293.63  0  1293.63
3.1701e+13  0  1056.7  -3510.2  0  0  -3510.2  0  -3510.2  1292.62  0  0  1292.62  0  1292.62
3.171e+13  0  1057  -3508.44  0  0  -3508.44  0  -3508.44  1291.61  0  0  1291.61  0  1291.61
3.1719e+13  0  1057.3  -3506.68  0  0  -3506.68  0  -3506.68  1290.6  0  0  1290.6  0  1290.6
3.1728e+13  0  1057.6  -3504.92  0  0  -3504.92  0  -3504.92  1289.59  0  0  1289.59  0  1289.59
3.1737e+13  0  1057.9  -3503.17  0  0  -3503.17  0  -3503.17  1288.58  0  0  1288.58  0  1288.58
3.1746e+13  0  1058.2  -3501.41  0  0  -3501.41  0  -3501.41  1287.58  0  0  1287.58  0  1287.58
3.1755e+13  0  1058.5  -3499.66  0  0  -3499.66  0  -3499.66  1286.57  0  0  1286.57  0  1286.57
3.1764e+13  0  1058.8  -3497.91  0  0  -3497.91  0  -3497.91  1285.57  0  0  1285.57  0  1285.57
3.1773e+13  0  1059.1  -3496.16  0  0  -3496.16  0  -3496.16  1284.57  0  0  1284.57  0  1284.57
3.1782e+13  0  1059.4  -3494.41  0  0  -3494.41  0  -3494.41  1283.56  0  0  1283.56  0  1283.56
3.1791e+13  0  1059.7  -3492.66  0  0  -3492.66  0  -3492.66  1282.56  0  0  1282.56  0  1282.56
3.18e+13  0  1060  -3490.91  0  0  -3490.91  0  -3490.91  1281.56  0  0  1281.56  0  1281.56
3.1809e+13  0  1060.3  -3489.16  0  0  -3489.16  0  -3489.16  1280.56  0  0  1280.56  0  1280.56
3.1818e+13  0  1060.6  -3487.42  0  0  -3487.42  0  -3487.42  1279.57  0  0  1279.57  0  1279.57
3.1827e+13  0  1060.9  -3485.68  0  0  -3485.68  0  -3485.68  1278.57  0  0  1278.57  0  1278.57
3.1836e+13  0  1061.2  -3483.93  0  0  -3483.93  0  -3483.93  1277.57  0  0  1277.57  0  1277.57
3.1845e+13  0  1061.5  -3482.19  0  0  -3482.19  0  -3482.19  1276.58  0  0  1276.58  0  1276.58
3.1854e+13  0  1061.8  -3480.45  0  0  -3480.45  0  -3480.45  1275.58  0  0  1275.58  0  1275.58
3.1863e+13  0  1062.1  -3478.71  0  0  -3478.71  0  -3478.71  1274.59  0  0  1274.59  0  1274.59
3.1872e+13  0  1062.4  -3476.98  0  0  -3476.98  0  -3476.98  1273.6  0  0  1273.6  0  1273.6
3.1881e+13  0  1062.7  -3475.24  0  0  -3475.24  0  -3475.24  1272.61  0  0  1272.61  0  1272.61
3.189e+13  0  1063  -3473.51  0  0  -3473.51  0  -3473.51  1271.62  0  0  1271.62  0  1271.62
3.1899e+13  0  1063.3  -3471.77  0  0  -3471.77  0  -3471.77  1270.63  0  0  1270.63  0  1270.63
3.1908e+13  0  1063.6  -3470.04  0  0  -3470.04  0  -3470.04  1269.64  0  0  1269.64  0  1269.64
3.1917e+13  0  1063.9  -3468.31  0  0  -3468.31  0  -3468.31  1268.66  0  0  1268.66  0  1268.66
3.1926e+13  0  1064.2  -3466.58  0  0  -3466.58  0  -3466.58  1267.67  0  0  1267.67  0  1267.67
3.1935e+13  0  1064.5  -3464.85  0  0  -3464.85  0  -3464.85  1266.69  0  0  1266.69  0  1266.69
3.1944e+13  0  1064.8  -3463.12  0  0  -3463.12  0  -3463.12  1265.7  0  0  1265.7  0  1265.7
3.1953e+13  0  1065.1  -3461.4  0  0  -3461.4  0  -3461.4  1264.72  0  0  1264.72  0  1264.72
3.1962e+13  0  1065.4  -3459.67  0  0  -3459.67  0  -3459.67  1263.74  0  0  1263.74  0  1263.74
3.1971e+13  0  1065.7  -3457.95  0  0  -3457.95  0  -3457.95  1262.76  0  0  1262.76  0  1262.76
3.198e+13  0  1066  -3456.22  0  0  -3456.22  0  -3456.22  1261.78  0  0  1261.78  0  1261.78
3.1989e+13  0  1066.3  -3454.5  0  0  -3454.5  0  -3454.5  1260.8  0  0  1260.8  0  1260.8
3.1998e+13  0  1066.6  -3452.78  0  0  -3452.78  0  -3452.78  1259.82  0  0  1259.82  0  1259.82
3.2007e+13  0  1066.9  -3451.06  0  0  -3451.06  0  -3451.06  1258.85  0  0  1258.85  0  1258.85
3.2016e+13  0  1067.2  -3449.35  0  0  -3449.35  0  -3449.35  1257.87  0  0  1257.87  0  1257.87
3.2025e+13  0  1067.5  -3447.63  0  0  -3447.63  0  -3447.63  1256.89  0  0  1256.89  0  1256.89
3.2034e+13  0  1067.8  -3445.91  0  0  -3445.91  0  -3445.91  1255.92  0  0  1255.92  0  1255.92
3.2043e+13  0  1068.1  -3444.2  0  0  -3444.2  0  -3444.2  1254.95  0  0  1254.95  0  1254.95
3.2052e+13  0  1068.4  -3442.49  0  0  -3442.49  0  -3442.49  1253.98  0  0  1253.98  0  1253.98
3.2061e+13  0  1068.7  -3440.78  0  0  -3440.78  0  -3440.78  1253.01  0  0  1253.01  0  1253.01
3.207e+13  0  1069  -3439.07  0  0  -3439.07  0  -3439.07  1252.04  0  0  1252.04  0  1252.04
3.2079e+13  0  1069.3  -3437.36  0  0  -3437.36  0  -3437.36  1251.07  0  0  1251.07  0  1251.07
3.2088e+13  0  1069.6  -3435.65  0  0  -3435.65  0  -3435.65  1250.1  0  0  1250.1  0  1250.1
3.2097e+13  0  1069.9  -3433.94  0  0  -3433.94  0  -3433.94  1249.13  0  0  1249.13  0  1249.13
3.2106e+13  0  1070.2  -3432.24  0  0  -3432.24  0  -3432.24  1248.17  0  0  1248.17  0  1248.17
3.2115e+13  0  1070.5  -3430.53  0  0  -3430.53  0  -3430.53  1247.2  0  0  1247.2  0  1247.2
3.2124e+13  0  1070.8  -3428.83  0  0  -3428.83  0  -3428.83  1246.24  0  0  1246.24  0  1246.24
3.2133e+13  0  1071.1  -3427.13  0  0  -3427.13  0  -3427.13  1245.28  0  0  1245.28  0  1245.28
3.2142e+13  0  1071.4  -3425.43  0  0  -3425.43  0  -3425.43  1244.31  0  0  1244.31  0  1244.31
3.2151e+13  0  1071.7  -3423.73  0  0  -3423.73  0  -3423.73  1243.35  0  0  1243.35  0  1243.35
3.216e+13  0  1072  -3422.03  0  0  -3422.03  0  -3422.03  1242.39  0  0  1242.39  0  1242.39
3.2169e+13  0  1072.3  -3420.33  0  0  -3420.33  0  -3420.33  1241.43  0  0  1241.43  0  1241.43
3.2178e+13  0  1072.6  -3418.64  0  0  -3418.64  0  -3418.64  1240.48  0  0  1240.48  0  1240.48
3.2187e+13  0  1072.9  -3416.94  0  0  -3416.94  0  -3416.94  1239.52  0  0  1239.52  0  1239.52
3.2196e+13  0  1073.2  -3415.25  0  0  -3415.25  0  -3415.25  1238.56  0  0  1238.56  0  1238.56
3.2205e+13  0  1073.5  -3413.56  0  0  -3413.56  0  -3413.56  1237.61  0  0  1237.61  0  1237.61
3.2214e+13  0  1073.8  -3411.87  0  0  -3411.87  0  -3411.87  1236.65  0  0  1236.65  0  1236.65
3.2223e+13  0  1074.1  -3410.18  0  0  -3410.18  0  -3410.18  1235.7  0  0  1235.7  0  1235.7
3.2232e+13  0  1074.4  -3408.49  0  0  -3408.49  0  -3408.49  1234.75  0  0  1234.75  0  1234.75
3.2241e+13  0  1074.7  -3406.8  0  0  -3406.8  0  -3406.8  1233.8  0  0  1233.8  0  1233.8
3.225e+13  0  1075  -3405.11  0  0  -3405.11  0  -3405.11  1232.85  0  0  1232.85  0  1232.85
3.2259e+13  0  1075.3  -3403.43  0  0  -3403.43  0  -3403.43  1231.9  0  0  1231.9  0  1231.9
3.2268e+13  0  1075.6  -3401.75  0  0  -3401.75  0  -3401.75  1230.95  0  0  1230.95  0  1230.95
3.2277e+13  0  1075.9  -3400.06  0  0  -3400.06  0  -3400.06  1230  0  0  1230  0  1230
3.2286e+13  0  1076.2  -3398.38  0  0  -3398.38  0  -3398.38  1229.05  0  0  1229.05  0  1229.05
3.2295e+13  0  1076.5  -3396.7  0  0  -3396.7  0  -3396.7  1228.11  0  0  1228.11  0  1228.11
3.2304e+13  0  1076.8  -3395.02  0  0  -3395.02  0  -3395.02  1227.16  0  0  1227.16  0  1227.16
3.2313e+13  0  1077.1  -3393.34  0  0  -3393.34  0  -3393.34  1226.22  0  0  1226.22  0  1226.22
3.2322e+13  0  1077.4  -3391.67  0  0  -3391.67  0  -3391.67  1225.28  0  0  1225.28  0  1225.28
3.2331e+13  0  1077.7  -3389.99  0  0  -3389.99  0  -3389.99  1224.34  0  0  1224.34  0  1224.34
3.234e+13  0  1078  -3388.32  0  0  -3388.32  0  -3388.32  1223.4  0  0  1223.4  0  1223.4
3.2349e+13  0  1078.3  -3386.64  0  0  -3386.64  0  -3386.64  1222.46  0  0  1222.46  0  1222.46
3.2358e+13  0  1078.6  -3384.97  0  0  -3384.97  0  -3384.97  1221.52  0  0  1221.52  0  1221.52
3.2367e+13  0  1078.9  -3383.3  0  0  -3383.3  0  -3383.3  1220.58  0  0  1220.58  0  1220.58
3.2376e+13  0  1079.2  -3381.63  0  0  -3381.63  0  -3381.63  1219.64  0  0  1219.64  0  1219.64
3.2385e+13  0  1079.5  -3379.96  0  0  -3379.96  0  -3379.96  1218.71  0  0  1218.71  0  1218.71
3.2394e+13  0  1079.8  -3378.3  0  0  -3378.3  0  -3378.3  1217.77  0  0  1217.77  0  1217.77
3.2403e+13  0  1080.1  -3376.63  0  0  -3376.63  0  -3376.63  1216.84  0  0  1216.84  0  1216.84
3.2412e+13  0  1080.4  -3374.97  0  0  -3374.97  0  -3374.97  1215.9  0  0  1215.9  0  1215.9
3.2421e+13  0  1080.7  -3373.3  0  0  -3373.3  0  -3373.3  1214.97  0  0  1214.97  0  1214.97
3.243e+13  0  1081  -3371.64  0  0  -3371.64  0  -3371.64  1214.04  0  0  1214.04  0  1214.04
3.2439e+13  0  1081.3  -3369.98  0  0  -3369.98  0  -3369.98  1213.11  0  0  1213.11  0  1213.11
3.2448e+13  0  1081.6  -3368.32  0  0  -3368.32  0  -3368.32  1212.18  0  0  1212.18  0  1212.18
3.2457e+13  0  1081.9  -3366.66  0  0  -3366.66  0  -3366.66  1211.25  0  0  1211.25  0  1211.25
3.2466e+13  0  1082.2  -3365  0  0  -3365  0  -3365  1210.32  0  0  1210.32  0  1210.32
3.2475e+13  0  1082.5  -3363.35  0  0  -3363.35  0  -3363.35  1209.4  0  0  1209.4  0  1209.4
3.2484e+13  0  1082.8  -3361.69  0  0  -3361.69  0  -3361.69  1208.47  0  0  1208.47  0  1208.47
3.2493e+13  0  1083.1  -3360.04  0  0  -3360.04  0  -3360.04  1207.55  0  0  1207.55  0  1207.55
3.2502e+13  0  1083.4  -3358.38  0  0  -3358.38  0  -3358.38  1206.62  0  0  1206.62  0  1206.62
3.2511e+13  0  1083.7  -3356.73  0  0  -3356.73  0  -3356.73  1205.7  0  0  1205.7  0  1205.7
3.252e+13  0  1084  -3355.08  0  0  -3355.08  0  -3355.08  1204.78  0  0  1204.78  0  1204.78
3.2529e+13  0  1084.3  -3353.43  0  0  -3353.43  0  -3353.43  1203.86  0  0  1203.86  0  1203.86
3.2538e+13  0  1084.6  -3351.78  0  0  -3351.78  0  -3351.78  1202.94  0  0  1202.94  0  1202.94
3.2547e+13  0  1084.9  -3350.13  0  0  -3350.13  0  -3350.13  1202.02  0  0  1202.02  0  1202.02
3.2556e+13  0  1085.2  -3348.49  0  0  -3348.49  0  -3348.49  1201.1  0  0  1201.1  0  1201.1
3.2565e+13  0  1085.5  -3346.84  0  0  -3346.84  0  -3346.84  1200.18  0  0  1200.18  0  1200.18
3.2574e+13  0  1085.8  -3345.2  0  0  -3345.2  0  -3345.2  1199.27  0  0  1199.27  0  1199.27
3.2583e+13  0  1086.1  -3343.56  0  0  -3343.56  0  -3343.56  1198.35  0  0  1198.35  0  1198.35
3.2592e+13  0  1086.4  -3341.92  0  0  -3341.92  0  -3341.92  1197.44  0  0  1197.44  0  1197.44
3.2601e+13  0  1086.7  -3340.28  0  0  -3340.28  0  -3340.28  1196.52  0  0  1196.52  0  1196.52
3.261e+13  0  1087  -3338.64  0  0  -3338.64  0  -3338.64  1195.61  0  0  1195.61  0  1195.61
3.2619e+13  0  1087.3  -3337  0  0  -3337  0  -3337  1194.7  0  0  1194.7  0  1194.7
3.2628e+13  0  1087.6  -3335.36  0  0  -3335.36  0  -3335.36  1193.79  0  0  1193.79  0  1193.79
3.2637e+13  0  1087.9  -3333.73  0  0  -3333.73  0  -3333.73  1192.88  0  0  1192.88  0  1192.88
3.2646e+13  0  1088.2  -3332.09  0  0  -3332.09  0  -3332.09  1191.97  0  0  1191.97  0  1191.97
3.2655e+13  0  1088.5  -3330.46  0  0  -3330.46  0  -3330.46  1191.06  0  0  1191.06  0  1191.06
3.2664e+13  0  1088.8  -3328.83  0  0  -3328.83  0  -3328.83  1190.15  0  0  1190.15  0  1190.15
3.2673e+13  0  1089.1  -3327.19  0  0  -3327.19  0  -3327.19  1189.25  0  0  1189.25  0  1189.25
3.2682e+13  0  1089.4  -3325.56  0  0  -3325.56  0  -3325.56  1188.34  0  0  1188.34  0  1188.34
3.2691e+13  0  1089.7  -3323.94  0  0  -3323.94  0  -3323.94  1187.44  0  0  1187.44  0  1187.44
3.27e+13  0  1090  -3322.31  0  0  -3322.31  0  -3322.31  1186.53  0  0  1186.53  0  1186.53
3.2709e+13  0  1090.3  -3320.68  0  0  -3320.68  0  -3320.68  1185.63  0  0  1185.63  0  1185.63
3.2718e+13  0  1090.6  -3319.06  0  0  -3319.06  0  -3319.06  1184.73  0  0  1184.73  0  1184.73
3.2727e+13  0  1090.9  -3317.43  0  0  -3317.43  0  -3317.43  1183.83  0  0  1183.83  0  1183.83
3.2736e+13  0  1091.2  -3315.81  0  0  -3315.81  0  -3315.81  1182.93  0  0  1182.93  0  1182.93
3.2745e+13  0  1091.5  -3314.19  0  0  -3314.19  0  -3314.19  1182.03  0  0  1182.03  0  1182.03
3.2754e+13  0  1091.8  -3312.57  0  0  -3312.57  0  -3312.57  1181.13  0  0  1181.13  0  1181.13
3.2763e+13  0  1092.1  -3310.95  0  0  -3310.95  0  -3310.95  1180.23  0  0  1180.23  0  1180.23
3.2772e+13  0  1092.4  -3309.33  0  0  -3309.33  0  -3309.33  1179.33  0  0  1179.33  0  1179.33
3.2781e+13  0  1092.7  -3307.71  0  0  -3307.71  0  -3307.71  1178.44  0  0  1178.44  0  1178.44
3.279e+13  0  1093  -3306.09  0  0  -3306.09  0  -3306.09  1177.54  0  0  1177.54  0  1177.54
3.2799e+13  0  1093.3  -3304.48  0  0  -3304.48  0  -3304.48  1176.65  0  0  1176.65  0  1176.65
3.2808e+13  0  1093.6  -3302.86  0  0  -3302.86  0  -3302.86  1175.76  0  0  1175.76  0  1175.76
3.2817e+13  0  1093.9  -3301.25  0  0  -3301.25  0  -3301.25  1174.87  0  0  1174.87  0  1174.87
3.2826e+13  0  1094.2  -3299.64  0  0  -3299.64  0  -3299.64  1173.97  0  0  1173.97  0  1173.97
3.2835e+13  0  1094.5  -3298.03  0  0  -3298.03  0  -3298.03  1173.08  0  0  1173.08  0  1173.08
3.2844e+13  0  1094.8  -3296.42  0  0  -3296.42  0  -3296.42  1172.19  0  0  1172.19  0  1172.19
3.2853e+13  0  1095.1  -3294.81  0  0  -3294.81  0  -3294.81  1171.31  0  0  1171.31  0  1171.31
3.2862e+13  0  1095.4  -3293.2  0  0  -3293.2  0  -3293.2  1170.42  0  0  1170.42  0  1170.42
3.2871e+13  0  1095.7  -3291.6  0  0  -3291.6  0  -3291.6  1169.53  0  0  1169.53  0  1169.53
3.288e+13  0  1096  -3289.99  0  0  -3289.99  0  -3289.99  1168.65  0  0  1168.65  0  1168.65
3.2889e+13  0  1096.3  -3288.39  0  0  -3288.39  0  -3288.39  1167.76  0  0  1167.76  0  1167.76
3.2898e+13  0  1096.6  -3286.79  0  0  -3286.79  0  -3286.79  1166.88  0  0  1166.88  0  1166.88
3.2907e+13  0  1096.9  -3285.19  0  0  -3285.19  0  -3285.19  1165.99  0  0  1165.99  0  1165.99
3.2916e+13  0  1097.2  -3283.58  0  0  -3283.58  0  -3283.58  1165.11  0  0  1165.11  0  1165.11
3.2925e+13  0  1097.5  -3281.99  0  0  -3281.99  0  -3281.99  1164.23  0  0  1164.23  0  1164.23
3.2934e+13  0  1097.8  -3280.39  0  0  -3280.39  0  -3280.39  1163.35  0  0  1163.35  0  1163.35
3.2943e+13  0  1098.1  -3278.79  0  0  -3278.79  0  -3278.79  1162.47  0  0  1162.47  0  1162.47
3.2952e+13  0  1098.4  -3277.19  0  0  -3277.19  0  -3277.19  1161.59  0  0  1161.59  0  1161.59
3.2961e+13  0  1098.7  -3275.6  0  0  -3275.6  0  -3275.6  1160.71  0  0  1160.71  0  1160.71
3.297e+13  0  1099  -3274  0  0  -3274  0  -3274  1159.84  0  0  1159.84  0  1159.84
3.2979e+13  0  1099.3  -3272.41  0  0  -3272.41  0  -3272.41  1158.96  0  0  1158.96  0  1158.96
3.2988e+13  0  1099.6  -3270.82  0  0  -3270.82  0  -3270.82  1158.08  0  0  1158.08  0  1158.08
3.2997e+13  0  1099.9  -3269.23  0  0  -3269.23  0  -3269.23  1157.21  0  0  1157.21  0  1157.21
3.3006e+13  0  1100.2  -3267.64  0  0  -3267.64  0  -3267.64  1156.34  0  0  1156.34  0  1156.34
3.3015e+13  0  1100.5  -3266.05  0  0  -3266.05  0  -3266.05  1155.46  0  0  1155.46  0  1155.46
3.3024e+13  0  1100.8  -3264.47  0  0  -3264.47  0  -3264.47  1154.59  0  0  1154.59  0  1154.59
3.3033e+13  0  1101.1  -3262.88  0  0  -3262.88  0  -3262.88  1153.72  0  0  1153.72  0  1153.72
3.3042e+13  0  1101.4  -3261.29  0  0  -3261.29  0  -3261.29  1152.85  0  0  1152.85  0  1152.85
3.3051e+13  0  1101.7  -3259.71  0  0  -3259.71  0  -3259.71  1151.98  0  0  1151.98  0  1151.98
3.306e+13  0  1102  -3258.13  0  0  -3258.13  0  -3258.13  1151.11  0  0  1151.11  0  1151.11
3.3069e+13  0  1102.3  -3256.55  0  0  -3256.55  0  -3256.55  1150.25  0  0  1150.25  0  1150.25
3.3078e+13  0  1102.6  -3254.97  0  0  -3254.97  0  -3254.97  1149.38  0  0  1149.38  0  1149.38
3.3087e+13  0  1102.9  -3253.39  0  0  -3253.39  0  -3253.39  1148.51  0  0  1148.51  0  1148.51
3.3096e+13  0  1103.2  -3251.81  0  0  -3251.81  0  -3251.81  1147.65  0  0  1147.65  0  1147.65
3.3105e+13  0  1103.5  -3250.23  0  0  -3250.23  0  -3250.23  1146.78  0  0  1146.78  0  1146.78
3.3114e+13  0  1103.8  -3248.65  0  0  -3248.65  0  -3248.65  1145.92  0  0  1145.92  0  1145.92
3.3123e+13  0  1104.1  -3247.08  0  0  -3247.08  0  -3247.08  1145.06  0  0  1145.06  0  1145.06
3.3132e+13  0  1104.4  -3245.51  0  0  -3245.51  0  -3245.51  1144.2  0  0  1144.2  0  1144.2
3.3141e+13  0  1104.7  -3243.93  0  0  -3243.93  0  -3243.93  1143.34  0  0  1143.34  0  1143.34
3.315e+13  0  1105  -3242.36  0  0  -3242.36  0  -3242.36  1142.48  0  0  1142.48  0  1142.48
3.3159e+13  0  1105.3  -3240.79  0  0  -3240.79  0  -3240.79  1141.62  0  0  1141.62  0  1141.62
3.3168e+13  0  1105.6  -3239.22  0  0  -3239.22  0  -3239.22  1140.76  0  0  1140.76  0  1140.76
3.3177e+13  0  1105.9  -3237.65  0  0  -3237.65  0  -3237.65  1139.9  0  0  1139.9  0  1139.9
3.3186e+13  0  1106.2  -3236.09  0  0  -3236.09  0  -3236.09  1139.04  0  0  1139.04  0  1139.04
3.3195e+13  0  1106.5  -3234.52  0  0  -3234.52  0  -3234.52  1138.19  0  0  1138.19  0  1138.19
3.3204e+13  0  1106.8  -3232.95  0  0  -3232.95  0  -3232.95  1137.33  0  0  1137.33  0  1137.33
3.3213e+13  0  1107.1  -3231.39  0  0  -3231.39  0  -3231.39  1136.48  0  0  1136.48  0  1136.48
3.3222e+13  0  1107.4  -3229.83  0  0  -3229.83  0  -3229.83  1135.63  0  0  1135.63  0  1135.63
3.3231e+13  0  1107.7  -3228.26  0  0  -3228.26  0  -3228.26  1134.78  0  0  1134.78  0  1134.78
3.324e+13  0  1108  -3226.7  0  0  -3226.7  0  -3226.7  1133.92  0  0  1133.92  0  1133.92
3.3249e+13  0  1108.3  -3225.14  0  0  -3225.14  0  -3225.14  1133.07  0  0  1133.07  0  1133.07
3.3258e+13  0  1108.6  -3223.59  0  0  -3223.59  0  -3223.59  1132.22  0  0  1132.22  0  1132.22
3.3267e+13  0  1108.9  -3222.03  0  0  -3222.03  0  -3222.03  1131.37  0  0  1131.37  0  1131.37
3.3276e+13  0  1109.2  -3220.47  0  0  -3220.47  0  -3220.47  1130.53  0  0  1130.53  0  1130.53
3.3285e+13  0  1109.5  -3218.92  0  0  -3218.92  0  -3218.92  1129.68  0  0  1129.68  0  1129.68
3.3294e+13  0  1109.8  -3217.36  0  0  -3217.36  0  -3217.36  1128.83  0  0  1128.83  0  1128.83
3.3303e+13  0  1110.1  -3215.81  0  0  -3215.81  0  -3215.81  1127.99  0  0  1127.99  0  1127.99
3.3312e+13  0  1110.4  -3214.26  0  0  -3214.26  0  -3214.26  1127.14  0  0  1127.14  0  1127.14
3.3321e+13  0  1110.7  -3212.71  0  0  -3212.71  0  -3212.71  1126.3  0  0  1126.3  0  1126.3
3.333e+13  0  1111  -3211.16  0  0  -3211.16  0  -3211.16  1125.46  0  0  1125.46  0  1125.46
3.3339e+13  0  1111.3  -3209.61  0  0  -3209.61  0  -3209.61  1124.61  0  0  1124.61  0  1124.61
3.3348e+13  0  1111.6  -3208.06  0  0  -3208.06  0  -3208.06  1123.77  0  0  1123.77  0  1123.77
3.3357e+13  0  1111.9  -3206.51  0  0  -3206.51  0  -3206.51  1122.93  0  0  1122.93  0  1122.93
3.3366e+13  0  1112.2  -3204.97  0  0  -3204.97  0  -3204.97  1122.09  0  0  1122.09  0  1122.09
3.3375e+13  0  1112.5  -3203.42  0  0  -3203.42  0  -3203.42  1121.25  0  0  1121.25  0  1121.25
3.3384e+13  0  1112.8  -3201.88  0  0  -3201.88  0  -3201.88  1120.41  0  0  1120.41  0  1120.41
3.3393e+13  0  1113.1  -3200.34  0  0  -3200.34  0  -3200.34  1119.58  0  0  1119.58  0  1119.58
3.3402e+13  0  1113.4  -3198.79  0  0  -3198.79  0  -3198.79  1118.74  0  0  1118.74  0  1118.74
3.3411e+13  0  1113.7  -3197.25  0  0  -3197.25  0  -3197.25  1117.91  0  0  1117.91  0  1117.91
3.342e+13  0  1114  -3195.71  0  0  -3195.71  0  -3195.71  1117.07  0  0  1117.07  0  1117.07
3.3429e+13  0  1114.3  -3194.18  0  0  -3194.18  0  -3194.18  1116.24  0  0  1116.24  0  1116.24
3.3438e+13  0  1114.6  -3192.64  0  0  -3192.64  0  -3192.64  1115.4  0  0  1115.4  0  1115.4
3.3447e+13  0  1114.9  -3191.1  0  0  -3191.1  0  -3191.1  1114.57  0  0  1114.57  0  1114.57
3.3456e+13  0  1115.2  -3189.57  0  0  -3189.57  0  -3189.57  1113.74  0  0  1113.74  0  1113.74
3.3465e+13  0  1115.5  -3188.03  0  0  -3188.03  0  -3188.03  1112.91  0  0  1112.91  0  1112.91
3.3474e+13  0  1115.8  -3186.5  0  0  -3186.5  0  -3186.5  1112.08  0  0  1112.08  0  1112.08
3.3483e+13  0  1116.1  -3184.97  0  0  -3184.97  0  -3184.97  1111.25  0  0  1111.25  0  1111.25
3.3492e+13  0  1116.4  -3183.44  0  0  -3183.44  0  -3183.44  1110.42  0  0  1110.42  0  1110.42
3.3501e+13  0  1116.7  -3181.91  0  0  -3181.91  0  -3181.91  1109.59  0  0  1109.59  0  1109.59
3.351e+13  0  1117  -3180.38  0  0  -3180.38  0  -3180.38  1108.77  0  0  1108.77  0  1108.77
3.3519e+13  0  1117.3  -3178.85  0  0  -3178.85  0  -3178.85  1107.94  0  0  1107.94  0  1107.94
3.3528e+13  0  1117.6  -3177.32  0  0  -3177.32  0  -3177.32  1107.12  0  0  1107.12  0  1107.12
3.3537e+13  0  1117.9  -3175.8  0  0  -3175.8  0  -3175.8  1106.29  0  0  1106.29  0  1106.29
3.3546e+13  0  1118.2  -3174.27  0  0  -3174.27  0  -3174.27  1105.47  0  0  1105.47  0  1105.47
3.3555e+13  0  1118.5  -3172.75  0  0  -3172.75  0  -3172.75  1104.65  0  0  1104.65  0  1104.65
3.3564e+13  0  1118.8  -3171.23  0  0  -3171.23  0  -3171.23  1103.82  0  0  1103.82  0  1103.82
3.3573e+13  0  1119.1  -3169.71  0  0  -3169.71  0  -3169.71  1103  0  0  1103  0  1103
3.3582e+13  0  1119.4  -3168.19  0  0  -3168.19  0  -3168.19  1102.18  0  0  1102.18  0  1102.18
3.3591e+13  0  1119.7  -3166.67  0  0  -3166.67  0  -3166.67  1101.36  0  0  1101.36  0  1101.36
3.36e+13  0  1120  -3165.15  0  0  -3165.15  0  -3165.15  1100.54  0  0  1100.54  0  1100.54
3.3609e+13  0  1120.3  -3163.63  0  0  -3163.63  0  -3163.63  1099.73  0  0  1099.73  0  1099.73
3.3618e+13  0  1120.6  -3162.12  0  0  -3162.12  0  -3162.12  1098.91  0  0  1098.91  0  1098.91
3.3627e+13  0  1120.9  -3160.6  0  0  -3160.6  0  -3160.6  1098.09  0  0  1098.09  0  1098.09
3.3636e+13  0  1121.2  -3159.09  0  0  -3159.09  0  -3159.09  1097.28  0  0  1097.28  0  1097.28
3.3645e+13  0  1121.5  -3157.57  0  0  -3157.57  0  -3157.57  1096.46  0  0  1096.46  0  1096.46
3.3654e+13  0  1121.8  -3156.06  0  0  -3156.06  0  -3156.06  1095.65  0  0  1095.65  0  1095.65
3.3663e+13  0  1122.1  -3154.55  0  0  -3154.55  0  -3154.55  1094.84  0  0  1094.84  0  1094.84
3.3672e+13  0  1122.4  -3153.04  0  0  -3153.04  0  -3153.04  1094.02  0  0  1094.02  0  1094.02
3.3681e+13  0  1122.7  -3151.53  0  0  -3151.53  0  -3151.53  1093.21  0  0  1093.21  0  1093.21
3.369e+13  0  1123  -3150.03  0  0  -3150.03  0  -3150.03  1092.4  0  0  1092.4  0  1092.4
3.3699e+13  0  1123.3  -3148.52  0  0  -3148.52  0  -3148.52  1091.59  0  0  1091.59  0  1091.59
3.3708e+13  0  1123.6  -3147.01  0  0  -3147.01  0  -3147.01  1090.78  0  0  1090.78  0  1090.78
3.3717e+13  0  1123.9  -3145.51  0  0  -3145.51  0  -3145.51  1089.98  0  0  1089.98  0  1089.98
3.3726e+13  0  1124.2  -3144  0  0  -3144  0  -3144  1089.17  0  0  1089.17  0  1089.17
3.3735e+13  0  1124.5  -3142.5  0  0  -3142.5  0  -3142.5  1088.36  0  0  1088.36  0  1088.36
3.3744e+13  0  1124.8  -3141  0  0  -3141  0  -3141  1087.56  0  0  1087.56  0  1087.56
3.3753e+13  0  1125.1  -3139.5  0  0  -3139.5  0  -3139.5  1086.75  0  0  1086.75  0  1086.75
3.3762e+13  0  1125.4  -3138  0  0  -3138  0  -3138  1085.95  0  0  1085.95  0  1085.95
3.3771e+13  0  1125.7  -3136.5  0  0  -3136.5  0  -3136.5  1085.14  0  0  1085.14  0  1085.14
3.378e+13  0  1126  -3135  0  0  -3135  0  -3135  1084.34  0  0  1084.34  0  1084.34
3.3789e+13  0  1126.3  -3133.51  0  0  -3133.51  0  -3133.51  1083.54  0  0  1083.54  0  1083.54
3.3798e+13  0  1126.6  -3132.01  0  0  -3132.01  0  -3132.01  1082.74  0  0  1082.74  0  1082.74
3.3807e+13  0  1126.9  -3130.52  0  0  -3130.52  0  -3130.52  1081.94  0  0  1081.94  0  1081.94
3.3816e+13  0  1127.2  -3129.03  0  0  -3129.03  0  -3129.03  1081.14  0  0  1081.14  0  1081.14
3.3825e+13  0  1127.5  -3127.53  0  0  -3127.53  0  -3127.53  1080.34  0  0  1080.34  0  1080.34
3.3834e+13  0  1127.8  -3126.04  0  0  -3126.04  0  -3126.04  1079.54  0  0  1079.54  0  1079.54
3.3843e+13  0  1128.1  -3124.55  0  0  -3124.55  0  -3124.55  1078.74  0  0  1078.74  0  1078.74
3.3852e+13  0  1128.4  -3123.06  0  0  -3123.06  0  -3123.06  1077.94  0  0  1077.94  0  1077.94
3.3861e+13  0  1128.7  -3121.57  0  0  -3121.57  0  -3121.57  1077.15  0  0  1077.15  0  1077.15
3.387e+13  0  1129  -3120.09  0  0  -3120.09  0  -3120.09  1076.35  0  0  1076.35  0  1076.35
3.3879e+13  0  1129.3  -3118.6  0  0  -3118.6  0  -3118.6  1075.56  0  0  1075.56  0  1075.56
3.3888e+13  0  1129.6  -3117.12  0  0  -3117.12  0  -3117.12  1074.77  0  0  1074.77  0  1074.77
3.3897e+13  0  1129.9  -3115.63  0  0  -3115.63  0  -3115.63  1073.97  0  0  1073.97  0  1073.97
3.3906e+13  0  1130.2  -3114.15  0  0  -3114.15  0  -3114.15  1073.18  0  0  1073.18  0  1073.18
3.3915e+13  0  1130.5  -3112.67  0  0  -3112.67  0  -3112.67  1072.39  0  0  1072.39  0  1072.39
3.3924e+13  0  1130.8  -3111.19  0  0  -3111.19  0  -3111.19  1071.6  0  0  1071.6  0  1071.6
3.3933e+13  0  1131.1  -3109.7  0  0  -3109.7  0  -3109.7  1070.81  0  0  1070.81  0  1070.81
3.3942e+13  0  1131.4  -3108.23  0  0  -3108.23  0  -3108.23  1070.02  0  0  1070.02  0  1070.02
3.3951e+13  0  1131.7  -3106.75  0  0  -3106.75  0  -3106.75  1069.23  0  0  1069.23  0  1069.23
3.396e+13  0  1132  -3105.27  0  0  -3105.27  0  -3105.27  1068.45  0  0  1068.45  0  1068.45
3.3969e+13  0  1132.3  -3103.79  0  0  -3103.79  0  -3103.79  1067.66  0  0  1067.66  0  1067.66
3.3978e+13  0  1132.6  -3102.32  0  0  -3102.32  0  -3102.32  1066.87  0  0  1066.87  0  1066.87
3.3987e+13  0  1132.9  -3100.85  0  0  -3100.85  0  -3100.85  1066.09  0  0  1066.09  0  1066.09
3.3996e+13  0  1133.2  -3099.37  0  0  -3099.37  0  -3099.37  1065.3  0  0  1065.3  0  1065.3
3.4005e+13  0  1133.5  -3097.9  0  0  -3097.9  0  -3097.9  1064.52  0  0  1064.52  0  1064.52
3.4014e+13  0  1133.8  -3096.43  0  0  -3096.43  0  -3096.43  1063.74  0  0  1063.74  0  1063.74
3.4023e+13  0  1134.1  -3094.96  0  0  -3094.96  0  -3094.96  1062.96  0  0  1062.96  0  1062.96
3.4032e+13  0  1134.4  -3093.49  0  0  -3093.49  0  -3093.49  1062.17  0  0  1062.17  0  1062.17
3.4041e+13  0  1134.7  -3092.02  0  0  -3092.02  0  -3092.02  1061.39  0  0  1061.39  0  1061.39
3.405e+13  0  1135  -3090.56  0  0  -3090.56  0  -3090.56  1060.61  0  0  1060.61  0  1060.61
3.4059e+13  0  1135.3  -3089.09  0  0  -3089.09  0  -3089.09  1059.84  0  0  1059.84  0  1059.84
3.4068e+13  0  1135.6  -3087.63  0  0  -3087.63  0  -3087.63  1059.06  0  0  1059.06  0  1059.06
3.4077e+13  0  1135.9  -3086.16  0  0  -3086.16  0  -3086.16  1058.28  0  0  1058.28  0  1058.28
3.4086e+13  0  1136.2  -3084.7  0  0  -3084.7  0  -3084.7  1057.5  0  0  1057.5  0  1057.5
3.4095e+13  0  1136.5  -3083.24  0  0  -3083.24  0  -3083.24  1056.73  0  0  1056.73  0  1056.73
3.4104e+13  0  1136.8  -3081.78  0  0  -3081.78  0  -3081.78  1055.95  0  0  1055.95  0  1055.95
3.4113e+13  0  1137.1  -3080.32  0  0  -3080.32  0  -3080.32  1055.18  0  0  1055.18  0  1055.18
3.4122e+13  0  1137.4  -3078.86  0  0  -3078.86  0  -3078.86  1054.4  0  0  1054.4  0  1054.4
3.4131e+13  0  1137.7  -3077.4  0  0  -3077.4  0  -3077.4  1053.63  0  0  1053.63  0  1053.63
3.414e+13  0  1138  -3075.94  0  0  -3075.94  0  -3075.94  1052.86  0  0  1052.86  0  1052.86
3.4149e+13  0  1138.3  -3074.49  0  0  -3074.49  0  -3074.49  1052.09  0  0  1052.09  0  1052.09
3.4158e+13  0  1138.6  -3073.03  0  0  -3073.03  0  -3073.03  1051.32  0  0  1051.32  0  1051.32
3.4167e+13  0  1138.9  -3071.58  0  0  -3071.58  0  -3071.58  1050.55  0  0  1050.55  0  1050.55
3.4176e+13  0  1139.2  -3070.12  0  0  -3070.12  0  -3070.12  1049.78  0  0  1049.78  0  1049.78
3.4185e+13  0  1139.5  -3068.67  0  0  -3068.67  0  -3068.67  1049.01  0  0  1049.01  0  1049.01
3.4194e+13  0  1139.8  -3067.22  0  0  -3067.22  0  -3067.22  1048.24  0  0  1048.24  0  1048.24
3.4203e+13  0  1140.1  -3065.77  0  0  -3065.77  0  -3065.77  1047.47  0  0  1047.47  0  1047.47
3.4212e+13  0  1140.4  -3064.32  0  0  -3064.32  0  -3064.32  1046.71  0  0  1046.71  0  1046.71
3.4221e+13  0  1140.7  -3062.87  0  0  -3062.87  0  -3062.87  1045.94  0  0  1045.94  0  1045.94
3.423e+13  0  1141  -3061.43  0  0  -3061.43  0  -3061.43  1045.18  0  0  1045.18  0  1045.18
3.4239e+13  0  1141.3  -3059.98  0  0  -3059.98  0  -3059.98  1044.41  0  0  1044.41  0  1044.41
3.4248e+13  0  1141.6  -3058.53  0  0  -3058.53  0  -3058.53  1043.65  0  0  1043.65  0  1043.65
3.4257e+13  0  1141.9  -3057.09  0  0  -3057.09  0  -3057.09  1042.89  0  0  1042.89  0  1042.89
3.4266e+13  0  1142.2  -3055.65  0  0  -3055.65  0  -3055.65  1042.12  0  0  1042.12  0  1042.12
3.4275e+13  0  1142.5  -3054.21  0  0  -3054.21  0  -3054.21  1041.36  0  0  1041.36  0  1041.36
3.4284e+13  0  1142.8  -3052.76  0  0  -3052.76  0  -3052.76  1040.6  0  0  1040.6  0  1040.6
3.4293e+13  0  1143.1  -3051.32  0  0  -3051.32  0  -3051.32  1039.84  0  0  1039.84  0  1039.84
3.4302e+13  0  1143.4  -3049.88  0  0  -3049.88  0  -3049.88  1039.08  0  0  1039.08  0  1039.08
3.4311e+13  0  1143.7  -3048.45  0  0  -3048.45  0  -3048.45  1038.33  0  0  1038.33  0  1038.33
3.432e+13  0  1144  -3047.01  0  0  -3047.01  0  -3047.01  1037.57  0  0  1037.57  0  1037.57
3.4329e+13  0  1144.3  -3045.57  0  0  -3045.57  0  -3045.57  1036.81  0  0  1036.81  0  1036.81
3.4338e+13  0  1144.6  -3044.14  0  0  -3044.14  0  -3044.14  1036.05  0  0  1036.05  0  1036.05
3.4347e+13  0  1144.9  -3042.7  0  0  -3042.7  0  -3042.7  1035.3  0  0  1035.3  0  1035.3
3.4356e+13  0  1145.2  -3041.27  0  0  -3041.27  0  -3041.27  1034.54  0  0  1034.54  0  1034.54
3.4365e+13  0  1145.5  -3039.84  0  0  -3039.84  0  -3039.84  1033.79  0  0  1033.79  0  1033.79
3.4374e+13  0  1145.8  -3038.41  0  0  -3038.41  0  -3038.41  1033.04  0  0  1033.04  0  1033.04
3.4383e+13  0  1146.1  -3036.98  0  0  -3036.98  0  -3036.98  1032.28  0  0  1032.28  0  1032.28
3.4392e+13  0  1146.4  -3035.55  0  0  -3035.55  0  -3035.55  1031.53  0  0  1031.53  0  1031.53
3.4401e+13  0  1146.7  -3034.12  0  0  -3034.12  0  -3034.12  1030.78  0  0  1030.78  0  1030.78
3.441e+13  0  1147  -3032.69  0  0  -3032.69  0  -3032.69  1030.03  0  0  1030.03  0  1030.03
3.4419e+13  0  1147.3  -3031.26  0  0  -3031.26  0  -3031.26  1029.28  0  0  1029.28  0  1029.28
3.4428e+13  0  1147.6  -3029.84  0  0  -3029.84  0  -3029.84  1028.53  0  0  1028.53  0  1028.53
3.4437e+13  0  1147.9  -3028.41  0  0  -3028.41  0  -3028.41  1027.79  0  0  1027.79  0  1027.79
3.4446e+13  0  1148.2  -3026.99  0  0  -3026.99  0  -3026.99  1027.04  0  0  1027.04  0  1027.04
3.4455e+13  0  1148.5  -3025.57  0  0  -3025.57  0  -3025.57  1026.29  0  0  1026.29  0  1026.29
3.4464e+13  0  1148.8  -3024.14  0  0  -3024.14  0  -3024.14  1025.55  0  0  1025.55  0  1025.55
3.4473e+13  0  1149.1  -3022.72  0  0  -3022.72  0  -3022.72  1024.8  0  0  1024.8  0  1024.8
3.4482e+13  0  1149.4  -3021.3  0  0  -3021.3  0  -3021.3  1024.06  0  0  1024.06  0  1024.06
3.4491e+13  0  1149.7  -3019.89  0  0  -3019.89  0  -3019.89  1023.31  0  0  1023.31  0  1023.31
3.45e+13  0  1150  -3018.47  0  0  -3018.47  0  -3018.47  1022.57  0  0  1022.57  0  1022.57
3.4509e+13  0  1150.3  -3017.05  0  0  -3017.05  0  -3017.05  1021.83  0  0  1021.83  0  1021.83
3.4518e+13  0  1150.6  -3015.63  0  0  -3015.63  0  -3015.63  1021.08  0  0  1021.08  0  1021.08
3.4527e+13  0  1150.9  -3014.22  0  0  -3014.22  0  -3014.22  1020.34  0  0  1020.34  0  1020.34
3.4536e+13  0  1151.2  -3012.81  0  0  -3012.81  0  -3012.81  1019.6  0  0  1019.6  0  1019.6
3.4545e+13  0  1151.5  -3011.39  0  0  -3011.39  0  -3011.39  1018.86  0  0  1018.86  0  1018.86
3.4554e+13  0  1151.8  -3009.98  0  0  -3009.98  0  -3009.98  1018.12  0  0  1018.12  0  1018.12
3.4563e+13  0  1152.1  -3008.57  0  0  -3008.57  0  -3008.57  1017.39  0  0  1017.39  0  1017.39
3.4572e+13  0  1152.4  -3007.16  0  0  -3007.16  0  -3007.16  1016.65  0  0  1016.65  0  1016.65
3.4581e+13  0  1152.7  -3005.75  0  0  -3005.75  0  -3005.75  1015.91  0  0  1015.91  0  1015.91
3.459e+13  0  1153  -3004.34  0  0  -3004.34  0  -3004.34  1015.18  0  0  1015.18  0  1015.18
3.4599e+13  0  1153.3  -3002.93  0  0  -3002.93  0  -3002.93  1014.44  0  0  1014.44  0  1014.44
3.4608e+13  0  1153.6  -3001.53  0  0  -3001.53  0  -3001.53  1013.71  0  0  1013.71  0  1013.71
3.4617e+13  0  1153.9  -3000.12  0  0  -3000.12  0  -3000.12  1012.97  0  0  1012.97  0  1012.97
3.4626e+13  0  1154.2  -2998.72  0  0  -2998.72  0  -2998.72  1012.24  0  0  1012.24  0  1012.24
3.4635e+13  0  1154.5  -2997.31  0  0  -2997.31  0  -2997.31  1011.51  0  0  1011.51  0  1011.51
3.4644e+13  0  1154.8  -2995.91  0  0  -2995.91  0  -2995.91  1010.77  0  0  1010.77  0  1010.77
3.4653e+13  0  1155.1  -2994.51  0  0  -2994.51  0  -2994.51  1010.04  0  0  1010.04  0  1010.04
3.4662e+13  0  1155.4  -2993.11  0  0  -2993.11  0  -2993.11  1009.31  0  0  1009.31  0  1009.31
3.4671e+13  0  1155.7  -2991.71  0  0  -2991.71  0  -2991.71  1008.58  0  0  1008.58  0  1008.58
3.468e+13  0  1156  -2990.31  0  0  -2990.31  0  -2990.31  1007.85  0  0  1007.85  0  1007.85
3.4689e+13  0  1156.3  -2988.91  0  0  -2988.91  0  -2988.91  1007.12  0  0  1007.12  0  1007.12
3.4698e+13  0  1156.6  -2987.51  0  0  -2987.51  0  -2987.51  1006.4  0  0  1006.4  0  1006.4
3.4707e+13  0  1156.9  -2986.12  0  0  -2986.12  0  -2986.12  1005.67  0  0  1005.67  0  1005.67
3.4716e+13  0  1157.2  -2984.72  0  0  -2984.72  0  -2984.72  1004.94  0  0  1004.94  0  1004.94
3.4725e+13  0  1157.5  -2983.33  0  0  -2983.33  0  -2983.33  1004.22  0  0  1004.22  0  1004.22
3.4734e+13  0  1157.8  -2981.94  0  0  -2981.94  0  -2981.94  1003.49  0  0  1003.49  0  1003.49
3.4743e+13  0  1158.1  -2980.54  0  0  -2980.54  0  -2980.54  1002.77  0  0  1002.77  0  1002.77
3.4752e+13  0  1158.4  -2979.15  0  0  -2979.15  0  -2979.15  1002.04  0  0  1002.04  0  1002.04
3.4761e+13  0  1158.7  -2977.76  0  0  -2977.76  0  -2977.76  1001.32  0  0  1001.32  0  1001.32
3.477e+13  0  1159  -2976.37  0  0  -2976.37  0  -2976.37  1000.6  0  0  1000.6  0  1000.6
3.4779e+13  0  1159.3  -2974.98  0  0  -2974.98  0  -2974.98  999.878  0  0  999.878  0  999.878
3.4788e+13  0  1159.6  -2973.6  0  0  -2973.6  0  -2973.6  999.157  0  0  999.157  0  999.157
3.4797e+13  0  1159.9  -2972.21  0  0  -2972.21  0  -2972.21  998.437  0  0  998.437  0  998.437
3.4806e+13  0  1160.2  -2970.82  0  0  -2970.82  0  -2970.82  997.718  0  0  997.718  0  997.718
3.4815e+13  0  1160.5  -2969.44  0  0  -2969.44  0  -2969.44  996.999  0  0  996.999  0  996.999
3.4824e+13  0  1160.8  -2968.05  0  0  -2968.05  0  -2968.05  996.281  0  0  996.281  0  996.281
3.4833e+13  0  1161.1  -2966.67  0  0  -2966.67  0  -2966.67  995.563  0  0  995.563  0  995.563
3.4842e+13  0  1161.4  -2965.29  0  0  -2965.29  0  -2965.29  994.847  0  0  994.847  0  994.847
3.4851e+13  0  1161.7  -2963.91  0  0  -2963.91  0  -2963.91  994.13  0  0  994.13  0  994.13
3.486e+13  0  1162  -2962.53  0  0  -2962.53  0  -2962.53  993.415  0  0  993.415  0  993.415
3.4869e+13  0  1162.3  -2961.15  0  0  -2961.15  0  -2961.15  992.7  0  0  992.7  0  992.7
3.4878e+13  0  1162.6  -2959.77  0  0  -2959.77  0  -2959.77  991.986  0  0  991.986  0  991.986
3.4887e+13  0  1162.9  -2958.39  0  0  -2958.39  0  -2958.39  991.273  0  0  991.273  0  991.273
3.4896e+13  0  1163.2  -2957.02  0  0  -2957.02  0  -2957.02  990.56  0  0  990.56  0  990.56
3.4905e+13  0  1163.5  -2955.64  0  0  -2955.64  0  -2955.64  989.848  0  0  989.848  0  989.848
3.4914e+13  0  1163.8  -2954.27  0  0  -2954.27  0  -2954.27  989.137  0  0  989.137  0  989.137
3.4923e+13  0  1164.1  -2952.89  0  0  -2952.89  0  -2952.89  988.426  0  0  988.426  0  988.426
3.4932e+13  0  1164.4  -2951.52  0  0  -2951.52  0  -2951.52  987.716  0  0  987.716  0  987.716
3.4941e+13  0  1164.7  -2950.15  0  0  -2950.15  0  -2950.15  987.007  0  0  987.007  0  987.007
3.495e+13  0  1165  -2948.78  0  0  -2948.78  0  -2948.78  986.298  0  0  986.298  0  986.298
3.4959e+13  0  1165.3  -2947.41  0  0  -2947.41  0  -2947.41  985.59  0  0  985.59  0  985.59
3.4968e+13  0  1165.6  -2946.04  0  0  -2946.04  0  -2946.04  984.883  0  0  984.883  0  984.883
3.4977e+13  0  1165.9  -2944.67  0  0  -2944.67  0  -2944.67  984.176  0  0  984.176  0  984.176
3.4986e+13  0  1166.2  -2943.3  0  0  -2943.3  0  -2943.3  983.47  0  0  983.47  0  983.47
3.4995e+13  0  1166.5  -2941.94  0  0  -2941.94  0  -2941.94  982.765  0  0  982.765  0  982.765
3.5004e+13  0  1166.8  -2940.57  0  0  -2940.57  0  -2940.57  982.06  0  0  982.06  0  982.06
3.5013e+13  0  1167.1  -2939.21  0  0  -2939.21  0  -2939.21  981.356  0  0  981.356  0  981.356
3.5022e+13  0  1167.4  -2937.84  0  0  -2937.84  0  -2937.84  980.653  0  0  980.653  0  980.653
3.5031e+13  0  1167.7  -2936.48  0  0  -2936.48  0  -2936.48  979.95  0  0  979.95  0  979.95
3.504e+13  0  1168  -2935.12  0  0  -2935.12  0  -2935.12  979.248  0  0  979.248  0  979.248
3.5049e+13  0  1168.3  -2933.76  0  0  -2933.76  0  -2933.76  978.547  0  0  978.547  0  978.547
3.5058e+13  0  1168.6  -2932.4  0  0  -2932.4  0  -2932.4  977.846  0  0  977.846  0  977.846
3.5067e+13  0  1168.9  -2931.04  0  0  -2931.04  0  -2931.04  977.146  0  0  977.146  0  977.146
3.5076e+13  0  1169.2  -2929.68  0  0  -2929.68  0  -2929.68  976.447  0  0  976.447  0  976.447
3.5085e+13  0  1169.5  -2928.32  0  0  -2928.32  0  -2928.32  975.748  0  0  975.748  0  975.748
3.5094e+13  0  1169.8  -2926.97  0  0  -2926.97  0  -2926.97  975.05  0  0  975.05  0  975.05
3.5103e+13  0  1170.1  -2925.61  0  0  -2925.61  0  -2925.61  974.353  0  0  974.353  0  974.353
3.5112e+13  0  1170.4  -2924.26  0  0  -2924.26  0  -2924.26  973.656  0  0  973.656  0  973.656
3.5121e+13  0  1170.7  -2922.9  0  0  -2922.9  0  -2922.9  972.96  0  0  972.96  0  972.96
3.513e+13  0  1171  -2921.55  0  0  -2921.55  0  -2921.55  972.265  0  0  972.265  0  972.265
3.5139e+13  0  1171.3  -2920.2  0  0  -2920.2  0  -2920.2  971.57  0  0  971.57  0  971.57
3.5148e+13  0  1171.6  -2918.85  0  0  -2918.85  0  -2918.85  970.876  0  0  970.876  0  970.876
3.5157e+13  0  1171.9  -2917.5  0  0  -2917.5  0  -2917.5  970.183  0  0  970.183  0  970.183
3.5166e+13  0  1172.2  -2916.15  0  0  -2916.15  0  -2916.15  969.49  0  0  969.49  0  969.49
3.5175e+13  0  1172.5  -2914.8  0  0  -2914.8  0  -2914.8  968.798  0  0  968.798  0  968.798
3.5184e+13  0  1172.8  -2913.45  0  0  -2913.45  0  -2913.45  968.106  0  0  968.106  0  968.106
3.5193e+13  0  1173.1  -2912.11  0  0  -2912.11  0  -2912.11  967.415  0  0  967.415  0  967.415
3.5202e+13  0  1173.4  -2910.76  0  0  -2910.76  0  -2910.76  966.725  0  0  966.725  0  966.725
3.5211e+13  0  1173.7  -2909.42  0  0  -2909.42  0  -2909.42  966.036  0  0  966.036  0  966.036
3.522e+13  0  1174  -2908.07  0  0  -2908.07  0  -2908.07  965.347  0  0  965.347  0  965.347
3.5229e+13  0  1174.3  -2906.73  0  0  -2906.73  0  -2906.73  964.658  0  0  964.658  0  964.658
3.5238e+13  0  1174.6  -2905.39  0  0  -2905.39  0  -2905.39  963.971  0  0  963.971  0  963.971
3.5247e+13  0  1174.9  -2904.05  0  0  -2904.05  0  -2904.05  963.284  0  0  963.284  0  963.284
3.5256e+13  0  1175.2  -2902.71  0  0  -2902.71  0  -2902.71  962.598  0  0  962.598  0  962.598
3.5265e+13  0  1175.5  -2901.37  0  0  -2901.37  0  -2901.37  961.912  0  0  961.912  0  961.912
3.5274e+13  0  1175.8  -2900.03  0  0  -2900.03  0  -2900.03  961.227  0  0  961.227  0  961.227
3.5283e+13  0  1176.1  -2898.69  0  0  -2898.69  0  -2898.69  960.542  0  0  960.542  0  960.542
3.5292e+13  0  1176.4  -2897.35  0  0  -2897.35  0  -2897.35  959.859  0  0  959.859  0  959.859
3.5301e+13  0  1176.7  -2896.02  0  0  -2896.02  0  -2896.02  959.176  0  0  959.176  0  959.176
3.531e+13  0  1177  -2894.68  0  0  -2894.68  0  -2894.68  958.493  0  0  958.493  0  958.493
3.5319e+13  0  1177.3  -2893.35  0  0  -2893.35  0  -2893.35  957.811  0  0  957.811  0  957.811
3.5328e+13  0  1177.6  -2892.02  0  0  -2892.02  0  -2892.02  957.13  0  0  957.13  0  957.13
3.5337e+13  0  1177.9  -2890.69  0  0  -2890.69  0  -2890.69  956.45  0  0  956.45  0  956.45
3.5346e+13  0  1178.2  -2889.35  0  0  -2889.35  0  -2889.35  955.77  0  0  955.77  0  955.77
3.5355e+13  0  1178.5  -2888.02  0  0  -2888.02  0  -2888.02  955.091  0  0  955.091  0  955.091
3.5364e+13  0  1178.8  -2886.69  0  0  -2886.69  0  -2886.69  954.412  0  0  954.412  0  954.412
3.5373e+13  0  1179.1  -2885.37  0  0  -2885.37  0  -2885.37  953.734  0  0  953.734  0  953.734
3.5382e+13  0  1179.4  -2884.04  0  0  -2884.04  0  -2884.04  953.057  0  0  953.057  0  953.057
3.5391e+13  0  1179.7  -2882.71  0  0  -2882.71  0  -2882.71  952.38  0  0  952.38  0  952.38
3.54e+13  0  1180  -2881.39  0  0  -2881.39  0  -2881.39  951.704  0  0  951.704  0  951.704
3.5409e+13  0  1180.3  -2880.06  0  0  -2880.06  0  -2880.06  951.028  0  0  951.028  0  951.028
3.5418e+13  0  1180.6  -2878.74  0  0  -2878.74  0  -2878.74  950.353  0  0  950.353  0  950.353
3.5427e+13  0  1180.9  -2877.41  0  0  -2877.41  0  -2877.41  949.679  0  0  949.679  0  949.679
3.5436e+13  0  1181.2  -2876.09  0  0  -2876.09  0  -2876.09  949.006  0  0  949.006  0  949.006
3.5445e+13  0  1181.5  -2874.77  0  0  -2874.77  0  -2874.77  948.333  0  0  948.333  0  948.333
3.5454e+13  0  1181.8  -2873.45  0  0  -2873.45  0  -2873.45  947.66  0  0  947.66  0  947.66
3.5463e+13  0  1182.1  -2872.13  0  0  -2872.13  0  -2872.13  946.989  0  0  946.989  0  946.989
3.5472e+13  0  1182.4  -2870.81  0  0  -2870.81  0  -2870.81  946.318  0  0  946.318  0  946.318
3.5481e+13  0  1182.7  -2869.49  0  0  -2869.49  0  -2869.49  945.647  0  0  945.647  0  945.647
3.549e+13  0  1183  -2868.17  0  0  -2868.17  0  -2868.17  944.977  0  0  944.977  0  944.977
3.5499e+13  0  1183.3  -2866.86  0  0  -2866.86  0  -2866.86  944.308  0  0  944.308  0  944.308
3.5508e+13  0  1183.6  -2865.54  0  0  -2865.54  0  -2865.54  943.64  0  0  943.64  0  943.64
3.5517e+13  0  1183.9  -2864.23  0  0  -2864.23  0  -2864.23  942.972  0  0  942.972  0  942.972
3.5526e+13  0  1184.2  -2862.91  0  0  -2862.91  0  -2862.91  942.305  0  0  942.305  0  942.305
3.5535e+13  0  1184.5  -2861.6  0  0  -2861.6  0  -2861.6  941.638  0  0  941.638  0  941.638
3.5544e+13  0  1184.8  -2860.29  0  0  -2860.29  0  -2860.29  940.972  0  0  940.972  0  940.972
3.5553e+13  0  1185.1  -2858.98  0  0  -2858.98  0  -2858.98  940.306  0  0  940.306  0  940.306
3.5562e+13  0  1185.4  -2857.67  0  0  -2857.67  0  -2857.67  939.642  0  0  939.642  0  939.642
3.5571e+13  0  1185.7  -2856.36  0  0  -2856.36  0  -2856.36  938.977  0  0  938.977  0  938.977
3.558e+13  0  1186  -2855.05  0  0  -2855.05  0  -2855.05  938.314  0  0  938.314  0  938.314
3.5589e+13  0  1186.3  -2853.74  0  0  -2853.74  0  -2853.74  937.651  0  0  937.651  0  937.651
3.5598e+13  0  1186.6  -2852.44  0  0  -2852.44  0  -2852.44  936.988  0  0  936.988  0  936.988
3.5607e+13  0  1186.9  -2851.13  0  0  -2851.13  0  -2851.13  936.327  0  0  936.327  0  936.327
3.5616e+13  0  1187.2  -2849.82  0  0  -2849.82  0  -2849.82  935.666  0  0  935.666  0  935.666
3.5625e+13  0  1187.5  -2848.52  0  0  -2848.52  0  -2848.52  935.005  0  0  935.005  0  935.005
3.5634e+13  0  1187.8  -2847.22  0  0  -2847.22  0  -2847.22  934.345  0  0  934.345  0  934.345
3.5643e+13  0  1188.1  -2845.92  0  0  -2845.92  0  -2845.92  933.686  0  0  933.686  0  933.686
3.5652e+13  0  1188.4  -2844.61  0  0  -2844.61  0  -2844.61  933.027  0  0  933.027  0  933.027
3.5661e+13  0  1188.7  -2843.31  0  0  -2843.31  0  -2843.31  932.369  0  0  932.369  0  932.369
3.567e+13  0  1189  -2842.01  0  0  -2842.01  0  -2842.01  931.712  0  0  931.712  0  931.712
3.5679e+13  0  1189.3  -2840.71  0  0  -2840.71  0  -2840.71  931.055  0  0  931.055  0  931.055
3.5688e+13  0  1189.6  -2839.42  0  0  -2839.42  0  -2839.42  930.399  0  0  930.399  0  930.399
3.5697e+13  0  1189.9  -2838.12  0  0  -2838.12  0  -2838.12  929.743  0  0  929.743  0  929.743
3.5706e+13  0  1190.2  -2836.82  0  0  -2836.82  0  -2836.82  929.088  0  0  929.088  0  929.088
3.5715e+13  0  1190.5  -2835.53  0  0  -2835.53  0  -2835.53  928.434  0  0  928.434  0  928.434
3.5724e+13  0  1190.8  -2834.23  0  0  -2834.23  0  -2834.23  927.78  0  0  927.78  0  927.78
3.5733e+13  0  1191.1  -2832.94  0  0  -2832.94  0  -2832.94  927.127  0  0  927.127  0  927.127
3.5742e+13  0  1191.4  -2831.64  0  0  -2831.64  0  -2831.64  926.474  0  0  926.474  0  926.474
3.5751e+13  0  1191.7  -2830.35  0  0  -2830.35  0  -2830.35  925.822  0  0  925.822  0  925.822
3.576e+13  0  1192  -2829.06  0  0  -2829.06  0  -2829.06  925.171  0  0  925.171  0  925.171
3.5769e+13  0  1192.3  -2827.77  0  0  -2827.77  0  -2827.77  924.52  0  0  924.52  0  924.52
3.5778e+13  0  1192.6  -2826.48  0  0  -2826.48  0  -2826.48  923.87  0  0  923.87  0  923.87
3.5787e+13  0  1192.9  -2825.19  0  0  -2825.19  0  -2825.19  923.22  0  0  923.22  0  923.22
3.5796e+13  0  1193.2  -2823.9  0  0  -2823.9  0  -2823.9  922.572  0  0  922.572  0  922.572
3.5805e+13  0  1193.5  -2822.62  0  0  -2822.62  0  -2822.62  921.923  0  0  921.923  0  921.923
3.5814e+13  0  1193.8  -2821.33  0  0  -2821.33  0  -2821.33  921.275  0  0  921.275  0  921.275
3.5823e+13  0  1194.1  -2820.05  0  0  -2820.05  0  -2820.05  920.628  0  0  920.628  0  920.628
3.5832e+13  0  1194.4  -2818.76  0  0  -2818.76  0  -2818.76  919.982  0  0  919.982  0  919.982
3.5841e+13  0  1194.7  -2817.48  0  0  -2817.48  0  -2817.48  919.336  0  0  919.336  0  919.336
3.585e+13  0  1195  -2816.2  0  0  -2816.2  0  -2816.2  918.69  0  0  918.69  0  918.69
3.5859e+13  0  1195.3  -2814.91  0  0  -2814.91  0  -2814.91  918.046  0  0  918.046  0  918.046
3.5868e+13  0  1195.6  -2813.63  0  0  -2813.63  0  -2813.63  917.402  0  0  917.402  0  917.402
3.5877e+13  0  1195.9  -2812.35  0  0  -2812.35  0  -2812.35  916.758  0  0  916.758  0  916.758
3.5886e+13  0  1196.2  -2811.07  0  0  -2811.07  0  -2811.07  916.115  0  0  916.115  0  916.115
3.5895e+13  0  1196.5  -2809.79  0  0  -2809.79  0  -2809.79  915.473  0  0  915.473  0  915.473
3.5904e+13  0  1196.8  -2808.52  0  0  -2808.52  0  -2808.52  914.831  0  0  914.831  0  914.831
3.5913e+13  0  1197.1  -2807.24  0  0  -2807.24  0  -2807.24  914.19  0  0  914.19  0  914.19
3.5922e+13  0  1197.4  -2805.96  0  0  -2805.96  0  -2805.96  913.549  0  0  913.549  0  913.549
3.5931e+13  0  1197.7  -2804.69  0  0  -2804.69  0  -2804.69  912.909  0  0  912.909  0  912.909
3.594e+13  0  1198  -2803.41  0  0  -2803.41  0  -2803.41  912.27  0  0  912.27  0  912.27
3.5949e+13  0  1198.3  -2802.14  0  0  -2802.14  0  -2802.14  911.631  0  0  911.631  0  911.631
3.5958e+13  0  1198.6  -2800.87  0  0  -2800.87  0  -2800.87  910.993  0  0  910.993  0  910.993
3.5967e+13  0  1198.9  -2799.59  0  0  -2799.59  0  -2799.59  910.355  0  0  910.355  0  910.355
3.5976e+13  0  1199.2  -2798.32  0  0  -2798.32  0  -2798.32  909.718  0  0  909.718  0  909.718
3.5985e+13  0  1199.5  -2797.05  0  0  -2797.05  0  -2797.05  909.081  0  0  909.081  0  909.081
3.5994e+13  0  1199.8  -2795.78  0  0  -2795.78  0  -2795.78  908.446  0  0  908.446  0  908.446
3.6003e+13  0  1200.1  -2794.52  0  0  -2794.52  0  -2794.52  907.81  0  0  907.81  0  907.81
3.6012e+13  0  1200.4  -2793.25  0  0  -2793.25  0  -2793.25  907.176  0  0  907.176  0  907.176
3.6021e+13  0  1200.7  -2791.98  0  0  -2791.98  0  -2791.98  906.541  0  0  906.541  0  906.541
3.603e+13  0  1201  -2790.71  0  0  -2790.71  0  -2790.71  905.908  0  0  905.908  0  905.908
3.6039e+13  0  1201.3  -2789.45  0  0  -2789.45  0  -2789.45  905.275  0  0  905.275  0  905.275
3.6048e+13  0  1201.6  -2788.19  0  0  -2788.19  0  -2788.19  904.643  0  0  904.643  0  904.643
3.6057e+13  0  1201.9  -2786.92  0  0  -2786.92  0  -2786.92  904.011  0  0  904.011  0  904.011
3.6066e+13  0  1202.2  -2785.66  0  0  -2785.66  0  -2785.66  903.38  0  0  903.38  0  903.38
3.6075e+13  0  1202.5  -2784.4  0  0  -2784.4  0  -2784.4  902.749  0  0  902.749  0  902.749
3.6084e+13  0  1202.8  -2783.14  0  0  -2783.14  0  -2783.14  902.119  0  0  902.119  0  902.119
3.6093e+13  0  1203.1  -2781.88  0  0  -2781.88  0  -2781.88  901.49  0  0  901.49  0  901.49
3.6102e+13  0  1203.4  -2780.62  0  0  -2780.62  0  -2780.62  900.861  0  0  900.861  0  900.861
3.6111e+13  0  1203.7  -2779.36  0  0  -2779.36  0  -2779.36  900.232  0  0  900.232  0  900.232
3.612e+13  0  1204  -2778.1  0  0  -2778.1  0  -2778.1  899.605  0  0  899.605  0  899.605
3.6129e+13  0  1204.3  -2776.84  0  0  -2776.84  0  -2776.84  898.977  0  0  898.977  0  898.977
3.6138e+13  0  1204.6  -2775.59  0  0  -2775.59  0  -2775.59  898.351  0  0  898.351  0  898.351
3.6147e+13  0  1204.9  -2774.33  0  0  -2774.33  0  -2774.33  897.725  0  0  897.725  0  897.725
3.6156e+13  0  1205.2  -2773.08  0  0  -2773.08  0  -2773.08  897.099  0  0  897.099  0  897.099
3.6165e+13  0  1205.5  -2771.82  0  0  -2771.82  0  -2771.82  896.475  0  0  896.475  0  896.475
3.6174e+13  0  1205.8  -2770.57  0  0  -2770.57  0  -2770.57  895.85  0  0  895.85  0  895.85
3.6183e+13  0  1206.1  -2769.32  0  0  -2769.32  0  -2769.32  895.227  0  0  895.227  0  895.227
3.6192e+13  0  1206.4  -2768.07  0  0  -2768.07  0  -2768.07  894.603  0  0  894.603  0  894.603
3.6201e+13  0  1206.7  -2766.82  0  0  -2766.82  0  -2766.82  893.981  0  0  893.981  0  893.981
3.621e+13  0  1207  -2765.57  0  0  -2765.57  0  -2765.57  893.359  0  0  893.359  0  893.359
3.6219e+13  0  1207.3  -2764.32  0  0  -2764.32  0  -2764.32  892.738  0  0  892.738  0  892.738
3.6228e+13  0  1207.6  -2763.07  0  0  -2763.07  0  -2763.07  892.117  0  0  892.117  0  892.117
3.6237e+13  0  1207.9  -2761.82  0  0  -2761.82  0  -2761.82  891.496  0  0  891.496  0  891.496
3.6246e+13  0  1208.2  -2760.58  0  0  -2760.58  0  -2760.58  890.877  0  0  890.877  0  890.877
3.6255e+13  0  1208.5  -2759.33  0  0  -2759.33  0  -2759.33  890.258  0  0  890.258  0  890.258
3.6264e+13  0  1208.8  -2758.09  0  0  -2758.09  0  -2758.09  889.639  0  0  889.639  0  889.639
3.6273e+13  0  1209.1  -2756.84  0  0  -2756.84  0  -2756.84  889.021  0  0  889.021  0  889.021
3.6282e+13  0  1209.4  -2755.6  0  0  -2755.6  0  -2755.6  888.404  0  0  888.404  0  888.404
3.6291e+13  0  1209.7  -2754.36  0  0  -2754.36  0  -2754.36  887.787  0  0  887.787  0  887.787
3.63e+13  0  1210  -2753.12  0  0  -2753.12  0  -2753.12  887.17  0  0  887.17  0  887.17
3.6309e+13  0  1210.3  -2751.87  0  0  -2751.87  0  -2751.87  886.555  0  0  886.555  0  886.555
3.6318e+13  0  1210.6  -2750.64  0  0  -2750.64  0  -2750.64  885.939  0  0  885.939  0  885.939
3.6327e+13  0  1210.9  -2749.4  0  0  -2749.4  0  -2749.4  885.325  0  0  885.325  0  885.325
3.6336e+13  0  1211.2  -2748.16  0  0  -2748.16  0  -2748.16  884.711  0  0  884.711  0  884.711
3.6345e+13  0  1211.5  -2746.92  0  0  -2746.92  0  -2746.92  884.097  0  0  884.097  0  884.097
3.6354e+13  0  1211.8  -2745.68  0  0  -2745.68  0  -2745.68  883.484  0  0  883.484  0  883.484
3.6363e+13  0  1212.1  -2744.45  0  0  -2744.45  0  -2744.45  882.872  0  0  882.872  0  882.872
3.6372e+13  0  1212.4  -2743.21  0  0  -2743.21  0  -2743.21  882.26  0  0  882.26  0  882.26
3.6381e+13  0  1212.7  -2741.98  0  0  -2741.98  0  -2741.98  881.649  0  0  881.649  0  881.649
3.639e+13  0  1213  -2740.75  0  0  -2740.75  0  -2740.75  881.038  0  0  881.038  0  881.038
3.6399e+13  0  1213.3  -2739.51  0  0  -2739.51  0  -2739.51  880.428  0  0  880.428  0  880.428
3.6408e+13  0  1213.6  -2738.28  0  0  -2738.28  0  -2738.28  879.818  0  0  879.818  0  879.818
3.6417e+13  0  1213.9  -2737.05  0  0  -2737.05  0  -2737.05  879.209  0  0  879.209  0  879.209
3.6426e+13  0  1214.2  -2735.82  0  0  -2735.82  0  -2735.82  878.601  0  0  878.601  0  878.601
3.6435e+13  0  1214.5  -2734.59  0  0  -2734.59  0  -2734.59  877.993  0  0  877.993  0  877.993
3.6444e+13  0  1214.8  -2733.36  0  0  -2733.36  0  -2733.36  877.386  0  0  877.386  0  877.386
3.6453e+13  0  1215.1  -2732.13  0  0  -2732.13  0  -2732.13  876.779  0  0  876.779  0  876.779
3.6462e+13  0  1215.4  -2730.91  0  0  -2730.91  0  -2730.91  876.173  0  0  876.173  0  876.173
3.6471e+13  0  1215.7  -2729.68  0  0  -2729.68  0  -2729.68  875.567  0  0  875.567  0  875.567
3.648e+13  0  1216  -2728.46  0  0  -2728.46  0  -2728.46  874.962  0  0  874.962  0  874.962
3.6489e+13  0  1216.3  -2727.23  0  0  -2727.23  0  -2727.23  874.357  0  0  874.357  0  874.357
3.6498e+13  0  1216.6  -2726.01  0  0  -2726.01  0  -2726.01  873.753  0  0  873.753  0  873.753
3.6507e+13  0  1216.9  -2724.78  0  0  -2724.78  0  -2724.78  873.15  0  0  873.15  0  873.15
3.6516e+13  0  1217.2  -2723.56  0  0  -2723.56  0  -2723.56  872.547  0  0  872.547  0  872.547
3.6525e+13  0  1217.5  -2722.34  0  0  -2722.34  0  -2722.34  871.944  0  0  871.944  0  871.944
3.6534e+13  0  1217.8  -2721.12  0  0  -2721.12  0  -2721.12  871.343  0  0  871.343  0  871.343
3.6543e+13  0  1218.1  -2719.9  0  0  -2719.9  0  -2719.9  870.741  0  0  870.741  0  870.741
3.6552e+13  0  1218.4  -2718.68  0  0  -2718.68  0  -2718.68  870.14  0  0  870.14  0  870.14
3.6561e+13  0  1218.7  -2717.46  0  0  -2717.46  0  -2717.46  869.54  0  0  869.54  0  869.54
3.657e+13  0  1219  -2716.24  0  0  -2716.24  0  -2716.24  868.941  0  0  868.941  0  868.941
3.6579e+13  0  1219.3  -2715.03  0  0  -2715.03  0  -2715.03  868.341  0  0  868.341  0  868.341
3.6588e+13  0  1219.6  -2713.81  0  0  -2713.81  0  -2713.81  867.743  0  0  867.743  0  867.743
3.6597e+13  0  1219.9  -2712.6  0  0  -2712.6  0  -2712.6  867.145  0  0  867.145  0  867.145
3.6606e+13  0  1220.2  -2711.38  0  0  -2711.38  0  -2711.38  866.547  0  0  866.547  0  866.547
3.6615e+13  0  1220.5  -2710.17  0  0  -2710.17  0  -2710.17  865.95  0  0  865.95  0  865.95
3.6624e+13  0  1220.8  -2708.96  0  0  -2708.96  0  -2708.96  865.354  0  0  865.354  0  865.354
3.6633e+13  0  1221.1  -2707.74  0  0  -2707.74  0  -2707.74  864.758  0  0  864.758  0  864.758
3.6642e+13  0  1221.4  -2706.53  0  0  -2706.53  0  -2706.53  864.163  0  0  864.163  0  864.163
3.6651e+13  0  1221.7  -2705.32  0  0  -2705.32  0  -2705.32  863.568  0  0  863.568  0  863.568
3.666e+13  0  1222  -2704.11  0  0  -2704.11  0  -2704.11  862.974  0  0  862.974  0  862.974
3.6669e+13  0  1222.3  -2702.9  0  0  -2702.9  0  -2702.9  862.38  0  0  862.38  0  862.38
3.6678e+13  0  1222.6  -2701.7  0  0  -2701.7  0  -2701.7  861.787  0  0  861.787  0  861.787
3.6687e+13  0  1222.9  -2700.49  0  0  -2700.49  0  -2700.49  861.194  0  0  861.194  0  861.194
3.6696e+13  0  1223.2  -2699.28  0  0  -2699.28  0  -2699.28  860.602  0  0  860.602  0  860.602
3.6705e+13  0  1223.5  -2698.08  0  0  -2698.08  0  -2698.08  860.011  0  0  860.011  0  860.011
3.6714e+13  0  1223.8  -2696.87  0  0  -2696.87  0  -2696.87  859.42  0  0  859.42  0  859.42
3.6723e+13  0  1224.1  -2695.67  0  0  -2695.67  0  -2695.67  858.829  0  0  858.829  0  858.829
3.6732e+13  0  1224.4  -2694.46  0  0  -2694.46  0  -2694.46  858.239  0  0  858.239  0  858.239
3.6741e+13  0  1224.7  -2693.26  0  0  -2693.26  0  -2693.26  857.65  0  0  857.65  0  857.65
3.675e+13  0  1225  -2692.06  0  0  -2692.06  0  -2692.06  857.061  0  0  857.061  0  857.061
3.6759e+13  0  1225.3  -2690.86  0  0  -2690.86  0  -2690.86  856.473  0  0  856.473  0  856.473
3.6768e+13  0  1225.6  -2689.66  0  0  -2689.66  0  -2689.66  855.885  0  0  855.885  0  855.885
3.6777e+13  0  1225.9  -2688.46  0  0  -2688.46  0  -2688.46  855.298  0  0  855.298  0  855.298
3.6786e+13  0  1226.2  -2687.26  0  0  -2687.26  0  -2687.26  854.711  0  0  854.711  0  854.711
3.6795e+13  0  1226.5  -2686.06  0  0  -2686.06  0  -2686.06  854.125  0  0  854.125  0  854.125
3.6804e+13  0  1226.8  -2684.87  0  0  -2684.87  0  -2684.87  853.539  0  0  853.539  0  853.539
3.6813e+13  0  1227.1  -2683.67  0  0  -2683.67  0  -2683.67  852.954  0  0  852.954  0  852.954
3.6822e+13  0  1227.4  -2682.47  0  0  -2682.47  0  -2682.47  852.369  0  0  852.369  0  852.369
3.6831e+13  0  1227.7  -2681.28  0  0  -2681.28  0  -2681.28  851.785  0  0  851.785  0  851.785
3.684e+13  0  1228  -2680.08  0  0  -2680.08  0  -2680.08  851.202  0  0  851.202  0  851.202
3.6849e+13  0  1228.3  -2678.89  0  0  -2678.89  0  -2678.89  850.619  0  0  850.619  0  850.619
3.6858e+13  0  1228.6  -2677.7  0  0  -2677.7  0  -2677.7  850.036  0  0  850.036  0  850.036
3.6867e+13  0  1228.9  -2676.51  0  0  -2676.51  0  -2676.51  849.454  0  0  849.454  0  849.454
3.6876e+13  0  1229.2  -2675.32  0  0  -2675.32  0  -2675.32  848.873  0  0  848.873  0  848.873
3.6885e+13  0  1229.5  -2674.13  0  0  -2674.13  0  -2674.13  848.292  0  0  848.292  0  848.292
3.6894e+13  0  1229.8  -2672.94  0  0  -2672.94  0  -2672.94  847.712  0  0  847.712  0  847.712
3.6903e+13  0  1230.1  -2671.75  0  0  -2671.75  0  -2671.75  847.132  0  0  847.132  0  847.132
3.6912e+13  0  1230.4  -2670.56  0  0  -2670.56  0  -2670.56  846.552  0  0  846.552  0  846.552
3.6921e+13  0  1230.7  -2669.37  0  0  -2669.37  0  -2669.37  845.973  0  0  845.973  0  845.973
3.693e+13  0  1231  -2668.19  0  0  -2668.19  0  -2668.19  845.395  0  0  845.395  0  845.395
3.6939e+13  0  1231.3  -2667  0  0  -2667  0  -2667  844.817  0  0  844.817  0  844.817
3.6948e+13  0  1231.6  -2665.82  0  0  -2665.82  0  -2665.82  844.24  0  0  844.24  0  844.24
3.6957e+13  0  1231.9  -2664.63  0  0  -2664.63  0  -2664.63  843.663  0  0  843.663  0  843.663
3.6966e+13  0  1232.2  -2663.45  0  0  -2663.45  0  -2663.45  843.087  0  0  843.087  0  843.087
3.6975e+13  0  1232.5  -2662.26  0  0  -2662.26  0  -2662.26  842.511  0  0  842.511  0  842.511
3.6984e+13  0  1232.8  -2661.08  0  0  -2661.08  0  -2661.08  841.936  0  0  841.936  0  841.936
3.6993e+13  0  1233.1  -2659.9  0  0  -2659.9  0  -2659.9  841.362  0  0  841.362  0  841.362
3.7002e+13  0  1233.4  -2658.72  0  0  -2658.72  0  -2658.72  840.787  0  0  840.787  0  840.787
3.7011e+13  0  1233.7  -2657.54  0  0  -2657.54  0  -2657.54  840.214  0  0  840.214  0  840.214
3.702e+13  0  1234  -2656.36  0  0  -2656.36  0  -2656.36  839.641  0  0  839.641  0  839.641
3.7029e+13  0  1234.3  -2655.19  0  0  -2655.19  0  -2655.19  839.068  0  0  839.068  0  839.068
3.7038e+13  0  1234.6  -2654.01  0  0  -2654.01  0  -2654.01  838.496  0  0  838.496  0  838.496
3.7047e+13  0  1234.9  -2652.83  0  0  -2652.83  0  -2652.83  837.924  0  0  837.924  0  837.924
3.7056e+13  0  1235.2  -2651.66  0  0  -2651.66  0  -2651.66  837.353  0  0  837.353  0  837.353
3.7065e+13  0  1235.5  -2650.48  0  0  -2650.48  0  -2650.48  836.783  0  0  836.783  0  836.783
3.7074e+13  0  1235.8  -2649.31  0  0  -2649.31  0  -2649.31  836.213  0  0  836.213  0  836.213
3.7083e+13  0  1236.1  -2648.13  0  0  -2648.13  0  -2648.13  835.643  0  0  835.643  0  835.643
3.7092e+13  0  1236.4  -2646.96  0  0  -2646.96  0  -2646.96  835.074  0  0  835.074  0  835.074
3.7101e+13  0  1236.7  -2645.79  0  0  -2645.79  0  -2645.79  834.506  0  0  834.506  0  834.506
3.711e+13  0  1237  -2644.62  0  0  -2644.62  0  -2644.62  833.938  0  0  833.938  0  833.938
3.7119e+13  0  1237.3  -2643.45  0  0  -2643.45  0  -2643.45  833.37  0  0  833.37  0  833.37
3.7128e+13  0  1237.6  -2642.28  0  0  -2642.28  0  -2642.28  832.803  0  0  832.803  0  832.803
3.7137e+13  0  1237.9  -2641.11  0  0  -2641.11  0  -2641.11  832.237  0  0  832.237  0  832.237
3.7146e+13  0  1238.2  -2639.94  0  0  -2639.94  0  -2639.94  831.671  0  0  831.671  0  831.671
3.7155e+13  0  1238.5  -2638.77  0  0  -2638.77  0  -2638.77  831.106  0  0  831.106  0  831.106
3.7164e+13  0  1238.8  -2637.6  0  0  -2637.6  0  -2637.6  830.541  0  0  830.541  0  830.541
3.7173e+13  0  1239.1  -2636.44  0  0  -2636.44  0  -2636.44  829.976  0  0  829.976  0  829.976
3.7182e+13  0  1239.4  -2635.27  0  0  -2635.27  0  -2635.27  829.412  0  0  829.412  0  829.412
3.7191e+13  0  1239.7  -2634.11  0  0  -2634.11  0  -2634.11  828.849  0  0  828.849  0  828.849
3.72e+13  0  1240  -2632.95  0  0  -2632.95  0  -2632.95  828.286  0  0  828.286  0  828.286
3.7209e+13  0  1240.3  -2631.78  0  0  -2631.78  0  -2631.78  827.724  0  0  827.724  0  827.724
3.7218e+13  0  1240.6  -2630.62  0  0  -2630.62  0  -2630.62  827.162  0  0  827.162  0  827.162
3.7227e+13  0  1240.9  -2629.46  0  0  -2629.46  0  -2629.46  826.6  0  0  826.6  0  826.6
3.7236e+13  0  1241.2  -2628.3  0  0  -2628.3  0  -2628.3  826.039  0  0  826.039  0  826.039
3.7245e+13  0  1241.5  -2627.14  0  0  -2627.14  0  -2627.14  825.479  0  0  825.479  0  825.479
3.7254e+13  0  1241.8  -2625.98  0  0  -2625.98  0  -2625.98  824.919  0  0  824.919  0  824.919
3.7263e+13  0  1242.1  -2624.82  0  0  -2624.82  0  -2624.82  824.36  0  0  824.36  0  824.36
3.7272e+13  0  1242.4  -2623.66  0  0  -2623.66  0  -2623.66  823.801  0  0  823.801  0  823.801
3.7281e+13  0  1242.7  -2622.5  0  0  -2622.5  0  -2622.5  823.242  0  0  823.242  0  823.242
3.729e+13  0  1243  -2621.35  0  0  -2621.35  0  -2621.35  822.685  0  0  822.685  0  822.685
3.7299e+13  0  1243.3  -2620.19  0  0  -2620.19  0  -2620.19  822.127  0  0  822.127  0  822.127
3.7308e+13  0  1243.6  -2619.04  0  0  -2619.04  0  -2619.04  821.57  0  0  821.57  0  821.57
3.7317e+13  0  1243.9  -2617.88  0  0  -2617.88  0  -2617.88  821.014  0  0  821.014  0  821.014
3.7326e+13  0  1244.2  -2616.73  0  0  -2616.73  0  -2616.73  820.458  0  0  820.458  0  820.458
3.7335e+13  0  1244.5  -2615.58  0  0  -2615.58  0  -2615.58  819.903  0  0  819.903  0  819.903
3.7344e+13  0  1244.8  -2614.43  0  0  -2614.43  0  -2614.43  819.348  0  0  819.348  0  819.348
3.7353e+13  0  1245.1  -2613.27  0  0  -2613.27  0  -2613.27  818.793  0  0  818.793  0  818.793
3.7362e+13  0  1245.4  -2612.12  0  0  -2612.12  0  -2612.12  818.239  0  0  818.239  0  818.239
3.7371e+13  0  1245.7  -2610.97  0  0  -2610.97  0  -2610.97  817.686  0  0  817.686  0  817.686
3.738e+13  0  1246  -2609.83  0  0  -2609.83  0  -2609.83  817.133  0  0  817.133  0  817.133
3.7389e+13  0  1246.3  -2608.68  0  0  -2608.68  0  -2608.68  816.581  0  0  816.581  0  816.581
3.7398e+13  0  1246.6  -2607.53  0  0  -2607.53  0  -2607.53  816.029  0  0  816.029  0  816.029
3.7407e+13  0  1246.9  -2606.38  0  0  -2606.38  0  -2606.38  815.477  0  0  815.477  0  815.477
3.7416e+13  0  1247.2  -2605.24  0  0  -2605.24  0  -2605.24  814.926  0  0  814.926  0  814.926
3.7425e+13  0  1247.5  -2604.09  0  0  -2604.09  0  -2604.09  814.376  0  0  814.376  0  814.376
3.7434e+13  0  1247.8  -2602.95  0  0  -2602.95  0  -2602.95  813.826  0  0  813.826  0  813.826
3.7443e+13  0  1248.1  -2601.8  0  0  -2601.8  0  -2601.8  813.276  0  0  813.276  0  813.276
3.7452e+13  0  1248.4  -2600.66  0  0  -2600.66  0  -2600.66  812.728  0  0  812.728  0  812.728
3.7461e+13  0  1248.7  -2599.52  0  0  -2599.52  0  -2599.52  812.179  0  0  812.179  0  812.179
3.747e+13  0  1249  -2598.38  0  0  -2598.38  0  -2598.38  811.631  0  0  811.631  0  811.631
3.7479e+13  0  1249.3  -2597.23  0  0  -2597.23  0  -2597.23  811.083  0  0  811.083  0  811.083
3.7488e+13  0  1249.6  -2596.09  0  0  -2596.09  0  -2596.09  810.536  0  0  810.536  0  810.536
3.7497e+13  0  1249.9  -2594.95  0  0  -2594.95  0  -2594.95  809.99  0  0  809.99  0  809.99
3.7506e+13  0  1250.2  -2593.82  0  0  -2593.82  0  -2593.82  809.444  0  0  809.444  0  809.444
3.7515e+13  0  1250.5  -2592.68  0  0  -2592.68  0  -2592.68  808.898  0  0  808.898  0  808.898
3.7524e+13  0  1250.8  -2591.54  0  0  -2591.54  0  -2591.54  808.353  0  0  808.353  0  808.353
3.7533e+13  0  1251.1  -2590.4  0  0  -2590.4  0  -2590.4  807.809  0  0  807.809  0  807.809
3.7542e+13  0  1251.4  -2589.27  0  0  -2589.27  0  -2589.27  807.264  0  0  807.264  0  807.264
3.7551e+13  0  1251.7  -2588.13  0  0  -2588.13  0  -2588.13  806.721  0  0  806.721  0  806.721
3.756e+13  0  1252  -2587  0  0  -2587  0  -2587  806.178  0  0  806.178  0  806.178
3.7569e+13  0  1252.3  -2585.86  0  0  -2585.86  0  -2585.86  805.635  0  0  805.635  0  805.635
3.7578e+13  0  1252.6  -2584.73  0  0  -2584.73  0  -2584.73  805.093  0  0  805.093  0  805.093
3.7587e+13  0  1252.9  -2583.6  0  0  -2583.6  0  -2583.6  804.551  0  0  804.551  0  804.551
3.7596e+13  0  1253.2  -2582.47  0  0  -2582.47  0  -2582.47  804.01  0  0  804.01  0  804.01
3.7605e+13  0  1253.5  -2581.34  0  0  -2581.34  0  -2581.34  803.469  0  0  803.469  0  803.469
3.7614e+13  0  1253.8  -2580.21  0  0  -2580.21  0  -2580.21  802.929  0  0  802.929  0  802.929
3.7623e+13  0  1254.1  -2579.08  0  0  -2579.08  0  -2579.08  802.389  0  0  802.389  0  802.389
3.7632e+13  0  1254.4  -2577.95  0  0  -2577.95  0  -2577.95  801.85  0  0  801.85  0  801.85
3.7641e+13  0  1254.7  -2576.82  0  0  -2576.82  0  -2576.82  801.311  0  0  801.311  0  801.311
3.765e+13  0  1255  -2575.69  0  0  -2575.69  0  -2575.69  800.773  0  0  800.773  0  800.773
3.7659e+13  0  1255.3  -2574.57  0  0  -2574.57  0  -2574.57  800.235  0  0  800.235  0  800.235
3.7668e+13  0  1255.6  -2573.44  0  0  -2573.44  0  -2573.44  799.697  0  0  799.697  0  799.697
3.7677e+13  0  1255.9  -2572.32  0  0  -2572.32  0  -2572.32  799.161  0  0  799.161  0  799.161
3.7686e+13  0  1256.2  -2571.19  0  0  -2571.19  0  -2571.19  798.624  0  0  798.624  0  798.624
3.7695e+13  0  1256.5  -2570.07  0  0  -2570.07  0  -2570.07  798.088  0  0  798.088  0  798.088
3.7704e+13  0  1256.8  -2568.94  0  0  -2568.94  0  -2568.94  797.553  0  0  797.553  0  797.553
3.7713e+13  0  1257.1  -2567.82  0  0  -2567.82  0  -2567.82  797.018  0  0  797.018  0  797.018
3.7722e+13  0  1257.4  -2566.7  0  0  -2566.7  0  -2566.7  796.483  0  0  796.483  0  796.483
3.7731e+13  0  1257.7  -2565.58  0  0  -2565.58  0  -2565.58  795.949  0  0  795.949  0  795.949
3.774e+13  0  1258  -2564.46  0  0  -2564.46  0  -2564.46  795.415  0  0  795.415  0  795.415
3.7749e+13  0  1258.3  -2563.34  0  0  -2563.34  0  -2563.34  794.882  0  0  794.882  0  794.882
3.7758e+13  0  1258.6  -2562.22  0  0  -2562.22  0  -2562.22  794.35  0  0  794.35  0  794.35
3.7767e+13  0  1258.9  -2561.1  0  0  -2561.1  0  -2561.1  793.817  0  0  793.817  0  793.817
3.7776e+13  0  1259.2  -2559.99  0  0  -2559.99  0  -2559.99  793.286  0  0  793.286  0  793.286
3.7785e+13  0  1259.5  -2558.87  0  0  -2558.87  0  -2558.87  792.755  0  0  792.755  0  792.755
3.7794e+13  0  1259.8  -2557.75  0  0  -2557.75  0  -2557.75  792.224  0  0  792.224  0  792.224
3.7803e+13  0  1260.1  -2556.64  0  0  -2556.64  0  -2556.64  791.693  0  0  791.693  0  791.693
3.7812e+13  0  1260.4  -2555.52  0  0  -2555.52  0  -2555.52  791.164  0  0  791.164  0  791.164
3.7821e+13  0  1260.7  -2554.41  0  0  -2554.41  0  -2554.41  790.634  0  0  790.634  0  790.634
3.783e+13  0  1261  -2553.3  0  0  -2553.3  0  -2553.3  790.105  0  0  790.105  0  790.105
3.7839e+13  0  1261.3  -2552.19  0  0  -2552.19  0  -2552.19  789.577  0  0  789.577  0  789.577
3.7848e+13  0  1261.6  -2551.07  0  0  -2551.07  0  -2551.07  789.049  0  0  789.049  0  789.049
3.7857e+13  0  1261.9  -2549.96  0  0  -2549.96  0  -2549.96  788.522  0  0  788.522  0  788.522
3.7866e+13  0  1262.2  -2548.85  0  0  -2548.85  0  -2548.85  787.995  0  0  787.995  0  787.995
3.7875e+13  0  1262.5  -2547.74  0  0  -2547.74  0  -2547.74  787.468  0  0  787.468  0  787.468
3.7884e+13  0  1262.8  -2546.63  0  0  -2546.63  0  -2546.63  786.942  0  0  786.942  0  786.942
3.7893e+13  0  1263.1  -2545.53  0  0  -2545.53  0  -2545.53  786.416  0  0  786.416  0  786.416
3.7902e+13  0  1263.4  -2544.42  0  0  -2544.42  0  -2544.42  785.891  0  0  785.891  0  785.891
3.7911e+13  0  1263.7  -2543.31  0  0  -2543.31  0  -2543.31  785.366  0  0  785.366  0  785.366
3.792e+13  0  1264  -2542.21  0  0  -2542.21  0  -2542.21  784.842  0  0  784.842  0  784.842
3.7929e+13  0  1264.3  -2541.1  0  0  -2541.1  0  -2541.1  784.318  0  0  784.318  0  784.318
3.7938e+13  0  1264.6  -2540  0  0  -2540  0  -2540  783.795  0  0  783.795  0  783.795
3.7947e+13  0  1264.9  -2538.89  0  0  -2538.89  0  -2538.89  783.272  0  0  783.272  0  783.272
3.7956e+13  0  1265.2  -2537.79  0  0  -2537.79  0  -2537.79  782.75  0  0  782.75  0  782.75
3.7965e+13  0  1265.5  -2536.69  0  0  -2536.69  0  -2536.69  782.228  0  0  782.228  0  782.228
3.7974e+13  0  1265.8  -2535.58  0  0  -2535.58  0  -2535.58  781.706  0  0  781.706  0  781.706
3.7983e+13  0  1266.1  -2534.48  0  0  -2534.48  0  -2534.48  781.185  0  0  781.185  0  781.185
3.7992e+13  0  1266.4  -2533.38  0  0  -2533.38  0  -2533.38  780.665  0  0  780.665  0  780.665
3.8001e+13  0  1266.7  -2532.28  0  0  -2532.28  0  -2532.28  780.145  0  0  780.145  0  780.145
3.801e+13  0  1267  -2531.18  0  0  -2531.18  0  -2531.18  779.625  0  0  779.625  0  779.625
3.8019e+13  0  1267.3  -2530.08  0  0  -2530.08  0  -2530.08  779.106  0  0  779.106  0  779.106
3.8028e+13  0  1267.6  -2528.99  0  0  -2528.99  0  -2528.99  778.587  0  0  778.587  0  778.587
3.8037e+13  0  1267.9  -2527.89  0  0  -2527.89  0  -2527.89  778.069  0  0  778.069  0  778.069
3.8046e+13  0  1268.2  -2526.79  0  0  -2526.79  0  -2526.79  777.551  0  0  777.551  0  777.551
3.8055e+13  0  1268.5  -2525.7  0  0  -2525.7  0  -2525.7  777.034  0  0  777.034  0  777.034
3.8064e+13  0  1268.8  -2524.6  0  0  -2524.6  0  -2524.6  776.517  0  0  776.517  0  776.517
3.8073e+13  0  1269.1  -2523.51  0  0  -2523.51  0  -2523.51  776  0  0  776  0  776
3.8082e+13  0  1269.4  -2522.41  0  0  -2522.41  0  -2522.41  775.484  0  0  775.484  0  775.484
3.8091e+13  0  1269.7  -2521.32  0  0  -2521.32  0  -2521.32  774.969  0  0  774.969  0  774.969
3.81e+13  0  1270  -2520.23  0  0  -2520.23  0  -2520.23  774.454  0  0  774.454  0  774.454
3.8109e+13  0  1270.3  -2519.14  0  0  -2519.14  0  -2519.14  773.939  0  0  773.939  0  773.939
3.8118e+13  0  1270.6  -2518.05  0  0  -2518.05  0  -2518.05  773.425  0  0  773.425  0  773.425
3.8127e+13  0  1270.9  -2516.96  0  0  -2516.96  0  -2516.96  772.911  0  0  772.911  0  772.911
3.8136e+13  0  1271.2  -2515.87  0  0  -2515.87  0  -2515.87  772.398  0  0  772.398  0  772.398
3.8145e+13  0  1271.5  -2514.78  0  0  -2514.78  0  -2514.78  771.885  0  0  771.885  0  771.885
3.8154e+13  0  1271.8  -2513.69  0  0  -2513.69  0  -2513.69  771.373  0  0  771.373  0  771.373
3.8163e+13  0  1272.1  -2512.6  0  0  -2512.6  0  -2512.6  770.861  0  0  770.861  0  770.861
3.8172e+13  0  1272.4  -2511.52  0  0  -2511.52  0  -2511.52  770.349  0  0  770.349  0  770.349
3.8181e+13  0  1272.7  -2510.43  0  0  -2510.43  0  -2510.43  769.838  0  0  769.838  0  769.838
3.819e+13  0  1273  -2509.35  0  0  -2509.35  0  -2509.35  769.328  0  0  769.328  0  769.328
3.8199e+13  0  1273.3  -2508.26  0  0  -2508.26  0  -2508.26  768.818  0  0  768.818  0  768.818
3.8208e+13  0  1273.6  -2507.18  0  0  -2507.18  0  -2507.18  768.308  0  0  768.308  0  768.308
3.8217e+13  0  1273.9  -2506.09  0  0  -2506.09  0  -2506.09  767.799  0  0  767.799  0  767.799
3.8226e+13  0  1274.2  -2505.01  0  0  -2505.01  0  -2505.01  767.29  0  0  767.29  0  767.29
3.8235e+13  0  1274.5  -2503.93  0  0  -2503.93  0  -2503.93  766.781  0  0  766.781  0  766.781
3.8244e+13  0  1274.8  -2502.85  0  0  -2502.85  0  -2502.85  766.273  0  0  766.273  0  766.273
3.8253e+13  0  1275.1  -2501.77  0  0  -2501.77  0  -2501.77  765.766  0  0  765.766  0  765.766
3.8262e+13  0  1275.4  -2500.69  0  0  -2500.69  0  -2500.69  765.259  0  0  765.259  0  765.259
3.8271e+13  0  1275.7  -2499.61  0  0  -2499.61  0  -2499.61  764.752  0  0  764.752  0  764.752
3.828e+13  0  1276  -2498.53  0  0  -2498.53  0  -2498.53  764.246  0  0  764.246  0  764.246
3.8289e+13  0  1276.3  -2497.45  0  0  -2497.45  0  -2497.45  763.741  0  0  763.741  0  763.741
3.8298e+13  0  1276.6  -2496.37  0  0  -2496.37  0  -2496.37  763.235  0  0  763.235  0  763.235
3.8307e+13  0  1276.9  -2495.3  0  0  -2495.3  0  -2495.3  762.731  0  0  762.731  0  762.731
3.8316e+13  0  1277.2  -2494.22  0  0  -2494.22  0  -2494.22  762.226  0  0  762.226  0  762.226
3.8325e+13  0  1277.5  -2493.15  0  0  -2493.15  0  -2493.15  761.722  0  0  761.722  0  761.722
3.8334e+13  0  1277.8  -2492.07  0  0  -2492.07  0  -2492.07  761.219  0  0  761.219  0  761.219
3.8343e+13  0  1278.1  -2491  0  0  -2491  0  -2491  760.716  0  0  760.716  0  760.716
3.8352e+13  0  1278.4  -2489.92  0  0  -2489.92  0  -2489.92  760.213  0  0  760.213  0  760.213
3.8361e+13  0  1278.7  -2488.85  0  0  -2488.85  0  -2488.85  759.711  0  0  759.711  0  759.711
3.837e+13  0  1279  -2487.78  0  0  -2487.78  0  -2487.78  759.209  0  0  759.209  0  759.209
3.8379e+13  0  1279.3  -2486.71  0  0  -2486.71  0  -2486.71  758.708  0  0  758.708  0  758.708
3.8388e+13  0  1279.6  -2485.64  0  0  -2485.64  0  -2485.64  758.207  0  0  758.207  0  758.207
3.8397e+13  0  1279.9  -2484.57  0  0  -2484.57  0  -2484.57  757.707  0  0  757.707  0  757.707
3.8406e+13  0  1280.2  -2483.5  0  0  -2483.5  0  -2483.5  757.207  0  0  757.207  0  757.207
3.8415e+13  0  1280.5  -2482.43  0  0  -2482.43  0  -2482.43  756.707  0  0  756.707  0  756.707
3.8424e+13  0  1280.8  -2481.36  0  0  -2481.36  0  -2481.36  756.208  0  0  756.208  0  756.208
3.8433e+13  0  1281.1  -2480.3  0  0  -2480.3  0  -2480.3  755.709  0  0  755.709  0  755.709
3.8442e+13  0  1281.4  -2479.23  0  0  -2479.23  0  -2479.23  755.211  0  0  755.211  0  755.211
3.8451e+13  0  1281.7  -2478.16  0  0  -2478.16  0  -2478.16  754.713  0  0  754.713  0  754.713
3.846e+13  0  1282  -2477.1  0  0  -2477.1  0  -2477.1  754.216  0  0  754.216  0  754.216
3.8469e+13  0  1282.3  -2476.03  0  0  -2476.03  0  -2476.03  753.719  0  0  753.719  0  753.719
3.8478e+13  0  1282.6  -2474.97  0  0  -2474.97  0  -2474.97  753.222  0  0  753.222  0  753.222
3.8487e+13  0  1282.9  -2473.91  0  0  -2473.91  0  -2473.91  752.726  0  0  752.726  0  752.726
3.8496e+13  0  1283.2  -2472.84  0  0  -2472.84  0  -2472.84  752.231  0  0  752.231  0  752.231
3.8505e+13  0  1283.5  -2471.78  0  0  -2471.78  0  -2471.78  751.736  0  0  751.736  0  751.736
3.8514e+13  0  1283.8  -2470.72  0  0  -2470.72  0  -2470.72  751.241  0  0  751.241  0  751.241
3.8523e+13  0  1284.1  -2469.66  0  0  -2469.66  0  -2469.66  750.746  0  0  750.746  0  750.746
3.8532e+13  0  1284.4  -2468.6  0  0  -2468.6  0  -2468.6  750.252  0  0  750.252  0  750.252
3.8541e+13  0  1284.7  -2467.54  0  0  -2467.54  0  -2467.54  749.759  0  0  749.759  0  749.759
3.855e+13  0  1285  -2466.48  0  0  -2466.48  0  -2466.48  749.266  0  0  749.266  0  749.266
3.8559e+13  0  1285.3  -2465.42  0  0  -2465.42  0  -2465.42  748.773  0  0  748.773  0  748.773
3.8568e+13  0  1285.6  -2464.37  0  0  -2464.37  0  -2464.37  748.281  0  0  748.281  0  748.281
3.8577e+13  0  1285.9  -2463.31  0  0  -2463.31  0  -2463.31  747.789  0  0  747.789  0  747.789
3.8586e+13  0  1286.2  -2462.25  0  0  -2462.25  0  -2462.25  747.298  0  0  747.298  0  747.298
3.8595e+13  0  1286.5  -2461.2  0  0  -2461.2  0  -2461.2  746.807  0  0  746.807  0  746.807
3.8604e+13  0  1286.8  -2460.14  0  0  -2460.14  0  -2460.14  746.317  0  0  746.317  0  746.317
3.8613e+13  0  1287.1  -2459.09  0  0  -2459.09  0  -2459.09  745.826  0  0  745.826  0  745.826
3.8622e+13  0  1287.4  -2458.04  0  0  -2458.04  0  -2458.04  745.337  0  0  745.337  0  745.337
3.8631e+13  0  1287.7  -2456.98  0  0  -2456.98  0  -2456.98  744.848  0  0  744.848  0  744.848
3.864e+13  0  1288  -2455.93  0  0  -2455.93  0  -2455.93  744.359  0  0  744.359  0  744.359
3.8649e+13  0  1288.3  -2454.88  0  0  -2454.88  0  -2454.88  743.87  0  0  743.87  0  743.87
3.8658e+13  0  1288.6  -2453.83  0  0  -2453.83  0  -2453.83  743.382  0  0  743.382  0  743.382
3.8667e+13  0  1288.9  -2452.78  0  0  -2452.78  0  -2452.78  742.895  0  0  742.895  0  742.895
3.8676e+13  0  1289.2  -2451.73  0  0  -2451.73  0  -2451.73  742.408  0  0  742.408  0  742.408
3.8685e+13  0  1289.5  -2450.68  0  0  -2450.68  0  -2450.68  741.921  0  0  741.921  0  741.921
3.8694e+13  0  1289.8  -2449.63  0  0  -2449.63  0  -2449.63  741.435  0  0  741.435  0  741.435
3.8703e+13  0  1290.1  -2448.59  0  0  -2448.59  0  -2448.59  740.949  0  0  740.949  0  740.949
3.8712e+13  0  1290.4  -2447.54  0  0  -2447.54  0  -2447.54  740.464  0  0  740.464  0  740.464
3.8721e+13  0  1290.7  -2446.49  0  0  -2446.49  0  -2446.49  739.979  0  0  739.979  0  739.979
3.873e+13  0  1291  -2445.45  0  0  -2445.45  0  -2445.45  739.494  0  0  739.494  0  739.494
3.8739e+13  0  1291.3  -2444.4  0  0  -2444.4  0  -2444.4  739.01  0  0  739.01  0  739.01
3.8748e+13  0  1291.6  -2443.36  0  0  -2443.36  0  -2443.36  738.526  0  0  738.526  0  738.526
3.8757e+13  0  1291.9  -2442.32  0  0  -2442.32  0  -2442.32  738.043  0  0  738.043  0  738.043
3.8766e+13  0  1292.2  -2441.27  0  0  -2441.27  0  -2441.27  737.56  0  0  737.56  0  737.56
3.8775e+13  0  1292.5  -2440.23  0  0  -2440.23  0  -2440.23  737.077  0  0  737.077  0  737.077
3.8784e+13  0  1292.8  -2439.19  0  0  -2439.19  0  -2439.19  736.595  0  0  736.595  0  736.595
3.8793e+13  0  1293.1  -2438.15  0  0  -2438.15  0  -2438.15  736.114  0  0  736.114  0  736.114
3.8802e+13  0  1293.4  -2437.11  0  0  -2437.11  0  -2437.11  735.633  0  0  735.633  0  735.633
3.8811e+13  0  1293.7  -2436.07  0  0  -2436.07  0  -2436.07  735.152  0  0  735.152  0  735.152
3.882e+13  0  1294  -2435.03  0  0  -2435.03  0  -2435.03  734.671  0  0  734.671  0  734.671
3.8829e+13  0  1294.3  -2433.99  0  0  -2433.99  0  -2433.99  734.191  0  0  734.191  0  734.191
3.8838e+13  0  1294.6  -2432.95  0  0  -2432.95  0  -2432.95  733.712  0  0  733.712  0  733.712
3.8847e+13  0  1294.9  -2431.92  0  0  -2431.92  0  -2431.92  733.233  0  0  733.233  0  733.233
3.8856e+13  0  1295.2  -2430.88  0  0  -2430.88  0  -2430.88  732.754  0  0  732.754  0  732.754
3.8865e+13  0  1295.5  -2429.84  0  0  -2429.84  0  -2429.84  732.275  0  0  732.275  0  732.275
3.8874e+13  0  1295.8  -2428.81  0  0  -2428.81  0  -2428.81  731.798  0  0  731.798  0  731.798
3.8883e+13  0  1296.1  -2427.77  0  0  -2427.77  0  -2427.77  731.32  0  0  731.32  0  731.32
3.8892e+13  0  1296.4  -2426.74  0  0  -2426.74  0  -2426.74  730.843  0  0  730.843  0  730.843
3.8901e+13  0  1296.7  -2425.71  0  0  -2425.71  0  -2425.71  730.366  0  0  730.366  0  730.366
3.891e+13  0  1297  -2424.67  0  0  -2424.67  0  -2424.67  729.89  0  0  729.89  0  729.89
3.8919e+13  0  1297.3  -2423.64  0  0  -2423.64  0  -2423.64  729.414  0  0  729.414  0  729.414
3.8928e+13  0  1297.6  -2422.61  0  0  -2422.61  0  -2422.61  728.939  0  0  728.939  0  728.939
3.8937e+13  0  1297.9  -2421.58  0  0  -2421.58  0  -2421.58  728.464  0  0  728.464  0  728.464
3.8946e+13  0  1298.2  -2420.55  0  0  -2420.55  0  -2420.55  727.989  0  0  727.989  0  727.989
3.8955e+13  0  1298.5  -2419.52  0  0  -2419.52  0  -2419.52  727.515  0  0  727.515  0  727.515
3.8964e+13  0  1298.8  -2418.49  0  0  -2418.49  0  -2418.49  727.041  0  0  727.041  0  727.041
3.8973e+13  0  1299.1  -2417.46  0  0  -2417.46  0  -2417.46  726.568  0  0  726.568  0  726.568
3.8982e+13  0  1299.4  -2416.44  0  0  -2416.44  0  -2416.44  726.095  0  0  726.095  0  726.095
3.8991e+13  0  1299.7  -2415.41  0  0  -2415.41  0  -2415.41  725.622  0  0  725.622  0  725.622
3.9e+13  0  1300  -2414.38  0  0  -2414.38  0  -2414.38  725.15  0  0  725.15  0  725.15
3.9009e+13  0  1300.3  -2413.36  0  0  -2413.36  0  -2413.36  724.678  0  0  724.678  0  724.678
3.9018e+13  0  1300.6  -2412.33  0  0  -2412.33  0  -2412.33  724.207  0  0  724.207  0  724.207
3.9027e+13  0  1300.9  -2411.31  0  0  -2411.31  0  -2411.31  723.736  0  0  723.736  0  723.736
3.9036e+13  0  1301.2  -2410.29  0  0  -2410.29  0  -2410.29  723.265  0  0  723.265  0  723.265
3.9045e+13  0  1301.5  -2409.26  0  0  -2409.26  0  -2409.26  722.795  0  0  722.795  0  722.795
3.9054e+13  0  1301.8  -2408.24  0  0  -2408.24  0  -2408.24  722.325  0  0  722.325  0  722.325
3.9063e+13  0  1302.1  -2407.22  0  0  -2407.22  0  -2407.22  721.856  0  0  721.856  0  721.856
3.9072e+13  0  1302.4  -2406.2  0  0  -2406.2  0  -2406.2  721.387  0  0  721.387  0  721.387
3.9081e+13  0  1302.7  -2405.18  0  0  -2405.18  0  -2405.18  720.918  0  0  720.918  0  720.918
3.909e+13  0  1303  -2404.16  0  0  -2404.16  0  -2404.16  720.45  0  0  720.45  0  720.45
3.9099e+13  0  1303.3  -2403.14  0  0  -2403.14  0  -2403.14  719.983  0  0  719.983  0  719.983
3.9108e+13  0  1303.6  -2402.12  0  0  -2402.12  0  -2402.12  719.515  0  0  719.515  0  719.515
3.9117e+13  0  1303.9  -2401.1  0  0  -2401.1  0  -2401.1  719.048  0  0  719.048  0  719.048
3.9126e+13  0  1304.2  -2400.08  0  0  -2400.08  0  -2400.08  718.582  0  0  718.582  0  718.582
3.9135e+13  0  1304.5  -2399.07  0  0  -2399.07  0  -2399.07  718.116  0  0  718.116  0  718.116
3.9144e+13  0  1304.8  -2398.05  0  0  -2398.05  0  -2398.05  717.65  0  0  717.65  0  717.65
3.9153e+13  0  1305.1  -2397.03  0  0  -2397.03  0  -2397.03  717.184  0  0  717.184  0  717.184
3.9162e+13  0  1305.4  -2396.02  0  0  -2396.02  0  -2396.02  716.72  0  0  716.72  0  716.72
3.9171e+13  0  1305.7  -2395.01  0  0  -2395.01  0  -2395.01  716.255  0  0  716.255  0  716.255
3.918e+13  0  1306  -2393.99  0  0  -2393.99  0  -2393.99  715.791  0  0  715.791  0  715.791
3.9189e+13  0  1306.3  -2392.98  0  0  -2392.98  0  -2392.98  715.327  0  0  715.327  0  715.327
3.9198e+13  0  1306.6  -2391.97  0  0  -2391.97  0  -2391.97  714.864  0  0  714.864  0  714.864
3.9207e+13  0  1306.9  -2390.95  0  0  -2390.95  0  -2390.95  714.401  0  0  714.401  0  714.401
3.9216e+13  0  1307.2  -2389.94  0  0  -2389.94  0  -2389.94  713.938  0  0  713.938  0  713.938
3.9225e+13  0  1307.5  -2388.93  0  0  -2388.93  0  -2388.93  713.476  0  0  713.476  0  713.476
3.9234e+13  0  1307.8  -2387.92  0  0  -2387.92  0  -2387.92  713.014  0  0  713.014  0  713.014
3.9243e+13  0  1308.1  -2386.91  0  0  -2386.91  0  -2386.91  712.553  0  0  712.553  0  712.553
3.9252e+13  0  1308.4  -2385.9  0  0  -2385.9  0  -2385.9  712.092  0  0  712.092  0  712.092
3.9261e+13  0  1308.7  -2384.9  0  0  -2384.9  0  -2384.9  711.631  0  0  711.631  0  711.631
3.927e+13  0  1309  -2383.89  0  0  -2383.89  0  -2383.89  711.171  0  0  711.171  0  711.171
3.9279e+13  0  1309.3  -2382.88  0  0  -2382.88  0  -2382.88  710.712  0  0  710.712  0  710.712
3.9288e+13  0  1309.6  -2381.88  0  0  -2381.88  0  -2381.88  710.252  0  0  710.252  0  710.252
3.9297e+13  0  1309.9  -2380.87  0  0  -2380.87  0  -2380.87  709.793  0  0  709.793  0  709.793
3.9306e+13  0  1310.2  -2379.87  0  0  -2379.87  0  -2379.87  709.335  0  0  709.335  0  709.335
3.9315e+13  0  1310.5  -2378.86  0  0  -2378.86  0  -2378.86  708.876  0  0  708.876  0  708.876
3.9324e+13  0  1310.8  -2377.86  0  0  -2377.86  0  -2377.86  708.418  0  0  708.418  0  708.418
3.9333e+13  0  1311.1  -2376.85  0  0  -2376.85  0  -2376.85  707.961  0  0  707.961  0  707.961
3.9342e+13  0  1311.4  -2375.85  0  0  -2375.85  0  -2375.85  707.504  0  0  707.504  0  707.504
3.9351e+13  0  1311.7  -2374.85  0  0  -2374.85  0  -2374.85  707.047  0  0  707.047  0  707.047
3.936e+13  0  1312  -2373.85  0  0  -2373.85  0  -2373.85  706.591  0  0  706.591  0  706.591
3.9369e+13  0  1312.3  -2372.85  0  0  -2372.85  0  -2372.85  706.135  0  0  706.135  0  706.135
3.9378e+13  0  1312.6  -2371.85  0  0  -2371.85  0  -2371.85  705.68  0  0  705.68  0  705.68
3.9387e+13  0  1312.9  -2370.85  0  0  -2370.85  0  -2370.85  705.225  0  0  705.225  0  705.225
3.9396e+13  0  1313.2  -2369.85  0  0  -2369.85  0  -2369.85  704.77  0  0  704.77  0  704.77
3.9405e+13  0  1313.5  -2368.85  0  0  -2368.85  0  -2368.85  704.316  0  0  704.316  0  704.316
3.9414e+13  0  1313.8  -2367.85  0  0  -2367.85  0  -2367.85  703.862  0  0  703.862  0  703.862
3.9423e+13  0  1314.1  -2366.86  0  0  -2366.86  0  -2366.86  703.408  0  0  703.408  0  703.408
3.9432e+13  0  1314.4  -2365.86  0  0  -2365.86  0  -2365.86  702.955  0  0  702.955  0  702.955
3.9441e+13  0  1314.7  -2364.86  0  0  -2364.86  0  -2364.86  702.502  0  0  702.502  0  702.502
3.945e+13  0  1315  -2363.87  0  0  -2363.87  0  -2363.87  702.05  0  0  702.05  0  702.05
3.9459e+13  0  1315.3  -2362.88  0  0  -2362.88  0  -2362.88  701.598  0  0  701.598  0  701.598
3.9468e+13  0  1315.6  -2361.88  0  0  -2361.88  0  -2361.88  701.146  0  0  701.146  0  701.146
3.9477e+13  0  1315.9  -2360.89  0  0  -2360.89  0  -2360.89  700.695  0  0  700.695  0  700.695
3.9486e+13  0  1316.2  -2359.89  0  0  -2359.89  0  -2359.89  700.244  0  0  700.244  0  700.244
3.9495e+13  0  1316.5  -2358.9  0  0  -2358.9  0  -2358.9  699.794  0  0  699.794  0  699.794
3.9504e+13  0  1316.8  -2357.91  0  0  -2357.91  0  -2357.91  699.344  0  0  699.344  0  699.344
3.9513e+13  0  1317.1  -2356.92  0  0  -2356.92  0  -2356.92  698.894  0  0  698.894  0  698.894
3.9522e+13  0  1317.4  -2355.93  0  0  -2355.93  0  -2355.93  698.445  0  0  698.445  0  698.445
3.9531e+13  0  1317.7  -2354.94  0  0  -2354.94  0  -2354.94  697.996  0  0  697.996  0  697.996
3.954e+13  0  1318  -2353.95  0  0  -2353.95  0  -2353.95  697.547  0  0  697.547  0  697.547
3.9549e+13  0  1318.3  -2352.96  0  0  -2352.96  0  -2352.96  697.099  0  0  697.099  0  697.099
3.9558e+13  0  1318.6  -2351.97  0  0  -2351.97  0  -2351.97  696.651  0  0  696.651  0  696.651
3.9567e+13  0  1318.9  -2350.99  0  0  -2350.99  0  -2350.99  696.204  0  0  696.204  0  696.204
3.9576e+13  0  1319.2  -2350  0  0  -2350  0  -2350  695.757  0  0  695.757  0  695.757
3.9585e+13  0  1319.5  -2349.01  0  0  -2349.01  0  -2349.01  695.31  0  0  695.31  0  695.31
3.9594e+13  0  1319.8  -2348.03  0  0  -2348.03  0  -2348.03  694.864  0  0  694.864  0  694.864
3.9603e+13  0  1320.1  -2347.04  0  0  -2347.04  0  -2347.04  694.418  0  0  694.418  0  694.418
3.9612e+13  0  1320.4  -2346.06  0  0  -2346.06  0  -2346.06  693.972  0  0  693.972  0  693.972
3.9621e+13  0  1320.7  -2345.08  0  0  -2345.08  0  -2345.08  693.527  0  0  693.527  0  693.527
3.963e+13  0  1321  -2344.09  0  0  -2344.09  0  -2344.09  693.082  0  0  693.082  0  693.082
3.9639e+13  0  1321.3  -2343.11  0  0  -2343.11  0  -2343.11  692.638  0  0  692.638  0  692.638
3.9648e+13  0  1321.6  -2342.13  0  0  -2342.13  0  -2342.13  692.194  0  0  692.194  0  692.194
3.9657e+13  0  1321.9  -2341.15  0  0  -2341.15  0  -2341.15  691.75  0  0  691.75  0  691.75
3.9666e+13  0  1322.2  -2340.17  0  0  -2340.17  0  -2340.17  691.307  0  0  691.307  0  691.307
3.9675e+13  0  1322.5  -2339.19  0  0  -2339.19  0  -2339.19  690.864  0  0  690.864  0  690.864
3.9684e+13  0  1322.8  -2338.21  0  0  -2338.21  0  -2338.21  690.422  0  0  690.422  0  690.422
3.9693e+13  0  1323.1  -2337.23  0  0  -2337.23  0  -2337.23  689.98  0  0  689.98  0  689.98
3.9702e+13  0  1323.4  -2336.25  0  0  -2336.25  0  -2336.25  689.538  0  0  689.538  0  689.538
3.9711e+13  0  1323.7  -2335.27  0  0  -2335.27  0  -2335.27  689.097  0  0  689.097  0  689.097
3.972e+13  0  1324  -2334.3  0  0  -2334.3  0  -2334.3  688.656  0  0  688.656  0  688.656
3.9729e+13  0  1324.3  -2333.32  0  0  -2333.32  0  -2333.32  688.215  0  0  688.215  0  688.215
3.9738e+13  0  1324.6  -2332.34  0  0  -2332.34  0  -2332.34  687.775  0  0  687.775  0  687.775
3.9747e+13  0  1324.9  -2331.37  0  0  -2331.37  0  -2331.37  687.335  0  0  687.335  0  687.335
3.9756e+13  0  1325.2  -2330.39  0  0  -2330.39  0  -2330.39  686.895  0  0  686.895  0  686.895
3.9765e+13  0  1325.5  -2329.42  0  0  -2329.42  0  -2329.42  686.456  0  0  686.456  0  686.456
3.9774e+13  0  1325.8  -2328.45  0  0  -2328.45  0  -2328.45  686.017  0  0  686.017  0  686.017
3.9783e+13  0  1326.1  -2327.47  0  0  -2327.47  0  -2327.47  685.579  0  0  685.579  0  685.579
3.9792e+13  0  1326.4  -2326.5  0  0  -2326.5  0  -2326.5  685.141  0  0  685.141  0  685.141
3.9801e+13  0  1326.7  -2325.53  0  0  -2325.53  0  -2325.53  684.703  0  0  684.703  0  684.703
3.981e+13  0  1327  -2324.56  0  0  -2324.56  0  -2324.56  684.266  0  0  684.266  0  684.266
3.9819e+13  0  1327.3  -2323.59  0  0  -2323.59  0  -2323.59  683.829  0  0  683.829  0  683.829
3.9828e+13  0  1327.6  -2322.62  0  0  -2322.62  0  -2322.62  683.393  0  0  683.393  0  683.393
3.9837e+13  0  1327.9  -2321.65  0  0  -2321.65  0  -2321.65  682.956  0  0  682.956  0  682.956
3.9846e+13  0  1328.2  -2320.68  0  0  -2320.68  0  -2320.68  682.521  0  0  682.521  0  682.521
3.9855e+13  0  1328.5  -2319.71  0  0  -2319.71  0  -2319.71  682.085  0  0  682.085  0  682.085
3.9864e+13  0  1328.8  -2318.74  0  0  -2318.74  0  -2318.74  681.65  0  0  681.65  0  681.65
3.9873e+13  0  1329.1  -2317.78  0  0  -2317.78  0  -2317.78  681.215  0  0  681.215  0  681.215
3.9882e+13  0  1329.4  -2316.81  0  0  -2316.81  0  -2316.81  680.781  0  0  680.781  0  680.781
3.9891e+13  0  1329.7  -2315.84  0  0  -2315.84  0  -2315.84  680.347  0  0  680.347  0  680.347
3.99e+13  0  1330  -2314.88  0  0  -2314.88  0  -2314.88  679.913  0  0  679.913  0  679.913
3.9909e+13  0  1330.3  -2313.91  0  0  -2313.91  0  -2313.91  679.48  0  0  679.48  0  679.48
3.9918e+13  0  1330.6  -2312.95  0  0  -2312.95  0  -2312.95  679.047  0  0  679.047  0  679.047
3.9927e+13  0  1330.9  -2311.99  0  0  -2311.99  0  -2311.99  678.615  0  0  678.615  0  678.615
3.9936e+13  0  1331.2  -2311.02  0  0  -2311.02  0  -2311.02  678.183  0  0  678.183  0  678.183
3.9945e+13  0  1331.5  -2310.06  0  0  -2310.06  0  -2310.06  677.751  0  0  677.751  0  677.751
3.9954e+13  0  1331.8  -2309.1  0  0  -2309.1  0  -2309.1  677.32  0  0  677.32  0  677.32
3.9963e+13  0  1332.1  -2308.14  0  0  -2308.14  0  -2308.14  676.888  0  0  676.888  0  676.888
3.9972e+13  0  1332.4  -2307.18  0  0  -2307.18  0  -2307.18  676.458  0  0  676.458  0  676.458
3.9981e+13  0  1332.7  -2306.22  0  0  -2306.22  0  -2306.22  676.027  0  0  676.027  0  676.027
3.999e+13  0  1333  -2305.26  0  0  -2305.26  0  -2305.26  675.597  0  0  675.597  0  675.597
3.9999e+13  0  1333.3  -2304.3  0  0  -2304.3  0  -2304.3  675.168  0  0  675.168  0  675.168
4.0008e+13  0  1333.6  -2303.34  0  0  -2303.34  0  -2303.34  674.739  0  0  674.739  0  674.739
4.0017e+13  0  1333.9  -2302.38  0  0  -2302.38  0  -2302.38  674.31  0  0  674.31  0  674.31
4.0026e+13  0  1334.2  -2301.42  0  0  -2301.42  0  -2301.42  673.881  0  0  673.881  0  673.881
4.0035e+13  0  1334.5  -2300.47  0  0  -2300.47  0  -2300.47  673.453  0  0  673.453  0  673.453
4.0044e+13  0  1334.8  -2299.51  0  0  -2299.51  0  -2299.51  673.025  0  0  673.025  0  673.025
4.0053e+13  0  1335.1  -2298.56  0  0  -2298.56  0  -2298.56  672.598  0  0  672.598  0  672.598
4.0062e+13  0  1335.4  -2297.6  0  0  -2297.6  0  -2297.6  672.171  0  0  672.171  0  672.171
4.0071e+13  0  1335.7  -2296.65  0  0  -2296.65  0  -2296.65  671.744  0  0  671.744  0  671.744
4.008e+13  0  1336  -2295.69  0  0  -2295.69  0  -2295.69  671.318  0  0  671.318  0  671.318
4.0089e+13  0  1336.3  -2294.74  0  0  -2294.74  0  -2294.74  670.892  0  0  670.892  0  670.892
4.0098e+13  0  1336.6  -2293.79  0  0  -2293.79  0  -2293.79  670.466  0  0  670.466  0  670.466
4.0107e+13  0  1336.9  -2292.84  0  0  -2292.84  0  -2292.84  670.041  0  0  670.041  0  670.041
4.0116e+13  0  1337.2  -2291.89  0  0  -2291.89  0  -2291.89  669.616  0  0  669.616  0  669.616
4.0125e+13  0  1337.5  -2290.93  0  0  -2290.93  0  -2290.93  669.191  0  0  669.191  0  669.191
4.0134e+13  0  1337.8  -2289.98  0  0  -2289.98  0  -2289.98  668.767  0  0  668.767  0  668.767
4.0143e+13  0  1338.1  -2289.03  0  0  -2289.03  0  -2289.03  668.343  0  0  668.343  0  668.343
4.0152e+13  0  1338.4  -2288.09  0  0  -2288.09  0  -2288.09  667.92  0  0  667.92  0  667.92
4.0161e+13  0  1338.7  -2287.14  0  0  -2287.14  0  -2287.14  667.497  0  0  667.497  0  667.497
4.017e+13  0  1339  -2286.19  0  0  -2286.19  0  -2286.19  667.074  0  0  667.074  0  667.074
4.0179e+13  0  1339.3  -2285.24  0  0  -2285.24  0  -2285.24  666.651  0  0  666.651  0  666.651
4.0188e+13  0  1339.6  -2284.29  0  0  -2284.29  0  -2284.29  666.229  0  0  666.229  0  666.229
4.0197e+13  0  1339.9  -2283.35  0  0  -2283.35  0  -2283.35  665.807  0  0  665.807  0  665.807
4.0206e+13  0  1340.2  -2282.4  0  0  -2282.4  0  -2282.4  665.386  0  0  665.386  0  665.386
4.0215e+13  0  1340.5  -2281.46  0  0  -2281.46  0  -2281.46  664.965  0  0  664.965  0  664.965
4.0224e+13  0  1340.8  -2280.51  0  0  -2280.51  0  -2280.51  664.544  0  0  664.544  0  664.544
4.0233e+13  0  1341.1  -2279.57  0  0  -2279.57  0  -2279.57  664.124  0  0  664.124  0  664.124
4.0242e+13  0  1341.4  -2278.63  0  0  -2278.63  0  -2278.63  663.704  0  0  663.704  0  663.704
4.0251e+13  0  1341.7  -2277.68  0  0  -2277.68  0  -2277.68  663.284  0  0  663.284  0  663.284
4.026e+13  0  1342  -2276.74  0  0  -2276.74  0  -2276.74  662.865  0  0  662.865  0  662.865
4.0269e+13  0  1342.3  -2275.8  0  0  -2275.8  0  -2275.8  662.446  0  0  662.446  0  662.446
4.0278e+13  0  1342.6  -2274.86  0  0  -2274.86  0  -2274.86  662.028  0  0  662.028  0  662.028
4.0287e+13  0  1342.9  -2273.92  0  0  -2273.92  0  -2273.92  661.609  0  0  661.609  0  661.609
4.0296e+13  0  1343.2  -2272.98  0  0  -2272.98  0  -2272.98  661.192  0  0  661.192  0  661.192
4.0305e+13  0  1343.5  -2272.04  0  0  -2272.04  0  -2272.04  660.774  0  0  660.774  0  660.774
4.0314e+13  0  1343.8  -2271.1  0  0  -2271.1  0  -2271.1  660.357  0  0  660.357  0  660.357
4.0323e+13  0  1344.1  -2270.16  0  0  -2270.16  0  -2270.16  659.94  0  0  659.94  0  659.94
4.0332e+13  0  1344.4  -2269.22  0  0  -2269.22  0  -2269.22  659.524  0  0  659.524  0  659.524
4.0341e+13  0  1344.7  -2268.29  0  0  -2268.29  0  -2268.29  659.108  0  0  659.108  0  659.108
4.035e+13  0  1345  -2267.35  0  0  -2267.35  0  -2267.35  658.692  0  0  658.692  0  658.692
4.0359e+13  0  1345.3  -2266.41  0  0  -2266.41  0  -2266.41  658.276  0  0  658.276  0  658.276
4.0368e+13  0  1345.6  -2265.48  0  0  -2265.48  0  -2265.48  657.861  0  0  657.861  0  657.861
4.0377e+13  0  1345.9  -2264.54  0  0  -2264.54  0  -2264.54  657.447  0  0  657.447  0  657.447
4.0386e+13  0  1346.2  -2263.61  0  0  -2263.61  0  -2263.61  657.032  0  0  657.032  0  657.032
4.0395e+13  0  1346.5  -2262.68  0  0  -2262.68  0  -2262.68  656.618  0  0  656.618  0  656.618
4.0404e+13  0  1346.8  -2261.74  0  0  -2261.74  0  -2261.74  656.204  0  0  656.204  0  656.204
4.0413e+13  0  1347.1  -2260.81  0  0  -2260.81  0  -2260.81  655.791  0  0  655.791  0  655.791
4.0422e+13  0  1347.4  -2259.88  0  0  -2259.88  0  -2259.88  655.378  0  0  655.378  0  655.378
4.0431e+13  0  1347.7  -2258.95  0  0  -2258.95  0  -2258.95  654.965  0  0  654.965  0  654.965
4.044e+13  0  1348  -2258.02  0  0  -2258.02  0  -2258.02  654.553  0  0  654.553  0  654.553
4.0449e+13  0  1348.3  -2257.08  0  0  -2257.08  0  -2257.08  654.141  0  0  654.141  0  654.141
4.0458e+13  0  1348.6  -2256.15  0  0  -2256.15  0  -2256.15  653.729  0  0  653.729  0  653.729
4.0467e+13  0  1348.9  -2255.23  0  0  -2255.23  0  -2255.23  653.318  0  0  653.318  0  653.318
4.0476e+13  0  1349.2  -2254.3  0  0  -2254.3  0  -2254.3  652.907  0  0  652.907  0  652.907
4.0485e+13  0  1349.5  -2253.37  0  0  -2253.37  0  -2253.37  652.497  0  0  652.497  0  652.497
4.0494e+13  0  1349.8  -2252.44  0  0  -2252.44  0  -2252.44  652.086  0  0  652.086  0  652.086
4.0503e+13  0  1350.1  -2251.51  0  0  -2251.51  0  -2251.51  651.676  0  0  651.676  0  651.676
4.0512e+13  0  1350.4  -2250.59  0  0  -2250.59  0  -2250.59  651.267  0  0  651.267  0  651.267
4.0521e+13  0  1350.7  -2249.66  0  0  -2249.66  0  -2249.66  650.858  0  0  650.858  0  650.858
4.053e+13  0  1351  -2248.74  0  0  -2248.74  0  -2248.74  650.449  0  0  650.449  0  650.449
4.0539e+13  0  1351.3  -2247.81  0  0  -2247.81  0  -2247.81  650.04  0  0  650.04  0  650.04
4.0548e+13  0  1351.6  -2246.89  0  0  -2246.89  0  -2246.89  649.632  0  0  649.632  0  649.632
4.0557e+13  0  1351.9  -2245.96  0  0  -2245.96  0  -2245.96  649.224  0  0  649.224  0  649.224
4.0566e+13  0  1352.2  -2245.04  0  0  -2245.04  0  -2245.04  648.817  0  0  648.817  0  648.817
4.0575e+13  0  1352.5  -2244.12  0  0  -2244.12  0  -2244.12  648.409  0  0  648.409  0  648.409
4.0584e+13  0  1352.8  -2243.2  0  0  -2243.2  0  -2243.2  648.002  0  0  648.002  0  648.002
4.0593e+13  0  1353.1  -2242.27  0  0  -2242.27  0  -2242.27  647.596  0  0  647.596  0  647.596
4.0602e+13  0  1353.4  -2241.35  0  0  -2241.35  0  -2241.35  647.19  0  0  647.19  0  647.19
4.0611e+13  0  1353.7  -2240.43  0  0  -2240.43  0  -2240.43  646.784  0  0  646.784  0  646.784
4.062e+13  0  1354  -2239.51  0  0  -2239.51  0  -2239.51  646.378  0  0  646.378  0  646.378
4.0629e+13  0  1354.3  -2238.59  0  0  -2238.59  0  -2238.59  645.973  0  0  645.973  0  645.973
4.0638e+13  0  1354.6  -2237.67  0  0  -2237.67  0  -2237.67  645.568  0  0  645.568  0  645.568
4.0647e+13  0  1354.9  -2236.76  0  0  -2236.76  0  -2236.76  645.164  0  0  645.164  0  645.164
4.0656e+13  0  1355.2  -2235.84  0  0  -2235.84  0  -2235.84  644.76  0  0  644.76  0  644.76
4.0665e+13  0  1355.5  -2234.92  0  0  -2234.92  0  -2234.92  644.356  0  0  644.356  0  644.356
4.0674e+13  0  1355.8  -2234  0  0  -2234  0  -2234  643.952  0  0  643.952  0  643.952
4.0683e+13  0  1356.1  -2233.09  0  0  -2233.09  0  -2233.09  643.549  0  0  643.549  0  643.549
4.0692e+13  0  1356.4  -2232.17  0  0  -2232.17  0  -2232.17  643.146  0  0  643.146  0  643.146
4.0701e+13  0  1356.7  -2231.26  0  0  -2231.26  0  -2231.26  642.744  0  0  642.744  0  642.744
4.071e+13  0  1357  -2230.34  0  0  -2230.34  0  -2230.34  642.342  0  0  642.342  0  642.342
4.0719e+13  0  1357.3  -2229.43  0  0  -2229.43  0  -2229.43  641.94  0  0  641.94  0  641.94
4.0728e+13  0  1357.6  -2228.52  0  0  -2228.52  0  -2228.52  641.538  0  0  641.538  0  641.538
4.0737e+13  0  1357.9  -2227.6  0  0  -2227.6  0  -2227.6  641.137  0  0  641.137  0  641.137
4.0746e+13  0  1358.2  -2226.69  0  0  -2226.69  0  -2226.69  640.736  0  0  640.736  0  640.736
4.0755e+13  0  1358.5  -2225.78  0  0  -2225.78  0  -2225.78  640.336  0  0  640.336  0  640.336
4.0764e+13  0  1358.8  -2224.87  0  0  -2224.87  0  -2224.87  639.936  0  0  639.936  0  639.936
4.0773e+13  0  1359.1  -2223.96  0  0  -2223.96  0  -2223.96  639.536  0  0  639.536  0  639.536
4.0782e+13  0  1359.4  -2223.05  0  0  -2223.05  0  -2223.05  639.136  0  0  639.136  0  639.136
4.0791e+13  0  1359.7  -2222.14  0  0  -2222.14  0  -2222.14  638.737  0  0  638.737  0  638.737
4.08e+13  0  1360  -2221.23  0  0  -2221.23  0  -2221.23  638.338  0  0  638.338  0  638.338
4.0809e+13  0  1360.3  -2220.32  0  0  -2220.32  0  -2220.32  637.94  0  0  637.94  0  637.94
4.0818e+13  0  1360.6  -2219.41  0  0  -2219.41  0  -2219.41  637.542  0  0  637.542  0  637.542
4.0827e+13  0  1360.9  -2218.51  0  0  -2218.51  0  -2218.51  637.144  0  0  637.144  0  637.144
4.0836e+13  0  1361.2  -2217.6  0  0  -2217.6  0  -2217.6  636.746  0  0  636.746  0  636.746
4.0845e+13  0  1361.5  -2216.69  0  0  -2216.69  0  -2216.69  636.349  0  0  636.349  0  636.349
4.0854e+13  0  1361.8  -2215.79  0  0  -2215.79  0  -2215.79  635.952  0  0  635.952  0  635.952
4.0863e+13  0  1362.1  -2214.88  0  0  -2214.88  0  -2214.88  635.556  0  0  635.556  0  635.556
4.0872e+13  0  1362.4  -2213.98  0  0  -2213.98  0  -2213.98  635.16  0  0  635.16  0  635.16
4.0881e+13  0  1362.7  -2213.07  0  0  -2213.07  0  -2213.07  634.764  0  0  634.764  0  634.764
4.089e+13  0  1363  -2212.17  0  0  -2212.17  0  -2212.17  634.368  0  0  634.368  0  634.368
4.0899e+13  0  1363.3  -2211.27  0  0  -2211.27  0  -2211.27  633.973  0  0  633.973  0  633.973
4.0908e+13  0  1363.6  -2210.36  0  0  -2210.36  0  -2210.36  633.578  0  0  633.578  0  633.578
4.0917e+13  0  1363.9  -2209.46  0  0  -2209.46  0  -2209.46  633.183  0  0  633.183  0  633.183
4.0926e+13  0  1364.2  -2208.56  0  0  -2208.56  0  -2208.56  632.789  0  0  632.789  0  632.789
4.0935e+13  0  1364.5  -2207.66  0  0  -2207.66  0  -2207.66  632.395  0  0  632.395  0  632.395
4.0944e+13  0  1364.8  -2206.76  0  0  -2206.76  0  -2206.76  632.002  0  0  632.002  0  632.002
4.0953e+13  0  1365.1  -2205.86  0  0  -2205.86  0  -2205.86  631.608  0  0  631.608  0  631.608
4.0962e+13  0  1365.4  -2204.96  0  0  -2204.96  0  -2204.96  631.215  0  0  631.215  0  631.215
4.0971e+13  0  1365.7  -2204.06  0  0  -2204.06  0  -2204.06  630.823  0  0  630.823  0  630.823
4.098e+13  0  1366  -2203.16  0  0  -2203.16  0  -2203.16  630.43  0  0  630.43  0  630.43
4.0989e+13  0  1366.3  -2202.27  0  0  -2202.27  0  -2202.27  630.038  0  0  630.038  0  630.038
4.0998e+13  0  1366.6  -2201.37  0  0  -2201.37  0  -2201.37  629.647  0  0  629.647  0  629.647
4.1007e+13  0  1366.9  -2200.47  0  0  -2200.47  0  -2200.47  629.255  0  0  629.255  0  629.255
4.1016e+13  0  1367.2  -2199.58  0  0  -2199.58  0  -2199.58  628.864  0  0  628.864  0  628.864
4.1025e+13  0  1367.5  -2198.68  0  0  -2198.68  0  -2198.68  628.474  0  0  628.474  0  628.474
4.1034e+13  0  1367.8  -2197.79  0  0  -2197.79  0  -2197.79  628.083  0  0  628.083  0  628.083
4.1043e+13  0  1368.1  -2196.89  0  0  -2196.89  0  -2196.89  627.693  0  0  627.693  0  627.693
4.1052e+13  0  1368.4  -2196  0  0  -2196  0  -2196  627.304  0  0  627.304  0  627.304
4.1061e+13  0  1368.7  -2195.1  0  0  -2195.1  0  -2195.1  626.914  0  0  626.914  0  626.914
4.107e+13  0  1369  -2194.21  0  0  -2194.21  0  -2194.21  626.525  0  0  626.525  0  626.525
4.1079e+13  0  1369.3  -2193.32  0  0  -2193.32  0  -2193.32  626.136  0  0  626.136  0  626.136
4.1088e+13  0  1369.6  -2192.43  0  0  -2192.43  0  -2192.43  625.748  0  0  625.748  0  625.748
4.1097e+13  0  1369.9  -2191.54  0  0  -2191.54  0  -2191.54  625.36  0  0  625.36  0  625.36
4.1106e+13  0  1370.2  -2190.64  0  0  -2190.64  0  -2190.64  624.972  0  0  624.972  0  624.972
4.1115e+13  0  1370.5  -2189.75  0  0  -2189.75  0  -2189.75  624.584  0  0  624.584  0  624.584
4.1124e+13  0  1370.8  -2188.86  0  0  -2188.86  0  -2188.86  624.197  0  0  624.197  0  624.197
4.1133e+13  0  1371.1  -2187.98  0  0  -2187.98  0  -2187.98  623.81  0  0  623.81  0  623.81
4.1142e+13  0  1371.4  -2187.09  0  0  -2187.09  0  -2187.09  623.424  0  0  623.424  0  623.424
4.1151e+13  0  1371.7  -2186.2  0  0  -2186.2  0  -2186.2  623.038  0  0  623.038  0  623.038
4.116e+13  0  1372  -2185.31  0  0  -2185.31  0  -2185.31  622.652  0  0  622.652  0  622.652
4.1169e+13  0  1372.3  -2184.42  0  0  -2184.42  0  -2184.42  622.266  0  0  622.266  0  622.266
4.1178e+13  0  1372.6  -2183.54  0  0  -2183.54  0  -2183.54  621.881  0  0  621.881  0  621.881
4.1187e+13  0  1372.9  -2182.65  0  0  -2182.65  0  -2182.65  621.496  0  0  621.496  0  621.496
4.1196e+13  0  1373.2  -2181.77  0  0  -2181.77  0  -2181.77  621.111  0  0  621.111  0  621.111
4.1205e+13  0  1373.5  -2180.88  0  0  -2180.88  0  -2180.88  620.727  0  0  620.727  0  620.727
4.1214e+13  0  1373.8  -2180  0  0  -2180  0  -2180  620.343  0  0  620.343  0  620.343
4.1223e+13  0  1374.1  -2179.11  0  0  -2179.11  0  -2179.11  619.959  0  0  619.959  0  619.959
4.1232e+13  0  1374.4  -2178.23  0  0  -2178.23  0  -2178.23  619.576  0  0  619.576  0  619.576
4.1241e+13  0  1374.7  -2177.35  0  0  -2177.35  0  -2177.35  619.193  0  0  619.193  0  619.193
4.125e+13  0  1375  -2176.46  0  0  -2176.46  0  -2176.46  618.81  0  0  618.81  0  618.81
4.1259e+13  0  1375.3  -2175.58  0  0  -2175.58  0  -2175.58  618.428  0  0  618.428  0  618.428
4.1268e+13  0  1375.6  -2174.7  0  0  -2174.7  0  -2174.7  618.045  0  0  618.045  0  618.045
4.1277e+13  0  1375.9  -2173.82  0  0  -2173.82  0  -2173.82  617.664  0  0  617.664  0  617.664
4.1286e+13  0  1376.2  -2172.94  0  0  -2172.94  0  -2172.94  617.282  0  0  617.282  0  617.282
4.1295e+13  0  1376.5  -2172.06  0  0  -2172.06  0  -2172.06  616.901  0  0  616.901  0  616.901
4.1304e+13  0  1376.8  -2171.18  0  0  -2171.18  0  -2171.18  616.52  0  0  616.52  0  616.52
4.1313e+13  0  1377.1  -2170.3  0  0  -2170.3  0  -2170.3  616.139  0  0  616.139  0  616.139
4.1322e+13  0  1377.4  -2169.42  0  0  -2169.42  0  -2169.42  615.759  0  0  615.759  0  615.759
4.1331e+13  0  1377.7  -2168.55  0  0  -2168.55  0  -2168.55  615.379  0  0  615.379  0  615.379
4.134e+13  0  1378  -2167.67  0  0  -2167.67  0  -2167.67  615  0  0  615  0  615
4.1349e+13  0  1378.3  -2166.79  0  0  -2166.79  0  -2166.79  614.62  0  0  614.62  0  614.62
4.1358e+13  0  1378.6  -2165.92  0  0  -2165.92  0  -2165.92  614.241  0  0  614.241  0  614.241
4.1367e+13  0  1378.9  -2165.04  0  0  -2165.04  0  -2165.04  613.863  0  0  613.863  0  613.863
4.1376e+13  0  1379.2  -2164.17  0  0  -2164.17  0  -2164.17  613.484  0  0  613.484  0  613.484
4.1385e+13  0  1379.5  -2163.29  0  0  -2163.29  0  -2163.29  613.106  0  0  613.106  0  613.106
4.1394e+13  0  1379.8  -2162.42  0  0  -2162.42  0  -2162.42  612.728  0  0  612.728  0  612.728
4.1403e+13  0  1380.1  -2161.54  0  0  -2161.54  0  -2161.54  612.351  0  0  612.351  0  612.351
4.1412e+13  0  1380.4  -2160.67  0  0  -2160.67  0  -2160.67  611.974  0  0  611.974  0  611.974
4.1421e+13  0  1380.7  -2159.8  0  0  -2159.8  0  -2159.8  611.597  0  0  611.597  0  611.597
4.143e+13  0  1381  -2158.93  0  0  -2158.93  0  -2158.93  611.22  0  0  611.22  0  611.22
4.1439e+13  0  1381.3  -2158.05  0  0  -2158.05  0  -2158.05  610.844  0  0  610.844  0  610.844
4.1448e+13  0  1381.6  -2157.18  0  0  -2157.18  0  -2157.18  610.468  0  0  610.468  0  610.468
4.1457e+13  0  1381.9  -2156.31  0  0  -2156.31  0  -2156.31  610.093  0  0  610.093  0  610.093
4.1466e+13  0  1382.2  -2155.44  0  0  -2155.44  0  -2155.44  609.717  0  0  609.717  0  609.717
4.1475e+13  0  1382.5  -2154.57  0  0  -2154.57  0  -2154.57  609.342  0  0  609.342  0  609.342
4.1484e+13  0  1382.8  -2153.7  0  0  -2153.7  0  -2153.7  608.967  0  0  608.967  0  608.967
4.1493e+13  0  1383.1  -2152.84  0  0  -2152.84  0  -2152.84  608.593  0  0  608.593  0  608.593
4.1502e+13  0  1383.4  -2151.97  0  0  -2151.97  0  -2151.97  608.219  0  0  608.219  0  608.219
4.1511e+13  0  1383.7  -2151.1  0  0  -2151.1  0  -2151.1  607.845  0  0  607.845  0  607.845
4.152e+13  0  1384  -2150.23  0  0  -2150.23  0  -2150.23  607.472  0  0  607.472  0  607.472
4.1529e+13  0  1384.3  -2149.37  0  0  -2149.37  0  -2149.37  607.099  0  0  607.099  0  607.099
4.1538e+13  0  1384.6  -2148.5  0  0  -2148.5  0  -2148.5  606.726  0  0  606.726  0  606.726
4.1547e+13  0  1384.9  -2147.64  0  0  -2147.64  0  -2147.64  606.353  0  0  606.353  0  606.353
4.1556e+13  0  1385.2  -2146.77  0  0  -2146.77  0  -2146.77  605.981  0  0  605.981  0  605.981
4.1565e+13  0  1385.5  -2145.91  0  0  -2145.91  0  -2145.91  605.609  0  0  605.609  0  605.609
4.1574e+13  0  1385.8  -2145.04  0  0  -2145.04  0  -2145.04  605.237  0  0  605.237  0  605.237
4.1583e+13  0  1386.1  -2144.18  0  0  -2144.18  0  -2144.18  604.866  0  0  604.866  0  604.866
4.1592e+13  0  1386.4  -2143.32  0  0  -2143.32  0  -2143.32  604.495  0  0  604.495  0  604.495
4.1601e+13  0  1386.7  -2142.45  0  0  -2142.45  0  -2142.45  604.124  0  0  604.124  0  604.124
4.161e+13  0  1387  -2141.59  0  0  -2141.59  0  -2141.59  603.754  0  0  603.754  0  603.754
4.1619e+13  0  1387.3  -2140.73  0  0  -2140.73  0  -2140.73  603.383  0  0  603.383  0  603.383
4.1628e+13  0  1387.6  -2139.87  0  0  -2139.87  0  -2139.87  603.014  0  0  603.014  0  603.014
4.1637e+13  0  1387.9  -2139.01  0  0  -2139.01  0  -2139.01  602.644  0  0  602.644  0  602.644
4.1646e+13  0  1388.2  -2138.15  0  0  -2138.15  0  -2138.15  602.275  0  0  602.275  0  602.275
4.1655e+13  0  1388.5  -2137.29  0  0  -2137.29  0  -2137.29  601.906  0  0  601.906  0  601.906
4.1664e+13  0  1388.8  -2136.43  0  0  -2136.43  0  -2136.43  601.537  0  0  601.537  0  601.537
4.1673e+13  0  1389.1  -2135.57  0  0  -2135.57  0  -2135.57  601.169  0  0  601.169  0  601.169
4.1682e+13  0  1389.4  -2134.72  0  0  -2134.72  0  -2134.72  600.801  0  0  600.801  0  600.801
4.1691e+13  0  1389.7  -2133.86  0  0  -2133.86  0  -2133.86  600.433  0  0  600.433  0  600.433
4.17e+13  0  1390  -2133  0  0  -2133  0  -2133  600.066  0  0  600.066  0  600.066
4.1709e+13  0  1390.3  -2132.15  0  0  -2132.15  0  -2132.15  599.698  0  0  599.698  0  599.698
4.1718e+13  0  1390.6  -2131.29  0  0  -2131.29  0  -2131.29  599.331  0  0  599.331  0  599.331
4.1727e+13  0  1390.9  -2130.43  0  0  -2130.43  0  -2130.43  598.965  0  0  598.965  0  598.965
4.1736e+13  0  1391.2  -2129.58  0  0  -2129.58  0  -2129.58  598.599  0  0  598.599  0  598.599
4.1745e+13  0  1391.5  -2128.73  0  0  -2128.73  0  -2128.73  598.233  0  0  598.233  0  598.233
4.1754e+13  0  1391.8  -2127.87  0  0  -2127.87  0  -2127.87  597.867  0  0  597.867  0  597.867
4.1763e+13  0  1392.1  -2127.02  0  0  -2127.02  0  -2127.02  597.502  0  0  597.502  0  597.502
4.1772e+13  0  1392.4  -2126.17  0  0  -2126.17  0  -2126.17  597.137  0  0  597.137  0  597.137
4.1781e+13  0  1392.7  -2125.31  0  0  -2125.31  0  -2125.31  596.772  0  0  596.772  0  596.772
4.179e+13  0  1393  -2124.46  0  0  -2124.46  0  -2124.46  596.407  0  0  596.407  0  596.407
4.1799e+13  0  1393.3  -2123.61  0  0  -2123.61  0  -2123.61  596.043  0  0  596.043  0  596.043
4.1808e+13  0  1393.6  -2122.76  0  0  -2122.76  0  -2122.76  595.679  0  0  595.679  0  595.679
4.1817e+13  0  1393.9  -2121.91  0  0  -2121.91  0  -2121.91  595.316  0  0  595.316  0  595.316
4.1826e+13  0  1394.2  -2121.06  0  0  -2121.06  0  -2121.06  594.952  0  0  594.952  0  594.952
4.1835e+13  0  1394.5  -2120.21  0  0  -2120.21  0  -2120.21  594.589  0  0  594.589  0  594.589
4.1844e+13  0  1394.8  -2119.36  0  0  -2119.36  0  -2119.36  594.227  0  0  594.227  0  594.227
4.1853e+13  0  1395.1  -2118.51  0  0  -2118.51  0  -2118.51  593.864  0  0  593.864  0  593.864
4.1862e+13  0  1395.4  -2117.66  0  0  -2117.66  0  -2117.66  593.502  0  0  593.502  0  593.502
4.1871e+13  0  1395.7  -2116.82  0  0  -2116.82  0  -2116.82  593.14  0  0  593.14  0  593.14
4.188e+13  0  1396  -2115.97  0  0  -2115.97  0  -2115.97  592.779  0  0  592.779  0  592.779
4.1889e+13  0  1396.3  -2115.12  0  0  -2115.12  0  -2115.12  592.417  0  0  592.417  0  592.417
4.1898e+13  0  1396.6  -2114.28  0  0  -2114.28  0  -2114.28  592.056  0  0  592.056  0  592.056
4.1907e+13  0  1396.9  -2113.43  0  0  -2113.43  0  -2113.43  591.696  0  0  591.696  0  591.696
4.1916e+13  0  1397.2  -2112.59  0  0  -2112.59  0  -2112.59  591.335  0  0  591.335  0  591.335
4.1925e+13  0  1397.5  -2111.74  0  0  -2111.74  0  -2111.74  590.975  0  0  590.975  0  590.975
4.1934e+13  0  1397.8  -2110.9  0  0  -2110.9  0  -2110.9  590.615  0  0  590.615  0  590.615
4.1943e+13  0  1398.1  -2110.06  0  0  -2110.06  0  -2110.06  590.256  0  0  590.256  0  590.256
4.1952e+13  0  1398.4  -2109.21  0  0  -2109.21  0  -2109.21  589.897  0  0  589.897  0  589.897
4.1961e+13  0  1398.7  -2108.37  0  0  -2108.37  0  -2108.37  589.538  0  0  589.538  0  589.538
4.197e+13  0  1399  -2107.53  0  0  -2107.53  0  -2107.53  589.179  0  0  589.179  0  589.179
4.1979e+13  0  1399.3  -2106.69  0  0  -2106.69  0  -2106.69  588.821  0  0  588.821  0  588.821
4.1988e+13  0  1399.6  -2105.85  0  0  -2105.85  0  -2105.85  588.463  0  0  588.463  0  588.463
4.1997e+13  0  1399.9  -2105.01  0  0  -2105.01  0  -2105.01  588.105  0  0  588.105  0  588.105
4.2006e+13  0  1400.2  -2104.17  0  0  -2104.17  0  -2104.17  587.747  0  0  587.747  0  587.747
4.2015e+13  0  1400.5  -2103.33  0  0  -2103.33  0  -2103.33  587.39  0  0  587.39  0  587.39
4.2024e+13  0  1400.8  -2102.49  0  0  -2102.49  0  -2102.49  587.033  0  0  587.033  0  587.033
4.2033e+13  0  1401.1  -2101.65  0  0  -2101.65  0  -2101.65  586.677  0  0  586.677  0  586.677
4.2042e+13  0  1401.4  -2100.81  0  0  -2100.81  0  -2100.81  586.32  0  0  586.32  0  586.32
4.2051e+13  0  1401.7  -2099.97  0  0  -2099.97  0  -2099.97  585.964  0  0  585.964  0  585.964
4.206e+13  0  1402  -2099.14  0  0  -2099.14  0  -2099.14  585.608  0  0  585.608  0  585.608
4.2069e+13  0  1402.3  -2098.3  0  0  -2098.3  0  -2098.3  585.253  0  0  585.253  0  585.253
4.2078e+13  0  1402.6  -2097.46  0  0  -2097.46  0  -2097.46  584.898  0  0  584.898  0  584.898
4.2087e+13  0  1402.9  -2096.63  0  0  -2096.63  0  -2096.63  584.543  0  0  584.543  0  584.543
4.2096e+13  0  1403.2  -2095.79  0  0  -2095.79  0  -2095.79  584.188  0  0  584.188  0  584.188
4.2105e+13  0  1403.5  -2094.96  0  0  -2094.96  0  -2094.96  583.834  0  0  583.834  0  583.834
4.2114e+13  0  1403.8  -2094.13  0  0  -2094.13  0  -2094.13  583.48  0  0  583.48  0  583.48
4.2123e+13  0  1404.1  -2093.29  0  0  -2093.29  0  -2093.29  583.126  0  0  583.126  0  583.126
4.2132e+13  0  1404.4  -2092.46  0  0  -2092.46  0  -2092.46  582.773  0  0  582.773  0  582.773
4.2141e+13  0  1404.7  -2091.63  0  0  -2091.63  0  -2091.63  582.419  0  0  582.419  0  582.419
4.215e+13  0  1405  -2090.79  0  0  -2090.79  0  -2090.79  582.067  0  0  582.067  0  582.067
4.2159e+13  0  1405.3  -2089.96  0  0  -2089.96  0  -2089.96  581.714  0  0  581.714  0  581.714
4.2168e+13  0  1405.6  -2089.13  0  0  -2089.13  0  -2089.13  581.362  0  0  581.362  0  581.362
4.2177e+13  0  1405.9  -2088.3  0  0  -2088.3  0  -2088.3  581.009  0  0  581.009  0  581.009
4.2186e+13  0  1406.2  -2087.47  0  0  -2087.47  0  -2087.47  580.658  0  0  580.658  0  580.658
4.2195e+13  0  1406.5  -2086.64  0  0  -2086.64  0  -2086.64  580.306  0  0  580.306  0  580.306
4.2204e+13  0  1406.8  -2085.81  0  0  -2085.81  0  -2085.81  579.955  0  0  579.955  0  579.955
4.2213e+13  0  1407.1  -2084.98  0  0  -2084.98  0  -2084.98  579.604  0  0  579.604  0  579.604
4.2222e+13  0  1407.4  -2084.15  0  0  -2084.15  0  -2084.15  579.253  0  0  579.253  0  579.253
4.2231e+13  0  1407.7  -2083.33  0  0  -2083.33  0  -2083.33  578.903  0  0  578.903  0  578.903
4.224e+13  0  1408  -2082.5  0  0  -2082.5  0  -2082.5  578.553  0  0  578.553  0  578.553
4.2249e+13  0  1408.3  -2081.67  0  0  -2081.67  0  -2081.67  578.203  0  0  578.203  0  578.203
4.2258e+13  0  1408.6  -2080.85  0  0  -2080.85  0  -2080.85  577.854  0  0  577.854  0  577.854
4.2267e+13  0  1408.9  -2080.02  0  0  -2080.02  0  -2080.02  577.504  0  0  577.504  0  577.504
4.2276e+13  0  1409.2  -2079.19  0  0  -2079.19  0  -2079.19  577.155  0  0  577.155  0  577.155
4.2285e+13  0  1409.5  -2078.37  0  0  -2078.37  0  -2078.37  576.807  0  0  576.807  0  576.807
4.2294e+13  0  1409.8  -2077.54  0  0  -2077.54  0  -2077.54  576.458  0  0  576.458  0  576.458
4.2303e+13  0  1410.1  -2076.72  0  0  -2076.72  0  -2076.72  576.11  0  0  576.11  0  576.11
4.2312e+13  0  1410.4  -2075.9  0  0  -2075.9  0  -2075.9  575.762  0  0  575.762  0  575.762
4.2321e+13  0  1410.7  -2075.07  0  0  -2075.07  0  -2075.07  575.415  0  0  575.415  0  575.415
4.233e+13  0  1411  -2074.25  0  0  -2074.25  0  -2074.25  575.067  0  0  575.067  0  575.067
4.2339e+13  0  1411.3  -2073.43  0  0  -2073.43  0  -2073.43  574.72  0  0  574.72  0  574.72
4.2348e+13  0  1411.6  -2072.61  0  0  -2072.61  0  -2072.61  574.374  0  0  574.374  0  574.374
4.2357e+13  0  1411.9  -2071.79  0  0  -2071.79  0  -2071.79  574.027  0  0  574.027  0  574.027
4.2366e+13  0  1412.2  -2070.97  0  0  -2070.97  0  -2070.97  573.681  0  0  573.681  0  573.681
4.2375e+13  0  1412.5  -2070.15  0  0  -2070.15  0  -2070.15  573.335  0  0  573.335  0  573.335
4.2384e+13  0  1412.8  -2069.33  0  0  -2069.33  0  -2069.33  572.99  0  0  572.99  0  572.99
4.2393e+13  0  1413.1  -2068.51  0  0  -2068.51  0  -2068.51  572.644  0  0  572.644  0  572.644
4.2402e+13  0  1413.4  -2067.69  0  0  -2067.69  0  -2067.69  572.299  0  0  572.299  0  572.299
4.2411e+13  0  1413.7  -2066.87  0  0  -2066.87  0  -2066.87  571.954  0  0  571.954  0  571.954
4.242e+13  0  1414  -2066.05  0  0  -2066.05  0  -2066.05  571.61  0  0  571.61  0  571.61
4.2429e+13  0  1414.3  -2065.23  0  0  -2065.23  0  -2065.23  571.266  0  0  571.266  0  571.266
4.2438e+13  0  1414.6  -2064.42  0  0  -2064.42  0  -2064.42  570.922  0  0  570.922  0  570.922
4.2447e+13  0  1414.9  -2063.6  0  0  -2063.6  0  -2063.6  570.578  0  0  570.578  0  570.578
4.2456e+13  0  1415.2  -2062.78  0  0  -2062.78  0  -2062.78  570.234  0  0  570.234  0  570.234
4.2465e+13  0  1415.5  -2061.97  0  0  -2061.97  0  -2061.97  569.891  0  0  569.891  0  569.891
4.2474e+13  0  1415.8  -2061.15  0  0  -2061.15  0  -2061.15  569.548  0  0  569.548  0  569.548
4.2483e+13  0  1416.1  -2060.34  0  0  -2060.34  0  -2060.34  569.206  0  0  569.206  0  569.206
4.2492e+13  0  1416.4  -2059.53  0  0  -2059.53  0  -2059.53  568.863  0  0  568.863  0  568.863
4.2501e+13  0  1416.7  -2058.71  0  0  -2058.71  0  -2058.71  568.521  0  0  568.521  0  568.521
4.251e+13  0  1417  -2057.9  0  0  -2057.9  0  -2057.9  568.18  0  0  568.18  0  568.18
4.2519e+13  0  1417.3  -2057.09  0  0  -2057.09  0  -2057.09  567.838  0  0  567.838  0  567.838
4.2528e+13  0  1417.6  -2056.27  0  0  -2056.27  0  -2056.27  567.497  0  0  567.497  0  567.497
4.2537e+13  0  1417.9  -2055.46  0  0  -2055.46  0  -2055.46  567.156  0  0  567.156  0  567.156
4.2546e+13  0  1418.2  -2054.65  0  0  -2054.65  0  -2054.65  566.815  0  0  566.815  0  566.815
4.2555e+13  0  1418.5  -2053.84  0  0  -2053.84  0  -2053.84  566.475  0  0  566.475  0  566.475
4.2564e+13  0  1418.8  -2053.03  0  0  -2053.03  0  -2053.03  566.135  0  0  566.135  0  566.135
4.2573e+13  0  1419.1  -2052.22  0  0  -2052.22  0  -2052.22  565.795  0  0  565.795  0  565.795
4.2582e+13  0  1419.4  -2051.41  0  0  -2051.41  0  -2051.41  565.455  0  0  565.455  0  565.455
4.2591e+13  0  1419.7  -2050.6  0  0  -2050.6  0  -2050.6  565.116  0  0  565.116  0  565.116
4.26e+13  0  1420  -2049.79  0  0  -2049.79  0  -2049.79  564.777  0  0  564.777  0  564.777
4.2609e+13  0  1420.3  -2048.99  0  0  -2048.99  0  -2048.99  564.438  0  0  564.438  0  564.438
4.2618e+13  0  1420.6  -2048.18  0  0  -2048.18  0  -2048.18  564.099  0  0  564.099  0  564.099
4.2627e+13  0  1420.9  -2047.37  0  0  -2047.37  0  -2047.37  563.761  0  0  563.761  0  563.761
4.2636e+13  0  1421.2  -2046.56  0  0  -2046.56  0  -2046.56  563.423  0  0  563.423  0  563.423
4.2645e+13  0  1421.5  -2045.76  0  0  -2045.76  0  -2045.76  563.085  0  0  563.085  0  563.085
4.2654e+13  0  1421.8  -2044.95  0  0  -2044.95  0  -2044.95  562.748  0  0  562.748  0  562.748
4.2663e+13  0  1422.1  -2044.15  0  0  -2044.15  0  -2044.15  562.411  0  0  562.411  0  562.411
4.2672e+13  0  1422.4  -2043.34  0  0  -2043.34  0  -2043.34  562.074  0  0  562.074  0  562.074
4.2681e+13  0  1422.7  -2042.54  0  0  -2042.54  0  -2042.54  561.737  0  0  561.737  0  561.737
4.269e+13  0  1423  -2041.73  0  0  -2041.73  0  -2041.73  561.401  0  0  561.401  0  561.401
4.2699e+13  0  1423.3  -2040.93  0  0  -2040.93  0  -2040.93  561.065  0  0  561.065  0  561.065
4.2708e+13  0  1423.6  -2040.13  0  0  -2040.13  0  -2040.13  560.729  0  0  560.729  0  560.729
4.2717e+13  0  1423.9  -2039.33  0  0  -2039.33  0  -2039.33  560.393  0  0  560.393  0  560.393
4.2726e+13  0  1424.2  -2038.52  0  0  -2038.52  0  -2038.52  560.058  0  0  560.058  0  560.058
4.2735e+13  0  1424.5  -2037.72  0  0  -2037.72  0  -2037.72  559.723  0  0  559.723  0  559.723
4.2744e+13  0  1424.8  -2036.92  0  0  -2036.92  0  -2036.92  559.388  0  0  559.388  0  559.388
4.2753e+13  0  1425.1  -2036.12  0  0  -2036.12  0  -2036.12  559.054  0  0  559.054  0  559.054
4.2762e+13  0  1425.4  -2035.32  0  0  -2035.32  0  -2035.32  558.719  0  0  558.719  0  558.719
4.2771e+13  0  1425.7  -2034.52  0  0  -2034.52  0  -2034.52  558.385  0  0  558.385  0  558.385
4.278e+13  0  1426  -2033.72  0  0  -2033.72  0  -2033.72  558.052  0  0  558.052  0  558.052
4.2789e+13  0  1426.3  -2032.92  0  0  -2032.92  0  -2032.92  557.718  0  0  557.718  0  557.718
4.2798e+13  0  1426.6  -2032.12  0  0  -2032.12  0  -2032.12  557.385  0  0  557.385  0  557.385
4.2807e+13  0  1426.9  -2031.33  0  0  -2031.33  0  -2031.33  557.052  0  0  557.052  0  557.052
4.2816e+13  0  1427.2  -2030.53  0  0  -2030.53  0  -2030.53  556.719  0  0  556.719  0  556.719
4.2825e+13  0  1427.5  -2029.73  0  0  -2029.73  0  -2029.73  556.387  0  0  556.387  0  556.387
4.2834e+13  0  1427.8  -2028.94  0  0  -2028.94  0  -2028.94  556.055  0  0  556.055  0  556.055
4.2843e+13  0  1428.1  -2028.14  0  0  -2028.14  0  -2028.14  555.723  0  0  555.723  0  555.723
4.2852e+13  0  1428.4  -2027.34  0  0  -2027.34  0  -2027.34  555.391  0  0  555.391  0  555.391
4.2861e+13  0  1428.7  -2026.55  0  0  -2026.55  0  -2026.55  555.06  0  0  555.06  0  555.06
4.287e+13  0  1429  -2025.75  0  0  -2025.75  0  -2025.75  554.729  0  0  554.729  0  554.729
4.2879e+13  0  1429.3  -2024.96  0  0  -2024.96  0  -2024.96  554.398  0  0  554.398  0  554.398
4.2888e+13  0  1429.6  -2024.17  0  0  -2024.17  0  -2024.17  554.067  0  0  554.067  0  554.067
4.2897e+13  0  1429.9  -2023.37  0  0  -2023.37  0  -2023.37  553.737  0  0  553.737  0  553.737
4.2906e+13  0  1430.2  -2022.58  0  0  -2022.58  0  -2022.58  553.407  0  0  553.407  0  553.407
4.2915e+13  0  1430.5  -2021.79  0  0  -2021.79  0  -2021.79  553.077  0  0  553.077  0  553.077
4.2924e+13  0  1430.8  -2021  0  0  -2021  0  -2021  552.748  0  0  552.748  0  552.748
4.2933e+13  0  1431.1  -2020.21  0  0  -2020.21  0  -2020.21  552.419  0  0  552.419  0  552.419
4.2942e+13  0  1431.4  -2019.41  0  0  -2019.41  0  -2019.41  552.09  0  0  552.09  0  552.09
4.2951e+13  0  1431.7  -2018.62  0  0  -2018.62  0  -2018.62  551.761  0  0  551.761  0  551.761
4.296e+13  0  1432  -2017.83  0  0  -2017.83  0  -2017.83  551.432  0  0  551.432  0  551.432
4.2969e+13  0  1432.3  -2017.04  0  0  -2017.04  0  -2017.04  551.104  0  0  551.104  0  551.104
4.2978e+13  0  1432.6  -2016.25  0  0  -2016.25  0  -2016.25  550.776  0  0  550.776  0  550.776
4.2987e+13  0  1432.9  -2015.47  0  0  -2015.47  0  -2015.47  550.448  0  0  550.448  0  550.448
4.2996e+13  0  1433.2  -2014.68  0  0  -2014.68  0  -2014.68  550.121  0  0  550.121  0  550.121
4.3005e+13  0  1433.5  -2013.89  0  0  -2013.89  0  -2013.89  549.794  0  0  549.794  0  549.794
4.3014e+13  0  1433.8  -2013.1  0  0  -2013.1  0  -2013.1  549.467  0  0  549.467  0  549.467
4.3023e+13  0  1434.1  -2012.32  0  0  -2012.32  0  -2012.32  549.14  0  0  549.14  0  549.14
4.3032e+13  0  1434.4  -2011.53  0  0  -2011.53  0  -2011.53  548.814  0  0  548.814  0  548.814
4.3041e+13  0  1434.7  -2010.74  0  0  -2010.74  0  -2010.74  548.488  0  0  548.488  0  548.488
4.305e+13  0  1435  -2009.96  0  0  -2009.96  0  -2009.96  548.162  0  0  548.162  0  548.162
4.3059e+13  0  1435.3  -2009.17  0  0  -2009.17  0  -2009.17  547.836  0  0  547.836  0  547.836
4.3068e+13  0  1435.6  -2008.39  0  0  -2008.39  0  -2008.39  547.511  0  0  547.511  0  547.511
4.3077e+13  0  1435.9  -2007.6  0  0  -2007.6  0  -2007.6  547.186  0  0  547.186  0  547.186
4.3086e+13  0  1436.2  -2006.82  0  0  -2006.82  0  -2006.82  546.861  0  0  546.861  0  546.861
4.3095e+13  0  1436.5  -2006.04  0  0  -2006.04  0  -2006.04  546.536  0  0  546.536  0  546.536
4.3104e+13  0  1436.8  -2005.25  0  0  -2005.25  0  -2005.25  546.212  0  0  546.212  0  546.212
4.3113e+13  0  1437.1  -2004.47  0  0  -2004.47  0  -2004.47  545.888  0  0  545.888  0  545.888
4.3122e+13  0  1437.4  -2003.69  0  0  -2003.69  0  -2003.69  545.564  0  0  545.564  0  545.564
4.3131e+13  0  1437.7  -2002.91  0  0  -2002.91  0  -2002.91  545.24  0  0  545.24  0  545.24
4.314e+13  0  1438  -2002.13  0  0  -2002.13  0  -2002.13  544.917  0  0  544.917  0  544.917
4.3149e+13  0  1438.3  -2001.35  0  0  -2001.35  0  -2001.35  544.594  0  0  544.594  0  544.594
4.3158e+13  0  1438.6  -2000.56  0  0  -2000.56  0  -2000.56  544.271  0  0  544.271  0  544.271
4.3167e+13  0  1438.9  -1999.79  0  0  -1999.79  0  -1999.79  543.948  0  0  543.948  0  543.948
4.3176e+13  0  1439.2  -1999.01  0  0  -1999.01  0  -1999.01  543.626  0  0  543.626  0  543.626
4.3185e+13  0  1439.5  -1998.23  0  0  -1998.23  0  -1998.23  543.304  0  0  543.304  0  543.304
4.3194e+13  0  1439.8  -1997.45  0  0  -1997.45  0  -1997.45  542.982  0  0  542.982  0  542.982
4.3203e+13  0  1440.1  -1996.67  0  0  -1996.67  0  -1996.67  542.661  0  0  542.661  0  542.661
4.3212e+13  0  1440.4  -1995.89  0  0  -1995.89  0  -1995.89  542.339  0  0  542.339  0  542.339
4.3221e+13  0  1440.7  -1995.12  0  0  -1995.12  0  -1995.12  542.018  0  0  542.018  0  542.018
4.323e+13  0  1441  -1994.34  0  0  -1994.34  0  -1994.34  541.697  0  0  541.697  0  541.697
4.3239e+13  0  1441.3  -1993.56  0  0  -1993.56  0  -1993.56  541.377  0  0  541.377  0  541.377
4.3248e+13  0  1441.6  -1992.79  0  0  -1992.79  0  -1992.79  541.057  0  0  541.057  0  541.057
4.3257e+13  0  1441.9  -1992.01  0  0  -1992.01  0  -1992.01  540.737  0  0  540.737  0  540.737
4.3266e+13  0  1442.2  -1991.24  0  0  -1991.24  0  -1991.24  540.417  0  0  540.417  0  540.417
4.3275e+13  0  1442.5  -1990.46  0  0  -1990.46  0  -1990.46  540.097  0  0  540.097  0  540.097
4.3284e+13  0  1442.8  -1989.69  0  0  -1989.69  0  -1989.69  539.778  0  0  539.778  0  539.778
4.3293e+13  0  1443.1  -1988.91  0  0  -1988.91  0  -1988.91  539.459  0  0  539.459  0  539.459
4.3302e+13  0  1443.4  -1988.14  0  0  -1988.14  0  -1988.14  539.14  0  0  539.14  0  539.14
4.3311e+13  0  1443.7  -1987.37  0  0  -1987.37  0  -1987.37  538.822  0  0  538.822  0  538.822
4.332e+13  0  1444  -1986.6  0  0  -1986.6  0  -1986.6  538.503  0  0  538.503  0  538.503
4.3329e+13  0  1444.3  -1985.82  0  0  -1985.82  0  -1985.82  538.185  0  0  538.185  0  538.185
4.3338e+13  0  1444.6  -1985.05  0  0  -1985.05  0  -1985.05  537.867  0  0  537.867  0  537.867
4.3347e+13  0  1444.9  -1984.28  0  0  -1984.28  0  -1984.28  537.55  0  0  537.55  0  537.55
4.3356e+13  0  1445.2  -1983.51  0  0  -1983.51  0  -1983.51  537.233  0  0  537.233  0  537.233
4.3365e+13  0  1445.5  -1982.74  0  0  -1982.74  0  -1982.74  536.916  0  0  536.916  0  536.916
4.3374e+13  0  1445.8  -1981.97  0  0  -1981.97  0  -1981.97  536.599  0  0  536.599  0  536.599
4.3383e+13  0  1446.1  -1981.2  0  0  -1981.2  0  -1981.2  536.282  0  0  536.282  0  536.282
4.3392e+13  0  1446.4  -1980.43  0  0  -1980.43  0  -1980.43  535.966  0  0  535.966  0  535.966
4.3401e+13  0  1446.7  -1979.67  0  0  -1979.67  0  -1979.67  535.65  0  0  535.65  0  535.65
4.341e+13  0  1447  -1978.9  0  0  -1978.9  0  -1978.9  535.334  0  0  535.334  0  535.334
4.3419e+13  0  1447.3  -1978.13  0  0  -1978.13  0  -1978.13  535.018  0  0  535.018  0  535.018
4.3428e+13  0  1447.6  -1977.36  0  0  -1977.36  0  -1977.36  534.703  0  0  534.703  0  534.703
4.3437e+13  0  1447.9  -1976.6  0  0  -1976.6  0  -1976.6  534.388  0  0  534.388  0  534.388
4.3446e+13  0  1448.2  -1975.83  0  0  -1975.83  0  -1975.83  534.073  0  0  534.073  0  534.073
4.3455e+13  0  1448.5  -1975.06  0  0  -1975.06  0  -1975.06  533.759  0  0  533.759  0  533.759
4.3464e+13  0  1448.8  -1974.3  0  0  -1974.3  0  -1974.3  533.444  0  0  533.444  0  533.444
4.3473e+13  0  1449.1  -1973.53  0  0  -1973.53  0  -1973.53  533.13  0  0  533.13  0  533.13
4.3482e+13  0  1449.4  -1972.77  0  0  -1972.77  0  -1972.77  532.816  0  0  532.816  0  532.816
4.3491e+13  0  1449.7  -1972.01  0  0  -1972.01  0  -1972.01  532.503  0  0  532.503  0  532.503
4.35e+13  0  1450  -1971.24  0  0  -1971.24  0  -1971.24  532.189  0  0  532.189  0  532.189
4.3509e+13  0  1450.3  -1970.48  0  0  -1970.48  0  -1970.48  531.876  0  0  531.876  0  531.876
4.3518e+13  0  1450.6  -1969.72  0  0  -1969.72  0  -1969.72  531.564  0  0  531.564  0  531.564
4.3527e+13  0  1450.9  -1968.95  0  0  -1968.95  0  -1968.95  531.251  0  0  531.251  0  531.251
4.3536e+13  0  1451.2  -1968.19  0  0  -1968.19  0  -1968.19  530.939  0  0  530.939  0  530.939
4.3545e+13  0  1451.5  -1967.43  0  0  -1967.43  0  -1967.43  530.626  0  0  530.626  0  530.626
4.3554e+13  0  1451.8  -1966.67  0  0  -1966.67  0  -1966.67  530.315  0  0  530.315  0  530.315
4.3563e+13  0  1452.1  -1965.91  0  0  -1965.91  0  -1965.91  530.003  0  0  530.003  0  530.003
4.3572e+13  0  1452.4  -1965.15  0  0  -1965.15  0  -1965.15  529.691  0  0  529.691  0  529.691
4.3581e+13  0  1452.7  -1964.39  0  0  -1964.39  0  -1964.39  529.38  0  0  529.38  0  529.38
4.359e+13  0  1453  -1963.63  0  0  -1963.63  0  -1963.63  529.069  0  0  529.069  0  529.069
4.3599e+13  0  1453.3  -1962.87  0  0  -1962.87  0  -1962.87  528.759  0  0  528.759  0  528.759
4.3608e+13  0  1453.6  -1962.11  0  0  -1962.11  0  -1962.11  528.448  0  0  528.448  0  528.448
4.3617e+13  0  1453.9  -1961.35  0  0  -1961.35  0  -1961.35  528.138  0  0  528.138  0  528.138
4.3626e+13  0  1454.2  -1960.6  0  0  -1960.6  0  -1960.6  527.828  0  0  527.828  0  527.828
4.3635e+13  0  1454.5  -1959.84  0  0  -1959.84  0  -1959.84  527.519  0  0  527.519  0  527.519
4.3644e+13  0  1454.8  -1959.08  0  0  -1959.08  0  -1959.08  527.209  0  0  527.209  0  527.209
4.3653e+13  0  1455.1  -1958.33  0  0  -1958.33  0  -1958.33  526.9  0  0  526.9  0  526.9
4.3662e+13  0  1455.4  -1957.57  0  0  -1957.57  0  -1957.57  526.591  0  0  526.591  0  526.591
4.3671e+13  0  1455.7  -1956.82  0  0  -1956.82  0  -1956.82  526.282  0  0  526.282  0  526.282
4.368e+13  0  1456  -1956.06  0  0  -1956.06  0  -1956.06  525.974  0  0  525.974  0  525.974
4.3689e+13  0  1456.3  -1955.31  0  0  -1955.31  0  -1955.31  525.665  0  0  525.665  0  525.665
4.3698e+13  0  1456.6  -1954.55  0  0  -1954.55  0  -1954.55  525.357  0  0  525.357  0  525.357
4.3707e+13  0  1456.9  -1953.8  0  0  -1953.8  0  -1953.8  525.05  0  0  525.05  0  525.05
4.3716e+13  0  1457.2  -1953.04  0  0  -1953.04  0  -1953.04  524.742  0  0  524.742  0  524.742
4.3725e+13  0  1457.5  -1952.29  0  0  -1952.29  0  -1952.29  524.435  0  0  524.435  0  524.435
4.3734e+13  0  1457.8  -1951.54  0  0  -1951.54  0  -1951.54  524.128  0  0  524.128  0  524.128
4.3743e+13  0  1458.1  -1950.79  0  0  -1950.79  0  -1950.79  523.821  0  0  523.821  0  523.821
4.3752e+13  0  1458.4  -1950.04  0  0  -1950.04  0  -1950.04  523.514  0  0  523.514  0  523.514
4.3761e+13  0  1458.7  -1949.28  0  0  -1949.28  0  -1949.28  523.208  0  0  523.208  0  523.208
4.377e+13  0  1459  -1948.53  0  0  -1948.53  0  -1948.53  522.902  0  0  522.902  0  522.902
4.3779e+13  0  1459.3  -1947.78  0  0  -1947.78  0  -1947.78  522.596  0  0  522.596  0  522.596
4.3788e+13  0  1459.6  -1947.03  0  0  -1947.03  0  -1947.03  522.29  0  0  522.29  0  522.29
4.3797e+13  0  1459.9  -1946.28  0  0  -1946.28  0  -1946.28  521.985  0  0  521.985  0  521.985
4.3806e+13  0  1460.2  -1945.53  0  0  -1945.53  0  -1945.53  521.68  0  0  521.68  0  521.68
4.3815e+13  0  1460.5  -1944.79  0  0  -1944.79  0  -1944.79  521.375  0  0  521.375  0  521.375
4.3824e+13  0  1460.8  -1944.04  0  0  -1944.04  0  -1944.04  521.07  0  0  521.07  0  521.07
4.3833e+13  0  1461.1  -1943.29  0  0  -1943.29  0  -1943.29  520.766  0  0  520.766  0  520.766
4.3842e+13  0  1461.4  -1942.54  0  0  -1942.54  0  -1942.54  520.462  0  0  520.462  0  520.462
4.3851e+13  0  1461.7  -1941.8  0  0  -1941.8  0  -1941.8  520.158  0  0  520.158  0  520.158
4.386e+13  0  1462  -1941.05  0  0  -1941.05  0  -1941.05  519.854  0  0  519.854  0  519.854
4.3869e+13  0  1462.3  -1940.3  0  0  -1940.3  0  -1940.3  519.55  0  0  519.55  0  519.55
4.3878e+13  0  1462.6  -1939.56  0  0  -1939.56  0  -1939.56  519.247  0  0  519.247  0  519.247
4.3887e+13  0  1462.9  -1938.81  0  0  -1938.81  0  -1938.81  518.944  0  0  518.944  0  518.944
4.3896e+13  0  1463.2  -1938.07  0  0  -1938.07  0  -1938.07  518.641  0  0  518.641  0  518.641
4.3905e+13  0  1463.5  -1937.32  0  0  -1937.32  0  -1937.32  518.339  0  0  518.339  0  518.339
4.3914e+13  0  1463.8  -1936.58  0  0  -1936.58  0  -1936.58  518.036  0  0  518.036  0  518.036
4.3923e+13  0  1464.1  -1935.84  0  0  -1935.84  0  -1935.84  517.734  0  0  517.734  0  517.734
4.3932e+13  0  1464.4  -1935.09  0  0  -1935.09  0  -1935.09  517.432  0  0  517.432  0  517.432
4.3941e+13  0  1464.7  -1934.35  0  0  -1934.35  0  -1934.35  517.131  0  0  517.131  0  517.131
4.395e+13  0  1465  -1933.61  0  0  -1933.61  0  -1933.61  516.829  0  0  516.829  0  516.829
4.3959e+13  0  1465.3  -1932.86  0  0  -1932.86  0  -1932.86  516.528  0  0  516.528  0  516.528
4.3968e+13  0  1465.6  -1932.12  0  0  -1932.12  0  -1932.12  516.227  0  0  516.227  0  516.227
4.3977e+13  0  1465.9  -1931.38  0  0  -1931.38  0  -1931.38  515.927  0  0  515.927  0  515.927
4.3986e+13  0  1466.2  -1930.64  0  0  -1930.64  0  -1930.64  515.626  0  0  515.626  0  515.626
4.3995e+13  0  1466.5  -1929.9  0  0  -1929.9  0  -1929.9  515.326  0  0  515.326  0  515.326
4.4004e+13  0  1466.8  -1929.16  0  0  -1929.16  0  -1929.16  515.026  0  0  515.026  0  515.026
4.4013e+13  0  1467.1  -1928.42  0  0  -1928.42  0  -1928.42  514.726  0  0  514.726  0  514.726
4.4022e+13  0  1467.4  -1927.68  0  0  -1927.68  0  -1927.68  514.427  0  0  514.427  0  514.427
4.4031e+13  0  1467.7  -1926.94  0  0  -1926.94  0  -1926.94  514.127  0  0  514.127  0  514.127
4.404e+13  0  1468  -1926.21  0  0  -1926.21  0  -1926.21  513.828  0  0  513.828  0  513.828
4.4049e+13  0  1468.3  -1925.47  0  0  -1925.47  0  -1925.47  513.529  0  0  513.529  0  513.529
4.4058e+13  0  1468.6  -1924.73  0  0  -1924.73  0  -1924.73  513.231  0  0  513.231  0  513.231
4.4067e+13  0  1468.9  -1923.99  0  0  -1923.99  0  -1923.99  512.932  0  0  512.932  0  512.932
4.4076e+13  0  1469.2  -1923.26  0  0  -1923.26  0  -1923.26  512.634  0  0  512.634  0  512.634
4.4085e+13  0  1469.5  -1922.52  0  0  -1922.52  0  -1922.52  512.336  0  0  512.336  0  512.336
4.4094e+13  0  1469.8  -1921.79  0  0  -1921.79  0  -1921.79  512.039  0  0  512.039  0  512.039
4.4103e+13  0  1470.1  -1921.05  0  0  -1921.05  0  -1921.05  511.741  0  0  511.741  0  511.741
4.4112e+13  0  1470.4  -1920.32  0  0  -1920.32  0  -1920.32  511.444  0  0  511.444  0  511.444
4.4121e+13  0  1470.7  -1919.58  0  0  -1919.58  0  -1919.58  511.147  0  0  511.147  0  511.147
4.413e+13  0  1471  -1918.85  0  0  -1918.85  0  -1918.85  510.85  0  0  510.85  0  510.85
4.4139e+13  0  1471.3  -1918.11  0  0  -1918.11  0  -1918.11  510.554  0  0  510.554  0  510.554
4.4148e+13  0  1471.6  -1917.38  0  0  -1917.38  0  -1917.38  510.257  0  0  510.257  0  510.257
4.4157e+13  0  1471.9  -1916.65  0  0  -1916.65  0  -1916.65  509.961  0  0  509.961  0  509.961
4.4166e+13  0  1472.2  -1915.91  0  0  -1915.91  0  -1915.91  509.665  0  0  509.665  0  509.665
4.4175e+13  0  1472.5  -1915.18  0  0  -1915.18  0  -1915.18  509.37  0  0  509.37  0  509.37
4.4184e+13  0  1472.8  -1914.45  0  0  -1914.45  0  -1914.45  509.074  0  0  509.074  0  509.074
4.4193e+13  0  1473.1  -1913.72  0  0  -1913.72  0  -1913.72  508.779  0  0  508.779  0  508.779
4.4202e+13  0  1473.4  -1912.99  0  0  -1912.99  0  -1912.99  508.484  0  0  508.484  0  508.484
4.4211e+13  0  1473.7  -1912.26  0  0  -1912.26  0  -1912.26  508.19  0  0  508.19  0  508.19
4.422e+13  0  1474  -1911.53  0  0  -1911.53  0  -1911.53  507.895  0  0  507.895  0  507.895
4.4229e+13  0  1474.3  -1910.8  0  0  -1910.8  0  -1910.8  507.601  0  0  507.601  0  507.601
4.4238e+13  0  1474.6  -1910.07  0  0  -1910.07  0  -1910.07  507.307  0  0  507.307  0  507.307
4.4247e+13  0  1474.9  -1909.34  0  0  -1909.34  0  -1909.34  507.013  0  0  507.013  0  507.013
4.4256e+13  0  1475.2  -1908.61  0  0  -1908.61  0  -1908.61  506.719  0  0  506.719  0  506.719
4.4265e+13  0  1475.5  -1907.88  0  0  -1907.88  0  -1907.88  506.426  0  0  506.426  0  506.426
4.4274e+13  0  1475.8  -1907.16  0  0  -1907.16  0  -1907.16  506.133  0  0  506.133  0  506.133
4.4283e+13  0  1476.1  -1906.43  0  0  -1906.43  0  -1906.43  505.84  0  0  505.84  0  505.84
4.4292e+13  0  1476.4  -1905.7  0  0  -1905.7  0  -1905.7  505.547  0  0  505.547  0  505.547
4.4301e+13  0  1476.7  -1904.98  0  0  -1904.98  0  -1904.98  505.255  0  0  505.255  0  505.255
4.431e+13  0  1477  -1904.25  0  0  -1904.25  0  -1904.25  504.963  0  0  504.963  0  504.963
4.4319e+13  0  1477.3  -1903.53  0  0  -1903.53  0  -1903.53  504.671  0  0  504.671  0  504.671
4.4328e+13  0  1477.6  -1902.8  0  0  -1902.8  0  -1902.8  504.379  0  0  504.379  0  504.379
4.4337e+13  0  1477.9  -1902.08  0  0  -1902.08  0  -1902.08  504.087  0  0  504.087  0  504.087
4.4346e+13  0  1478.2  -1901.35  0  0  -1901.35  0  -1901.35  503.796  0  0  503.796  0  503.796
4.4355e+13  0  1478.5  -1900.63  0  0  -1900.63  0  -1900.63  503.505  0  0  503.505  0  503.505
4.4364e+13  0  1478.8  -1899.9  0  0  -1899.9  0  -1899.9  503.214  0  0  503.214  0  503.214
4.4373e+13  0  1479.1  -1899.18  0  0  -1899.18  0  -1899.18  502.923  0  0  502.923  0  502.923
4.4382e+13  0  1479.4  -1898.46  0  0  -1898.46  0  -1898.46  502.633  0  0  502.633  0  502.633
4.4391e+13  0  1479.7  -1897.74  0  0  -1897.74  0  -1897.74  502.343  0  0  502.343  0  502.343
4.44e+13  0  1480  -1897.01  0  0  -1897.01  0  -1897.01  502.053  0  0  502.053  0  502.053
4.4409e+13  0  1480.3  -1896.29  0  0  -1896.29  0  -1896.29  501.763  0  0  501.763  0  501.763
4.4418e+13  0  1480.6  -1895.57  0  0  -1895.57  0  -1895.57  501.473  0  0  501.473  0  501.473
4.4427e+13  0  1480.9  -1894.85  0  0  -1894.85  0  -1894.85  501.184  0  0  501.184  0  501.184
4.4436e+13  0  1481.2  -1894.13  0  0  -1894.13  0  -1894.13  500.895  0  0  500.895  0  500.895
4.4445e+13  0  1481.5  -1893.41  0  0  -1893.41  0  -1893.41  500.606  0  0  500.606  0  500.606
4.4454e+13  0  1481.8  -1892.69  0  0  -1892.69  0  -1892.69  500.317  0  0  500.317  0  500.317
4.4463e+13  0  1482.1  -1891.97  0  0  -1891.97  0  -1891.97  500.029  0  0  500.029  0  500.029
4.4472e+13  0  1482.4  -1891.25  0  0  -1891.25  0  -1891.25  499.741  0  0  499.741  0  499.741
4.4481e+13  0  1482.7  -1890.53  0  0  -1890.53  0  -1890.53  499.453  0  0  499.453  0  499.453
4.449e+13  0  1483  -1889.82  0  0  -1889.82  0  -1889.82  499.165  0  0  499.165  0  499.165
4.4499e+13  0  1483.3  -1889.1  0  0  -1889.1  0  -1889.1  498.877  0  0  498.877  0  498.877
4.4508e+13  0  1483.6  -1888.38  0  0  -1888.38  0  -1888.38  498.59  0  0  498.59  0  498.59
4.4517e+13  0  1483.9  -1887.67  0  0  -1887.67  0  -1887.67  498.303  0  0  498.303  0  498.303
4.4526e+13  0  1484.2  -1886.95  0  0  -1886.95  0  -1886.95  498.016  0  0  498.016  0  498.016
4.4535e+13  0  1484.5  -1886.23  0  0  -1886.23  0  -1886.23  497.729  0  0  497.729  0  497.729
4.4544e+13  0  1484.8  -1885.52  0  0  -1885.52  0  -1885.52  497.443  0  0  497.443  0  497.443
4.4553e+13  0  1485.1  -1884.8  0  0  -1884.8  0  -1884.8  497.157  0  0  497.157  0  497.157
4.4562e+13  0  1485.4  -1884.09  0  0  -1884.09  0  -1884.09  496.871  0  0  496.871  0  496.871
4.4571e+13  0  1485.7  -1883.37  0  0  -1883.37  0  -1883.37  496.585  0  0  496.585  0  496.585
4.458e+13  0  1486  -1882.66  0  0  -1882.66  0  -1882.66  496.299  0  0  496.299  0  496.299
4.4589e+13  0  1486.3  -1881.95  0  0  -1881.95  0  -1881.95  496.014  0  0  496.014  0  496.014
4.4598e+13  0  1486.6  -1881.23  0  0  -1881.23  0  -1881.23  495.729  0  0  495.729  0  495.729
4.4607e+13  0  1486.9  -1880.52  0  0  -1880.52  0  -1880.52  495.444  0  0  495.444  0  495.444
4.4616e+13  0  1487.2  -1879.81  0  0  -1879.81  0  -1879.81  495.159  0  0  495.159  0  495.159
4.4625e+13  0  1487.5  -1879.1  0  0  -1879.1  0  -1879.1  494.874  0  0  494.874  0  494.874
4.4634e+13  0  1487.8  -1878.38  0  0  -1878.38  0  -1878.38  494.59  0  0  494.59  0  494.59
4.4643e+13  0  1488.1  -1877.67  0  0  -1877.67  0  -1877.67  494.306  0  0  494.306  0  494.306
4.4652e+13  0  1488.4  -1876.96  0  0  -1876.96  0  -1876.96  494.022  0  0  494.022  0  494.022
4.4661e+13  0  1488.7  -1876.25  0  0  -1876.25  0  -1876.25  493.739  0  0  493.739  0  493.739
4.467e+13  0  1489  -1875.54  0  0  -1875.54  0  -1875.54  493.455  0  0  493.455  0  493.455
4.4679e+13  0  1489.3  -1874.83  0  0  -1874.83  0  -1874.83  493.172  0  0  493.172  0  493.172
4.4688e+13  0  1489.6  -1874.12  0  0  -1874.12  0  -1874.12  492.889  0  0  492.889  0  492.889
4.4697e+13  0  1489.9  -1873.41  0  0  -1873.41  0  -1873.41  492.606  0  0  492.606  0  492.606
4.4706e+13  0  1490.2  -1872.71  0  0  -1872.71  0  -1872.71  492.324  0  0  492.324  0  492.324
4.4715e+13  0  1490.5  -1872  0  0  -1872  0  -1872  492.041  0  0  492.041  0  492.041
4.4724e+13  0  1490.8  -1871.29  0  0  -1871.29  0  -1871.29  491.759  0  0  491.759  0  491.759
4.4733e+13  0  1491.1  -1870.58  0  0  -1870.58  0  -1870.58  491.477  0  0  491.477  0  491.477
4.4742e+13  0  1491.4  -1869.88  0  0  -1869.88  0  -1869.88  491.196  0  0  491.196  0  491.196
4.4751e+13  0  1491.7  -1869.17  0  0  -1869.17  0  -1869.17  490.914  0  0  490.914  0  490.914
4.476e+13  0  1492  -1868.46  0  0  -1868.46  0  -1868.46  490.633  0  0  490.633  0  490.633
4.4769e+13  0  1492.3  -1867.76  0  0  -1867.76  0  -1867.76  490.352  0  0  490.352  0  490.352
4.4778e+13  0  1492.6  -1867.05  0  0  -1867.05  0  -1867.05  490.071  0  0  490.071  0  490.071
4.4787e+13  0  1492.9  -1866.35  0  0  -1866.35  0  -1866.35  489.79  0  0  489.79  0  489.79
4.4796e+13  0  1493.2  -1865.64  0  0  -1865.64  0  -1865.64  489.51  0  0  489.51  0  489.51
4.4805e+13  0  1493.5  -1864.94  0  0  -1864.94  0  -1864.94  489.23  0  0  489.23  0  489.23
4.4814e+13  0  1493.8  -1864.24  0  0  -1864.24  0  -1864.24  488.95  0  0  488.95  0  488.95
4.4823e+13  0  1494.1  -1863.53  0  0  -1863.53  0  -1863.53  488.67  0  0  488.67  0  488.67
4.4832e+13  0  1494.4  -1862.83  0  0  -1862.83  0  -1862.83  488.391  0  0  488.391  0  488.391
4.4841e+13  0  1494.7  -1862.13  0  0  -1862.13  0  -1862.13  488.111  0  0  488.111  0  488.111
4.485e+13  0  1495  -1861.42  0  0  -1861.42  0  -1861.42  487.832  0  0  487.832  0  487.832
4.4859e+13  0  1495.3  -1860.72  0  0  -1860.72  0  -1860.72  487.553  0  0  487.553  0  487.553
4.4868e+13  0  1495.6  -1860.02  0  0  -1860.02  0  -1860.02  487.274  0  0  487.274  0  487.274
4.4877e+13  0  1495.9  -1859.32  0  0  -1859.32  0  -1859.32  486.996  0  0  486.996  0  486.996
4.4886e+13  0  1496.2  -1858.62  0  0  -1858.62  0  -1858.62  486.718  0  0  486.718  0  486.718
4.4895e+13  0  1496.5  -1857.92  0  0  -1857.92  0  -1857.92  486.44  0  0  486.44  0  486.44
4.4904e+13  0  1496.8  -1857.22  0  0  -1857.22  0  -1857.22  486.162  0  0  486.162  0  486.162
4.4913e+13  0  1497.1  -1856.52  0  0  -1856.52  0  -1856.52  485.884  0  0  485.884  0  485.884
4.4922e+13  0  1497.4  -1855.82  0  0  -1855.82  0  -1855.82  485.607  0  0  485.607  0  485.607
4.4931e+13  0  1497.7  -1855.12  0  0  -1855.12  0  -1855.12  485.329  0  0  485.329  0  485.329
4.494e+13  0  1498  -1854.42  0  0  -1854.42  0  -1854.42  485.052  0  0  485.052  0  485.052
4.4949e+13  0  1498.3  -1853.73  0  0  -1853.73  0  -1853.73  484.776  0  0  484.776  0  484.776
4.4958e+13  0  1498.6  -1853.03  0  0  -1853.03  0  -1853.03  484.499  0  0  484.499  0  484.499
4.4967e+13  0  1498.9  -1852.33  0  0  -1852.33  0  -1852.33  484.223  0  0  484.223  0  484.223
4.4976e+13  0  1499.2  -1851.63  0  0  -1851.63  0  -1851.63  483.946  0  0  483.946  0  483.946
4.4985e+13  0  1499.5  -1850.94  0  0  -1850.94  0  -1850.94  483.671  0  0  483.671  0  483.671
4.4994e+13  0  1499.8  -1850.24  0  0  -1850.24  0  -1850.24  483.395  0  0  483.395  0  483.395
4.5003e+13  0  1500.1  -1849.55  0  0  -1849.55  0  -1849.55  483.119  0  0  483.119  0  483.119
4.5012e+13  0  1500.4  -1848.85  0  0  -1848.85  0  -1848.85  482.844  0  0  482.844  0  482.844
4.5021e+13  0  1500.7  -1848.16  0  0  -1848.16  0  -1848.16  482.569  0  0  482.569  0  482.569
4.503e+13  0  1501  -1847.46  0  0  -1847.46  0  -1847.46  482.294  0  0  482.294  0  482.294
4.5039e+13  0  1501.3  -1846.77  0  0  -1846.77  0  -1846.77  482.019  0  0  482.019  0  482.019
4.5048e+13  0  1501.6  -1846.07  0  0  -1846.07  0  -1846.07  481.745  0  0  481.745  0  481.745
4.5057e+13  0  1501.9  -1845.38  0  0  -1845.38  0  -1845.38  481.47  0  0  481.47  0  481.47
4.5066e+13  0  1502.2  -1844.69  0  0  -1844.69  0  -1844.69  481.196  0  0  481.196  0  481.196
4.5075e+13  0  1502.5  -1844  0  0  -1844  0  -1844  480.922  0  0  480.922  0  480.922
4.5084e+13  0  1502.8  -1843.3  0  0  -1843.3  0  -1843.3  480.649  0  0  480.649  0  480.649
4.5093e+13  0  1503.1  -1842.61  0  0  -1842.61  0  -1842.61  480.375  0  0  480.375  0  480.375
4.5102e+13  0  1503.4  -1841.92  0  0  -1841.92  0  -1841.92  480.102  0  0  480.102  0  480.102
4.5111e+13  0  1503.7  -1841.23  0  0  -1841.23  0  -1841.23  479.829  0  0  479.829  0  479.829
4.512e+13  0  1504  -1840.54  0  0  -1840.54  0  -1840.54  479.556  0  0  479.556  0  479.556
4.5129e+13  0  1504.3  -1839.85  0  0  -1839.85  0  -1839.85  479.283  0  0  479.283  0  479.283
4.5138e+13  0  1504.6  -1839.16  0  0  -1839.16  0  -1839.16  479.011  0  0  479.011  0  479.011
4.5147e+13  0  1504.9  -1838.47  0  0  -1838.47  0  -1838.47  478.739  0  0  478.739  0  478.739
4.5156e+13  0  1505.2  -1837.78  0  0  -1837.78  0  -1837.78  478.467  0  0  478.467  0  478.467
4.5165e+13  0  1505.5  -1837.09  0  0  -1837.09  0  -1837.09  478.195  0  0  478.195  0  478.195
4.5174e+13  0  1505.8  -1836.4  0  0  -1836.4  0  -1836.4  477.923  0  0  477.923  0  477.923
4.5183e+13  0  1506.1  -1835.71  0  0  -1835.71  0  -1835.71  477.652  0  0  477.652  0  477.652
4.5192e+13  0  1506.4  -1835.03  0  0  -1835.03  0  -1835.03  477.381  0  0  477.381  0  477.381
4.5201e+13  0  1506.7  -1834.34  0  0  -1834.34  0  -1834.34  477.11  0  0  477.11  0  477.11
4.521e+13  0  1507  -1833.65  0  0  -1833.65  0  -1833.65  476.839  0  0  476.839  0  476.839
4.5219e+13  0  1507.3  -1832.97  0  0  -1832.97  0  -1832.97  476.568  0  0  476.568  0  476.568
4.5228e+13  0  1507.6  -1832.28  0  0  -1832.28  0  -1832.28  476.298  0  0  476.298  0  476.298
4.5237e+13  0  1507.9  -1831.59  0  0  -1831.59  0  -1831.59  476.028  0  0  476.028  0  476.028
4.5246e+13  0  1508.2  -1830.91  0  0  -1830.91  0  -1830.91  475.758  0  0  475.758  0  475.758
4.5255e+13  0  1508.5  -1830.22  0  0  -1830.22  0  -1830.22  475.488  0  0  475.488  0  475.488
4.5264e+13  0  1508.8  -1829.54  0  0  -1829.54  0  -1829.54  475.218  0  0  475.218  0  475.218
4.5273e+13  0  1509.1  -1828.86  0  0  -1828.86  0  -1828.86  474.949  0  0  474.949  0  474.949
4.5282e+13  0  1509.4  -1828.17  0  0  -1828.17  0  -1828.17  474.68  0  0  474.68  0  474.68
4.5291e+13  0  1509.7  -1827.49  0  0  -1827.49  0  -1827.49  474.411  0  0  474.411  0  474.411
4.53e+13  0  1510  -1826.8  0  0  -1826.8  0  -1826.8  474.142  0  0  474.142  0  474.142
4.5309e+13  0  1510.3  -1826.12  0  0  -1826.12  0  -1826.12  473.874  0  0  473.874  0  473.874
4.5318e+13  0  1510.6  -1825.44  0  0  -1825.44  0  -1825.44  473.605  0  0  473.605  0  473.605
4.5327e+13  0  1510.9  -1824.76  0  0  -1824.76  0  -1824.76  473.337  0  0  473.337  0  473.337
4.5336e+13  0  1511.2  -1824.08  0  0  -1824.08  0  -1824.08  473.069  0  0  473.069  0  473.069
4.5345e+13  0  1511.5  -1823.39  0  0  -1823.39  0  -1823.39  472.801  0  0  472.801  0  472.801
4.5354e+13  0  1511.8  -1822.71  0  0  -1822.71  0  -1822.71  472.534  0  0  472.534  0  472.534
4.5363e+13  0  1512.1  -1822.03  0  0  -1822.03  0  -1822.03  472.266  0  0  472.266  0  472.266
4.5372e+13  0  1512.4  -1821.35  0  0  -1821.35  0  -1821.35  471.999  0  0  471.999  0  471.999
4.5381e+13  0  1512.7  -1820.67  0  0  -1820.67  0  -1820.67  471.732  0  0  471.732  0  471.732
4.539e+13  0  1513  -1819.99  0  0  -1819.99  0  -1819.99  471.466  0  0  471.466  0  471.466
4.5399e+13  0  1513.3  -1819.31  0  0  -1819.31  0  -1819.31  471.199  0  0  471.199  0  471.199
4.5408e+13  0  1513.6  -1818.64  0  0  -1818.64  0  -1818.64  470.933  0  0  470.933  0  470.933
4.5417e+13  0  1513.9  -1817.96  0  0  -1817.96  0  -1817.96  470.667  0  0  470.667  0  470.667
4.5426e+13  0  1514.2  -1817.28  0  0  -1817.28  0  -1817.28  470.401  0  0  470.401  0  470.401
4.5435e+13  0  1514.5  -1816.6  0  0  -1816.6  0  -1816.6  470.135  0  0  470.135  0  470.135
4.5444e+13  0  1514.8  -1815.93  0  0  -1815.93  0  -1815.93  469.869  0  0  469.869  0  469.869
4.5453e+13  0  1515.1  -1815.25  0  0  -1815.25  0  -1815.25  469.604  0  0  469.604  0  469.604
4.5462e+13  0  1515.4  -1814.57  0  0  -1814.57  0  -1814.57  469.339  0  0  469.339  0  469.339
4.5471e+13  0  1515.7  -1813.9  0  0  -1813.9  0  -1813.9  469.074  0  0  469.074  0  469.074
4.548e+13  0  1516  -1813.22  0  0  -1813.22  0  -1813.22  468.809  0  0  468.809  0  468.809
4.5489e+13  0  1516.3  -1812.54  0  0  -1812.54  0  -1812.54  468.545  0  0  468.545  0  468.545
4.5498e+13  0  1516.6  -1811.87  0  0  -1811.87  0  -1811.87  468.28  0  0  468.28  0  468.28
4.5507e+13  0  1516.9  -1811.2  0  0  -1811.2  0  -1811.2  468.016  0  0  468.016  0  468.016
4.5516e+13  0  1517.2  -1810.52  0  0  -1810.52  0  -1810.52  467.752  0  0  467.752  0  467.752
4.5525e+13  0  1517.5  -1809.85  0  0  -1809.85  0  -1809.85  467.488  0  0  467.488  0  467.488
4.5534e+13  0  1517.8  -1809.17  0  0  -1809.17  0  -1809.17  467.225  0  0  467.225  0  467.225
4.5543e+13  0  1518.1  -1808.5  0  0  -1808.5  0  -1808.5  466.961  0  0  466.961  0  466.961
4.5552e+13  0  1518.4  -1807.83  0  0  -1807.83  0  -1807.83  466.698  0  0  466.698  0  466.698
4.5561e+13  0  1518.7  -1807.16  0  0  -1807.16  0  -1807.16  466.435  0  0  466.435  0  466.435
4.557e+13  0  1519  -1806.48  0  0  -1806.48  0  -1806.48  466.173  0  0  466.173  0  466.173
4.5579e+13  0  1519.3  -1805.81  0  0  -1805.81  0  -1805.81  465.91  0  0  465.91  0  465.91
4.5588e+13  0  1519.6  -1805.14  0  0  -1805.14  0  -1805.14  465.648  0  0  465.648  0  465.648
4.5597e+13  0  1519.9  -1804.47  0  0  -1804.47  0  -1804.47  465.385  0  0  465.385  0  465.385
4.5606e+13  0  1520.2  -1803.8  0  0  -1803.8  0  -1803.8  465.123  0  0  465.123  0  465.123
4.5615e+13  0  1520.5  -1803.13  0  0  -1803.13  0  -1803.13  464.862  0  0  464.862  0  464.862
4.5624e+13  0  1520.8  -1802.46  0  0  -1802.46  0  -1802.46  464.6  0  0  464.6  0  464.6
4.5633e+13  0  1521.1  -1801.79  0  0  -1801.79  0  -1801.79  464.339  0  0  464.339  0  464.339
4.5642e+13  0  1521.4  -1801.12  0  0  -1801.12  0  -1801.12  464.077  0  0  464.077  0  464.077
4.5651e+13  0  1521.7  -1800.45  0  0  -1800.45  0  -1800.45  463.816  0  0  463.816  0  463.816
4.566e+13  0  1522  -1799.78  0  0  -1799.78  0  -1799.78  463.556  0  0  463.556  0  463.556
4.5669e+13  0  1522.3  -1799.12  0  0  -1799.12  0  -1799.12  463.295  0  0  463.295  0  463.295
4.5678e+13  0  1522.6  -1798.45  0  0  -1798.45  0  -1798.45  463.035  0  0  463.035  0  463.035
4.5687e+13  0  1522.9  -1797.78  0  0  -1797.78  0  -1797.78  462.774  0  0  462.774  0  462.774
4.5696e+13  0  1523.2  -1797.11  0  0  -1797.11  0  -1797.11  462.514  0  0  462.514  0  462.514
4.5705e+13  0  1523.5  -1796.45  0  0  -1796.45  0  -1796.45  462.255  0  0  462.255  0  462.255
4.5714e+13  0  1523.8  -1795.78  0  0  -1795.78  0  -1795.78  461.995  0  0  461.995  0  461.995
4.5723e+13  0  1524.1  -1795.11  0  0  -1795.11  0  -1795.11  461.735  0  0  461.735  0  461.735
4.5732e+13  0  1524.4  -1794.45  0  0  -1794.45  0  -1794.45  461.476  0  0  461.476  0  461.476
4.5741e+13  0  1524.7  -1793.78  0  0  -1793.78  0  -1793.78  461.217  0  0  461.217  0  461.217
4.575e+13  0  1525  -1793.12  0  0  -1793.12  0  -1793.12  460.958  0  0  460.958  0  460.958
4.5759e+13  0  1525.3  -1792.45  0  0  -1792.45  0  -1792.45  460.7  0  0  460.7  0  460.7
4.5768e+13  0  1525.6  -1791.79  0  0  -1791.79  0  -1791.79  460.441  0  0  460.441  0  460.441
4.5777e+13  0  1525.9  -1791.13  0  0  -1791.13  0  -1791.13  460.183  0  0  460.183  0  460.183
4.5786e+13  0  1526.2  -1790.46  0  0  -1790.46  0  -1790.46  459.925  0  0  459.925  0  459.925
4.5795e+13  0  1526.5  -1789.8  0  0  -1789.8  0  -1789.8  459.667  0  0  459.667  0  459.667
4.5804e+13  0  1526.8  -1789.14  0  0  -1789.14  0  -1789.14  459.409  0  0  459.409  0  459.409
4.5813e+13  0  1527.1  -1788.48  0  0  -1788.48  0  -1788.48  459.152  0  0  459.152  0  459.152
4.5822e+13  0  1527.4  -1787.81  0  0  -1787.81  0  -1787.81  458.894  0  0  458.894  0  458.894
4.5831e+13  0  1527.7  -1787.15  0  0  -1787.15  0  -1787.15  458.637  0  0  458.637  0  458.637
4.584e+13  0  1528  -1786.49  0  0  -1786.49  0  -1786.49  458.38  0  0  458.38  0  458.38
4.5849e+13  0  1528.3  -1785.83  0  0  -1785.83  0  -1785.83  458.123  0  0  458.123  0  458.123
4.5858e+13  0  1528.6  -1785.17  0  0  -1785.17  0  -1785.17  457.867  0  0  457.867  0  457.867
4.5867e+13  0  1528.9  -1784.51  0  0  -1784.51  0  -1784.51  457.611  0  0  457.611  0  457.611
4.5876e+13  0  1529.2  -1783.85  0  0  -1783.85  0  -1783.85  457.354  0  0  457.354  0  457.354
4.5885e+13  0  1529.5  -1783.19  0  0  -1783.19  0  -1783.19  457.098  0  0  457.098  0  457.098
4.5894e+13  0  1529.8  -1782.53  0  0  -1782.53  0  -1782.53  456.843  0  0  456.843  0  456.843
4.5903e+13  0  1530.1  -1781.87  0  0  -1781.87  0  -1781.87  456.587  0  0  456.587  0  456.587
4.5912e+13  0  1530.4  -1781.22  0  0  -1781.22  0  -1781.22  456.332  0  0  456.332  0  456.332
4.5921e+13  0  1530.7  -1780.56  0  0  -1780.56  0  -1780.56  456.076  0  0  456.076  0  456.076
4.593e+13  0  1531  -1779.9  0  0  -1779.9  0  -1779.9  455.821  0  0  455.821  0  455.821
4.5939e+13  0  1531.3  -1779.24  0  0  -1779.24  0  -1779.24  455.566  0  0  455.566  0  455.566
4.5948e+13  0  1531.6  -1778.59  0  0  -1778.59  0  -1778.59  455.312  0  0  455.312  0  455.312
4.5957e+13  0  1531.9  -1777.93  0  0  -1777.93  0  -1777.93  455.057  0  0  455.057  0  455.057
4.5966e+13  0  1532.2  -1777.27  0  0  -1777.27  0  -1777.27  454.803  0  0  454.803  0  454.803
4.5975e+13  0  1532.5  -1776.62  0  0  -1776.62  0  -1776.62  454.549  0  0  454.549  0  454.549
4.5984e+13  0  1532.8  -1775.96  0  0  -1775.96  0  -1775.96  454.295  0  0  454.295  0  454.295
4.5993e+13  0  1533.1  -1775.31  0  0  -1775.31  0  -1775.31  454.041  0  0  454.041  0  454.041
4.6002e+13  0  1533.4  -1774.65  0  0  -1774.65  0  -1774.65  453.788  0  0  453.788  0  453.788
4.6011e+13  0  1533.7  -1774  0  0  -1774  0  -1774  453.535  0  0  453.535  0  453.535
4.602e+13  0  1534  -1773.34  0  0  -1773.34  0  -1773.34  453.281  0  0  453.281  0  453.281
4.6029e+13  0  1534.3  -1772.69  0  0  -1772.69  0  -1772.69  453.028  0  0  453.028  0  453.028
4.6038e+13  0  1534.6  -1772.04  0  0  -1772.04  0  -1772.04  452.776  0  0  452.776  0  452.776
4.6047e+13  0  1534.9  -1771.38  0  0  -1771.38  0  -1771.38  452.523  0  0  452.523  0  452.523
4.6056e+13  0  1535.2  -1770.73  0  0  -1770.73  0  -1770.73  452.271  0  0  452.271  0  452.271
4.6065e+13  0  1535.5  -1770.08  0  0  -1770.08  0  -1770.08  452.018  0  0  452.018  0  452.018
4.6074e+13  0  1535.8  -1769.43  0  0  -1769.43  0  -1769.43  451.766  0  0  451.766  0  451.766
4.6083e+13  0  1536.1  -1768.77  0  0  -1768.77  0  -1768.77  451.515  0  0  451.515  0  451.515
4.6092e+13  0  1536.4  -1768.12  0  0  -1768.12  0  -1768.12  451.263  0  0  451.263  0  451.263
4.6101e+13  0  1536.7  -1767.47  0  0  -1767.47  0  -1767.47  451.012  0  0  451.012  0  451.012
4.611e+13  0  1537  -1766.82  0  0  -1766.82  0  -1766.82  450.76  0  0  450.76  0  450.76
4.6119e+13  0  1537.3  -1766.17  0  0  -1766.17  0  -1766.17  450.509  0  0  450.509  0  450.509
4.6128e+13  0  1537.6  -1765.52  0  0  -1765.52  0  -1765.52  450.258  0  0  450.258  0  450.258
4.6137e+13  0  1537.9  -1764.87  0  0  -1764.87  0  -1764.87  450.008  0  0  450.008  0  450.008
4.6146e+13  0  1538.2  -1764.22  0  0  -1764.22  0  -1764.22  449.757  0  0  449.757  0  449.757
4.6155e+13  0  1538.5  -1763.57  0  0  -1763.57  0  -1763.57  449.507  0  0  449.507  0  449.507
4.6164e+13  0  1538.8  -1762.93  0  0  -1762.93  0  -1762.93  449.257  0  0  449.257  0  449.257
4.6173e+13  0  1539.1  -1762.28  0  0  -1762.28  0  -1762.28  449.007  0  0  449.007  0  449.007
4.6182e+13  0  1539.4  -1761.63  0  0  -1761.63  0  -1761.63  448.757  0  0  448.757  0  448.757
4.6191e+13  0  1539.7  -1760.98  0  0  -1760.98  0  -1760.98  448.507  0  0  448.507  0  448.507
4.62e+13  0  1540  -1760.34  0  0  -1760.34  0  -1760.34  448.258  0  0  448.258  0  448.258
4.6209e+13  0  1540.3  -1759.69  0  0  -1759.69  0  -1759.69  448.009  0  0  448.009  0  448.009
4.6218e+13  0  1540.6  -1759.04  0  0  -1759.04  0  -1759.04  447.759  0  0  447.759  0  447.759
4.6227e+13  0  1540.9  -1758.4  0  0  -1758.4  0  -1758.4  447.511  0  0  447.511  0  447.511
4.6236e+13  0  1541.2  -1757.75  0  0  -1757.75  0  -1757.75  447.262  0  0  447.262  0  447.262
4.6245e+13  0  1541.5  -1757.11  0  0  -1757.11  0  -1757.11  447.013  0  0  447.013  0  447.013
4.6254e+13  0  1541.8  -1756.46  0  0  -1756.46  0  -1756.46  446.765  0  0  446.765  0  446.765
4.6263e+13  0  1542.1  -1755.82  0  0  -1755.82  0  -1755.82  446.517  0  0  446.517  0  446.517
4.6272e+13  0  1542.4  -1755.17  0  0  -1755.17  0  -1755.17  446.269  0  0  446.269  0  446.269
4.6281e+13  0  1542.7  -1754.53  0  0  -1754.53  0  -1754.53  446.021  0  0  446.021  0  446.021
4.629e+13  0  1543  -1753.89  0  0  -1753.89  0  -1753.89  445.774  0  0  445.774  0  445.774
4.6299e+13  0  1543.3  -1753.24  0  0  -1753.24  0  -1753.24  445.526  0  0  445.526  0  445.526
4.6308e+13  0  1543.6  -1752.6  0  0  -1752.6  0  -1752.6  445.279  0  0  445.279  0  445.279
4.6317e+13  0  1543.9  -1751.96  0  0  -1751.96  0  -1751.96  445.032  0  0  445.032  0  445.032
4.6326e+13  0  1544.2  -1751.31  0  0  -1751.31  0  -1751.31  444.785  0  0  444.785  0  444.785
4.6335e+13  0  1544.5  -1750.67  0  0  -1750.67  0  -1750.67  444.539  0  0  444.539  0  444.539
4.6344e+13  0  1544.8  -1750.03  0  0  -1750.03  0  -1750.03  444.292  0  0  444.292  0  444.292
4.6353e+13  0  1545.1  -1749.39  0  0  -1749.39  0  -1749.39  444.046  0  0  444.046  0  444.046
4.6362e+13  0  1545.4  -1748.75  0  0  -1748.75  0  -1748.75  443.8  0  0  443.8  0  443.8
4.6371e+13  0  1545.7  -1748.11  0  0  -1748.11  0  -1748.11  443.554  0  0  443.554  0  443.554
4.638e+13  0  1546  -1747.47  0  0  -1747.47  0  -1747.47  443.308  0  0  443.308  0  443.308
4.6389e+13  0  1546.3  -1746.83  0  0  -1746.83  0  -1746.83  443.062  0  0  443.062  0  443.062
4.6398e+13  0  1546.6  -1746.19  0  0  -1746.19  0  -1746.19  442.817  0  0  442.817  0  442.817
4.6407e+13  0  1546.9  -1745.55  0  0  -1745.55  0  -1745.55  442.572  0  0  442.572  0  442.572
4.6416e+13  0  1547.2  -1744.91  0  0  -1744.91  0  -1744.91  442.327  0  0  442.327  0  442.327
4.6425e+13  0  1547.5  -1744.27  0  0  -1744.27  0  -1744.27  442.082  0  0  442.082  0  442.082
4.6434e+13  0  1547.8  -1743.64  0  0  -1743.64  0  -1743.64  441.837  0  0  441.837  0  441.837
4.6443e+13  0  1548.1  -1743  0  0  -1743  0  -1743  441.593  0  0  441.593  0  441.593
4.6452e+13  0  1548.4  -1742.36  0  0  -1742.36  0  -1742.36  441.348  0  0  441.348  0  441.348
4.6461e+13  0  1548.7  -1741.72  0  0  -1741.72  0  -1741.72  441.104  0  0  441.104  0  441.104
4.647e+13  0  1549  -1741.09  0  0  -1741.09  0  -1741.09  440.86  0  0  440.86  0  440.86
4.6479e+13  0  1549.3  -1740.45  0  0  -1740.45  0  -1740.45  440.617  0  0  440.617  0  440.617
4.6488e+13  0  1549.6  -1739.81  0  0  -1739.81  0  -1739.81  440.373  0  0  440.373  0  440.373
4.6497e+13  0  1549.9  -1739.18  0  0  -1739.18  0  -1739.18  440.129  0  0  440.129  0  440.129
4.6506e+13  0  1550.2  -1738.54  0  0  -1738.54  0  -1738.54  439.886  0  0  439.886  0  439.886
4.6515e+13  0  1550.5  -1737.91  0  0  -1737.91  0  -1737.91  439.643  0  0  439.643  0  439.643
4.6524e+13  0  1550.8  -1737.27  0  0  -1737.27  0  -1737.27  439.4  0  0  439.4  0  439.4
4.6533e+13  0  1551.1  -1736.64  0  0  -1736.64  0  -1736.64  439.158  0  0  439.158  0  439.158
4.6542e+13  0  1551.4  -1736.01  0  0  -1736.01  0  -1736.01  438.915  0  0  438.915  0  438.915
4.6551e+13  0  1551.7  -1735.37  0  0  -1735.37  0  -1735.37  438.673  0  0  438.673  0  438.673
4.656e+13  0  1552  -1734.74  0  0  -1734.74  0  -1734.74  438.431  0  0  438.431  0  438.431
4.6569e+13  0  1552.3  -1734.11  0  0  -1734.11  0  -1734.11  438.189  0  0  438.189  0  438.189
4.6578e+13  0  1552.6  -1733.47  0  0  -1733.47  0  -1733.47  437.947  0  0  437.947  0  437.947
4.6587e+13  0  1552.9  -1732.84  0  0  -1732.84  0  -1732.84  437.705  0  0  437.705  0  437.705
4.6596e+13  0  1553.2  -1732.21  0  0  -1732.21  0  -1732.21  437.464  0  0  437.464  0  437.464
4.6605e+13  0  1553.5  -1731.58  0  0  -1731.58  0  -1731.58  437.222  0  0  437.222  0  437.222
4.6614e+13  0  1553.8  -1730.95  0  0  -1730.95  0  -1730.95  436.981  0  0  436.981  0  436.981
4.6623e+13  0  1554.1  -1730.31  0  0  -1730.31  0  -1730.31  436.74  0  0  436.74  0  436.74
4.6632e+13  0  1554.4  -1729.68  0  0  -1729.68  0  -1729.68  436.5  0  0  436.5  0  436.5
4.6641e+13  0  1554.7  -1729.05  0  0  -1729.05  0  -1729.05  436.259  0  0  436.259  0  436.259
4.665e+13  0  1555  -1728.42  0  0  -1728.42  0  -1728.42  436.019  0  0  436.019  0  436.019
4.6659e+13  0  1555.3  -1727.79  0  0  -1727.79  0  -1727.79  435.778  0  0  435.778  0  435.778
4.6668e+13  0  1555.6  -1727.17  0  0  -1727.17  0  -1727.17  435.538  0  0  435.538  0  435.538
4.6677e+13  0  1555.9  -1726.54  0  0  -1726.54  0  -1726.54  435.299  0  0  435.299  0  435.299
4.6686e+13  0  1556.2  -1725.91  0  0  -1725.91  0  -1725.91  435.059  0  0  435.059  0  435.059
4.6695e+13  0  1556.5  -1725.28  0  0  -1725.28  0  -1725.28  434.819  0  0  434.819  0  434.819
4.6704e+13  0  1556.8  -1724.65  0  0  -1724.65  0  -1724.65  434.58  0  0  434.58  0  434.58
4.6713e+13  0  1557.1  -1724.02  0  0  -1724.02  0  -1724.02  434.341  0  0  434.341  0  434.341
4.6722e+13  0  1557.4  -1723.4  0  0  -1723.4  0  -1723.4  434.102  0  0  434.102  0  434.102
4.6731e+13  0  1557.7  -1722.77  0  0  -1722.77  0  -1722.77  433.863  0  0  433.863  0  433.863
4.674e+13  0  1558  -1722.14  0  0  -1722.14  0  -1722.14  433.624  0  0  433.624  0  433.624
4.6749e+13  0  1558.3  -1721.52  0  0  -1721.52  0  -1721.52  433.386  0  0  433.386  0  433.386
4.6758e+13  0  1558.6  -1720.89  0  0  -1720.89  0  -1720.89  433.148  0  0  433.148  0  433.148
4.6767e+13  0  1558.9  -1720.27  0  0  -1720.27  0  -1720.27  432.91  0  0  432.91  0  432.91
4.6776e+13  0  1559.2  -1719.64  0  0  -1719.64  0  -1719.64  432.672  0  0  432.672  0  432.672
4.6785e+13  0  1559.5  -1719.02  0  0  -1719.02  0  -1719.02  432.434  0  0  432.434  0  432.434
4.6794e+13  0  1559.8  -1718.39  0  0  -1718.39  0  -1718.39  432.196  0  0  432.196  0  432.196
4.6803e+13  0  1560.1  -1717.77  0  0  -1717.77  0  -1717.77  431.959  0  0  431.959  0  431.959
4.6812e+13  0  1560.4  -1717.14  0  0  -1717.14  0  -1717.14  431.722  0  0  431.722  0  431.722
4.6821e+13  0  1560.7  -1716.52  0  0  -1716.52  0  -1716.52  431.485  0  0  431.485  0  431.485
4.683e+13  0  1561  -1715.9  0  0  -1715.9  0  -1715.9  431.248  0  0  431.248  0  431.248
4.6839e+13  0  1561.3  -1715.27  0  0  -1715.27  0  -1715.27  431.011  0  0  431.011  0  431.011
4.6848e+13  0  1561.6  -1714.65  0  0  -1714.65  0  -1714.65  430.774  0  0  430.774  0  430.774
4.6857e+13  0  1561.9  -1714.03  0  0  -1714.03  0  -1714.03  430.538  0  0  430.538  0  430.538
4.6866e+13  0  1562.2  -1713.41  0  0  -1713.41  0  -1713.41  430.302  0  0  430.302  0  430.302
4.6875e+13  0  1562.5  -1712.79  0  0  -1712.79  0  -1712.79  430.066  0  0  430.066  0  430.066
4.6884e+13  0  1562.8  -1712.16  0  0  -1712.16  0  -1712.16  429.83  0  0  429.83  0  429.83
4.6893e+13  0  1563.1  -1711.54  0  0  -1711.54  0  -1711.54  429.594  0  0  429.594  0  429.594
4.6902e+13  0  1563.4  -1710.92  0  0  -1710.92  0  -1710.92  429.359  0  0  429.359  0  429.359
4.6911e+13  0  1563.7  -1710.3  0  0  -1710.3  0  -1710.3  429.123  0  0  429.123  0  429.123
4.692e+13  0  1564  -1709.68  0  0  -1709.68  0  -1709.68  428.888  0  0  428.888  0  428.888
4.6929e+13  0  1564.3  -1709.06  0  0  -1709.06  0  -1709.06  428.653  0  0  428.653  0  428.653
4.6938e+13  0  1564.6  -1708.44  0  0  -1708.44  0  -1708.44  428.418  0  0  428.418  0  428.418
4.6947e+13  0  1564.9  -1707.82  0  0  -1707.82  0  -1707.82  428.184  0  0  428.184  0  428.184
4.6956e+13  0  1565.2  -1707.21  0  0  -1707.21  0  -1707.21  427.949  0  0  427.949  0  427.949
4.6965e+13  0  1565.5  -1706.59  0  0  -1706.59  0  -1706.59  427.715  0  0  427.715  0  427.715
4.6974e+13  0  1565.8  -1705.97  0  0  -1705.97  0  -1705.97  427.481  0  0  427.481  0  427.481
4.6983e+13  0  1566.1  -1705.35  0  0  -1705.35  0  -1705.35  427.247  0  0  427.247  0  427.247
4.6992e+13  0  1566.4  -1704.74  0  0  -1704.74  0  -1704.74  427.013  0  0  427.013  0  427.013
4.7001e+13  0  1566.7  -1704.12  0  0  -1704.12  0  -1704.12  426.779  0  0  426.779  0  426.779
4.701e+13  0  1567  -1703.5  0  0  -1703.5  0  -1703.5  426.546  0  0  426.546  0  426.546
4.7019e+13  0  1567.3  -1702.89  0  0  -1702.89  0  -1702.89  426.313  0  0  426.313  0  426.313
4.7028e+13  0  1567.6  -1702.27  0  0  -1702.27  0  -1702.27  426.079  0  0  426.079  0  426.079
4.7037e+13  0  1567.9  -1701.65  0  0  -1701.65  0  -1701.65  425.846  0  0  425.846  0  425.846
4.7046e+13  0  1568.2  -1701.04  0  0  -1701.04  0  -1701.04  425.614  0  0  425.614  0  425.614
4.7055e+13  0  1568.5  -1700.42  0  0  -1700.42  0  -1700.42  425.381  0  0  425.381  0  425.381
4.7064e+13  0  1568.8  -1699.81  0  0  -1699.81  0  -1699.81  425.149  0  0  425.149  0  425.149
4.7073e+13  0  1569.1  -1699.19  0  0  -1699.19  0  -1699.19  424.916  0  0  424.916  0  424.916
4.7082e+13  0  1569.4  -1698.58  0  0  -1698.58  0  -1698.58  424.684  0  0  424.684  0  424.684
4.7091e+13  0  1569.7  -1697.97  0  0  -1697.97  0  -1697.97  424.452  0  0  424.452  0  424.452
4.71e+13  0  1570  -1697.35  0  0  -1697.35  0  -1697.35  424.221  0  0  424.221  0  424.221
4.7109e+13  0  1570.3  -1696.74  0  0  -1696.74  0  -1696.74  423.989  0  0  423.989  0  423.989
4.7118e+13  0  1570.6  -1696.13  0  0  -1696.13  0  -1696.13  423.757  0  0  423.757  0  423.757
4.7127e+13  0  1570.9  -1695.51  0  0  -1695.51  0  -1695.51  423.526  0  0  423.526  0  423.526
4.7136e+13  0  1571.2  -1694.9  0  0  -1694.9  0  -1694.9  423.295  0  0  423.295  0  423.295
4.7145e+13  0  1571.5  -1694.29  0  0  -1694.29  0  -1694.29  423.064  0  0  423.064  0  423.064
4.7154e+13  0  1571.8  -1693.68  0  0  -1693.68  0  -1693.68  422.833  0  0  422.833  0  422.833
4.7163e+13  0  1572.1  -1693.07  0  0  -1693.07  0  -1693.07  422.603  0  0  422.603  0  422.603
4.7172e+13  0  1572.4  -1692.46  0  0  -1692.46  0  -1692.46  422.372  0  0  422.372  0  422.372
4.7181e+13  0  1572.7  -1691.85  0  0  -1691.85  0  -1691.85  422.142  0  0  422.142  0  422.142
4.719e+13  0  1573  -1691.24  0  0  -1691.24  0  -1691.24  421.912  0  0  421.912  0  421.912
4.7199e+13  0  1573.3  -1690.63  0  0  -1690.63  0  -1690.63  421.682  0  0  421.682  0  421.682
4.7208e+13  0  1573.6  -1690.02  0  0  -1690.02  0  -1690.02  421.452  0  0  421.452  0  421.452
4.7217e+13  0  1573.9  -1689.41  0  0  -1689.41  0  -1689.41  421.223  0  0  421.223  0  421.223
4.7226e+13  0  1574.2  -1688.8  0  0  -1688.8  0  -1688.8  420.993  0  0  420.993  0  420.993
4.7235e+13  0  1574.5  -1688.19  0  0  -1688.19  0  -1688.19  420.764  0  0  420.764  0  420.764
4.7244e+13  0  1574.8  -1687.58  0  0  -1687.58  0  -1687.58  420.535  0  0  420.535  0  420.535
4.7253e+13  0  1575.1  -1686.98  0  0  -1686.98  0  -1686.98  420.306  0  0  420.306  0  420.306
4.7262e+13  0  1575.4  -1686.37  0  0  -1686.37  0  -1686.37  420.077  0  0  420.077  0  420.077
4.7271e+13  0  1575.7  -1685.76  0  0  -1685.76  0  -1685.76  419.849  0  0  419.849  0  419.849
4.728e+13  0  1576  -1685.15  0  0  -1685.15  0  -1685.15  419.62  0  0  419.62  0  419.62
4.7289e+13  0  1576.3  -1684.55  0  0  -1684.55  0  -1684.55  419.392  0  0  419.392  0  419.392
4.7298e+13  0  1576.6  -1683.94  0  0  -1683.94  0  -1683.94  419.164  0  0  419.164  0  419.164
4.7307e+13  0  1576.9  -1683.33  0  0  -1683.33  0  -1683.33  418.936  0  0  418.936  0  418.936
4.7316e+13  0  1577.2  -1682.73  0  0  -1682.73  0  -1682.73  418.708  0  0  418.708  0  418.708
4.7325e+13  0  1577.5  -1682.12  0  0  -1682.12  0  -1682.12  418.481  0  0  418.481  0  418.481
4.7334e+13  0  1577.8  -1681.52  0  0  -1681.52  0  -1681.52  418.253  0  0  418.253  0  418.253
4.7343e+13  0  1578.1  -1680.91  0  0  -1680.91  0  -1680.91  418.026  0  0  418.026  0  418.026
4.7352e+13  0  1578.4  -1680.31  0  0  -1680.31  0  -1680.31  417.799  0  0  417.799  0  417.799
4.7361e+13  0  1578.7  -1679.71  0  0  -1679.71  0  -1679.71  417.572  0  0  417.572  0  417.572
4.737e+13  0  1579  -1679.1  0  0  -1679.1  0  -1679.1  417.345  0  0  417.345  0  417.345
4.7379e+13  0  1579.3  -1678.5  0  0  -1678.5  0  -1678.5  417.118  0  0  417.118  0  417.118
4.7388e+13  0  1579.6  -1677.9  0  0  -1677.9  0  -1677.9  416.892  0  0  416.892  0  416.892
4.7397e+13  0  1579.9  -1677.29  0  0  -1677.29  0  -1677.29  416.666  0  0  416.666  0  416.666
4.7406e+13  0  1580.2  -1676.69  0  0  -1676.69  0  -1676.69  416.44  0  0  416.44  0  416.44
4.7415e+13  0  1580.5  -1676.09  0  0  -1676.09  0  -1676.09  416.214  0  0  416.214  0  416.214
4.7424e+13  0  1580.8  -1675.49  0  0  -1675.49  0  -1675.49  415.988  0  0  415.988  0  415.988
4.7433e+13  0  1581.1  -1674.89  0  0  -1674.89  0  -1674.89  415.762  0  0  415.762  0  415.762
4.7442e+13  0  1581.4  -1674.28  0  0  -1674.28  0  -1674.28  415.537  0  0  415.537  0  415.537
4.7451e+13  0  1581.7  -1673.68  0  0  -1673.68  0  -1673.68  415.311  0  0  415.311  0  415.311
4.746e+13  0  1582  -1673.08  0  0  -1673.08  0  -1673.08  415.086  0  0  415.086  0  415.086
4.7469e+13  0  1582.3  -1672.48  0  0  -1672.48  0  -1672.48  414.861  0  0  414.861  0  414.861
4.7478e+13  0  1582.6  -1671.88  0  0  -1671.88  0  -1671.88  414.636  0  0  414.636  0  414.636
4.7487e+13  0  1582.9  -1671.28  0  0  -1671.28  0  -1671.28  414.412  0  0  414.412  0  414.412
4.7496e+13  0  1583.2  -1670.68  0  0  -1670.68  0  -1670.68  414.187  0  0  414.187  0  414.187
4.7505e+13  0  1583.5  -1670.08  0  0  -1670.08  0  -1670.08  413.963  0  0  413.963  0  413.963
4.7514e+13  0  1583.8  -1669.49  0  0  -1669.49  0  -1669.49  413.739  0  0  413.739  0  413.739
4.7523e+13  0  1584.1  -1668.89  0  0  -1668.89  0  -1668.89  413.515  0  0  413.515  0  413.515
4.7532e+13  0  1584.4  -1668.29  0  0  -1668.29  0  -1668.29  413.291  0  0  413.291  0  413.291
4.7541e+13  0  1584.7  -1667.69  0  0  -1667.69  0  -1667.69  413.067  0  0  413.067  0  413.067
4.755e+13  0  1585  -1667.09  0  0  -1667.09  0  -1667.09  412.844  0  0  412.844  0  412.844
4.7559e+13  0  1585.3  -1666.5  0  0  -1666.5  0  -1666.5  412.62  0  0  412.62  0  412.62
4.7568e+13  0  1585.6  -1665.9  0  0  -1665.9  0  -1665.9  412.397  0  0  412.397  0  412.397
4.7577e+13  0  1585.9  -1665.3  0  0  -1665.3  0  -1665.3  412.174  0  0  412.174  0  412.174
4.7586e+13  0  1586.2  -1664.71  0  0  -1664.71  0  -1664.71  411.951  0  0  411.951  0  411.951
4.7595e+13  0  1586.5  -1664.11  0  0  -1664.11  0  -1664.11  411.728  0  0  411.728  0  411.728
4.7604e+13  0  1586.8  -1663.52  0  0  -1663.52  0  -1663.52  411.506  0  0  411.506  0  411.506
4.7613e+13  0  1587.1  -1662.92  0  0  -1662.92  0  -1662.92  411.284  0  0  411.284  0  411.284
4.7622e+13  0  1587.4  -1662.33  0  0  -1662.33  0  -1662.33  411.061  0  0  411.061  0  411.061
4.7631e+13  0  1587.7  -1661.73  0  0  -1661.73  0  -1661.73  410.839  0  0  410.839  0  410.839
4.764e+13  0  1588  -1661.14  0  0  -1661.14  0  -1661.14  410.617  0  0  410.617  0  410.617
4.7649e+13  0  1588.3  -1660.54  0  0  -1660.54  0  -1660.54  410.396  0  0  410.396  0  410.396
4.7658e+13  0  1588.6  -1659.95  0  0  -1659.95  0  -1659.95  410.174  0  0  410.174  0  410.174
4.7667e+13  0  1588.9  -1659.36  0  0  -1659.36  0  -1659.36  409.952  0  0  409.952  0  409.952
4.7676e+13  0  1589.2  -1658.76  0  0  -1658.76  0  -1658.76  409.731  0  0  409.731  0  409.731
4.7685e+13  0  1589.5  -1658.17  0  0  -1658.17  0  -1658.17  409.51  0  0  409.51  0  409.51
4.7694e+13  0  1589.8  -1657.58  0  0  -1657.58  0  -1657.58  409.289  0  0  409.289  0  409.289
4.7703e+13  0  1590.1  -1656.99  0  0  -1656.99  0  -1656.99  409.068  0  0  409.068  0  409.068
4.7712e+13  0  1590.4  -1656.39  0  0  -1656.39  0  -1656.39  408.848  0  0  408.848  0  408.848
4.7721e+13  0  1590.7  -1655.8  0  0  -1655.8  0  -1655.8  408.627  0  0  408.627  0  408.627
4.773e+13  0  1591  -1655.21  0  0  -1655.21  0  -1655.21  408.407  0  0  408.407  0  408.407
4.7739e+13  0  1591.3  -1654.62  0  0  -1654.62  0  -1654.62  408.187  0  0  408.187  0  408.187
4.7748e+13  0  1591.6  -1654.03  0  0  -1654.03  0  -1654.03  407.967  0  0  407.967  0  407.967
4.7757e+13  0  1591.9  -1653.44  0  0  -1653.44  0  -1653.44  407.747  0  0  407.747  0  407.747
4.7766e+13  0  1592.2  -1652.85  0  0  -1652.85  0  -1652.85  407.527  0  0  407.527  0  407.527
4.7775e+13  0  1592.5  -1652.26  0  0  -1652.26  0  -1652.26  407.308  0  0  407.308  0  407.308
4.7784e+13  0  1592.8  -1651.67  0  0  -1651.67  0  -1651.67  407.088  0  0  407.088  0  407.088
4.7793e+13  0  1593.1  -1651.08  0  0  -1651.08  0  -1651.08  406.869  0  0  406.869  0  406.869
4.7802e+13  0  1593.4  -1650.49  0  0  -1650.49  0  -1650.49  406.65  0  0  406.65  0  406.65
4.7811e+13  0  1593.7  -1649.91  0  0  -1649.91  0  -1649.91  406.431  0  0  406.431  0  406.431
4.782e+13  0  1594  -1649.32  0  0  -1649.32  0  -1649.32  406.212  0  0  406.212  0  406.212
4.7829e+13  0  1594.3  -1648.73  0  0  -1648.73  0  -1648.73  405.994  0  0  405.994  0  405.994
4.7838e+13  0  1594.6  -1648.14  0  0  -1648.14  0  -1648.14  405.775  0  0  405.775  0  405.775
4.7847e+13  0  1594.9  -1647.56  0  0  -1647.56  0  -1647.56  405.557  0  0  405.557  0  405.557
4.7856e+13  0  1595.2  -1646.97  0  0  -1646.97  0  -1646.97  405.339  0  0  405.339  0  405.339
4.7865e+13  0  1595.5  -1646.38  0  0  -1646.38  0  -1646.38  405.121  0  0  405.121  0  405.121
4.7874e+13  0  1595.8  -1645.8  0  0  -1645.8  0  -1645.8  404.903  0  0  404.903  0  404.903
4.7883e+13  0  1596.1  -1645.21  0  0  -1645.21  0  -1645.21  404.685  0  0  404.685  0  404.685
4.7892e+13  0  1596.4  -1644.62  0  0  -1644.62  0  -1644.62  404.468  0  0  404.468  0  404.468
4.7901e+13  0  1596.7  -1644.04  0  0  -1644.04  0  -1644.04  404.25  0  0  404.25  0  404.25
4.791e+13  0  1597  -1643.45  0  0  -1643.45  0  -1643.45  404.033  0  0  404.033  0  404.033
4.7919e+13  0  1597.3  -1642.87  0  0  -1642.87  0  -1642.87  403.816  0  0  403.816  0  403.816
4.7928e+13  0  1597.6  -1642.28  0  0  -1642.28  0  -1642.28  403.599  0  0  403.599  0  403.599
4.7937e+13  0  1597.9  -1641.7  0  0  -1641.7  0  -1641.7  403.383  0  0  403.383  0  403.383
4.7946e+13  0  1598.2  -1641.12  0  0  -1641.12  0  -1641.12  403.166  0  0  403.166  0  403.166
4.7955e+13  0  1598.5  -1640.53  0  0  -1640.53  0  -1640.53  402.95  0  0  402.95  0  402.95
4.7964e+13  0  1598.8  -1639.95  0  0  -1639.95  0  -1639.95  402.733  0  0  402.733  0  402.733
4.7973e+13  0  1599.1  -1639.37  0  0  -1639.37  0  -1639.37  402.517  0  0  402.517  0  402.517
4.7982e+13  0  1599.4  -1638.78  0  0  -1638.78  0  -1638.78  402.301  0  0  402.301  0  402.301
4.7991e+13  0  1599.7  -1638.2  0  0  -1638.2  0  -1638.2  402.085  0  0  402.085  0  402.085
4.8e+13  0  1600  -1637.62  0  0  -1637.62  0  -1637.62  401.87  0  0  401.87  0  401.87
4.8009e+13  0  1600.3  -1637.04  0  0  -1637.04  0  -1637.04  401.654  0  0  401.654  0  401.654
4.8018e+13  0  1600.6  -1636.46  0  0  -1636.46  0  -1636.46  401.439  0  0  401.439  0  401.439
4.8027e+13  0  1600.9  -1635.88  0  0  -1635.88  0  -1635.88  401.224  0  0  401.224  0  401.224
4.8036e+13  0  1601.2  -1635.3  0  0  -1635.3  0  -1635.3  401.009  0  0  401.009  0  401.009
4.8045e+13  0  1601.5  -1634.72  0  0  -1634.72  0  -1634.72  400.794  0  0  400.794  0  400.794
4.8054e+13  0  1601.8  -1634.14  0  0  -1634.14  0  -1634.14  400.579  0  0  400.579  0  400.579
4.8063e+13  0  1602.1  -1633.56  0  0  -1633.56  0  -1633.56  400.365  0  0  400.365  0  400.365
4.8072e+13  0  1602.4  -1632.98  0  0  -1632.98  0  -1632.98  400.15  0  0  400.15  0  400.15
4.8081e+13  0  1602.7  -1632.4  0  0  -1632.4  0  -1632.4  399.936  0  0  399.936  0  399.936
4.809e+13  0  1603  -1631.82  0  0  -1631.82  0  -1631.82  399.722  0  0  399.722  0  399.722
4.8099e+13  0  1603.3  -1631.24  0  0  -1631.24  0  -1631.24  399.508  0  0  399.508  0  399.508
4.8108e+13  0  1603.6  -1630.66  0  0  -1630.66  0  -1630.66  399.294  0  0  399.294  0  399.294
4.8117e+13  0  1603.9  -1630.08  0  0  -1630.08  0  -1630.08  399.08  0  0  399.08  0  399.08
4.8126e+13  0  1604.2  -1629.51  0  0  -1629.51  0  -1629.51  398.867  0  0  398.867  0  398.867
4.8135e+13  0  1604.5  -1628.93  0  0  -1628.93  0  -1628.93  398.654  0  0  398.654  0  398.654
4.8144e+13  0  1604.8  -1628.35  0  0  -1628.35  0  -1628.35  398.44  0  0  398.44  0  398.44
4.8153e+13  0  1605.1  -1627.77  0  0  -1627.77  0  -1627.77  398.227  0  0  398.227  0  398.227
4.8162e+13  0  1605.4  -1627.2  0  0  -1627.2  0  -1627.2  398.014  0  0  398.014  0  398.014
4.8171e+13  0  1605.7  -1626.62  0  0  -1626.62  0  -1626.62  397.802  0  0  397.802  0  397.802
4.818e+13  0  1606  -1626.05  0  0  -1626.05  0  -1626.05  397.589  0  0  397.589  0  397.589
4.8189e+13  0  1606.3  -1625.47  0  0  -1625.47  0  -1625.47  397.377  0  0  397.377  0  397.377
4.8198e+13  0  1606.6  -1624.89  0  0  -1624.89  0  -1624.89  397.164  0  0  397.164  0  397.164
4.8207e+13  0  1606.9  -1624.32  0  0  -1624.32  0  -1624.32  396.952  0  0  396.952  0  396.952
4.8216e+13  0  1607.2  -1623.74  0  0  -1623.74  0  -1623.74  396.74  0  0  396.74  0  396.74
4.8225e+13  0  1607.5  -1623.17  0  0  -1623.17  0  -1623.17  396.528  0  0  396.528  0  396.528
4.8234e+13  0  1607.8  -1622.6  0  0  -1622.6  0  -1622.6  396.317  0  0  396.317  0  396.317
4.8243e+13  0  1608.1  -1622.02  0  0  -1622.02  0  -1622.02  396.105  0  0  396.105  0  396.105
4.8252e+13  0  1608.4  -1621.45  0  0  -1621.45  0  -1621.45  395.894  0  0  395.894  0  395.894
4.8261e+13  0  1608.7  -1620.88  0  0  -1620.88  0  -1620.88  395.683  0  0  395.683  0  395.683
4.827e+13  0  1609  -1620.3  0  0  -1620.3  0  -1620.3  395.471  0  0  395.471  0  395.471
4.8279e+13  0  1609.3  -1619.73  0  0  -1619.73  0  -1619.73  395.261  0  0  395.261  0  395.261
4.8288e+13  0  1609.6  -1619.16  0  0  -1619.16  0  -1619.16  395.05  0  0  395.05  0  395.05
4.8297e+13  0  1609.9  -1618.59  0  0  -1618.59  0  -1618.59  394.839  0  0  394.839  0  394.839
4.8306e+13  0  1610.2  -1618.01  0  0  -1618.01  0  -1618.01  394.629  0  0  394.629  0  394.629
4.8315e+13  0  1610.5  -1617.44  0  0  -1617.44  0  -1617.44  394.418  0  0  394.418  0  394.418
4.8324e+13  0  1610.8  -1616.87  0  0  -1616.87  0  -1616.87  394.208  0  0  394.208  0  394.208
4.8333e+13  0  1611.1  -1616.3  0  0  -1616.3  0  -1616.3  393.998  0  0  393.998  0  393.998
4.8342e+13  0  1611.4  -1615.73  0  0  -1615.73  0  -1615.73  393.788  0  0  393.788  0  393.788
4.8351e+13  0  1611.7  -1615.16  0  0  -1615.16  0  -1615.16  393.578  0  0  393.578  0  393.578
4.836e+13  0  1612  -1614.59  0  0  -1614.59  0  -1614.59  393.369  0  0  393.369  0  393.369
4.8369e+13  0  1612.3  -1614.02  0  0  -1614.02  0  -1614.02  393.159  0  0  393.159  0  393.159
4.8378e+13  0  1612.6  -1613.45  0  0  -1613.45  0  -1613.45  392.95  0  0  392.95  0  392.95
4.8387e+13  0  1612.9  -1612.88  0  0  -1612.88  0  -1612.88  392.741  0  0  392.741  0  392.741
4.8396e+13  0  1613.2  -1612.31  0  0  -1612.31  0  -1612.31  392.532  0  0  392.532  0  392.532
4.8405e+13  0  1613.5  -1611.74  0  0  -1611.74  0  -1611.74  392.323  0  0  392.323  0  392.323
4.8414e+13  0  1613.8  -1611.18  0  0  -1611.18  0  -1611.18  392.114  0  0  392.114  0  392.114
4.8423e+13  0  1614.1  -1610.61  0  0  -1610.61  0  -1610.61  391.906  0  0  391.906  0  391.906
4.8432e+13  0  1614.4  -1610.04  0  0  -1610.04  0  -1610.04  391.698  0  0  391.698  0  391.698
4.8441e+13  0  1614.7  -1609.47  0  0  -1609.47  0  -1609.47  391.489  0  0  391.489  0  391.489
4.845e+13  0  1615  -1608.91  0  0  -1608.91  0  -1608.91  391.281  0  0  391.281  0  391.281
4.8459e+13  0  1615.3  -1608.34  0  0  -1608.34  0  -1608.34  391.073  0  0  391.073  0  391.073
4.8468e+13  0  1615.6  -1607.77  0  0  -1607.77  0  -1607.77  390.865  0  0  390.865  0  390.865
4.8477e+13  0  1615.9  -1607.21  0  0  -1607.21  0  -1607.21  390.658  0  0  390.658  0  390.658
4.8486e+13  0  1616.2  -1606.64  0  0  -1606.64  0  -1606.64  390.45  0  0  390.45  0  390.45
4.8495e+13  0  1616.5  -1606.07  0  0  -1606.07  0  -1606.07  390.243  0  0  390.243  0  390.243
4.8504e+13  0  1616.8  -1605.51  0  0  -1605.51  0  -1605.51  390.036  0  0  390.036  0  390.036
4.8513e+13  0  1617.1  -1604.94  0  0  -1604.94  0  -1604.94  389.829  0  0  389.829  0  389.829
4.8522e+13  0  1617.4  -1604.38  0  0  -1604.38  0  -1604.38  389.622  0  0  389.622  0  389.622
4.8531e+13  0  1617.7  -1603.82  0  0  -1603.82  0  -1603.82  389.415  0  0  389.415  0  389.415
4.854e+13  0  1618  -1603.25  0  0  -1603.25  0  -1603.25  389.208  0  0  389.208  0  389.208
4.8549e+13  0  1618.3  -1602.69  0  0  -1602.69  0  -1602.69  389.002  0  0  389.002  0  389.002
4.8558e+13  0  1618.6  -1602.12  0  0  -1602.12  0  -1602.12  388.795  0  0  388.795  0  388.795
4.8567e+13  0  1618.9  -1601.56  0  0  -1601.56  0  -1601.56  388.589  0  0  388.589  0  388.589
4.8576e+13  0  1619.2  -1601  0  0  -1601  0  -1601  388.383  0  0  388.383  0  388.383
4.8585e+13  0  1619.5  -1600.44  0  0  -1600.44  0  -1600.44  388.177  0  0  388.177  0  388.177
4.8594e+13  0  1619.8  -1599.87  0  0  -1599.87  0  -1599.87  387.971  0  0  387.971  0  387.971
4.8603e+13  0  1620.1  -1599.31  0  0  -1599.31  0  -1599.31  387.766  0  0  387.766  0  387.766
4.8612e+13  0  1620.4  -1598.75  0  0  -1598.75  0  -1598.75  387.56  0  0  387.56  0  387.56
4.8621e+13  0  1620.7  -1598.19  0  0  -1598.19  0  -1598.19  387.355  0  0  387.355  0  387.355
4.863e+13  0  1621  -1597.63  0  0  -1597.63  0  -1597.63  387.15  0  0  387.15  0  387.15
4.8639e+13  0  1621.3  -1597.07  0  0  -1597.07  0  -1597.07  386.945  0  0  386.945  0  386.945
4.8648e+13  0  1621.6  -1596.5  0  0  -1596.5  0  -1596.5  386.74  0  0  386.74  0  386.74
4.8657e+13  0  1621.9  -1595.94  0  0  -1595.94  0  -1595.94  386.535  0  0  386.535  0  386.535
4.8666e+13  0  1622.2  -1595.38  0  0  -1595.38  0  -1595.38  386.331  0  0  386.331  0  386.331
4.8675e+13  0  1622.5  -1594.82  0  0  -1594.82  0  -1594.82  386.126  0  0  386.126  0  386.126
4.8684e+13  0  1622.8  -1594.26  0  0  -1594.26  0  -1594.26  385.922  0  0  385.922  0  385.922
4.8693e+13  0  1623.1  -1593.71  0  0  -1593.71  0  -1593.71  385.718  0  0  385.718  0  385.718
4.8702e+13  0  1623.4  -1593.15  0  0  -1593.15  0  -1593.15  385.514  0  0  385.514  0  385.514
4.8711e+13  0  1623.7  -1592.59  0  0  -1592.59  0  -1592.59  385.31  0  0  385.31  0  385.31
4.872e+13  0  1624  -1592.03  0  0  -1592.03  0  -1592.03  385.106  0  0  385.106  0  385.106
4.8729e+13  0  1624.3  -1591.47  0  0  -1591.47  0  -1591.47  384.902  0  0  384.902  0  384.902
4.8738e+13  0  1624.6  -1590.91  0  0  -1590.91  0  -1590.91  384.699  0  0  384.699  0  384.699
4.8747e+13  0  1624.9  -1590.36  0  0  -1590.36  0  -1590.36  384.496  0  0  384.496  0  384.496
4.8756e+13  0  1625.2  -1589.8  0  0  -1589.8  0  -1589.8  384.292  0  0  384.292  0  384.292
4.8765e+13  0  1625.5  -1589.24  0  0  -1589.24  0  -1589.24  384.089  0  0  384.089  0  384.089
4.8774e+13  0  1625.8  -1588.69  0  0  -1588.69  0  -1588.69  383.887  0  0  383.887  0  383.887
4.8783e+13  0  1626.1  -1588.13  0  0  -1588.13  0  -1588.13  383.684  0  0  383.684  0  383.684
4.8792e+13  0  1626.4  -1587.57  0  0  -1587.57  0  -1587.57  383.481  0  0  383.481  0  383.481
4.8801e+13  0  1626.7  -1587.02  0  0  -1587.02  0  -1587.02  383.279  0  0  383.279  0  383.279
4.881e+13  0  1627  -1586.46  0  0  -1586.46  0  -1586.46  383.076  0  0  383.076  0  383.076
4.8819e+13  0  1627.3  -1585.91  0  0  -1585.91  0  -1585.91  382.874  0  0  382.874  0  382.874
4.8828e+13  0  1627.6  -1585.35  0  0  -1585.35  0  -1585.35  382.672  0  0  382.672  0  382.672
4.8837e+13  0  1627.9  -1584.8  0  0  -1584.8  0  -1584.8  382.47  0  0  382.47  0  382.47
4.8846e+13  0  1628.2  -1584.24  0  0  -1584.24  0  -1584.24  382.269  0  0  382.269  0  382.269
4.8855e+13  0  1628.5  -1583.69  0  0  -1583.69  0  -1583.69  382.067  0  0  382.067  0  382.067
4.8864e+13  0  1628.8  -1583.14  0  0  -1583.14  0  -1583.14  381.866  0  0  381.866  0  381.866
4.8873e+13  0  1629.1  -1582.58  0  0  -1582.58  0  -1582.58  381.664  0  0  381.664  0  381.664
4.8882e+13  0  1629.4  -1582.03  0  0  -1582.03  0  -1582.03  381.463  0  0  381.463  0  381.463
4.8891e+13  0  1629.7  -1581.48  0  0  -1581.48  0  -1581.48  381.262  0  0  381.262  0  381.262
4.89e+13  0  1630  -1580.92  0  0  -1580.92  0  -1580.92  381.061  0  0  381.061  0  381.061
4.8909e+13  0  1630.3  -1580.37  0  0  -1580.37  0  -1580.37  380.86  0  0  380.86  0  380.86
4.8918e+13  0  1630.6  -1579.82  0  0  -1579.82  0  -1579.82  380.66  0  0  380.66  0  380.66
4.8927e+13  0  1630.9  -1579.27  0  0  -1579.27  0  -1579.27  380.459  0  0  380.459  0  380.459
4.8936e+13  0  1631.2  -1578.72  0  0  -1578.72  0  -1578.72  380.259  0  0  380.259  0  380.259
4.8945e+13  0  1631.5  -1578.16  0  0  -1578.16  0  -1578.16  380.059  0  0  380.059  0  380.059
4.8954e+13  0  1631.8  -1577.61  0  0  -1577.61  0  -1577.61  379.859  0  0  379.859  0  379.859
4.8963e+13  0  1632.1  -1577.06  0  0  -1577.06  0  -1577.06  379.659  0  0  379.659  0  379.659
4.8972e+13  0  1632.4  -1576.51  0  0  -1576.51  0  -1576.51  379.459  0  0  379.459  0  379.459
4.8981e+13  0  1632.7  -1575.96  0  0  -1575.96  0  -1575.96  379.26  0  0  379.26  0  379.26
4.899e+13  0  1633  -1575.41  0  0  -1575.41  0  -1575.41  379.06  0  0  379.06  0  379.06
4.8999e+13  0  1633.3  -1574.86  0  0  -1574.86  0  -1574.86  378.861  0  0  378.861  0  378.861
4.9008e+13  0  1633.6  -1574.31  0  0  -1574.31  0  -1574.31  378.662  0  0  378.662  0  378.662
4.9017e+13  0  1633.9  -1573.77  0  0  -1573.77  0  -1573.77  378.462  0  0  378.462  0  378.462
4.9026e+13  0  1634.2  -1573.22  0  0  -1573.22  0  -1573.22  378.264  0  0  378.264  0  378.264
4.9035e+13  0  1634.5  -1572.67  0  0  -1572.67  0  -1572.67  378.065  0  0  378.065  0  378.065
4.9044e+13  0  1634.8  -1572.12  0  0  -1572.12  0  -1572.12  377.866  0  0  377.866  0  377.866
4.9053e+13  0  1635.1  -1571.57  0  0  -1571.57  0  -1571.57  377.668  0  0  377.668  0  377.668
4.9062e+13  0  1635.4  -1571.02  0  0  -1571.02  0  -1571.02  377.469  0  0  377.469  0  377.469
4.9071e+13  0  1635.7  -1570.48  0  0  -1570.48  0  -1570.48  377.271  0  0  377.271  0  377.271
4.908e+13  0  1636  -1569.93  0  0  -1569.93  0  -1569.93  377.073  0  0  377.073  0  377.073
4.9089e+13  0  1636.3  -1569.38  0  0  -1569.38  0  -1569.38  376.875  0  0  376.875  0  376.875
4.9098e+13  0  1636.6  -1568.84  0  0  -1568.84  0  -1568.84  376.677  0  0  376.677  0  376.677
4.9107e+13  0  1636.9  -1568.29  0  0  -1568.29  0  -1568.29  376.479  0  0  376.479  0  376.479
4.9116e+13  0  1637.2  -1567.75  0  0  -1567.75  0  -1567.75  376.282  0  0  376.282  0  376.282
4.9125e+13  0  1637.5  -1567.2  0  0  -1567.2  0  -1567.2  376.085  0  0  376.085  0  376.085
4.9134e+13  0  1637.8  -1566.65  0  0  -1566.65  0  -1566.65  375.887  0  0  375.887  0  375.887
4.9143e+13  0  1638.1  -1566.11  0  0  -1566.11  0  -1566.11  375.69  0  0  375.69  0  375.69
4.9152e+13  0  1638.4  -1565.56  0  0  -1565.56  0  -1565.56  375.493  0  0  375.493  0  375.493
4.9161e+13  0  1638.7  -1565.02  0  0  -1565.02  0  -1565.02  375.296  0  0  375.296  0  375.296
4.917e+13  0  1639  -1564.48  0  0  -1564.48  0  -1564.48  375.1  0  0  375.1  0  375.1
4.9179e+13  0  1639.3  -1563.93  0  0  -1563.93  0  -1563.93  374.903  0  0  374.903  0  374.903
4.9188e+13  0  1639.6  -1563.39  0  0  -1563.39  0  -1563.39  374.707  0  0  374.707  0  374.707
4.9197e+13  0  1639.9  -1562.85  0  0  -1562.85  0  -1562.85  374.51  0  0  374.51  0  374.51
4.9206e+13  0  1640.2  -1562.3  0  0  -1562.3  0  -1562.3  374.314  0  0  374.314  0  374.314
4.9215e+13  0  1640.5  -1561.76  0  0  -1561.76  0  -1561.76  374.118  0  0  374.118  0  374.118
4.9224e+13  0  1640.8  -1561.22  0  0  -1561.22  0  -1561.22  373.922  0  0  373.922  0  373.922
4.9233e+13  0  1641.1  -1560.67  0  0  -1560.67  0  -1560.67  373.727  0  0  373.727  0  373.727
4.9242e+13  0  1641.4  -1560.13  0  0  -1560.13  0  -1560.13  373.531  0  0  373.531  0  373.531
4.9251e+13  0  1641.7  -1559.59  0  0  -1559.59  0  -1559.59  373.335  0  0  373.335  0  373.335
4.926e+13  0  1642  -1559.05  0  0  -1559.05  0  -1559.05  373.14  0  0  373.14  0  373.14
4.9269e+13  0  1642.3  -1558.51  0  0  -1558.51  0  -1558.51  372.945  0  0  372.945  0  372.945
4.9278e+13  0  1642.6  -1557.97  0  0  -1557.97  0  -1557.97  372.75  0  0  372.75  0  372.75
4.9287e+13  0  1642.9  -1557.43  0  0  -1557.43  0  -1557.43  372.555  0  0  372.555  0  372.555
4.9296e+13  0  1643.2  -1556.89  0  0  -1556.89  0  -1556.89  372.36  0  0  372.36  0  372.36
4.9305e+13  0  1643.5  -1556.35  0  0  -1556.35  0  -1556.35  372.165  0  0  372.165  0  372.165
4.9314e+13  0  1643.8  -1555.81  0  0  -1555.81  0  -1555.81  371.971  0  0  371.971  0  371.971
4.9323e+13  0  1644.1  -1555.27  0  0  -1555.27  0  -1555.27  371.777  0  0  371.777  0  371.777
4.9332e+13  0  1644.4  -1554.73  0  0  -1554.73  0  -1554.73  371.582  0  0  371.582  0  371.582
4.9341e+13  0  1644.7  -1554.19  0  0  -1554.19  0  -1554.19  371.388  0  0  371.388  0  371.388
4.935e+13  0  1645  -1553.65  0  0  -1553.65  0  -1553.65  371.194  0  0  371.194  0  371.194
4.9359e+13  0  1645.3  -1553.11  0  0  -1553.11  0  -1553.11  371  0  0  371  0  371
4.9368e+13  0  1645.6  -1552.57  0  0  -1552.57  0  -1552.57  370.807  0  0  370.807  0  370.807
4.9377e+13  0  1645.9  -1552.04  0  0  -1552.04  0  -1552.04  370.613  0  0  370.613  0  370.613
4.9386e+13  0  1646.2  -1551.5  0  0  -1551.5  0  -1551.5  370.42  0  0  370.42  0  370.42
4.9395e+13  0  1646.5  -1550.96  0  0  -1550.96  0  -1550.96  370.226  0  0  370.226  0  370.226
4.9404e+13  0  1646.8  -1550.42  0  0  -1550.42  0  -1550.42  370.033  0  0  370.033  0  370.033
4.9413e+13  0  1647.1  -1549.89  0  0  -1549.89  0  -1549.89  369.84  0  0  369.84  0  369.84
4.9422e+13  0  1647.4  -1549.35  0  0  -1549.35  0  -1549.35  369.647  0  0  369.647  0  369.647
4.9431e+13  0  1647.7  -1548.81  0  0  -1548.81  0  -1548.81  369.454  0  0  369.454  0  369.454
4.944e+13  0  1648  -1548.28  0  0  -1548.28  0  -1548.28  369.262  0  0  369.262  0  369.262
4.9449e+13  0  1648.3  -1547.74  0  0  -1547.74  0  -1547.74  369.069  0  0  369.069  0  369.069
4.9458e+13  0  1648.6  -1547.21  0  0  -1547.21  0  -1547.21  368.877  0  0  368.877  0  368.877
4.9467e+13  0  1648.9  -1546.67  0  0  -1546.67  0  -1546.67  368.685  0  0  368.685  0  368.685
4.9476e+13  0  1649.2  -1546.14  0  0  -1546.14  0  -1546.14  368.493  0  0  368.493  0  368.493
4.9485e+13  0  1649.5  -1545.6  0  0  -1545.6  0  -1545.6  368.301  0  0  368.301  0  368.301
4.9494e+13  0  1649.8  -1545.07  0  0  -1545.07  0  -1545.07  368.109  0  0  368.109  0  368.109
4.9503e+13  0  1650.1  -1544.54  0  0  -1544.54  0  -1544.54  367.917  0  0  367.917  0  367.917
4.9512e+13  0  1650.4  -1544  0  0  -1544  0  -1544  367.726  0  0  367.726  0  367.726
4.9521e+13  0  1650.7  -1543.47  0  0  -1543.47  0  -1543.47  367.534  0  0  367.534  0  367.534
4.953e+13  0  1651  -1542.93  0  0  -1542.93  0  -1542.93  367.343  0  0  367.343  0  367.343
4.9539e+13  0  1651.3  -1542.4  0  0  -1542.4  0  -1542.4  367.152  0  0  367.152  0  367.152
4.9548e+13  0  1651.6  -1541.87  0  0  -1541.87  0  -1541.87  366.961  0  0  366.961  0  366.961
4.9557e+13  0  1651.9  -1541.34  0  0  -1541.34  0  -1541.34  366.77  0  0  366.77  0  366.77
4.9566e+13  0  1652.2  -1540.8  0  0  -1540.8  0  -1540.8  366.579  0  0  366.579  0  366.579
4.9575e+13  0  1652.5  -1540.27  0  0  -1540.27  0  -1540.27  366.388  0  0  366.388  0  366.388
4.9584e+13  0  1652.8  -1539.74  0  0  -1539.74  0  -1539.74  366.198  0  0  366.198  0  366.198
4.9593e+13  0  1653.1  -1539.21  0  0  -1539.21  0  -1539.21  366.007  0  0  366.007  0  366.007
4.9602e+13  0  1653.4  -1538.68  0  0  -1538.68  0  -1538.68  365.817  0  0  365.817  0  365.817
4.9611e+13  0  1653.7  -1538.15  0  0  -1538.15  0  -1538.15  365.627  0  0  365.627  0  365.627
4.962e+13  0  1654  -1537.62  0  0  -1537.62  0  -1537.62  365.437  0  0  365.437  0  365.437
4.9629e+13  0  1654.3  -1537.09  0  0  -1537.09  0  -1537.09  365.247  0  0  365.247  0  365.247
4.9638e+13  0  1654.6  -1536.56  0  0  -1536.56  0  -1536.56  365.058  0  0  365.058  0  365.058
4.9647e+13  0  1654.9  -1536.03  0  0  -1536.03  0  -1536.03  364.868  0  0  364.868  0  364.868
4.9656e+13  0  1655.2  -1535.5  0  0  -1535.5  0  -1535.5  364.679  0  0  364.679  0  364.679
4.9665e+13  0  1655.5  -1534.97  0  0  -1534.97  0  -1534.97  364.489  0  0  364.489  0  364.489
4.9674e+13  0  1655.8  -1534.44  0  0  -1534.44  0  -1534.44  364.3  0  0  364.3  0  364.3
4.9683e+13  0  1656.1  -1533.91  0  0  -1533.91  0  -1533.91  364.111  0  0  364.111  0  364.111
4.9692e+13  0  1656.4  -1533.38  0  0  -1533.38  0  -1533.38  363.922  0  0  363.922  0  363.922
4.9701e+13  0  1656.7  -1532.85  0  0  -1532.85  0  -1532.85  363.733  0  0  363.733  0  363.733
4.971e+13  0  1657  -1532.33  0  0  -1532.33  0  -1532.33  363.545  0  0  363.545  0  363.545
4.9719e+13  0  1657.3  -1531.8  0  0  -1531.8  0  -1531.8  363.356  0  0  363.356  0  363.356
4.9728e+13  0  1657.6  -1531.27  0  0  -1531.27  0  -1531.27  363.168  0  0  363.168  0  363.168
4.9737e+13  0  1657.9  -1530.74  0  0  -1530.74  0  -1530.74  362.979  0  0  362.979  0  362.979
4.9746e+13  0  1658.2  -1530.22  0  0  -1530.22  0  -1530.22  362.791  0  0  362.791  0  362.791
4.9755e+13  0  1658.5  -1529.69  0  0  -1529.69  0  -1529.69  362.603  0  0  362.603  0  362.603
4.9764e+13  0  1658.8  -1529.17  0  0  -1529.17  0  -1529.17  362.415  0  0  362.415  0  362.415
4.9773e+13  0  1659.1  -1528.64  0  0  -1528.64  0  -1528.64  362.228  0  0  362.228  0  362.228
4.9782e+13  0  1659.4  -1528.11  0  0  -1528.11  0  -1528.11  362.04  0  0  362.04  0  362.04
4.9791e+13  0  1659.7  -1527.59  0  0  -1527.59  0  -1527.59  361.852  0  0  361.852  0  361.852
4.98e+13  0  1660  -1527.06  0  0  -1527.06  0  -1527.06  361.665  0  0  361.665  0  361.665
4.9809e+13  0  1660.3  -1526.54  0  0  -1526.54  0  -1526.54  361.478  0  0  361.478  0  361.478
4.9818e+13  0  1660.6  -1526.01  0  0  -1526.01  0  -1526.01  361.291  0  0  361.291  0  361.291
4.9827e+13  0  1660.9  -1525.49  0  0  -1525.49  0  -1525.49  361.104  0  0  361.104  0  361.104
4.9836e+13  0  1661.2  -1524.97  0  0  -1524.97  0  -1524.97  360.917  0  0  360.917  0  360.917
4.9845e+13  0  1661.5  -1524.44  0  0  -1524.44  0  -1524.44  360.73  0  0  360.73  0  360.73
4.9854e+13  0  1661.8  -1523.92  0  0  -1523.92  0  -1523.92  360.544  0  0  360.544  0  360.544
4.9863e+13  0  1662.1  -1523.39  0  0  -1523.39  0  -1523.39  360.357  0  0  360.357  0  360.357
4.9872e+13  0  1662.4  -1522.87  0  0  -1522.87  0  -1522.87  360.171  0  0  360.171  0  360.171
4.9881e+13  0  1662.7  -1522.35  0  0  -1522.35  0  -1522.35  359.985  0  0  359.985  0  359.985
4.989e+13  0  1663  -1521.83  0  0  -1521.83  0  -1521.83  359.799  0  0  359.799  0  359.799
4.9899e+13  0  1663.3  -1521.3  0  0  -1521.3  0  -1521.3  359.613  0  0  359.613  0  359.613
4.9908e+13  0  1663.6  -1520.78  0  0  -1520.78  0  -1520.78  359.427  0  0  359.427  0  359.427
4.9917e+13  0  1663.9  -1520.26  0  0  -1520.26  0  -1520.26  359.241  0  0  359.241  0  359.241
4.9926e+13  0  1664.2  -1519.74  0  0  -1519.74  0  -1519.74  359.056  0  0  359.056  0  359.056
4.9935e+13  0  1664.5  -1519.22  0  0  -1519.22  0  -1519.22  358.87  0  0  358.87  0  358.87
4.9944e+13  0  1664.8  -1518.7  0  0  -1518.7  0  -1518.7  358.685  0  0  358.685  0  358.685
4.9953e+13  0  1665.1  -1518.18  0  0  -1518.18  0  -1518.18  358.5  0  0  358.5  0  358.5
4.9962e+13  0  1665.4  -1517.66  0  0  -1517.66  0  -1517.66  358.315  0  0  358.315  0  358.315
4.9971e+13  0  1665.7  -1517.14  0  0  -1517.14  0  -1517.14  358.13  0  0  358.13  0  358.13
4.998e+13  0  1666  -1516.62  0  0  -1516.62  0  -1516.62  357.945  0  0  357.945  0  357.945
4.9989e+13  0  1666.3  -1516.1  0  0  -1516.1  0  -1516.1  357.76  0  0  357.76  0  357.76
4.9998e+13  0  1666.6  -1515.58  0  0  -1515.58  0  -1515.58  357.576  0  0  357.576  0  357.576
5.0007e+13  0  1666.9  -1515.06  0  0  -1515.06  0  -1515.06  357.391  0  0  357.391  0  357.391
5.0016e+13  0  1667.2  -1514.54  0  0  -1514.54  0  -1514.54  357.207  0  0  357.207  0  357.207
5.0025e+13  0  1667.5  -1514.02  0  0  -1514.02  0  -1514.02  357.023  0  0  357.023  0  357.023
5.0034e+13  0  1667.8  -1513.5  0  0  -1513.5  0  -1513.5  356.839  0  0  356.839  0  356.839
5.0043e+13  0  1668.1  -1512.98  0  0  -1512.98  0  -1512.98  356.655  0  0  356.655  0  356.655
5.0052e+13  0  1668.4  -1512.47  0  0  -1512.47  0  -1512.47  356.471  0  0  356.471  0  356.471
5.0061e+13  0  1668.7  -1511.95  0  0  -1511.95  0  -1511.95  356.287  0  0  356.287  0  356.287
5.007e+13  0  1669  -1511.43  0  0  -1511.43  0  -1511.43  356.104  0  0  356.104  0  356.104
5.0079e+13  0  1669.3  -1510.91  0  0  -1510.91  0  -1510.91  355.92  0  0  355.92  0  355.92
5.0088e+13  0  1669.6  -1510.4  0  0  -1510.4  0  -1510.4  355.737  0  0  355.737  0  355.737
5.0097e+13  0  1669.9  -1509.88  0  0  -1509.88  0  -1509.88  355.554  0  0  355.554  0  355.554
5.0106e+13  0  1670.2  -1509.36  0  0  -1509.36  0  -1509.36  355.371  0  0  355.371  0  355.371
5.0115e+13  0  1670.5  -1508.85  0  0  -1508.85  0  -1508.85  355.188  0  0  355.188  0  355.188
5.0124e+13  0  1670.8  -1508.33  0  0  -1508.33  0  -1508.33  355.005  0  0  355.005  0  355.005
5.0133e+13  0  1671.1  -1507.82  0  0  -1507.82  0  -1507.82  354.823  0  0  354.823  0  354.823
5.0142e+13  0  1671.4  -1507.3  0  0  -1507.3  0  -1507.3  354.64  0  0  354.64  0  354.64
5.0151e+13  0  1671.7  -1506.79  0  0  -1506.79  0  -1506.79  354.458  0  0  354.458  0  354.458
5.016e+13  0  1672  -1506.27  0  0  -1506.27  0  -1506.27  354.275  0  0  354.275  0  354.275
5.0169e+13  0  1672.3  -1505.76  0  0  -1505.76  0  -1505.76  354.093  0  0  354.093  0  354.093
5.0178e+13  0  1672.6  -1505.24  0  0  -1505.24  0  -1505.24  353.911  0  0  353.911  0  353.911
5.0187e+13  0  1672.9  -1504.73  0  0  -1504.73  0  -1504.73  353.729  0  0  353.729  0  353.729
5.0196e+13  0  1673.2  -1504.22  0  0  -1504.22  0  -1504.22  353.548  0  0  353.548  0  353.548
5.0205e+13  0  1673.5  -1503.7  0  0  -1503.7  0  -1503.7  353.366  0  0  353.366  0  353.366
5.0214e+13  0  1673.8  -1503.19  0  0  -1503.19  0  -1503.19  353.184  0  0  353.184  0  353.184
5.0223e+13  0  1674.1  -1502.68  0  0  -1502.68  0  -1502.68  353.003  0  0  353.003  0  353.003
5.0232e+13  0  1674.4  -1502.16  0  0  -1502.16  0  -1502.16  352.822  0  0  352.822  0  352.822
5.0241e+13  0  1674.7  -1501.65  0  0  -1501.65  0  -1501.65  352.641  0  0  352.641  0  352.641
5.025e+13  0  1675  -1501.14  0  0  -1501.14  0  -1501.14  352.46  0  0  352.46  0  352.46
5.0259e+13  0  1675.3  -1500.63  0  0  -1500.63  0  -1500.63  352.279  0  0  352.279  0  352.279
5.0268e+13  0  1675.6  -1500.12  0  0  -1500.12  0  -1500.12  352.098  0  0  352.098  0  352.098
5.0277e+13  0  1675.9  -1499.6  0  0  -1499.6  0  -1499.6  351.917  0  0  351.917  0  351.917
5.0286e+13  0  1676.2  -1499.09  0  0  -1499.09  0  -1499.09  351.737  0  0  351.737  0  351.737
5.0295e+13  0  1676.5  -1498.58  0  0  -1498.58  0  -1498.58  351.556  0  0  351.556  0  351.556
5.0304e+13  0  1676.8  -1498.07  0  0  -1498.07  0  -1498.07  351.376  0  0  351.376  0  351.376
5.0313e+13  0  1677.1  -1497.56  0  0  -1497.56  0  -1497.56  351.196  0  0  351.196  0  351.196
5.0322e+13  0  1677.4  -1497.05  0  0  -1497.05  0  -1497.05  351.016  0  0  351.016  0  351.016
5.0331e+13  0  1677.7  -1496.54  0  0  -1496.54  0  -1496.54  350.836  0  0  350.836  0  350.836
5.034e+13  0  1678  -1496.03  0  0  -1496.03  0  -1496.03  350.656  0  0  350.656  0  350.656
5.0349e+13  0  1678.3  -1495.52  0  0  -1495.52  0  -1495.52  350.476  0  0  350.476  0  350.476
5.0358e+13  0  1678.6  -1495.01  0  0  -1495.01  0  -1495.01  350.297  0  0  350.297  0  350.297
5.0367e+13  0  1678.9  -1494.5  0  0  -1494.5  0  -1494.5  350.118  0  0  350.118  0  350.118
5.0376e+13  0  1679.2  -1494  0  0  -1494  0  -1494  349.938  0  0  349.938  0  349.938
5.0385e+13  0  1679.5  -1493.49  0  0  -1493.49  0  -1493.49  349.759  0  0  349.759  0  349.759
5.0394e+13  0  1679.8  -1492.98  0  0  -1492.98  0  -1492.98  349.58  0  0  349.58  0  349.58
5.0403e+13  0  1680.1  -1492.47  0  0  -1492.47  0  -1492.47  349.401  0  0  349.401  0  349.401
5.0412e+13  0  1680.4  -1491.96  0  0  -1491.96  0  -1491.96  349.222  0  0  349.222  0  349.222
5.0421e+13  0  1680.7  -1491.46  0  0  -1491.46  0  -1491.46  349.044  0  0  349.044  0  349.044
5.043e+13  0  1681  -1490.95  0  0  -1490.95  0  -1490.95  348.865  0  0  348.865  0  348.865
5.0439e+13  0  1681.3  -1490.44  0  0  -1490.44  0  -1490.44  348.687  0  0  348.687  0  348.687
5.0448e+13  0  1681.6  -1489.94  0  0  -1489.94  0  -1489.94  348.508  0  0  348.508  0  348.508
5.0457e+13  0  1681.9  -1489.43  0  0  -1489.43  0  -1489.43  348.33  0  0  348.33  0  348.33
5.0466e+13  0  1682.2  -1488.92  0  0  -1488.92  0  -1488.92  348.152  0  0  348.152  0  348.152
5.0475e+13  0  1682.5  -1488.42  0  0  -1488.42  0  -1488.42  347.974  0  0  347.974  0  347.974
5.0484e+13  0  1682.8  -1487.91  0  0  -1487.91  0  -1487.91  347.796  0  0  347.796  0  347.796
5.0493e+13  0  1683.1  -1487.41  0  0  -1487.41  0  -1487.41  347.618  0  0  347.618  0  347.618
5.0502e+13  0  1683.4  -1486.9  0  0  -1486.9  0  -1486.9  347.441  0  0  347.441  0  347.441
5.0511e+13  0  1683.7  -1486.4  0  0  -1486.4  0  -1486.4  347.263  0  0  347.263  0  347.263
5.052e+13  0  1684  -1485.89  0  0  -1485.89  0  -1485.89  347.086  0  0  347.086  0  347.086
5.0529e+13  0  1684.3  -1485.39  0  0  -1485.39  0  -1485.39  346.909  0  0  346.909  0  346.909
5.0538e+13  0  1684.6  -1484.89  0  0  -1484.89  0  -1484.89  346.732  0  0  346.732  0  346.732
5.0547e+13  0  1684.9  -1484.38  0  0  -1484.38  0  -1484.38  346.555  0  0  346.555  0  346.555
5.0556e+13  0  1685.2  -1483.88  0  0  -1483.88  0  -1483.88  346.378  0  0  346.378  0  346.378
5.0565e+13  0  1685.5  -1483.38  0  0  -1483.38  0  -1483.38  346.201  0  0  346.201  0  346.201
5.0574e+13  0  1685.8  -1482.87  0  0  -1482.87  0  -1482.87  346.024  0  0  346.024  0  346.024
5.0583e+13  0  1686.1  -1482.37  0  0  -1482.37  0  -1482.37  345.848  0  0  345.848  0  345.848
5.0592e+13  0  1686.4  -1481.87  0  0  -1481.87  0  -1481.87  345.672  0  0  345.672  0  345.672
5.0601e+13  0  1686.7  -1481.37  0  0  -1481.37  0  -1481.37  345.495  0  0  345.495  0  345.495
5.061e+13  0  1687  -1480.86  0  0  -1480.86  0  -1480.86  345.319  0  0  345.319  0  345.319
5.0619e+13  0  1687.3  -1480.36  0  0  -1480.36  0  -1480.36  345.143  0  0  345.143  0  345.143
5.0628e+13  0  1687.6  -1479.86  0  0  -1479.86  0  -1479.86  344.967  0  0  344.967  0  344.967
5.0637e+13  0  1687.9  -1479.36  0  0  -1479.36  0  -1479.36  344.791  0  0  344.791  0  344.791
5.0646e+13  0  1688.2  -1478.86  0  0  -1478.86  0  -1478.86  344.616  0  0  344.616  0  344.616
5.0655e+13  0  1688.5  -1478.36  0  0  -1478.36  0  -1478.36  344.44  0  0  344.44  0  344.44
5.0664e+13  0  1688.8  -1477.86  0  0  -1477.86  0  -1477.86  344.265  0  0  344.265  0  344.265
5.0673e+13  0  1689.1  -1477.36  0  0  -1477.36  0  -1477.36  344.089  0  0  344.089  0  344.089
5.0682e+13  0  1689.4  -1476.86  0  0  -1476.86  0  -1476.86  343.914  0  0  343.914  0  343.914
5.0691e+13  0  1689.7  -1476.36  0  0  -1476.36  0  -1476.36  343.739  0  0  343.739  0  343.739
5.07e+13  0  1690  -1475.86  0  0  -1475.86  0  -1475.86  343.564  0  0  343.564  0  343.564
5.0709e+13  0  1690.3  -1475.36  0  0  -1475.36  0  -1475.36  343.389  0  0  343.389  0  343.389
5.0718e+13  0  1690.6  -1474.86  0  0  -1474.86  0  -1474.86  343.215  0  0  343.215  0  343.215
5.0727e+13  0  1690.9  -1474.36  0  0  -1474.36  0  -1474.36  343.04  0  0  343.04  0  343.04
5.0736e+13  0  1691.2  -1473.86  0  0  -1473.86  0  -1473.86  342.866  0  0  342.866  0  342.866
5.0745e+13  0  1691.5  -1473.36  0  0  -1473.36  0  -1473.36  342.691  0  0  342.691  0  342.691
5.0754e+13  0  1691.8  -1472.87  0  0  -1472.87  0  -1472.87  342.517  0  0  342.517  0  342.517
5.0763e+13  0  1692.1  -1472.37  0  0  -1472.37  0  -1472.37  342.343  0  0  342.343  0  342.343
5.0772e+13  0  1692.4  -1471.87  0  0  -1471.87  0  -1471.87  342.169  0  0  342.169  0  342.169
5.0781e+13  0  1692.7  -1471.37  0  0  -1471.37  0  -1471.37  341.995  0  0  341.995  0  341.995
5.079e+13  0  1693  -1470.88  0  0  -1470.88  0  -1470.88  341.821  0  0  341.821  0  341.821
5.0799e+13  0  1693.3  -1470.38  0  0  -1470.38  0  -1470.38  341.648  0  0  341.648  0  341.648
5.0808e+13  0  1693.6  -1469.88  0  0  -1469.88  0  -1469.88  341.474  0  0  341.474  0  341.474
5.0817e+13  0  1693.9  -1469.39  0  0  -1469.39  0  -1469.39  341.301  0  0  341.301  0  341.301
5.0826e+13  0  1694.2  -1468.89  0  0  -1468.89  0  -1468.89  341.127  0  0  341.127  0  341.127
5.0835e+13  0  1694.5  -1468.39  0  0  -1468.39  0  -1468.39  340.954  0  0  340.954  0  340.954
5.0844e+13  0  1694.8  -1467.9  0  0  -1467.9  0  -1467.9  340.781  0  0  340.781  0  340.781
5.0853e+13  0  1695.1  -1467.4  0  0  -1467.4  0  -1467.4  340.608  0  0  340.608  0  340.608
5.0862e+13  0  1695.4  -1466.91  0  0  -1466.91  0  -1466.91  340.435  0  0  340.435  0  340.435
5.0871e+13  0  1695.7  -1466.41  0  0  -1466.41  0  -1466.41  340.263  0  0  340.263  0  340.263
5.088e+13  0  1696  -1465.92  0  0  -1465.92  0  -1465.92  340.09  0  0  340.09  0  340.09
5.0889e+13  0  1696.3  -1465.42  0  0  -1465.42  0  -1465.42  339.918  0  0  339.918  0  339.918
5.0898e+13  0  1696.6  -1464.93  0  0  -1464.93  0  -1464.93  339.745  0  0  339.745  0  339.745
5.0907e+13  0  1696.9  -1464.44  0  0  -1464.44  0  -1464.44  339.573  0  0  339.573  0  339.573
5.0916e+13  0  1697.2  -1463.94  0  0  -1463.94  0  -1463.94  339.401  0  0  339.401  0  339.401
5.0925e+13  0  1697.5  -1463.45  0  0  -1463.45  0  -1463.45  339.229  0  0  339.229  0  339.229
5.0934e+13  0  1697.8  -1462.96  0  0  -1462.96  0  -1462.96  339.057  0  0  339.057  0  339.057
5.0943e+13  0  1698.1  -1462.46  0  0  -1462.46  0  -1462.46  338.885  0  0  338.885  0  338.885
5.0952e+13  0  1698.4  -1461.97  0  0  -1461.97  0  -1461.97  338.713  0  0  338.713  0  338.713
5.0961e+13  0  1698.7  -1461.48  0  0  -1461.48  0  -1461.48  338.542  0  0  338.542  0  338.542
5.097e+13  0  1699  -1460.99  0  0  -1460.99  0  -1460.99  338.371  0  0  338.371  0  338.371
5.0979e+13  0  1699.3  -1460.5  0  0  -1460.5  0  -1460.5  338.199  0  0  338.199  0  338.199
5.0988e+13  0  1699.6  -1460  0  0  -1460  0  -1460  338.028  0  0  338.028  0  338.028
5.0997e+13  0  1699.9  -1459.51  0  0  -1459.51  0  -1459.51  337.857  0  0  337.857  0  337.857
5.1006e+13  0  1700.2  -1459.02  0  0  -1459.02  0  -1459.02  337.686  0  0  337.686  0  337.686
5.1015e+13  0  1700.5  -1458.53  0  0  -1458.53  0  -1458.53  337.515  0  0  337.515  0  337.515
5.1024e+13  0  1700.8  -1458.04  0  0  -1458.04  0  -1458.04  337.344  0  0  337.344  0  337.344
5.1033e+13  0  1701.1  -1457.55  0  0  -1457.55  0  -1457.55  337.174  0  0  337.174  0  337.174
5.1042e+13  0  1701.4  -1457.06  0  0  -1457.06  0  -1457.06  337.003  0  0  337.003  0  337.003
5.1051e+13  0  1701.7  -1456.57  0  0  -1456.57  0  -1456.57  336.833  0  0  336.833  0  336.833
5.106e+13  0  1702  -1456.08  0  0  -1456.08  0  -1456.08  336.663  0  0  336.663  0  336.663
5.1069e+13  0  1702.3  -1455.59  0  0  -1455.59  0  -1455.59  336.492  0  0  336.492  0  336.492
5.1078e+13  0  1702.6  -1455.1  0  0  -1455.1  0  -1455.1  336.322  0  0  336.322  0  336.322
5.1087e+13  0  1702.9  -1454.61  0  0  -1454.61  0  -1454.61  336.152  0  0  336.152  0  336.152
5.1096e+13  0  1703.2  -1454.12  0  0  -1454.12  0  -1454.12  335.983  0  0  335.983  0  335.983
5.1105e+13  0  1703.5  -1453.63  0  0  -1453.63  0  -1453.63  335.813  0  0  335.813  0  335.813
5.1114e+13  0  1703.8  -1453.15  0  0  -1453.15  0  -1453.15  335.643  0  0  335.643  0  335.643
5.1123e+13  0  1704.1  -1452.66  0  0  -1452.66  0  -1452.66  335.474  0  0  335.474  0  335.474
5.1132e+13  0  1704.4  -1452.17  0  0  -1452.17  0  -1452.17  335.305  0  0  335.305  0  335.305
5.1141e+13  0  1704.7  -1451.68  0  0  -1451.68  0  -1451.68  335.135  0  0  335.135  0  335.135
5.115e+13  0  1705  -1451.2  0  0  -1451.2  0  -1451.2  334.966  0  0  334.966  0  334.966
5.1159e+13  0  1705.3  -1450.71  0  0  -1450.71  0  -1450.71  334.797  0  0  334.797  0  334.797
5.1168e+13  0  1705.6  -1450.22  0  0  -1450.22  0  -1450.22  334.628  0  0  334.628  0  334.628
5.1177e+13  0  1705.9  -1449.74  0  0  -1449.74  0  -1449.74  334.459  0  0  334.459  0  334.459
5.1186e+13  0  1706.2  -1449.25  0  0  -1449.25  0  -1449.25  334.291  0  0  334.291  0  334.291
5.1195e+13  0  1706.5  -1448.76  0  0  -1448.76  0  -1448.76  334.122  0  0  334.122  0  334.122
5.1204e+13  0  1706.8  -1448.28  0  0  -1448.28  0  -1448.28  333.954  0  0  333.954  0  333.954
5.1213e+13  0  1707.1  -1447.79  0  0  -1447.79  0  -1447.79  333.785  0  0  333.785  0  333.785
5.1222e+13  0  1707.4  -1447.31  0  0  -1447.31  0  -1447.31  333.617  0  0  333.617  0  333.617
5.1231e+13  0  1707.7  -1446.82  0  0  -1446.82  0  -1446.82  333.449  0  0  333.449  0  333.449
5.124e+13  0  1708  -1446.34  0  0  -1446.34  0  -1446.34  333.281  0  0  333.281  0  333.281
5.1249e+13  0  1708.3  -1445.85  0  0  -1445.85  0  -1445.85  333.113  0  0  333.113  0  333.113
5.1258e+13  0  1708.6  -1445.37  0  0  -1445.37  0  -1445.37  332.945  0  0  332.945  0  332.945
5.1267e+13  0  1708.9  -1444.88  0  0  -1444.88  0  -1444.88  332.778  0  0  332.778  0  332.778
5.1276e+13  0  1709.2  -1444.4  0  0  -1444.4  0  -1444.4  332.61  0  0  332.61  0  332.61
5.1285e+13  0  1709.5  -1443.92  0  0  -1443.92  0  -1443.92  332.443  0  0  332.443  0  332.443
5.1294e+13  0  1709.8  -1443.43  0  0  -1443.43  0  -1443.43  332.276  0  0  332.276  0  332.276
5.1303e+13  0  1710.1  -1442.95  0  0  -1442.95  0  -1442.95  332.108  0  0  332.108  0  332.108
5.1312e+13  0  1710.4  -1442.47  0  0  -1442.47  0  -1442.47  331.941  0  0  331.941  0  331.941
5.1321e+13  0  1710.7  -1441.98  0  0  -1441.98  0  -1441.98  331.774  0  0  331.774  0  331.774
5.133e+13  0  1711  -1441.5  0  0  -1441.5  0  -1441.5  331.607  0  0  331.607  0  331.607
5.1339e+13  0  1711.3  -1441.02  0  0  -1441.02  0  -1441.02  331.441  0  0  331.441  0  331.441
5.1348e+13  0  1711.6  -1440.54  0  0  -1440.54  0  -1440.54  331.274  0  0  331.274  0  331.274
5.1357e+13  0  1711.9  -1440.06  0  0  -1440.06  0  -1440.06  331.107  0  0  331.107  0  331.107
5.1366e+13  0  1712.2  -1439.57  0  0  -1439.57  0  -1439.57  330.941  0  0  330.941  0  330.941
5.1375e+13  0  1712.5  -1439.09  0  0  -1439.09  0  -1439.09  330.775  0  0  330.775  0  330.775
5.1384e+13  0  1712.8  -1438.61  0  0  -1438.61  0  -1438.61  330.609  0  0  330.609  0  330.609
5.1393e+13  0  1713.1  -1438.13  0  0  -1438.13  0  -1438.13  330.442  0  0  330.442  0  330.442
5.1402e+13  0  1713.4  -1437.65  0  0  -1437.65  0  -1437.65  330.276  0  0  330.276  0  330.276
5.1411e+13  0  1713.7  -1437.17  0  0  -1437.17  0  -1437.17  330.111  0  0  330.111  0  330.111
5.142e+13  0  1714  -1436.69  0  0  -1436.69  0  -1436.69  329.945  0  0  329.945  0  329.945
5.1429e+13  0  1714.3  -1436.21  0  0  -1436.21  0  -1436.21  329.779  0  0  329.779  0  329.779
5.1438e+13  0  1714.6  -1435.73  0  0  -1435.73  0  -1435.73  329.614  0  0  329.614  0  329.614
5.1447e+13  0  1714.9  -1435.25  0  0  -1435.25  0  -1435.25  329.448  0  0  329.448  0  329.448
5.1456e+13  0  1715.2  -1434.77  0  0  -1434.77  0  -1434.77  329.283  0  0  329.283  0  329.283
5.1465e+13  0  1715.5  -1434.29  0  0  -1434.29  0  -1434.29  329.118  0  0  329.118  0  329.118
5.1474e+13  0  1715.8  -1433.81  0  0  -1433.81  0  -1433.81  328.953  0  0  328.953  0  328.953
5.1483e+13  0  1716.1  -1433.34  0  0  -1433.34  0  -1433.34  328.788  0  0  328.788  0  328.788
5.1492e+13  0  1716.4  -1432.86  0  0  -1432.86  0  -1432.86  328.623  0  0  328.623  0  328.623
5.1501e+13  0  1716.7  -1432.38  0  0  -1432.38  0  -1432.38  328.458  0  0  328.458  0  328.458
5.151e+13  0  1717  -1431.9  0  0  -1431.9  0  -1431.9  328.293  0  0  328.293  0  328.293
5.1519e+13  0  1717.3  -1431.42  0  0  -1431.42  0  -1431.42  328.129  0  0  328.129  0  328.129
5.1528e+13  0  1717.6  -1430.95  0  0  -1430.95  0  -1430.95  327.964  0  0  327.964  0  327.964
5.1537e+13  0  1717.9  -1430.47  0  0  -1430.47  0  -1430.47  327.8  0  0  327.8  0  327.8
5.1546e+13  0  1718.2  -1429.99  0  0  -1429.99  0  -1429.99  327.636  0  0  327.636  0  327.636
5.1555e+13  0  1718.5  -1429.52  0  0  -1429.52  0  -1429.52  327.472  0  0  327.472  0  327.472
5.1564e+13  0  1718.8  -1429.04  0  0  -1429.04  0  -1429.04  327.308  0  0  327.308  0  327.308
5.1573e+13  0  1719.1  -1428.56  0  0  -1428.56  0  -1428.56  327.144  0  0  327.144  0  327.144
5.1582e+13  0  1719.4  -1428.09  0  0  -1428.09  0  -1428.09  326.98  0  0  326.98  0  326.98
5.1591e+13  0  1719.7  -1427.61  0  0  -1427.61  0  -1427.61  326.817  0  0  326.817  0  326.817
5.16e+13  0  1720  -1427.14  0  0  -1427.14  0  -1427.14  326.653  0  0  326.653  0  326.653
5.1609e+13  0  1720.3  -1426.66  0  0  -1426.66  0  -1426.66  326.49  0  0  326.49  0  326.49
5.1618e+13  0  1720.6  -1426.19  0  0  -1426.19  0  -1426.19  326.326  0  0  326.326  0  326.326
5.1627e+13  0  1720.9  -1425.71  0  0  -1425.71  0  -1425.71  326.163  0  0  326.163  0  326.163
5.1636e+13  0  1721.2  -1425.24  0  0  -1425.24  0  -1425.24  326  0  0  326  0  326
5.1645e+13  0  1721.5  -1424.76  0  0  -1424.76  0  -1424.76  325.837  0  0  325.837  0  325.837
5.1654e+13  0  1721.8  -1424.29  0  0  -1424.29  0  -1424.29  325.674  0  0  325.674  0  325.674
5.1663e+13  0  1722.1  -1423.81  0  0  -1423.81  0  -1423.81  325.511  0  0  325.511  0  325.511
5.1672e+13  0  1722.4  -1423.34  0  0  -1423.34  0  -1423.34  325.349  0  0  325.349  0  325.349
5.1681e+13  0  1722.7  -1422.87  0  0  -1422.87  0  -1422.87  325.186  0  0  325.186  0  325.186
5.169e+13  0  1723  -1422.39  0  0  -1422.39  0  -1422.39  325.024  0  0  325.024  0  325.024
5.1699e+13  0  1723.3  -1421.92  0  0  -1421.92  0  -1421.92  324.861  0  0  324.861  0  324.861
5.1708e+13  0  1723.6  -1421.45  0  0  -1421.45  0  -1421.45  324.699  0  0  324.699  0  324.699
5.1717e+13  0  1723.9  -1420.98  0  0  -1420.98  0  -1420.98  324.537  0  0  324.537  0  324.537
5.1726e+13  0  1724.2  -1420.5  0  0  -1420.5  0  -1420.5  324.375  0  0  324.375  0  324.375
5.1735e+13  0  1724.5  -1420.03  0  0  -1420.03  0  -1420.03  324.213  0  0  324.213  0  324.213
5.1744e+13  0  1724.8  -1419.56  0  0  -1419.56  0  -1419.56  324.051  0  0  324.051  0  324.051
5.1753e+13  0  1725.1  -1419.09  0  0  -1419.09  0  -1419.09  323.889  0  0  323.889  0  323.889
5.1762e+13  0  1725.4  -1418.62  0  0  -1418.62  0  -1418.62  323.728  0  0  323.728  0  323.728
5.1771e+13  0  1725.7  -1418.15  0  0  -1418.15  0  -1418.15  323.566  0  0  323.566  0  323.566
5.178e+13  0  1726  -1417.68  0  0  -1417.68  0  -1417.68  323.405  0  0  323.405  0  323.405
5.1789e+13  0  1726.3  -1417.21  0  0  -1417.21  0  -1417.21  323.244  0  0  323.244  0  323.244
5.1798e+13  0  1726.6  -1416.74  0  0  -1416.74  0  -1416.74  323.083  0  0  323.083  0  323.083
5.1807e+13  0  1726.9  -1416.27  0  0  -1416.27  0  -1416.27  322.922  0  0  322.922  0  322.922
5.1816e+13  0  1727.2  -1415.8  0  0  -1415.8  0  -1415.8  322.761  0  0  322.761  0  322.761
5.1825e+13  0  1727.5  -1415.33  0  0  -1415.33  0  -1415.33  322.6  0  0  322.6  0  322.6
5.1834e+13  0  1727.8  -1414.86  0  0  -1414.86  0  -1414.86  322.439  0  0  322.439  0  322.439
5.1843e+13  0  1728.1  -1414.39  0  0  -1414.39  0  -1414.39  322.278  0  0  322.278  0  322.278
5.1852e+13  0  1728.4  -1413.92  0  0  -1413.92  0  -1413.92  322.118  0  0  322.118  0  322.118
5.1861e+13  0  1728.7  -1413.45  0  0  -1413.45  0  -1413.45  321.957  0  0  321.957  0  321.957
5.187e+13  0  1729  -1412.98  0  0  -1412.98  0  -1412.98  321.797  0  0  321.797  0  321.797
5.1879e+13  0  1729.3  -1412.51  0  0  -1412.51  0  -1412.51  321.637  0  0  321.637  0  321.637
5.1888e+13  0  1729.6  -1412.05  0  0  -1412.05  0  -1412.05  321.477  0  0  321.477  0  321.477
5.1897e+13  0  1729.9  -1411.58  0  0  -1411.58  0  -1411.58  321.317  0  0  321.317  0  321.317
5.1906e+13  0  1730.2  -1411.11  0  0  -1411.11  0  -1411.11  321.157  0  0  321.157  0  321.157
5.1915e+13  0  1730.5  -1410.64  0  0  -1410.64  0  -1410.64  320.997  0  0  320.997  0  320.997
5.1924e+13  0  1730.8  -1410.18  0  0  -1410.18  0  -1410.18  320.838  0  0  320.838  0  320.838
5.1933e+13  0  1731.1  -1409.71  0  0  -1409.71  0  -1409.71  320.678  0  0  320.678  0  320.678
5.1942e+13  0  1731.4  -1409.24  0  0  -1409.24  0  -1409.24  320.519  0  0  320.519  0  320.519
5.1951e+13  0  1731.7  -1408.78  0  0  -1408.78  0  -1408.78  320.359  0  0  320.359  0  320.359
5.196e+13  0  1732  -1408.31  0  0  -1408.31  0  -1408.31  320.2  0  0  320.2  0  320.2
5.1969e+13  0  1732.3  -1407.84  0  0  -1407.84  0  -1407.84  320.041  0  0  320.041  0  320.041
5.1978e+13  0  1732.6  -1407.38  0  0  -1407.38  0  -1407.38  319.882  0  0  319.882  0  319.882
5.1987e+13  0  1732.9  -1406.91  0  0  -1406.91  0  -1406.91  319.723  0  0  319.723  0  319.723
5.1996e+13  0  1733.2  -1406.45  0  0  -1406.45  0  -1406.45  319.564  0  0  319.564  0  319.564
5.2005e+13  0  1733.5  -1405.98  0  0  -1405.98  0  -1405.98  319.405  0  0  319.405  0  319.405
5.2014e+13  0  1733.8  -1405.52  0  0  -1405.52  0  -1405.52  319.247  0  0  319.247  0  319.247
5.2023e+13  0  1734.1  -1405.05  0  0  -1405.05  0  -1405.05  319.088  0  0  319.088  0  319.088
5.2032e+13  0  1734.4  -1404.59  0  0  -1404.59  0  -1404.59  318.93  0  0  318.93  0  318.93
5.2041e+13  0  1734.7  -1404.12  0  0  -1404.12  0  -1404.12  318.772  0  0  318.772  0  318.772
5.205e+13  0  1735  -1403.66  0  0  -1403.66  0  -1403.66  318.613  0  0  318.613  0  318.613
5.2059e+13  0  1735.3  -1403.2  0  0  -1403.2  0  -1403.2  318.455  0  0  318.455  0  318.455
5.2068e+13  0  1735.6  -1402.73  0  0  -1402.73  0  -1402.73  318.297  0  0  318.297  0  318.297
5.2077e+13  0  1735.9  -1402.27  0  0  -1402.27  0  -1402.27  318.139  0  0  318.139  0  318.139
5.2086e+13  0  1736.2  -1401.81  0  0  -1401.81  0  -1401.81  317.982  0  0  317.982  0  317.982
5.2095e+13  0  1736.5  -1401.34  0  0  -1401.34  0  -1401.34  317.824  0  0  317.824  0  317.824
5.2104e+13  0  1736.8  -1400.88  0  0  -1400.88  0  -1400.88  317.666  0  0  317.666  0  317.666
5.2113e+13  0  1737.1  -1400.42  0  0  -1400.42  0  -1400.42  317.509  0  0  317.509  0  317.509
5.2122e+13  0  1737.4  -1399.96  0  0  -1399.96  0  -1399.96  317.352  0  0  317.352  0  317.352
5.2131e+13  0  1737.7  -1399.49  0  0  -1399.49  0  -1399.49  317.194  0  0  317.194  0  317.194
5.214e+13  0  1738  -1399.03  0  0  -1399.03  0  -1399.03  317.037  0  0  317.037  0  317.037
5.2149e+13  0  1738.3  -1398.57  0  0  -1398.57  0  -1398.57  316.88  0  0  316.88  0  316.88
5.2158e+13  0  1738.6  -1398.11  0  0  -1398.11  0  -1398.11  316.723  0  0  316.723  0  316.723
5.2167e+13  0  1738.9  -1397.65  0  0  -1397.65  0  -1397.65  316.566  0  0  316.566  0  316.566
5.2176e+13  0  1739.2  -1397.19  0  0  -1397.19  0  -1397.19  316.41  0  0  316.41  0  316.41
5.2185e+13  0  1739.5  -1396.73  0  0  -1396.73  0  -1396.73  316.253  0  0  316.253  0  316.253
5.2194e+13  0  1739.8  -1396.27  0  0  -1396.27  0  -1396.27  316.097  0  0  316.097  0  316.097
5.2203e+13  0  1740.1  -1395.81  0  0  -1395.81  0  -1395.81  315.94  0  0  315.94  0  315.94
5.2212e+13  0  1740.4  -1395.35  0  0  -1395.35  0  -1395.35  315.784  0  0  315.784  0  315.784
5.2221e+13  0  1740.7  -1394.89  0  0  -1394.89  0  -1394.89  315.628  0  0  315.628  0  315.628
5.223e+13  0  1741  -1394.43  0  0  -1394.43  0  -1394.43  315.472  0  0  315.472  0  315.472
5.2239e+13  0  1741.3  -1393.97  0  0  -1393.97  0  -1393.97  315.316  0  0  315.316  0  315.316
5.2248e+13  0  1741.6  -1393.51  0  0  -1393.51  0  -1393.51  315.16  0  0  315.16  0  315.16
5.2257e+13  0  1741.9  -1393.05  0  0  -1393.05  0  -1393.05  315.004  0  0  315.004  0  315.004
5.2266e+13  0  1742.2  -1392.59  0  0  -1392.59  0  -1392.59  314.848  0  0  314.848  0  314.848
5.2275e+13  0  1742.5  -1392.13  0  0  -1392.13  0  -1392.13  314.693  0  0  314.693  0  314.693
5.2284e+13  0  1742.8  -1391.68  0  0  -1391.68  0  -1391.68  314.537  0  0  314.537  0  314.537
5.2293e+13  0  1743.1  -1391.22  0  0  -1391.22  0  -1391.22  314.382  0  0  314.382  0  314.382
5.2302e+13  0  1743.4  -1390.76  0  0  -1390.76  0  -1390.76  314.226  0  0  314.226  0  314.226
5.2311e+13  0  1743.7  -1390.3  0  0  -1390.3  0  -1390.3  314.071  0  0  314.071  0  314.071
5.232e+13  0  1744  -1389.84  0  0  -1389.84  0  -1389.84  313.916  0  0  313.916  0  313.916
5.2329e+13  0  1744.3  -1389.39  0  0  -1389.39  0  -1389.39  313.761  0  0  313.761  0  313.761
5.2338e+13  0  1744.6  -1388.93  0  0  -1388.93  0  -1388.93  313.606  0  0  313.606  0  313.606
5.2347e+13  0  1744.9  -1388.47  0  0  -1388.47  0  -1388.47  313.452  0  0  313.452  0  313.452
5.2356e+13  0  1745.2  -1388.02  0  0  -1388.02  0  -1388.02  313.297  0  0  313.297  0  313.297
5.2365e+13  0  1745.5  -1387.56  0  0  -1387.56  0  -1387.56  313.142  0  0  313.142  0  313.142
5.2374e+13  0  1745.8  -1387.11  0  0  -1387.11  0  -1387.11  312.988  0  0  312.988  0  312.988
5.2383e+13  0  1746.1  -1386.65  0  0  -1386.65  0  -1386.65  312.833  0  0  312.833  0  312.833
5.2392e+13  0  1746.4  -1386.19  0  0  -1386.19  0  -1386.19  312.679  0  0  312.679  0  312.679
5.2401e+13  0  1746.7  -1385.74  0  0  -1385.74  0  -1385.74  312.525  0  0  312.525  0  312.525
5.241e+13  0  1747  -1385.28  0  0  -1385.28  0  -1385.28  312.371  0  0  312.371  0  312.371
5.2419e+13  0  1747.3  -1384.83  0  0  -1384.83  0  -1384.83  312.217  0  0  312.217  0  312.217
5.2428e+13  0  1747.6  -1384.37  0  0  -1384.37  0  -1384.37  312.063  0  0  312.063  0  312.063
5.2437e+13  0  1747.9  -1383.92  0  0  -1383.92  0  -1383.92  311.909  0  0  311.909  0  311.909
5.2446e+13  0  1748.2  -1383.47  0  0  -1383.47  0  -1383.47  311.756  0  0  311.756  0  311.756
5.2455e+13  0  1748.5  -1383.01  0  0  -1383.01  0  -1383.01  311.602  0  0  311.602  0  311.602
5.2464e+13  0  1748.8  -1382.56  0  0  -1382.56  0  -1382.56  311.449  0  0  311.449  0  311.449
5.2473e+13  0  1749.1  -1382.11  0  0  -1382.11  0  -1382.11  311.295  0  0  311.295  0  311.295
5.2482e+13  0  1749.4  -1381.65  0  0  -1381.65  0  -1381.65  311.142  0  0  311.142  0  311.142
5.2491e+13  0  1749.7  -1381.2  0  0  -1381.2  0  -1381.2  310.989  0  0  310.989  0  310.989
5.25e+13  0  1750  -1380.75  0  0  -1380.75  0  -1380.75  310.836  0  0  310.836  0  310.836
5.2509e+13  0  1750.3  -1380.29  0  0  -1380.29  0  -1380.29  310.683  0  0  310.683  0  310.683
5.2518e+13  0  1750.6  -1379.84  0  0  -1379.84  0  -1379.84  310.53  0  0  310.53  0  310.53
5.2527e+13  0  1750.9  -1379.39  0  0  -1379.39  0  -1379.39  310.377  0  0  310.377  0  310.377
5.2536e+13  0  1751.2  -1378.94  0  0  -1378.94  0  -1378.94  310.225  0  0  310.225  0  310.225
5.2545e+13  0  1751.5  -1378.48  0  0  -1378.48  0  -1378.48  310.072  0  0  310.072  0  310.072
5.2554e+13  0  1751.8  -1378.03  0  0  -1378.03  0  -1378.03  309.92  0  0  309.92  0  309.92
5.2563e+13  0  1752.1  -1377.58  0  0  -1377.58  0  -1377.58  309.767  0  0  309.767  0  309.767
5.2572e+13  0  1752.4  -1377.13  0  0  -1377.13  0  -1377.13  309.615  0  0  309.615  0  309.615
5.2581e+13  0  1752.7  -1376.68  0  0  -1376.68  0  -1376.68  309.463  0  0  309.463  0  309.463
5.259e+13  0  1753  -1376.23  0  0  -1376.23  0  -1376.23  309.311  0  0  309.311  0  309.311
5.2599e+13  0  1753.3  -1375.78  0  0  -1375.78  0  -1375.78  309.159  0  0  309.159  0  309.159
5.2608e+13  0  1753.6  -1375.33  0  0  -1375.33  0  -1375.33  309.007  0  0  309.007  0  309.007
5.2617e+13  0  1753.9  -1374.88  0  0  -1374.88  0  -1374.88  308.855  0  0  308.855  0  308.855
5.2626e+13  0  1754.2  -1374.43  0  0  -1374.43  0  -1374.43  308.704  0  0  308.704  0  308.704
5.2635e+13  0  1754.5  -1373.98  0  0  -1373.98  0  -1373.98  308.552  0  0  308.552  0  308.552
5.2644e+13  0  1754.8  -1373.53  0  0  -1373.53  0  -1373.53  308.401  0  0  308.401  0  308.401
5.2653e+13  0  1755.1  -1373.08  0  0  -1373.08  0  -1373.08  308.249  0  0  308.249  0  308.249
5.2662e+13  0  1755.4  -1372.63  0  0  -1372.63  0  -1372.63  308.098  0  0  308.098  0  308.098
5.2671e+13  0  1755.7  -1372.18  0  0  -1372.18  0  -1372.18  307.947  0  0  307.947  0  307.947
5.268e+13  0  1756  -1371.73  0  0  -1371.73  0  -1371.73  307.796  0  0  307.796  0  307.796
5.2689e+13  0  1756.3  -1371.29  0  0  -1371.29  0  -1371.29  307.645  0  0  307.645  0  307.645
5.2698e+13  0  1756.6  -1370.84  0  0  -1370.84  0  -1370.84  307.494  0  0  307.494  0  307.494
5.2707e+13  0  1756.9  -1370.39  0  0  -1370.39  0  -1370.39  307.343  0  0  307.343  0  307.343
5.2716e+13  0  1757.2  -1369.94  0  0  -1369.94  0  -1369.94  307.193  0  0  307.193  0  307.193
5.2725e+13  0  1757.5  -1369.5  0  0  -1369.5  0  -1369.5  307.042  0  0  307.042  0  307.042
5.2734e+13  0  1757.8  -1369.05  0  0  -1369.05  0  -1369.05  306.892  0  0  306.892  0  306.892
5.2743e+13  0  1758.1  -1368.6  0  0  -1368.6  0  -1368.6  306.741  0  0  306.741  0  306.741
5.2752e+13  0  1758.4  -1368.15  0  0  -1368.15  0  -1368.15  306.591  0  0  306.591  0  306.591
5.2761e+13  0  1758.7  -1367.71  0  0  -1367.71  0  -1367.71  306.441  0  0  306.441  0  306.441
5.277e+13  0  1759  -1367.26  0  0  -1367.26  0  -1367.26  306.291  0  0  306.291  0  306.291
5.2779e+13  0  1759.3  -1366.82  0  0  -1366.82  0  -1366.82  306.141  0  0  306.141  0  306.141
5.2788e+13  0  1759.6  -1366.37  0  0  -1366.37  0  -1366.37  305.991  0  0  305.991  0  305.991
5.2797e+13  0  1759.9  -1365.92  0  0  -1365.92  0  -1365.92  305.841  0  0  305.841  0  305.841
5.2806e+13  0  1760.2  -1365.48  0  0  -1365.48  0  -1365.48  305.692  0  0  305.692  0  305.692
5.2815e+13  0  1760.5  -1365.03  0  0  -1365.03  0  -1365.03  305.542  0  0  305.542  0  305.542
5.2824e+13  0  1760.8  -1364.59  0  0  -1364.59  0  -1364.59  305.393  0  0  305.393  0  305.393
5.2833e+13  0  1761.1  -1364.14  0  0  -1364.14  0  -1364.14  305.243  0  0  305.243  0  305.243
5.2842e+13  0  1761.4  -1363.7  0  0  -1363.7  0  -1363.7  305.094  0  0  305.094  0  305.094
5.2851e+13  0  1761.7  -1363.25  0  0  -1363.25  0  -1363.25  304.945  0  0  304.945  0  304.945
5.286e+13  0  1762  -1362.81  0  0  -1362.81  0  -1362.81  304.796  0  0  304.796  0  304.796
5.2869e+13  0  1762.3  -1362.37  0  0  -1362.37  0  -1362.37  304.647  0  0  304.647  0  304.647
5.2878e+13  0  1762.6  -1361.92  0  0  -1361.92  0  -1361.92  304.498  0  0  304.498  0  304.498
5.2887e+13  0  1762.9  -1361.48  0  0  -1361.48  0  -1361.48  304.349  0  0  304.349  0  304.349
5.2896e+13  0  1763.2  -1361.03  0  0  -1361.03  0  -1361.03  304.2  0  0  304.2  0  304.2
5.2905e+13  0  1763.5  -1360.59  0  0  -1360.59  0  -1360.59  304.052  0  0  304.052  0  304.052
5.2914e+13  0  1763.8  -1360.15  0  0  -1360.15  0  -1360.15  303.903  0  0  303.903  0  303.903
5.2923e+13  0  1764.1  -1359.71  0  0  -1359.71  0  -1359.71  303.755  0  0  303.755  0  303.755
5.2932e+13  0  1764.4  -1359.26  0  0  -1359.26  0  -1359.26  303.607  0  0  303.607  0  303.607
5.2941e+13  0  1764.7  -1358.82  0  0  -1358.82  0  -1358.82  303.458  0  0  303.458  0  303.458
5.295e+13  0  1765  -1358.38  0  0  -1358.38  0  -1358.38  303.31  0  0  303.31  0  303.31
5.2959e+13  0  1765.3  -1357.94  0  0  -1357.94  0  -1357.94  303.162  0  0  303.162  0  303.162
5.2968e+13  0  1765.6  -1357.5  0  0  -1357.5  0  -1357.5  303.014  0  0  303.014  0  303.014
5.2977e+13  0  1765.9  -1357.05  0  0  -1357.05  0  -1357.05  302.867  0  0  302.867  0  302.867
5.2986e+13  0  1766.2  -1356.61  0  0  -1356.61  0  -1356.61  302.719  0  0  302.719  0  302.719
5.2995e+13  0  1766.5  -1356.17  0  0  -1356.17  0  -1356.17  302.571  0  0  302.571  0  302.571
5.3004e+13  0  1766.8  -1355.73  0  0  -1355.73  0  -1355.73  302.424  0  0  302.424  0  302.424
5.3013e+13  0  1767.1  -1355.29  0  0  -1355.29  0  -1355.29  302.276  0  0  302.276  0  302.276
5.3022e+13  0  1767.4  -1354.85  0  0  -1354.85  0  -1354.85  302.129  0  0  302.129  0  302.129
5.3031e+13  0  1767.7  -1354.41  0  0  -1354.41  0  -1354.41  301.982  0  0  301.982  0  301.982
5.304e+13  0  1768  -1353.97  0  0  -1353.97  0  -1353.97  301.834  0  0  301.834  0  301.834
5.3049e+13  0  1768.3  -1353.53  0  0  -1353.53  0  -1353.53  301.687  0  0  301.687  0  301.687
5.3058e+13  0  1768.6  -1353.09  0  0  -1353.09  0  -1353.09  301.54  0  0  301.54  0  301.54
5.3067e+13  0  1768.9  -1352.65  0  0  -1352.65  0  -1352.65  301.394  0  0  301.394  0  301.394
5.3076e+13  0  1769.2  -1352.21  0  0  -1352.21  0  -1352.21  301.247  0  0  301.247  0  301.247
5.3085e+13  0  1769.5  -1351.77  0  0  -1351.77  0  -1351.77  301.1  0  0  301.1  0  301.1
5.3094e+13  0  1769.8  -1351.33  0  0  -1351.33  0  -1351.33  300.954  0  0  300.954  0  300.954
5.3103e+13  0  1770.1  -1350.9  0  0  -1350.9  0  -1350.9  300.807  0  0  300.807  0  300.807
5.3112e+13  0  1770.4  -1350.46  0  0  -1350.46  0  -1350.46  300.661  0  0  300.661  0  300.661
5.3121e+13  0  1770.7  -1350.02  0  0  -1350.02  0  -1350.02  300.514  0  0  300.514  0  300.514
5.313e+13  0  1771  -1349.58  0  0  -1349.58  0  -1349.58  300.368  0  0  300.368  0  300.368
5.3139e+13  0  1771.3  -1349.14  0  0  -1349.14  0  -1349.14  300.222  0  0  300.222  0  300.222
5.3148e+13  0  1771.6  -1348.71  0  0  -1348.71  0  -1348.71  300.076  0  0  300.076  0  300.076
5.3157e+13  0  1771.9  -1348.27  0  0  -1348.27  0  -1348.27  299.93  0  0  299.93  0  299.93
5.3166e+13  0  1772.2  -1347.83  0  0  -1347.83  0  -1347.83  299.784  0  0  299.784  0  299.784
5.3175e+13  0  1772.5  -1347.4  0  0  -1347.4  0  -1347.4  299.639  0  0  299.639  0  299.639
5.3184e+13  0  1772.8  -1346.96  0  0  -1346.96  0  -1346.96  299.493  0  0  299.493  0  299.493
5.3193e+13  0  1773.1  -1346.52  0  0  -1346.52  0  -1346.52  299.348  0  0  299.348  0  299.348
5.3202e+13  0  1773.4  -1346.09  0  0  -1346.09  0  -1346.09  299.202  0  0  299.202  0  299.202
5.3211e+13  0  1773.7  -1345.65  0  0  -1345.65  0  -1345.65  299.057  0  0  299.057  0  299.057
5.322e+13  0  1774  -1345.21  0  0  -1345.21  0  -1345.21  298.912  0  0  298.912  0  298.912
5.3229e+13  0  1774.3  -1344.78  0  0  -1344.78  0  -1344.78  298.766  0  0  298.766  0  298.766
5.3238e+13  0  1774.6  -1344.34  0  0  -1344.34  0  -1344.34  298.621  0  0  298.621  0  298.621
5.3247e+13  0  1774.9  -1343.91  0  0  -1343.91  0  -1343.91  298.476  0  0  298.476  0  298.476
5.3256e+13  0  1775.2  -1343.47  0  0  -1343.47  0  -1343.47  298.332  0  0  298.332  0  298.332
5.3265e+13  0  1775.5  -1343.04  0  0  -1343.04  0  -1343.04  298.187  0  0  298.187  0  298.187
5.3274e+13  0  1775.8  -1342.6  0  0  -1342.6  0  -1342.6  298.042  0  0  298.042  0  298.042
5.3283e+13  0  1776.1  -1342.17  0  0  -1342.17  0  -1342.17  297.897  0  0  297.897  0  297.897
5.3292e+13  0  1776.4  -1341.74  0  0  -1341.74  0  -1341.74  297.753  0  0  297.753  0  297.753
5.3301e+13  0  1776.7  -1341.3  0  0  -1341.3  0  -1341.3  297.609  0  0  297.609  0  297.609
5.331e+13  0  1777  -1340.87  0  0  -1340.87  0  -1340.87  297.464  0  0  297.464  0  297.464
5.3319e+13  0  1777.3  -1340.43  0  0  -1340.43  0  -1340.43  297.32  0  0  297.32  0  297.32
5.3328e+13  0  1777.6  -1340  0  0  -1340  0  -1340  297.176  0  0  297.176  0  297.176
5.3337e+13  0  1777.9  -1339.57  0  0  -1339.57  0  -1339.57  297.032  0  0  297.032  0  297.032
5.3346e+13  0  1778.2  -1339.13  0  0  -1339.13  0  -1339.13  296.888  0  0  296.888  0  296.888
5.3355e+13  0  1778.5  -1338.7  0  0  -1338.7  0  -1338.7  296.744  0  0  296.744  0  296.744
5.3364e+13  0  1778.8  -1338.27  0  0  -1338.27  0  -1338.27  296.6  0  0  296.6  0  296.6
5.3373e+13  0  1779.1  -1337.84  0  0  -1337.84  0  -1337.84  296.457  0  0  296.457  0  296.457
5.3382e+13  0  1779.4  -1337.41  0  0  -1337.41  0  -1337.41  296.313  0  0  296.313  0  296.313
5.3391e+13  0  1779.7  -1336.97  0  0  -1336.97  0  -1336.97  296.17  0  0  296.17  0  296.17
5.34e+13  0  1780  -1336.54  0  0  -1336.54  0  -1336.54  296.026  0  0  296.026  0  296.026
5.3409e+13  0  1780.3  -1336.11  0  0  -1336.11  0  -1336.11  295.883  0  0  295.883  0  295.883
5.3418e+13  0  1780.6  -1335.68  0  0  -1335.68  0  -1335.68  295.74  0  0  295.74  0  295.74
5.3427e+13  0  1780.9  -1335.25  0  0  -1335.25  0  -1335.25  295.597  0  0  295.597  0  295.597
5.3436e+13  0  1781.2  -1334.82  0  0  -1334.82  0  -1334.82  295.454  0  0  295.454  0  295.454
5.3445e+13  0  1781.5  -1334.39  0  0  -1334.39  0  -1334.39  295.311  0  0  295.311  0  295.311
5.3454e+13  0  1781.8  -1333.96  0  0  -1333.96  0  -1333.96  295.168  0  0  295.168  0  295.168
5.3463e+13  0  1782.1  -1333.53  0  0  -1333.53  0  -1333.53  295.025  0  0  295.025  0  295.025
5.3472e+13  0  1782.4  -1333.1  0  0  -1333.1  0  -1333.1  294.883  0  0  294.883  0  294.883
5.3481e+13  0  1782.7  -1332.67  0  0  -1332.67  0  -1332.67  294.74  0  0  294.74  0  294.74
5.349e+13  0  1783  -1332.24  0  0  -1332.24  0  -1332.24  294.598  0  0  294.598  0  294.598
5.3499e+13  0  1783.3  -1331.81  0  0  -1331.81  0  -1331.81  294.455  0  0  294.455  0  294.455
5.3508e+13  0  1783.6  -1331.38  0  0  -1331.38  0  -1331.38  294.313  0  0  294.313  0  294.313
5.3517e+13  0  1783.9  -1330.95  0  0  -1330.95  0  -1330.95  294.171  0  0  294.171  0  294.171
5.3526e+13  0  1784.2  -1330.52  0  0  -1330.52  0  -1330.52  294.029  0  0  294.029  0  294.029
5.3535e+13  0  1784.5  -1330.09  0  0  -1330.09  0  -1330.09  293.887  0  0  293.887  0  293.887
5.3544e+13  0  1784.8  -1329.66  0  0  -1329.66  0  -1329.66  293.745  0  0  293.745  0  293.745
5.3553e+13  0  1785.1  -1329.23  0  0  -1329.23  0  -1329.23  293.603  0  0  293.603  0  293.603
5.3562e+13  0  1785.4  -1328.81  0  0  -1328.81  0  -1328.81  293.461  0  0  293.461  0  293.461
5.3571e+13  0  1785.7  -1328.38  0  0  -1328.38  0  -1328.38  293.32  0  0  293.32  0  293.32
5.358e+13  0  1786  -1327.95  0  0  -1327.95  0  -1327.95  293.178  0  0  293.178  0  293.178
5.3589e+13  0  1786.3  -1327.52  0  0  -1327.52  0  -1327.52  293.037  0  0  293.037  0  293.037
5.3598e+13  0  1786.6  -1327.1  0  0  -1327.1  0  -1327.1  292.895  0  0  292.895  0  292.895
5.3607e+13  0  1786.9  -1326.67  0  0  -1326.67  0  -1326.67  292.754  0  0  292.754  0  292.754
5.3616e+13  0  1787.2  -1326.24  0  0  -1326.24  0  -1326.24  292.613  0  0  292.613  0  292.613
5.3625e+13  0  1787.5  -1325.82  0  0  -1325.82  0  -1325.82  292.472  0  0  292.472  0  292.472
5.3634e+13  0  1787.8  -1325.39  0  0  -1325.39  0  -1325.39  292.331  0  0  292.331  0  292.331
5.3643e+13  0  1788.1  -1324.96  0  0  -1324.96  0  -1324.96  292.19  0  0  292.19  0  292.19
5.3652e+13  0  1788.4  -1324.54  0  0  -1324.54  0  -1324.54  292.049  0  0  292.049  0  292.049
5.3661e+13  0  1788.7  -1324.11  0  0  -1324.11  0  -1324.11  291.909  0  0  291.909  0  291.909
5.367e+13  0  1789  -1323.69  0  0  -1323.69  0  -1323.69  291.768  0  0  291.768  0  291.768
5.3679e+13  0  1789.3  -1323.26  0  0  -1323.26  0  -1323.26  291.627  0  0  291.627  0  291.627
5.3688e+13  0  1789.6  -1322.84  0  0  -1322.84  0  -1322.84  291.487  0  0  291.487  0  291.487
5.3697e+13  0  1789.9  -1322.41  0  0  -1322.41  0  -1322.41  291.347  0  0  291.347  0  291.347
5.3706e+13  0  1790.2  -1321.99  0  0  -1321.99  0  -1321.99  291.206  0  0  291.206  0  291.206
5.3715e+13  0  1790.5  -1321.56  0  0  -1321.56  0  -1321.56  291.066  0  0  291.066  0  291.066
5.3724e+13  0  1790.8  -1321.14  0  0  -1321.14  0  -1321.14  290.926  0  0  290.926  0  290.926
5.3733e+13  0  1791.1  -1320.71  0  0  -1320.71  0  -1320.71  290.786  0  0  290.786  0  290.786
5.3742e+13  0  1791.4  -1320.29  0  0  -1320.29  0  -1320.29  290.646  0  0  290.646  0  290.646
5.3751e+13  0  1791.7  -1319.87  0  0  -1319.87  0  -1319.87  290.506  0  0  290.506  0  290.506
5.376e+13  0  1792  -1319.44  0  0  -1319.44  0  -1319.44  290.367  0  0  290.367  0  290.367
5.3769e+13  0  1792.3  -1319.02  0  0  -1319.02  0  -1319.02  290.227  0  0  290.227  0  290.227
5.3778e+13  0  1792.6  -1318.6  0  0  -1318.6  0  -1318.6  290.088  0  0  290.088  0  290.088
5.3787e+13  0  1792.9  -1318.17  0  0  -1318.17  0  -1318.17  289.948  0  0  289.948  0  289.948
5.3796e+13  0  1793.2  -1317.75  0  0  -1317.75  0  -1317.75  289.809  0  0  289.809  0  289.809
5.3805e+13  0  1793.5  -1317.33  0  0  -1317.33  0  -1317.33  289.67  0  0  289.67  0  289.67
5.3814e+13  0  1793.8  -1316.9  0  0  -1316.9  0  -1316.9  289.53  0  0  289.53  0  289.53
5.3823e+13  0  1794.1  -1316.48  0  0  -1316.48  0  -1316.48  289.391  0  0  289.391  0  289.391
5.3832e+13  0  1794.4  -1316.06  0  0  -1316.06  0  -1316.06  289.252  0  0  289.252  0  289.252
5.3841e+13  0  1794.7  -1315.64  0  0  -1315.64  0  -1315.64  289.113  0  0  289.113  0  289.113
5.385e+13  0  1795  -1315.22  0  0  -1315.22  0  -1315.22  288.975  0  0  288.975  0  288.975
5.3859e+13  0  1795.3  -1314.8  0  0  -1314.8  0  -1314.8  288.836  0  0  288.836  0  288.836
5.3868e+13  0  1795.6  -1314.37  0  0  -1314.37  0  -1314.37  288.697  0  0  288.697  0  288.697
5.3877e+13  0  1795.9  -1313.95  0  0  -1313.95  0  -1313.95  288.559  0  0  288.559  0  288.559
5.3886e+13  0  1796.2  -1313.53  0  0  -1313.53  0  -1313.53  288.42  0  0  288.42  0  288.42
5.3895e+13  0  1796.5  -1313.11  0  0  -1313.11  0  -1313.11  288.282  0  0  288.282  0  288.282
5.3904e+13  0  1796.8  -1312.69  0  0  -1312.69  0  -1312.69  288.143  0  0  288.143  0  288.143
5.3913e+13  0  1797.1  -1312.27  0  0  -1312.27  0  -1312.27  288.005  0  0  288.005  0  288.005
5.3922e+13  0  1797.4  -1311.85  0  0  -1311.85  0  -1311.85  287.867  0  0  287.867  0  287.867
5.3931e+13  0  1797.7  -1311.43  0  0  -1311.43  0  -1311.43  287.729  0  0  287.729  0  287.729
5.394e+13  0  1798  -1311.01  0  0  -1311.01  0  -1311.01  287.591  0  0  287.591  0  287.591
5.3949e+13  0  1798.3  -1310.59  0  0  -1310.59  0  -1310.59  287.453  0  0  287.453  0  287.453
5.3958e+13  0  1798.6  -1310.17  0  0  -1310.17  0  -1310.17  287.316  0  0  287.316  0  287.316
5.3967e+13  0  1798.9  -1309.76  0  0  -1309.76  0  -1309.76  287.178  0  0  287.178  0  287.178
5.3976e+13  0  1799.2  -1309.34  0  0  -1309.34  0  -1309.34  287.04  0  0  287.04  0  287.04
5.3985e+13  0  1799.5  -1308.92  0  0  -1308.92  0  -1308.92  286.903  0  0  286.903  0  286.903
5.3994e+13  0  1799.8  -1308.5  0  0  -1308.5  0  -1308.5  286.765  0  0  286.765  0  286.765
5.4003e+13  0  1800.1  -1308.08  0  0  -1308.08  0  -1308.08  286.628  0  0  286.628  0  286.628
5.4012e+13  0  1800.4  -1307.66  0  0  -1307.66  0  -1307.66  286.491  0  0  286.491  0  286.491
5.4021e+13  0  1800.7  -1307.25  0  0  -1307.25  0  -1307.25  286.354  0  0  286.354  0  286.354
5.403e+13  0  1801  -1306.83  0  0  -1306.83  0  -1306.83  286.217  0  0  286.217  0  286.217
5.4039e+13  0  1801.3  -1306.41  0  0  -1306.41  0  -1306.41  286.08  0  0  286.08  0  286.08
5.4048e+13  0  1801.6  -1305.99  0  0  -1305.99  0  -1305.99  285.943  0  0  285.943  0  285.943
5.4057e+13  0  1801.9  -1305.58  0  0  -1305.58  0  -1305.58  285.806  0  0  285.806  0  285.806
5.4066e+13  0  1802.2  -1305.16  0  0  -1305.16  0  -1305.16  285.669  0  0  285.669  0  285.669
5.4075e+13  0  1802.5  -1304.74  0  0  -1304.74  0  -1304.74  285.533  0  0  285.533  0  285.533
5.4084e+13  0  1802.8  -1304.33  0  0  -1304.33  0  -1304.33  285.396  0  0  285.396  0  285.396
5.4093e+13  0  1803.1  -1303.91  0  0  -1303.91  0  -1303.91  285.26  0  0  285.26  0  285.26
5.4102e+13  0  1803.4  -1303.49  0  0  -1303.49  0  -1303.49  285.123  0  0  285.123  0  285.123
5.4111e+13  0  1803.7  -1303.08  0  0  -1303.08  0  -1303.08  284.987  0  0  284.987  0  284.987
5.412e+13  0  1804  -1302.66  0  0  -1302.66  0  -1302.66  284.851  0  0  284.851  0  284.851
5.4129e+13  0  1804.3  -1302.25  0  0  -1302.25  0  -1302.25  284.715  0  0  284.715  0  284.715
5.4138e+13  0  1804.6  -1301.83  0  0  -1301.83  0  -1301.83  284.579  0  0  284.579  0  284.579
5.4147e+13  0  1804.9  -1301.42  0  0  -1301.42  0  -1301.42  284.443  0  0  284.443  0  284.443
5.4156e+13  0  1805.2  -1301  0  0  -1301  0  -1301  284.307  0  0  284.307  0  284.307
5.4165e+13  0  1805.5  -1300.59  0  0  -1300.59  0  -1300.59  284.171  0  0  284.171  0  284.171
5.4174e+13  0  1805.8  -1300.17  0  0  -1300.17  0  -1300.17  284.036  0  0  284.036  0  284.036
5.4183e+13  0  1806.1  -1299.76  0  0  -1299.76  0  -1299.76  283.9  0  0  283.9  0  283.9
5.4192e+13  0  1806.4  -1299.34  0  0  -1299.34  0  -1299.34  283.765  0  0  283.765  0  283.765
5.4201e+13  0  1806.7  -1298.93  0  0  -1298.93  0  -1298.93  283.629  0  0  283.629  0  283.629
5.421e+13  0  1807  -1298.52  0  0  -1298.52  0  -1298.52  283.494  0  0  283.494  0  283.494
5.4219e+13  0  1807.3  -1298.1  0  0  -1298.1  0  -1298.1  283.359  0  0  283.359  0  283.359
5.4228e+13  0  1807.6  -1297.69  0  0  -1297.69  0  -1297.69  283.224  0  0  283.224  0  283.224
5.4237e+13  0  1807.9  -1297.28  0  0  -1297.28  0  -1297.28  283.089  0  0  283.089  0  283.089
5.4246e+13  0  1808.2  -1296.86  0  0  -1296.86  0  -1296.86  282.954  0  0  282.954  0  282.954
5.4255e+13  0  1808.5  -1296.45  0  0  -1296.45  0  -1296.45  282.819  0  0  282.819  0  282.819
5.4264e+13  0  1808.8  -1296.04  0  0  -1296.04  0  -1296.04  282.684  0  0  282.684  0  282.684
5.4273e+13  0  1809.1  -1295.63  0  0  -1295.63  0  -1295.63  282.549  0  0  282.549  0  282.549
5.4282e+13  0  1809.4  -1295.21  0  0  -1295.21  0  -1295.21  282.415  0  0  282.415  0  282.415
5.4291e+13  0  1809.7  -1294.8  0  0  -1294.8  0  -1294.8  282.28  0  0  282.28  0  282.28
5.43e+13  0  1810  -1294.39  0  0  -1294.39  0  -1294.39  282.146  0  0  282.146  0  282.146
5.4309e+13  0  1810.3  -1293.98  0  0  -1293.98  0  -1293.98  282.011  0  0  282.011  0  282.011
5.4318e+13  0  1810.6  -1293.57  0  0  -1293.57  0  -1293.57  281.877  0  0  281.877  0  281.877
5.4327e+13  0  1810.9  -1293.16  0  0  -1293.16  0  -1293.16  281.743  0  0  281.743  0  281.743
5.4336e+13  0  1811.2  -1292.75  0  0  -1292.75  0  -1292.75  281.609  0  0  281.609  0  281.609
5.4345e+13  0  1811.5  -1292.33  0  0  -1292.33  0  -1292.33  281.475  0  0  281.475  0  281.475
5.4354e+13  0  1811.8  -1291.92  0  0  -1291.92  0  -1291.92  281.341  0  0  281.341  0  281.341
5.4363e+13  0  1812.1  -1291.51  0  0  -1291.51  0  -1291.51  281.207  0  0  281.207  0  281.207
5.4372e+13  0  1812.4  -1291.1  0  0  -1291.1  0  -1291.1  281.073  0  0  281.073  0  281.073
5.4381e+13  0  1812.7  -1290.69  0  0  -1290.69  0  -1290.69  280.94  0  0  280.94  0  280.94
5.439e+13  0  1813  -1290.28  0  0  -1290.28  0  -1290.28  280.806  0  0  280.806  0  280.806
5.4399e+13  0  1813.3  -1289.87  0  0  -1289.87  0  -1289.87  280.672  0  0  280.672  0  280.672
5.4408e+13  0  1813.6  -1289.46  0  0  -1289.46  0  -1289.46  280.539  0  0  280.539  0  280.539
5.4417e+13  0  1813.9  -1289.06  0  0  -1289.06  0  -1289.06  280.406  0  0  280.406  0  280.406
5.4426e+13  0  1814.2  -1288.65  0  0  -1288.65  0  -1288.65  280.272  0  0  280.272  0  280.272
5.4435e+13  0  1814.5  -1288.24  0  0  -1288.24  0  -1288.24  280.139  0  0  280.139  0  280.139
5.4444e+13  0  1814.8  -1287.83  0  0  -1287.83  0  -1287.83  280.006  0  0  280.006  0  280.006
5.4453e+13  0  1815.1  -1287.42  0  0  -1287.42  0  -1287.42  279.873  0  0  279.873  0  279.873
5.4462e+13  0  1815.4  -1287.01  0  0  -1287.01  0  -1287.01  279.74  0  0  279.74  0  279.74
5.4471e+13  0  1815.7  -1286.6  0  0  -1286.6  0  -1286.6  279.607  0  0  279.607  0  279.607
5.448e+13  0  1816  -1286.2  0  0  -1286.2  0  -1286.2  279.475  0  0  279.475  0  279.475
5.4489e+13  0  1816.3  -1285.79  0  0  -1285.79  0  -1285.79  279.342  0  0  279.342  0  279.342
5.4498e+13  0  1816.6  -1285.38  0  0  -1285.38  0  -1285.38  279.209  0  0  279.209  0  279.209
5.4507e+13  0  1816.9  -1284.97  0  0  -1284.97  0  -1284.97  279.077  0  0  279.077  0  279.077
5.4516e+13  0  1817.2  -1284.57  0  0  -1284.57  0  -1284.57  278.945  0  0  278.945  0  278.945
5.4525e+13  0  1817.5  -1284.16  0  0  -1284.16  0  -1284.16  278.812  0  0  278.812  0  278.812
5.4534e+13  0  1817.8  -1283.75  0  0  -1283.75  0  -1283.75  278.68  0  0  278.68  0  278.68
5.4543e+13  0  1818.1  -1283.35  0  0  -1283.35  0  -1283.35  278.548  0  0  278.548  0  278.548
5.4552e+13  0  1818.4  -1282.94  0  0  -1282.94  0  -1282.94  278.416  0  0  278.416  0  278.416
5.4561e+13  0  1818.7  -1282.53  0  0  -1282.53  0  -1282.53  278.284  0  0  278.284  0  278.284
5.457e+13  0  1819  -1282.13  0  0  -1282.13  0  -1282.13  278.152  0  0  278.152  0  278.152
5.4579e+13  0  1819.3  -1281.72  0  0  -1281.72  0  -1281.72  278.02  0  0  278.02  0  278.02
5.4588e+13  0  1819.6  -1281.32  0  0  -1281.32  0  -1281.32  277.888  0  0  277.888  0  277.888
5.4597e+13  0  1819.9  -1280.91  0  0  -1280.91  0  -1280.91  277.757  0  0  277.757  0  277.757
5.4606e+13  0  1820.2  -1280.5  0  0  -1280.5  0  -1280.5  277.625  0  0  277.625  0  277.625
5.4615e+13  0  1820.5  -1280.1  0  0  -1280.1  0  -1280.1  277.494  0  0  277.494  0  277.494
5.4624e+13  0  1820.8  -1279.69  0  0  -1279.69  0  -1279.69  277.362  0  0  277.362  0  277.362
5.4633e+13  0  1821.1  -1279.29  0  0  -1279.29  0  -1279.29  277.231  0  0  277.231  0  277.231
5.4642e+13  0  1821.4  -1278.89  0  0  -1278.89  0  -1278.89  277.1  0  0  277.1  0  277.1
5.4651e+13  0  1821.7  -1278.48  0  0  -1278.48  0  -1278.48  276.968  0  0  276.968  0  276.968
5.466e+13  0  1822  -1278.08  0  0  -1278.08  0  -1278.08  276.837  0  0  276.837  0  276.837
5.4669e+13  0  1822.3  -1277.67  0  0  -1277.67  0  -1277.67  276.706  0  0  276.706  0  276.706
5.4678e+13  0  1822.6  -1277.27  0  0  -1277.27  0  -1277.27  276.575  0  0  276.575  0  276.575
5.4687e+13  0  1822.9  -1276.87  0  0  -1276.87  0  -1276.87  276.445  0  0  276.445  0  276.445
5.4696e+13  0  1823.2  -1276.46  0  0  -1276.46  0  -1276.46  276.314  0  0  276.314  0  276.314
5.4705e+13  0  1823.5  -1276.06  0  0  -1276.06  0  -1276.06  276.183  0  0  276.183  0  276.183
5.4714e+13  0  1823.8  -1275.66  0  0  -1275.66  0  -1275.66  276.053  0  0  276.053  0  276.053
5.4723e+13  0  1824.1  -1275.25  0  0  -1275.25  0  -1275.25  275.922  0  0  275.922  0  275.922
5.4732e+13  0  1824.4  -1274.85  0  0  -1274.85  0  -1274.85  275.792  0  0  275.792  0  275.792
5.4741e+13  0  1824.7  -1274.45  0  0  -1274.45  0  -1274.45  275.661  0  0  275.661  0  275.661
5.475e+13  0  1825  -1274.05  0  0  -1274.05  0  -1274.05  275.531  0  0  275.531  0  275.531
5.4759e+13  0  1825.3  -1273.64  0  0  -1273.64  0  -1273.64  275.401  0  0  275.401  0  275.401
5.4768e+13  0  1825.6  -1273.24  0  0  -1273.24  0  -1273.24  275.271  0  0  275.271  0  275.271
5.4777e+13  0  1825.9  -1272.84  0  0  -1272.84  0  -1272.84  275.141  0  0  275.141  0  275.141
5.4786e+13  0  1826.2  -1272.44  0  0  -1272.44  0  -1272.44  275.011  0  0  275.011  0  275.011
5.4795e+13  0  1826.5  -1272.04  0  0  -1272.04  0  -1272.04  274.881  0  0  274.881  0  274.881
5.4804e+13  0  1826.8  -1271.64  0  0  -1271.64  0  -1271.64  274.751  0  0  274.751  0  274.751
5.4813e+13  0  1827.1  -1271.24  0  0  -1271.24  0  -1271.24  274.622  0  0  274.622  0  274.622
5.4822e+13  0  1827.4  -1270.83  0  0  -1270.83  0  -1270.83  274.492  0  0  274.492  0  274.492
5.4831e+13  0  1827.7  -1270.43  0  0  -1270.43  0  -1270.43  274.363  0  0  274.363  0  274.363
5.484e+13  0  1828  -1270.03  0  0  -1270.03  0  -1270.03  274.233  0  0  274.233  0  274.233
5.4849e+13  0  1828.3  -1269.63  0  0  -1269.63  0  -1269.63  274.104  0  0  274.104  0  274.104
5.4858e+13  0  1828.6  -1269.23  0  0  -1269.23  0  -1269.23  273.975  0  0  273.975  0  273.975
5.4867e+13  0  1828.9  -1268.83  0  0  -1268.83  0  -1268.83  273.845  0  0  273.845  0  273.845
5.4876e+13  0  1829.2  -1268.43  0  0  -1268.43  0  -1268.43  273.716  0  0  273.716  0  273.716
5.4885e+13  0  1829.5  -1268.03  0  0  -1268.03  0  -1268.03  273.587  0  0  273.587  0  273.587
5.4894e+13  0  1829.8  -1267.64  0  0  -1267.64  0  -1267.64  273.458  0  0  273.458  0  273.458
5.4903e+13  0  1830.1  -1267.24  0  0  -1267.24  0  -1267.24  273.33  0  0  273.33  0  273.33
5.4912e+13  0  1830.4  -1266.84  0  0  -1266.84  0  -1266.84  273.201  0  0  273.201  0  273.201
5.4921e+13  0  1830.7  -1266.44  0  0  -1266.44  0  -1266.44  273.072  0  0  273.072  0  273.072
5.493e+13  0  1831  -1266.04  0  0  -1266.04  0  -1266.04  272.944  0  0  272.944  0  272.944
5.4939e+13  0  1831.3  -1265.64  0  0  -1265.64  0  -1265.64  272.815  0  0  272.815  0  272.815
5.4948e+13  0  1831.6  -1265.24  0  0  -1265.24  0  -1265.24  272.687  0  0  272.687  0  272.687
5.4957e+13  0  1831.9  -1264.85  0  0  -1264.85  0  -1264.85  272.558  0  0  272.558  0  272.558
5.4966e+13  0  1832.2  -1264.45  0  0  -1264.45  0  -1264.45  272.43  0  0  272.43  0  272.43
5.4975e+13  0  1832.5  -1264.05  0  0  -1264.05  0  -1264.05  272.302  0  0  272.302  0  272.302
5.4984e+13  0  1832.8  -1263.65  0  0  -1263.65  0  -1263.65  272.174  0  0  272.174  0  272.174
5.4993e+13  0  1833.1  -1263.26  0  0  -1263.26  0  -1263.26  272.046  0  0  272.046  0  272.046
5.5002e+13  0  1833.4  -1262.86  0  0  -1262.86  0  -1262.86  271.918  0  0  271.918  0  271.918
5.5011e+13  0  1833.7  -1262.46  0  0  -1262.46  0  -1262.46  271.79  0  0  271.79  0  271.79
5.502e+13  0  1834  -1262.06  0  0  -1262.06  0  -1262.06  271.662  0  0  271.662  0  271.662
5.5029e+13  0  1834.3  -1261.67  0  0  -1261.67  0  -1261.67  271.534  0  0  271.534  0  271.534
5.5038e+13  0  1834.6  -1261.27  0  0  -1261.27  0  -1261.27  271.407  0  0  271.407  0  271.407
5.5047e+13  0  1834.9  -1260.88  0  0  -1260.88  0  -1260.88  271.279  0  0  271.279  0  271.279
5.5056e+13  0  1835.2  -1260.48  0  0  -1260.48  0  -1260.48  271.151  0  0  271.151  0  271.151
5.5065e+13  0  1835.5  -1260.08  0  0  -1260.08  0  -1260.08  271.024  0  0  271.024  0  271.024
5.5074e+13  0  1835.8  -1259.69  0  0  -1259.69  0  -1259.69  270.897  0  0  270.897  0  270.897
5.5083e+13  0  1836.1  -1259.29  0  0  -1259.29  0  -1259.29  270.77  0  0  270.77  0  270.77
5.5092e+13  0  1836.4  -1258.9  0  0  -1258.9  0  -1258.9  270.642  0  0  270.642  0  270.642
5.5101e+13  0  1836.7  -1258.5  0  0  -1258.5  0  -1258.5  270.515  0  0  270.515  0  270.515
5.511e+13  0  1837  -1258.11  0  0  -1258.11  0  -1258.11  270.388  0  0  270.388  0  270.388
5.5119e+13  0  1837.3  -1257.71  0  0  -1257.71  0  -1257.71  270.261  0  0  270.261  0  270.261
5.5128e+13  0  1837.6  -1257.32  0  0  -1257.32  0  -1257.32  270.135  0  0  270.135  0  270.135
5.5137e+13  0  1837.9  -1256.92  0  0  -1256.92  0  -1256.92  270.008  0  0  270.008  0  270.008
5.5146e+13  0  1838.2  -1256.53  0  0  -1256.53  0  -1256.53  269.881  0  0  269.881  0  269.881
5.5155e+13  0  1838.5  -1256.14  0  0  -1256.14  0  -1256.14  269.755  0  0  269.755  0  269.755
5.5164e+13  0  1838.8  -1255.74  0  0  -1255.74  0  -1255.74  269.628  0  0  269.628  0  269.628
5.5173e+13  0  1839.1  -1255.35  0  0  -1255.35  0  -1255.35  269.502  0  0  269.502  0  269.502
5.5182e+13  0  1839.4  -1254.96  0  0  -1254.96  0  -1254.96  269.375  0  0  269.375  0  269.375
5.5191e+13  0  1839.7  -1254.56  0  0  -1254.56  0  -1254.56  269.249  0  0  269.249  0  269.249
5.52e+13  0  1840  -1254.17  0  0  -1254.17  0  -1254.17  269.123  0  0  269.123  0  269.123
5.5209e+13  0  1840.3  -1253.78  0  0  -1253.78  0  -1253.78  268.997  0  0  268.997  0  268.997
5.5218e+13  0  1840.6  -1253.38  0  0  -1253.38  0  -1253.38  268.871  0  0  268.871  0  268.871
5.5227e+13  0  1840.9  -1252.99  0  0  -1252.99  0  -1252.99  268.745  0  0  268.745  0  268.745
5.5236e+13  0  1841.2  -1252.6  0  0  -1252.6  0  -1252.6  268.619  0  0  268.619  0  268.619
5.5245e+13  0  1841.5  -1252.21  0  0  -1252.21  0  -1252.21  268.493  0  0  268.493  0  268.493
5.5254e+13  0  1841.8  -1251.81  0  0  -1251.81  0  -1251.81  268.367  0  0  268.367  0  268.367
5.5263e+13  0  1842.1  -1251.42  0  0  -1251.42  0  -1251.42  268.241  0  0  268.241  0  268.241
5.5272e+13  0  1842.4  -1251.03  0  0  -1251.03  0  -1251.03  268.116  0  0  268.116  0  268.116
5.5281e+13  0  1842.7  -1250.64  0  0  -1250.64  0  -1250.64  267.99  0  0  267.99  0  267.99
5.529e+13  0  1843  -1250.25  0  0  -1250.25  0  -1250.25  267.865  0  0  267.865  0  267.865
5.5299e+13  0  1843.3  -1249.86  0  0  -1249.86  0  -1249.86  267.74  0  0  267.74  0  267.74
5.5308e+13  0  1843.6  -1249.47  0  0  -1249.47  0  -1249.47  267.614  0  0  267.614  0  267.614
5.5317e+13  0  1843.9  -1249.08  0  0  -1249.08  0  -1249.08  267.489  0  0  267.489  0  267.489
5.5326e+13  0  1844.2  -1248.69  0  0  -1248.69  0  -1248.69  267.364  0  0  267.364  0  267.364
5.5335e+13  0  1844.5  -1248.3  0  0  -1248.3  0  -1248.3  267.239  0  0  267.239  0  267.239
5.5344e+13  0  1844.8  -1247.91  0  0  -1247.91  0  -1247.91  267.114  0  0  267.114  0  267.114
5.5353e+13  0  1845.1  -1247.52  0  0  -1247.52  0  -1247.52  266.989  0  0  266.989  0  266.989
5.5362e+13  0  1845.4  -1247.13  0  0  -1247.13  0  -1247.13  266.865  0  0  266.865  0  266.865
5.5371e+13  0  1845.7  -1246.74  0  0  -1246.74  0  -1246.74  266.74  0  0  266.74  0  266.74
5.538e+13  0  1846  -1246.35  0  0  -1246.35  0  -1246.35  266.615  0  0  266.615  0  266.615
5.5389e+13  0  1846.3  -1245.96  0  0  -1245.96  0  -1245.96  266.491  0  0  266.491  0  266.491
5.5398e+13  0  1846.6  -1245.57  0  0  -1245.57  0  -1245.57  266.366  0  0  266.366  0  266.366
5.5407e+13  0  1846.9  -1245.18  0  0  -1245.18  0  -1245.18  266.242  0  0  266.242  0  266.242
5.5416e+13  0  1847.2  -1244.79  0  0  -1244.79  0  -1244.79  266.117  0  0  266.117  0  266.117
5.5425e+13  0  1847.5  -1244.4  0  0  -1244.4  0  -1244.4  265.993  0  0  265.993  0  265.993
5.5434e+13  0  1847.8  -1244.01  0  0  -1244.01  0  -1244.01  265.869  0  0  265.869  0  265.869
5.5443e+13  0  1848.1  -1243.63  0  0  -1243.63  0  -1243.63  265.745  0  0  265.745  0  265.745
5.5452e+13  0  1848.4  -1243.24  0  0  -1243.24  0  -1243.24  265.621  0  0  265.621  0  265.621
5.5461e+13  0  1848.7  -1242.85  0  0  -1242.85  0  -1242.85  265.497  0  0  265.497  0  265.497
5.547e+13  0  1849  -1242.46  0  0  -1242.46  0  -1242.46  265.373  0  0  265.373  0  265.373
5.5479e+13  0  1849.3  -1242.07  0  0  -1242.07  0  -1242.07  265.249  0  0  265.249  0  265.249
5.5488e+13  0  1849.6  -1241.69  0  0  -1241.69  0  -1241.69  265.126  0  0  265.126  0  265.126
5.5497e+13  0  1849.9  -1241.3  0  0  -1241.3  0  -1241.3  265.002  0  0  265.002  0  265.002
5.5506e+13  0  1850.2  -1240.91  0  0  -1240.91  0  -1240.91  264.879  0  0  264.879  0  264.879
5.5515e+13  0  1850.5  -1240.53  0  0  -1240.53  0  -1240.53  264.755  0  0  264.755  0  264.755
5.5524e+13  0  1850.8  -1240.14  0  0  -1240.14  0  -1240.14  264.632  0  0  264.632  0  264.632
5.5533e+13  0  1851.1  -1239.75  0  0  -1239.75  0  -1239.75  264.508  0  0  264.508  0  264.508
5.5542e+13  0  1851.4  -1239.37  0  0  -1239.37  0  -1239.37  264.385  0  0  264.385  0  264.385
5.5551e+13  0  1851.7  -1238.98  0  0  -1238.98  0  -1238.98  264.262  0  0  264.262  0  264.262
5.556e+13  0  1852  -1238.6  0  0  -1238.6  0  -1238.6  264.139  0  0  264.139  0  264.139
5.5569e+13  0  1852.3  -1238.21  0  0  -1238.21  0  -1238.21  264.016  0  0  264.016  0  264.016
5.5578e+13  0  1852.6  -1237.82  0  0  -1237.82  0  -1237.82  263.893  0  0  263.893  0  263.893
5.5587e+13  0  1852.9  -1237.44  0  0  -1237.44  0  -1237.44  263.77  0  0  263.77  0  263.77
5.5596e+13  0  1853.2  -1237.05  0  0  -1237.05  0  -1237.05  263.647  0  0  263.647  0  263.647
5.5605e+13  0  1853.5  -1236.67  0  0  -1236.67  0  -1236.67  263.525  0  0  263.525  0  263.525
5.5614e+13  0  1853.8  -1236.28  0  0  -1236.28  0  -1236.28  263.402  0  0  263.402  0  263.402
5.5623e+13  0  1854.1  -1235.9  0  0  -1235.9  0  -1235.9  263.279  0  0  263.279  0  263.279
5.5632e+13  0  1854.4  -1235.51  0  0  -1235.51  0  -1235.51  263.157  0  0  263.157  0  263.157
5.5641e+13  0  1854.7  -1235.13  0  0  -1235.13  0  -1235.13  263.035  0  0  263.035  0  263.035
5.565e+13  0  1855  -1234.75  0  0  -1234.75  0  -1234.75  262.912  0  0  262.912  0  262.912
5.5659e+13  0  1855.3  -1234.36  0  0  -1234.36  0  -1234.36  262.79  0  0  262.79  0  262.79
5.5668e+13  0  1855.6  -1233.98  0  0  -1233.98  0  -1233.98  262.668  0  0  262.668  0  262.668
5.5677e+13  0  1855.9  -1233.6  0  0  -1233.6  0  -1233.6  262.546  0  0  262.546  0  262.546
5.5686e+13  0  1856.2  -1233.21  0  0  -1233.21  0  -1233.21  262.424  0  0  262.424  0  262.424
5.5695e+13  0  1856.5  -1232.83  0  0  -1232.83  0  -1232.83  262.302  0  0  262.302  0  262.302
5.5704e+13  0  1856.8  -1232.45  0  0  -1232.45  0  -1232.45  262.18  0  0  262.18  0  262.18
5.5713e+13  0  1857.1  -1232.06  0  0  -1232.06  0  -1232.06  262.058  0  0  262.058  0  262.058
5.5722e+13  0  1857.4  -1231.68  0  0  -1231.68  0  -1231.68  261.936  0  0  261.936  0  261.936
5.5731e+13  0  1857.7  -1231.3  0  0  -1231.3  0  -1231.3  261.815  0  0  261.815  0  261.815
5.574e+13  0  1858  -1230.92  0  0  -1230.92  0  -1230.92  261.693  0  0  261.693  0  261.693
5.5749e+13  0  1858.3  -1230.53  0  0  -1230.53  0  -1230.53  261.572  0  0  261.572  0  261.572
5.5758e+13  0  1858.6  -1230.15  0  0  -1230.15  0  -1230.15  261.45  0  0  261.45  0  261.45
5.5767e+13  0  1858.9  -1229.77  0  0  -1229.77  0  -1229.77  261.329  0  0  261.329  0  261.329
5.5776e+13  0  1859.2  -1229.39  0  0  -1229.39  0  -1229.39  261.208  0  0  261.208  0  261.208
5.5785e+13  0  1859.5  -1229.01  0  0  -1229.01  0  -1229.01  261.087  0  0  261.087  0  261.087
5.5794e+13  0  1859.8  -1228.62  0  0  -1228.62  0  -1228.62  260.966  0  0  260.966  0  260.966
5.5803e+13  0  1860.1  -1228.24  0  0  -1228.24  0  -1228.24  260.845  0  0  260.845  0  260.845
5.5812e+13  0  1860.4  -1227.86  0  0  -1227.86  0  -1227.86  260.724  0  0  260.724  0  260.724
5.5821e+13  0  1860.7  -1227.48  0  0  -1227.48  0  -1227.48  260.603  0  0  260.603  0  260.603
5.583e+13  0  1861  -1227.1  0  0  -1227.1  0  -1227.1  260.482  0  0  260.482  0  260.482
5.5839e+13  0  1861.3  -1226.72  0  0  -1226.72  0  -1226.72  260.361  0  0  260.361  0  260.361
5.5848e+13  0  1861.6  -1226.34  0  0  -1226.34  0  -1226.34  260.24  0  0  260.24  0  260.24
5.5857e+13  0  1861.9  -1225.96  0  0  -1225.96  0  -1225.96  260.12  0  0  260.12  0  260.12
5.5866e+13  0  1862.2  -1225.58  0  0  -1225.58  0  -1225.58  259.999  0  0  259.999  0  259.999
5.5875e+13  0  1862.5  -1225.2  0  0  -1225.2  0  -1225.2  259.879  0  0  259.879  0  259.879
5.5884e+13  0  1862.8  -1224.82  0  0  -1224.82  0  -1224.82  259.759  0  0  259.759  0  259.759
5.5893e+13  0  1863.1  -1224.44  0  0  -1224.44  0  -1224.44  259.638  0  0  259.638  0  259.638
5.5902e+13  0  1863.4  -1224.06  0  0  -1224.06  0  -1224.06  259.518  0  0  259.518  0  259.518
5.5911e+13  0  1863.7  -1223.68  0  0  -1223.68  0  -1223.68  259.398  0  0  259.398  0  259.398
5.592e+13  0  1864  -1223.3  0  0  -1223.3  0  -1223.3  259.278  0  0  259.278  0  259.278
5.5929e+13  0  1864.3  -1222.93  0  0  -1222.93  0  -1222.93  259.158  0  0  259.158  0  259.158
5.5938e+13  0  1864.6  -1222.55  0  0  -1222.55  0  -1222.55  259.038  0  0  259.038  0  259.038
5.5947e+13  0  1864.9  -1222.17  0  0  -1222.17  0  -1222.17  258.918  0  0  258.918  0  258.918
5.5956e+13  0  1865.2  -1221.79  0  0  -1221.79  0  -1221.79  258.798  0  0  258.798  0  258.798
5.5965e+13  0  1865.5  -1221.41  0  0  -1221.41  0  -1221.41  258.679  0  0  258.679  0  258.679
5.5974e+13  0  1865.8  -1221.04  0  0  -1221.04  0  -1221.04  258.559  0  0  258.559  0  258.559
5.5983e+13  0  1866.1  -1220.66  0  0  -1220.66  0  -1220.66  258.44  0  0  258.44  0  258.44
5.5992e+13  0  1866.4  -1220.28  0  0  -1220.28  0  -1220.28  258.32  0  0  258.32  0  258.32
5.6001e+13  0  1866.7  -1219.9  0  0  -1219.9  0  -1219.9  258.201  0  0  258.201  0  258.201
5.601e+13  0  1867  -1219.53  0  0  -1219.53  0  -1219.53  258.081  0  0  258.081  0  258.081
5.6019e+13  0  1867.3  -1219.15  0  0  -1219.15  0  -1219.15  257.962  0  0  257.962  0  257.962
5.6028e+13  0  1867.6  -1218.77  0  0  -1218.77  0  -1218.77  257.843  0  0  257.843  0  257.843
5.6037e+13  0  1867.9  -1218.4  0  0  -1218.4  0  -1218.4  257.724  0  0  257.724  0  257.724
5.6046e+13  0  1868.2  -1218.02  0  0  -1218.02  0  -1218.02  257.605  0  0  257.605  0  257.605
5.6055e+13  0  1868.5  -1217.64  0  0  -1217.64  0  -1217.64  257.486  0  0  257.486  0  257.486
5.6064e+13  0  1868.8  -1217.27  0  0  -1217.27  0  -1217.27  257.367  0  0  257.367  0  257.367
5.6073e+13  0  1869.1  -1216.89  0  0  -1216.89  0  -1216.89  257.248  0  0  257.248  0  257.248
5.6082e+13  0  1869.4  -1216.51  0  0  -1216.51  0  -1216.51  257.13  0  0  257.13  0  257.13
5.6091e+13  0  1869.7  -1216.14  0  0  -1216.14  0  -1216.14  257.011  0  0  257.011  0  257.011
5.61e+13  0  1870  -1215.76  0  0  -1215.76  0  -1215.76  256.892  0  0  256.892  0  256.892
5.6109e+13  0  1870.3  -1215.39  0  0  -1215.39  0  -1215.39  256.774  0  0  256.774  0  256.774
5.6118e+13  0  1870.6  -1215.01  0  0  -1215.01  0  -1215.01  256.655  0  0  256.655  0  256.655
5.6127e+13  0  1870.9  -1214.64  0  0  -1214.64  0  -1214.64  256.537  0  0  256.537  0  256.537
5.6136e+13  0  1871.2  -1214.26  0  0  -1214.26  0  -1214.26  256.419  0  0  256.419  0  256.419
5.6145e+13  0  1871.5  -1213.89  0  0  -1213.89  0  -1213.89  256.301  0  0  256.301  0  256.301
5.6154e+13  0  1871.8  -1213.51  0  0  -1213.51  0  -1213.51  256.182  0  0  256.182  0  256.182
5.6163e+13  0  1872.1  -1213.14  0  0  -1213.14  0  -1213.14  256.064  0  0  256.064  0  256.064
5.6172e+13  0  1872.4  -1212.77  0  0  -1212.77  0  -1212.77  255.946  0  0  255.946  0  255.946
5.6181e+13  0  1872.7  -1212.39  0  0  -1212.39  0  -1212.39  255.828  0  0  255.828  0  255.828
5.619e+13  0  1873  -1212.02  0  0  -1212.02  0  -1212.02  255.711  0  0  255.711  0  255.711
5.6199e+13  0  1873.3  -1211.65  0  0  -1211.65  0  -1211.65  255.593  0  0  255.593  0  255.593
5.6208e+13  0  1873.6  -1211.27  0  0  -1211.27  0  -1211.27  255.475  0  0  255.475  0  255.475
5.6217e+13  0  1873.9  -1210.9  0  0  -1210.9  0  -1210.9  255.358  0  0  255.358  0  255.358
5.6226e+13  0  1874.2  -1210.53  0  0  -1210.53  0  -1210.53  255.24  0  0  255.24  0  255.24
5.6235e+13  0  1874.5  -1210.15  0  0  -1210.15  0  -1210.15  255.122  0  0  255.122  0  255.122
5.6244e+13  0  1874.8  -1209.78  0  0  -1209.78  0  -1209.78  255.005  0  0  255.005  0  255.005
5.6253e+13  0  1875.1  -1209.41  0  0  -1209.41  0  -1209.41  254.888  0  0  254.888  0  254.888
5.6262e+13  0  1875.4  -1209.04  0  0  -1209.04  0  -1209.04  254.77  0  0  254.77  0  254.77
5.6271e+13  0  1875.7  -1208.66  0  0  -1208.66  0  -1208.66  254.653  0  0  254.653  0  254.653
5.628e+13  0  1876  -1208.29  0  0  -1208.29  0  -1208.29  254.536  0  0  254.536  0  254.536
5.6289e+13  0  1876.3  -1207.92  0  0  -1207.92  0  -1207.92  254.419  0  0  254.419  0  254.419
5.6298e+13  0  1876.6  -1207.55  0  0  -1207.55  0  -1207.55  254.302  0  0  254.302  0  254.302
5.6307e+13  0  1876.9  -1207.18  0  0  -1207.18  0  -1207.18  254.185  0  0  254.185  0  254.185
5.6316e+13  0  1877.2  -1206.8  0  0  -1206.8  0  -1206.8  254.068  0  0  254.068  0  254.068
5.6325e+13  0  1877.5  -1206.43  0  0  -1206.43  0  -1206.43  253.952  0  0  253.952  0  253.952
5.6334e+13  0  1877.8  -1206.06  0  0  -1206.06  0  -1206.06  253.835  0  0  253.835  0  253.835
5.6343e+13  0  1878.1  -1205.69  0  0  -1205.69  0  -1205.69  253.718  0  0  253.718  0  253.718
5.6352e+13  0  1878.4  -1205.32  0  0  -1205.32  0  -1205.32  253.602  0  0  253.602  0  253.602
5.6361e+13  0  1878.7  -1204.95  0  0  -1204.95  0  -1204.95  253.485  0  0  253.485  0  253.485
5.637e+13  0  1879  -1204.58  0  0  -1204.58  0  -1204.58  253.369  0  0  253.369  0  253.369
5.6379e+13  0  1879.3  -1204.21  0  0  -1204.21  0  -1204.21  253.253  0  0  253.253  0  253.253
5.6388e+13  0  1879.6  -1203.84  0  0  -1203.84  0  -1203.84  253.136  0  0  253.136  0  253.136
5.6397e+13  0  1879.9  -1203.47  0  0  -1203.47  0  -1203.47  253.02  0  0  253.02  0  253.02
5.6406e+13  0  1880.2  -1203.1  0  0  -1203.1  0  -1203.1  252.904  0  0  252.904  0  252.904
5.6415e+13  0  1880.5  -1202.73  0  0  -1202.73  0  -1202.73  252.788  0  0  252.788  0  252.788
5.6424e+13  0  1880.8  -1202.36  0  0  -1202.36  0  -1202.36  252.672  0  0  252.672  0  252.672
5.6433e+13  0  1881.1  -1201.99  0  0  -1201.99  0  -1201.99  252.556  0  0  252.556  0  252.556
5.6442e+13  0  1881.4  -1201.62  0  0  -1201.62  0  -1201.62  252.44  0  0  252.44  0  252.44
5.6451e+13  0  1881.7  -1201.25  0  0  -1201.25  0  -1201.25  252.324  0  0  252.324  0  252.324
5.646e+13  0  1882  -1200.89  0  0  -1200.89  0  -1200.89  252.209  0  0  252.209  0  252.209
5.6469e+13  0  1882.3  -1200.52  0  0  -1200.52  0  -1200.52  252.093  0  0  252.093  0  252.093
5.6478e+13  0  1882.6  -1200.15  0  0  -1200.15  0  -1200.15  251.978  0  0  251.978  0  251.978
5.6487e+13  0  1882.9  -1199.78  0  0  -1199.78  0  -1199.78  251.862  0  0  251.862  0  251.862
5.6496e+13  0  1883.2  -1199.41  0  0  -1199.41  0  -1199.41  251.747  0  0  251.747  0  251.747
5.6505e+13  0  1883.5  -1199.04  0  0  -1199.04  0  -1199.04  251.631  0  0  251.631  0  251.631
5.6514e+13  0  1883.8  -1198.68  0  0  -1198.68  0  -1198.68  251.516  0  0  251.516  0  251.516
5.6523e+13  0  1884.1  -1198.31  0  0  -1198.31  0  -1198.31  251.401  0  0  251.401  0  251.401
5.6532e+13  0  1884.4  -1197.94  0  0  -1197.94  0  -1197.94  251.286  0  0  251.286  0  251.286
5.6541e+13  0  1884.7  -1197.58  0  0  -1197.58  0  -1197.58  251.171  0  0  251.171  0  251.171
5.655e+13  0  1885  -1197.21  0  0  -1197.21  0  -1197.21  251.056  0  0  251.056  0  251.056
5.6559e+13  0  1885.3  -1196.84  0  0  -1196.84  0  -1196.84  250.941  0  0  250.941  0  250.941
5.6568e+13  0  1885.6  -1196.47  0  0  -1196.47  0  -1196.47  250.826  0  0  250.826  0  250.826
5.6577e+13  0  1885.9  -1196.11  0  0  -1196.11  0  -1196.11  250.711  0  0  250.711  0  250.711
5.6586e+13  0  1886.2  -1195.74  0  0  -1195.74  0  -1195.74  250.597  0  0  250.597  0  250.597
5.6595e+13  0  1886.5  -1195.38  0  0  -1195.38  0  -1195.38  250.482  0  0  250.482  0  250.482
5.6604e+13  0  1886.8  -1195.01  0  0  -1195.01  0  -1195.01  250.367  0  0  250.367  0  250.367
5.6613e+13  0  1887.1  -1194.64  0  0  -1194.64  0  -1194.64  250.253  0  0  250.253  0  250.253
5.6622e+13  0  1887.4  -1194.28  0  0  -1194.28  0  -1194.28  250.138  0  0  250.138  0  250.138
5.6631e+13  0  1887.7  -1193.91  0  0  -1193.91  0  -1193.91  250.024  0  0  250.024  0  250.024
5.664e+13  0  1888  -1193.55  0  0  -1193.55  0  -1193.55  249.91  0  0  249.91  0  249.91
5.6649e+13  0  1888.3  -1193.18  0  0  -1193.18  0  -1193.18  249.796  0  0  249.796  0  249.796
5.6658e+13  0  1888.6  -1192.82  0  0  -1192.82  0  -1192.82  249.682  0  0  249.682  0  249.682
5.6667e+13  0  1888.9  -1192.45  0  0  -1192.45  0  -1192.45  249.567  0  0  249.567  0  249.567
5.6676e+13  0  1889.2  -1192.09  0  0  -1192.09  0  -1192.09  249.453  0  0  249.453  0  249.453
5.6685e+13  0  1889.5  -1191.72  0  0  -1191.72  0  -1191.72  249.34  0  0  249.34  0  249.34
5.6694e+13  0  1889.8  -1191.36  0  0  -1191.36  0  -1191.36  249.226  0  0  249.226  0  249.226
5.6703e+13  0  1890.1  -1190.99  0  0  -1190.99  0  -1190.99  249.112  0  0  249.112  0  249.112
5.6712e+13  0  1890.4  -1190.63  0  0  -1190.63  0  -1190.63  248.998  0  0  248.998  0  248.998
5.6721e+13  0  1890.7  -1190.27  0  0  -1190.27  0  -1190.27  248.885  0  0  248.885  0  248.885
5.673e+13  0  1891  -1189.9  0  0  -1189.9  0  -1189.9  248.771  0  0  248.771  0  248.771
5.6739e+13  0  1891.3  -1189.54  0  0  -1189.54  0  -1189.54  248.657  0  0  248.657  0  248.657
5.6748e+13  0  1891.6  -1189.18  0  0  -1189.18  0  -1189.18  248.544  0  0  248.544  0  248.544
5.6757e+13  0  1891.9  -1188.81  0  0  -1188.81  0  -1188.81  248.431  0  0  248.431  0  248.431
5.6766e+13  0  1892.2  -1188.45  0  0  -1188.45  0  -1188.45  248.317  0  0  248.317  0  248.317
5.6775e+13  0  1892.5  -1188.09  0  0  -1188.09  0  -1188.09  248.204  0  0  248.204  0  248.204
5.6784e+13  0  1892.8  -1187.72  0  0  -1187.72  0  -1187.72  248.091  0  0  248.091  0  248.091
5.6793e+13  0  1893.1  -1187.36  0  0  -1187.36  0  -1187.36  247.978  0  0  247.978  0  247.978
5.6802e+13  0  1893.4  -1187  0  0  -1187  0  -1187  247.865  0  0  247.865  0  247.865
5.6811e+13  0  1893.7  -1186.64  0  0  -1186.64  0  -1186.64  247.752  0  0  247.752  0  247.752
5.682e+13  0  1894  -1186.27  0  0  -1186.27  0  -1186.27  247.639  0  0  247.639  0  247.639
5.6829e+13  0  1894.3  -1185.91  0  0  -1185.91  0  -1185.91  247.526  0  0  247.526  0  247.526
5.6838e+13  0  1894.6  -1185.55  0  0  -1185.55  0  -1185.55  247.413  0  0  247.413  0  247.413
5.6847e+13  0  1894.9  -1185.19  0  0  -1185.19  0  -1185.19  247.301  0  0  247.301  0  247.301
5.6856e+13  0  1895.2  -1184.83  0  0  -1184.83  0  -1184.83  247.188  0  0  247.188  0  247.188
5.6865e+13  0  1895.5  -1184.47  0  0  -1184.47  0  -1184.47  247.076  0  0  247.076  0  247.076
5.6874e+13  0  1895.8  -1184.11  0  0  -1184.11  0  -1184.11  246.963  0  0  246.963  0  246.963
5.6883e+13  0  1896.1  -1183.74  0  0  -1183.74  0  -1183.74  246.851  0  0  246.851  0  246.851
5.6892e+13  0  1896.4  -1183.38  0  0  -1183.38  0  -1183.38  246.738  0  0  246.738  0  246.738
5.6901e+13  0  1896.7  -1183.02  0  0  -1183.02  0  -1183.02  246.626  0  0  246.626  0  246.626
5.691e+13  0  1897  -1182.66  0  0  -1182.66  0  -1182.66  246.514  0  0  246.514  0  246.514
5.6919e+13  0  1897.3  -1182.3  0  0  -1182.3  0  -1182.3  246.402  0  0  246.402  0  246.402
5.6928e+13  0  1897.6  -1181.94  0  0  -1181.94  0  -1181.94  246.29  0  0  246.29  0  246.29
5.6937e+13  0  1897.9  -1181.58  0  0  -1181.58  0  -1181.58  246.178  0  0  246.178  0  246.178
5.6946e+13  0  1898.2  -1181.22  0  0  -1181.22  0  -1181.22  246.066  0  0  246.066  0  246.066
5.6955e+13  0  1898.5  -1180.86  0  0  -1180.86  0  -1180.86  245.954  0  0  245.954  0  245.954
5.6964e+13  0  1898.8  -1180.5  0  0  -1180.5  0  -1180.5  245.842  0  0  245.842  0  245.842
5.6973e+13  0  1899.1  -1180.14  0  0  -1180.14  0  -1180.14  245.73  0  0  245.73  0  245.73
5.6982e+13  0  1899.4  -1179.79  0  0  -1179.79  0  -1179.79  245.619  0  0  245.619  0  245.619
5.6991e+13  0  1899.7  -1179.43  0  0  -1179.43  0  -1179.43  245.507  0  0  245.507  0  245.507
5.7e+13  0  1900  -1179.07  0  0  -1179.07  0  -1179.07  245.396  0  0  245.396  0  245.396
5.7009e+13  0  1900.3  -1178.71  0  0  -1178.71  0  -1178.71  245.284  0  0  245.284  0  245.284
5.7018e+13  0  1900.6  -1178.35  0  0  -1178.35  0  -1178.35  245.173  0  0  245.173  0  245.173
5.7027e+13  0  1900.9  -1177.99  0  0  -1177.99  0  -1177.99  245.061  0  0  245.061  0  245.061
5.7036e+13  0  1901.2  -1177.63  0  0  -1177.63  0  -1177.63  244.95  0  0  244.95  0  244.95
5.7045e+13  0  1901.5  -1177.28  0  0  -1177.28  0  -1177.28  244.839  0  0  244.839  0  244.839
5.7054e+13  0  1901.8  -1176.92  0  0  -1176.92  0  -1176.92  244.728  0  0  244.728  0  244.728
5.7063e+13  0  1902.1  -1176.56  0  0  -1176.56  0  -1176.56  244.617  0  0  244.617  0  244.617
5.7072e+13  0  1902.4  -1176.2  0  0  -1176.2  0  -1176.2  244.506  0  0  244.506  0  244.506
5.7081e+13  0  1902.7  -1175.85  0  0  -1175.85  0  -1175.85  244.395  0  0  244.395  0  244.395
5.709e+13  0  1903  -1175.49  0  0  -1175.49  0  -1175.49  244.284  0  0  244.284  0  244.284
5.7099e+13  0  1903.3  -1175.13  0  0  -1175.13  0  -1175.13  244.173  0  0  244.173  0  244.173
5.7108e+13  0  1903.6  -1174.77  0  0  -1174.77  0  -1174.77  244.063  0  0  244.063  0  244.063
5.7117e+13  0  1903.9  -1174.42  0  0  -1174.42  0  -1174.42  243.952  0  0  243.952  0  243.952
5.7126e+13  0  1904.2  -1174.06  0  0  -1174.06  0  -1174.06  243.842  0  0  243.842  0  243.842
5.7135e+13  0  1904.5  -1173.7  0  0  -1173.7  0  -1173.7  243.731  0  0  243.731  0  243.731
5.7144e+13  0  1904.8  -1173.35  0  0  -1173.35  0  -1173.35  243.621  0  0  243.621  0  243.621
5.7153e+13  0  1905.1  -1172.99  0  0  -1172.99  0  -1172.99  243.51  0  0  243.51  0  243.51
5.7162e+13  0  1905.4  -1172.64  0  0  -1172.64  0  -1172.64  243.4  0  0  243.4  0  243.4
5.7171e+13  0  1905.7  -1172.28  0  0  -1172.28  0  -1172.28  243.29  0  0  243.29  0  243.29
5.718e+13  0  1906  -1171.92  0  0  -1171.92  0  -1171.92  243.179  0  0  243.179  0  243.179
5.7189e+13  0  1906.3  -1171.57  0  0  -1171.57  0  -1171.57  243.069  0  0  243.069  0  243.069
5.7198e+13  0  1906.6  -1171.21  0  0  -1171.21  0  -1171.21  242.959  0  0  242.959  0  242.959
5.7207e+13  0  1906.9  -1170.86  0  0  -1170.86  0  -1170.86  242.849  0  0  242.849  0  242.849
5.7216e+13  0  1907.2  -1170.5  0  0  -1170.5  0  -1170.5  242.739  0  0  242.739  0  242.739
5.7225e+13  0  1907.5  -1170.15  0  0  -1170.15  0  -1170.15  242.63  0  0  242.63  0  242.63
5.7234e+13  0  1907.8  -1169.79  0  0  -1169.79  0  -1169.79  242.52  0  0  242.52  0  242.52
5.7243e+13  0  1908.1  -1169.44  0  0  -1169.44  0  -1169.44  242.41  0  0  242.41  0  242.41
5.7252e+13  0  1908.4  -1169.09  0  0  -1169.09  0  -1169.09  242.301  0  0  242.301  0  242.301
5.7261e+13  0  1908.7  -1168.73  0  0  -1168.73  0  -1168.73  242.191  0  0  242.191  0  242.191
5.727e+13  0  1909  -1168.38  0  0  -1168.38  0  -1168.38  242.081  0  0  242.081  0  242.081
5.7279e+13  0  1909.3  -1168.02  0  0  -1168.02  0  -1168.02  241.972  0  0  241.972  0  241.972
5.7288e+13  0  1909.6  -1167.67  0  0  -1167.67  0  -1167.67  241.863  0  0  241.863  0  241.863
5.7297e+13  0  1909.9  -1167.32  0  0  -1167.32  0  -1167.32  241.753  0  0  241.753  0  241.753
5.7306e+13  0  1910.2  -1166.96  0  0  -1166.96  0  -1166.96  241.644  0  0  241.644  0  241.644
5.7315e+13  0  1910.5  -1166.61  0  0  -1166.61  0  -1166.61  241.535  0  0  241.535  0  241.535
5.7324e+13  0  1910.8  -1166.26  0  0  -1166.26  0  -1166.26  241.426  0  0  241.426  0  241.426
5.7333e+13  0  1911.1  -1165.9  0  0  -1165.9  0  -1165.9  241.317  0  0  241.317  0  241.317
5.7342e+13  0  1911.4  -1165.55  0  0  -1165.55  0  -1165.55  241.208  0  0  241.208  0  241.208
5.7351e+13  0  1911.7  -1165.2  0  0  -1165.2  0  -1165.2  241.099  0  0  241.099  0  241.099
5.736e+13  0  1912  -1164.85  0  0  -1164.85  0  -1164.85  240.99  0  0  240.99  0  240.99
5.7369e+13  0  1912.3  -1164.49  0  0  -1164.49  0  -1164.49  240.881  0  0  240.881  0  240.881
5.7378e+13  0  1912.6  -1164.14  0  0  -1164.14  0  -1164.14  240.773  0  0  240.773  0  240.773
5.7387e+13  0  1912.9  -1163.79  0  0  -1163.79  0  -1163.79  240.664  0  0  240.664  0  240.664
5.7396e+13  0  1913.2  -1163.44  0  0  -1163.44  0  -1163.44  240.555  0  0  240.555  0  240.555
5.7405e+13  0  1913.5  -1163.09  0  0  -1163.09  0  -1163.09  240.447  0  0  240.447  0  240.447
5.7414e+13  0  1913.8  -1162.73  0  0  -1162.73  0  -1162.73  240.338  0  0  240.338  0  240.338
5.7423e+13  0  1914.1  -1162.38  0  0  -1162.38  0  -1162.38  240.23  0  0  240.23  0  240.23
5.7432e+13  0  1914.4  -1162.03  0  0  -1162.03  0  -1162.03  240.122  0  0  240.122  0  240.122
5.7441e+13  0  1914.7  -1161.68  0  0  -1161.68  0  -1161.68  240.013  0  0  240.013  0  240.013
5.745e+13  0  1915  -1161.33  0  0  -1161.33  0  -1161.33  239.905  0  0  239.905  0  239.905
5.7459e+13  0  1915.3  -1160.98  0  0  -1160.98  0  -1160.98  239.797  0  0  239.797  0  239.797
5.7468e+13  0  1915.6  -1160.63  0  0  -1160.63  0  -1160.63  239.689  0  0  239.689  0  239.689
5.7477e+13  0  1915.9  -1160.28  0  0  -1160.28  0  -1160.28  239.581  0  0  239.581  0  239.581
5.7486e+13  0  1916.2  -1159.93  0  0  -1159.93  0  -1159.93  239.473  0  0  239.473  0  239.473
5.7495e+13  0  1916.5  -1159.58  0  0  -1159.58  0  -1159.58  239.365  0  0  239.365  0  239.365
5.7504e+13  0  1916.8  -1159.23  0  0  -1159.23  0  -1159.23  239.258  0  0  239.258  0  239.258
5.7513e+13  0  1917.1  -1158.88  0  0  -1158.88  0  -1158.88  239.15  0  0  239.15  0  239.15
5.7522e+13  0  1917.4  -1158.53  0  0  -1158.53  0  -1158.53  239.042  0  0  239.042  0  239.042
5.7531e+13  0  1917.7  -1158.18  0  0  -1158.18  0  -1158.18  238.935  0  0  238.935  0  238.935
5.754e+13  0  1918  -1157.83  0  0  -1157.83  0  -1157.83  238.827  0  0  238.827  0  238.827
5.7549e+13  0  1918.3  -1157.48  0  0  -1157.48  0  -1157.48  238.72  0  0  238.72  0  238.72
5.7558e+13  0  1918.6  -1157.13  0  0  -1157.13  0  -1157.13  238.612  0  0  238.612  0  238.612
5.7567e+13  0  1918.9  -1156.78  0  0  -1156.78  0  -1156.78  238.505  0  0  238.505  0  238.505
5.7576e+13  0  1919.2  -1156.43  0  0  -1156.43  0  -1156.43  238.398  0  0  238.398  0  238.398
5.7585e+13  0  1919.5  -1156.08  0  0  -1156.08  0  -1156.08  238.29  0  0  238.29  0  238.29
5.7594e+13  0  1919.8  -1155.74  0  0  -1155.74  0  -1155.74  238.183  0  0  238.183  0  238.183
5.7603e+13  0  1920.1  -1155.39  0  0  -1155.39  0  -1155.39  238.076  0  0  238.076  0  238.076
5.7612e+13  0  1920.4  -1155.04  0  0  -1155.04  0  -1155.04  237.969  0  0  237.969  0  237.969
5.7621e+13  0  1920.7  -1154.69  0  0  -1154.69  0  -1154.69  237.862  0  0  237.862  0  237.862
5.763e+13  0  1921  -1154.34  0  0  -1154.34  0  -1154.34  237.755  0  0  237.755  0  237.755
5.7639e+13  0  1921.3  -1154  0  0  -1154  0  -1154  237.648  0  0  237.648  0  237.648
5.7648e+13  0  1921.6  -1153.65  0  0  -1153.65  0  -1153.65  237.542  0  0  237.542  0  237.542
5.7657e+13  0  1921.9  -1153.3  0  0  -1153.3  0  -1153.3  237.435  0  0  237.435  0  237.435
5.7666e+13  0  1922.2  -1152.95  0  0  -1152.95  0  -1152.95  237.328  0  0  237.328  0  237.328
5.7675e+13  0  1922.5  -1152.61  0  0  -1152.61  0  -1152.61  237.222  0  0  237.222  0  237.222
5.7684e+13  0  1922.8  -1152.26  0  0  -1152.26  0  -1152.26  237.115  0  0  237.115  0  237.115
5.7693e+13  0  1923.1  -1151.91  0  0  -1151.91  0  -1151.91  237.009  0  0  237.009  0  237.009
5.7702e+13  0  1923.4  -1151.57  0  0  -1151.57  0  -1151.57  236.903  0  0  236.903  0  236.903
5.7711e+13  0  1923.7  -1151.22  0  0  -1151.22  0  -1151.22  236.796  0  0  236.796  0  236.796
5.772e+13  0  1924  -1150.87  0  0  -1150.87  0  -1150.87  236.69  0  0  236.69  0  236.69
5.7729e+13  0  1924.3  -1150.53  0  0  -1150.53  0  -1150.53  236.584  0  0  236.584  0  236.584
5.7738e+13  0  1924.6  -1150.18  0  0  -1150.18  0  -1150.18  236.478  0  0  236.478  0  236.478
5.7747e+13  0  1924.9  -1149.84  0  0  -1149.84  0  -1149.84  236.372  0  0  236.372  0  236.372
5.7756e+13  0  1925.2  -1149.49  0  0  -1149.49  0  -1149.49  236.266  0  0  236.266  0  236.266
5.7765e+13  0  1925.5  -1149.15  0  0  -1149.15  0  -1149.15  236.16  0  0  236.16  0  236.16
5.7774e+13  0  1925.8  -1148.8  0  0  -1148.8  0  -1148.8  236.054  0  0  236.054  0  236.054
5.7783e+13  0  1926.1  -1148.46  0  0  -1148.46  0  -1148.46  235.948  0  0  235.948  0  235.948
5.7792e+13  0  1926.4  -1148.11  0  0  -1148.11  0  -1148.11  235.842  0  0  235.842  0  235.842
5.7801e+13  0  1926.7  -1147.77  0  0  -1147.77  0  -1147.77  235.737  0  0  235.737  0  235.737
5.781e+13  0  1927  -1147.42  0  0  -1147.42  0  -1147.42  235.631  0  0  235.631  0  235.631
5.7819e+13  0  1927.3  -1147.08  0  0  -1147.08  0  -1147.08  235.526  0  0  235.526  0  235.526
5.7828e+13  0  1927.6  -1146.73  0  0  -1146.73  0  -1146.73  235.42  0  0  235.42  0  235.42
5.7837e+13  0  1927.9  -1146.39  0  0  -1146.39  0  -1146.39  235.315  0  0  235.315  0  235.315
5.7846e+13  0  1928.2  -1146.04  0  0  -1146.04  0  -1146.04  235.209  0  0  235.209  0  235.209
5.7855e+13  0  1928.5  -1145.7  0  0  -1145.7  0  -1145.7  235.104  0  0  235.104  0  235.104
5.7864e+13  0  1928.8  -1145.36  0  0  -1145.36  0  -1145.36  234.999  0  0  234.999  0  234.999
5.7873e+13  0  1929.1  -1145.01  0  0  -1145.01  0  -1145.01  234.894  0  0  234.894  0  234.894
5.7882e+13  0  1929.4  -1144.67  0  0  -1144.67  0  -1144.67  234.789  0  0  234.789  0  234.789
5.7891e+13  0  1929.7  -1144.33  0  0  -1144.33  0  -1144.33  234.683  0  0  234.683  0  234.683
5.79e+13  0  1930  -1143.98  0  0  -1143.98  0  -1143.98  234.578  0  0  234.578  0  234.578
5.7909e+13  0  1930.3  -1143.64  0  0  -1143.64  0  -1143.64  234.474  0  0  234.474  0  234.474
5.7918e+13  0  1930.6  -1143.3  0  0  -1143.3  0  -1143.3  234.369  0  0  234.369  0  234.369
5.7927e+13  0  1930.9  -1142.95  0  0  -1142.95  0  -1142.95  234.264  0  0  234.264  0  234.264
5.7936e+13  0  1931.2  -1142.61  0  0  -1142.61  0  -1142.61  234.159  0  0  234.159  0  234.159
5.7945e+13  0  1931.5  -1142.27  0  0  -1142.27  0  -1142.27  234.055  0  0  234.055  0  234.055
5.7954e+13  0  1931.8  -1141.93  0  0  -1141.93  0  -1141.93  233.95  0  0  233.95  0  233.95
5.7963e+13  0  1932.1  -1141.58  0  0  -1141.58  0  -1141.58  233.845  0  0  233.845  0  233.845
5.7972e+13  0  1932.4  -1141.24  0  0  -1141.24  0  -1141.24  233.741  0  0  233.741  0  233.741
5.7981e+13  0  1932.7  -1140.9  0  0  -1140.9  0  -1140.9  233.637  0  0  233.637  0  233.637
5.799e+13  0  1933  -1140.56  0  0  -1140.56  0  -1140.56  233.532  0  0  233.532  0  233.532
5.7999e+13  0  1933.3  -1140.22  0  0  -1140.22  0  -1140.22  233.428  0  0  233.428  0  233.428
5.8008e+13  0  1933.6  -1139.88  0  0  -1139.88  0  -1139.88  233.324  0  0  233.324  0  233.324
5.8017e+13  0  1933.9  -1139.53  0  0  -1139.53  0  -1139.53  233.22  0  0  233.22  0  233.22
5.8026e+13  0  1934.2  -1139.19  0  0  -1139.19  0  -1139.19  233.115  0  0  233.115  0  233.115
5.8035e+13  0  1934.5  -1138.85  0  0  -1138.85  0  -1138.85  233.011  0  0  233.011  0  233.011
5.8044e+13  0  1934.8  -1138.51  0  0  -1138.51  0  -1138.51  232.907  0  0  232.907  0  232.907
5.8053e+13  0  1935.1  -1138.17  0  0  -1138.17  0  -1138.17  232.804  0  0  232.804  0  232.804
5.8062e+13  0  1935.4  -1137.83  0  0  -1137.83  0  -1137.83  232.7  0  0  232.7  0  232.7
5.8071e+13  0  1935.7  -1137.49  0  0  -1137.49  0  -1137.49  232.596  0  0  232.596  0  232.596
5.808e+13  0  1936  -1137.15  0  0  -1137.15  0  -1137.15  232.492  0  0  232.492  0  232.492
5.8089e+13  0  1936.3  -1136.81  0  0  -1136.81  0  -1136.81  232.389  0  0  232.389  0  232.389
5.8098e+13  0  1936.6  -1136.47  0  0  -1136.47  0  -1136.47  232.285  0  0  232.285  0  232.285
5.8107e+13  0  1936.9  -1136.13  0  0  -1136.13  0  -1136.13  232.181  0  0  232.181  0  232.181
5.8116e+13  0  1937.2  -1135.79  0  0  -1135.79  0  -1135.79  232.078  0  0  232.078  0  232.078
5.8125e+13  0  1937.5  -1135.45  0  0  -1135.45  0  -1135.45  231.975  0  0  231.975  0  231.975
5.8134e+13  0  1937.8  -1135.11  0  0  -1135.11  0  -1135.11  231.871  0  0  231.871  0  231.871
5.8143e+13  0  1938.1  -1134.77  0  0  -1134.77  0  -1134.77  231.768  0  0  231.768  0  231.768
5.8152e+13  0  1938.4  -1134.43  0  0  -1134.43  0  -1134.43  231.665  0  0  231.665  0  231.665
5.8161e+13  0  1938.7  -1134.1  0  0  -1134.1  0  -1134.1  231.562  0  0  231.562  0  231.562
5.817e+13  0  1939  -1133.76  0  0  -1133.76  0  -1133.76  231.458  0  0  231.458  0  231.458
5.8179e+13  0  1939.3  -1133.42  0  0  -1133.42  0  -1133.42  231.355  0  0  231.355  0  231.355
5.8188e+13  0  1939.6  -1133.08  0  0  -1133.08  0  -1133.08  231.252  0  0  231.252  0  231.252
5.8197e+13  0  1939.9  -1132.74  0  0  -1132.74  0  -1132.74  231.149  0  0  231.149  0  231.149
5.8206e+13  0  1940.2  -1132.4  0  0  -1132.4  0  -1132.4  231.047  0  0  231.047  0  231.047
5.8215e+13  0  1940.5  -1132.07  0  0  -1132.07  0  -1132.07  230.944  0  0  230.944  0  230.944
5.8224e+13  0  1940.8  -1131.73  0  0  -1131.73  0  -1131.73  230.841  0  0  230.841  0  230.841
5.8233e+13  0  1941.1  -1131.39  0  0  -1131.39  0  -1131.39  230.738  0  0  230.738  0  230.738
5.8242e+13  0  1941.4  -1131.05  0  0  -1131.05  0  -1131.05  230.636  0  0  230.636  0  230.636
5.8251e+13  0  1941.7  -1130.72  0  0  -1130.72  0  -1130.72  230.533  0  0  230.533  0  230.533
5.826e+13  0  1942  -1130.38  0  0  -1130.38  0  -1130.38  230.431  0  0  230.431  0  230.431
5.8269e+13  0  1942.3  -1130.04  0  0  -1130.04  0  -1130.04  230.328  0  0  230.328  0  230.328
5.8278e+13  0  1942.6  -1129.7  0  0  -1129.7  0  -1129.7  230.226  0  0  230.226  0  230.226
5.8287e+13  0  1942.9  -1129.37  0  0  -1129.37  0  -1129.37  230.124  0  0  230.124  0  230.124
5.8296e+13  0  1943.2  -1129.03  0  0  -1129.03  0  -1129.03  230.021  0  0  230.021  0  230.021
5.8305e+13  0  1943.5  -1128.69  0  0  -1128.69  0  -1128.69  229.919  0  0  229.919  0  229.919
5.8314e+13  0  1943.8  -1128.36  0  0  -1128.36  0  -1128.36  229.817  0  0  229.817  0  229.817
5.8323e+13  0  1944.1  -1128.02  0  0  -1128.02  0  -1128.02  229.715  0  0  229.715  0  229.715
5.8332e+13  0  1944.4  -1127.69  0  0  -1127.69  0  -1127.69  229.613  0  0  229.613  0  229.613
5.8341e+13  0  1944.7  -1127.35  0  0  -1127.35  0  -1127.35  229.511  0  0  229.511  0  229.511
5.835e+13  0  1945  -1127.01  0  0  -1127.01  0  -1127.01  229.409  0  0  229.409  0  229.409
5.8359e+13  0  1945.3  -1126.68  0  0  -1126.68  0  -1126.68  229.307  0  0  229.307  0  229.307
5.8368e+13  0  1945.6  -1126.34  0  0  -1126.34  0  -1126.34  229.206  0  0  229.206  0  229.206
5.8377e+13  0  1945.9  -1126.01  0  0  -1126.01  0  -1126.01  229.104  0  0  229.104  0  229.104
5.8386e+13  0  1946.2  -1125.67  0  0  -1125.67  0  -1125.67  229.002  0  0  229.002  0  229.002
5.8395e+13  0  1946.5  -1125.34  0  0  -1125.34  0  -1125.34  228.901  0  0  228.901  0  228.901
5.8404e+13  0  1946.8  -1125  0  0  -1125  0  -1125  228.799  0  0  228.799  0  228.799
5.8413e+13  0  1947.1  -1124.67  0  0  -1124.67  0  -1124.67  228.698  0  0  228.698  0  228.698
5.8422e+13  0  1947.4  -1124.33  0  0  -1124.33  0  -1124.33  228.596  0  0  228.596  0  228.596
5.8431e+13  0  1947.7  -1124  0  0  -1124  0  -1124  228.495  0  0  228.495  0  228.495
5.844e+13  0  1948  -1123.67  0  0  -1123.67  0  -1123.67  228.394  0  0  228.394  0  228.394
5.8449e+13  0  1948.3  -1123.33  0  0  -1123.33  0  -1123.33  228.293  0  0  228.293  0  228.293
5.8458e+13  0  1948.6  -1123  0  0  -1123  0  -1123  228.191  0  0  228.191  0  228.191
5.8467e+13  0  1948.9  -1122.66  0  0  -1122.66  0  -1122.66  228.09  0  0  228.09  0  228.09
5.8476e+13  0  1949.2  -1122.33  0  0  -1122.33  0  -1122.33  227.989  0  0  227.989  0  227.989
5.8485e+13  0  1949.5  -1122  0  0  -1122  0  -1122  227.888  0  0  227.888  0  227.888
5.8494e+13  0  1949.8  -1121.66  0  0  -1121.66  0  -1121.66  227.787  0  0  227.787  0  227.787
5.8503e+13  0  1950.1  -1121.33  0  0  -1121.33  0  -1121.33  227.687  0  0  227.687  0  227.687
5.8512e+13  0  1950.4  -1121  0  0  -1121  0  -1121  227.586  0  0  227.586  0  227.586
5.8521e+13  0  1950.7  -1120.66  0  0  -1120.66  0  -1120.66  227.485  0  0  227.485  0  227.485
5.853e+13  0  1951  -1120.33  0  0  -1120.33  0  -1120.33  227.384  0  0  227.384  0  227.384
5.8539e+13  0  1951.3  -1120  0  0  -1120  0  -1120  227.284  0  0  227.284  0  227.284
5.8548e+13  0  1951.6  -1119.67  0  0  -1119.67  0  -1119.67  227.183  0  0  227.183  0  227.183
5.8557e+13  0  1951.9  -1119.33  0  0  -1119.33  0  -1119.33  227.083  0  0  227.083  0  227.083
5.8566e+13  0  1952.2  -1119  0  0  -1119  0  -1119  226.982  0  0  226.982  0  226.982
5.8575e+13  0  1952.5  -1118.67  0  0  -1118.67  0  -1118.67  226.882  0  0  226.882  0  226.882
5.8584e+13  0  1952.8  -1118.34  0  0  -1118.34  0  -1118.34  226.782  0  0  226.782  0  226.782
5.8593e+13  0  1953.1  -1118.01  0  0  -1118.01  0  -1118.01  226.681  0  0  226.681  0  226.681
5.8602e+13  0  1953.4  -1117.67  0  0  -1117.67  0  -1117.67  226.581  0  0  226.581  0  226.581
5.8611e+13  0  1953.7  -1117.34  0  0  -1117.34  0  -1117.34  226.481  0  0  226.481  0  226.481
5.862e+13  0  1954  -1117.01  0  0  -1117.01  0  -1117.01  226.381  0  0  226.381  0  226.381
5.8629e+13  0  1954.3  -1116.68  0  0  -1116.68  0  -1116.68  226.281  0  0  226.281  0  226.281
5.8638e+13  0  1954.6  -1116.35  0  0  -1116.35  0  -1116.35  226.181  0  0  226.181  0  226.181
5.8647e+13  0  1954.9  -1116.02  0  0  -1116.02  0  -1116.02  226.081  0  0  226.081  0  226.081
5.8656e+13  0  1955.2  -1115.69  0  0  -1115.69  0  -1115.69  225.981  0  0  225.981  0  225.981
5.8665e+13  0  1955.5  -1115.36  0  0  -1115.36  0  -1115.36  225.881  0  0  225.881  0  225.881
5.8674e+13  0  1955.8  -1115.03  0  0  -1115.03  0  -1115.03  225.782  0  0  225.782  0  225.782
5.8683e+13  0  1956.1  -1114.7  0  0  -1114.7  0  -1114.7  225.682  0  0  225.682  0  225.682
5.8692e+13  0  1956.4  -1114.37  0  0  -1114.37  0  -1114.37  225.582  0  0  225.582  0  225.582
5.8701e+13  0  1956.7  -1114.04  0  0  -1114.04  0  -1114.04  225.483  0  0  225.483  0  225.483
5.871e+13  0  1957  -1113.71  0  0  -1113.71  0  -1113.71  225.383  0  0  225.383  0  225.383
5.8719e+13  0  1957.3  -1113.38  0  0  -1113.38  0  -1113.38  225.284  0  0  225.284  0  225.284
5.8728e+13  0  1957.6  -1113.05  0  0  -1113.05  0  -1113.05  225.185  0  0  225.185  0  225.185
5.8737e+13  0  1957.9  -1112.72  0  0  -1112.72  0  -1112.72  225.085  0  0  225.085  0  225.085
5.8746e+13  0  1958.2  -1112.39  0  0  -1112.39  0  -1112.39  224.986  0  0  224.986  0  224.986
5.8755e+13  0  1958.5  -1112.06  0  0  -1112.06  0  -1112.06  224.887  0  0  224.887  0  224.887
5.8764e+13  0  1958.8  -1111.73  0  0  -1111.73  0  -1111.73  224.788  0  0  224.788  0  224.788
5.8773e+13  0  1959.1  -1111.4  0  0  -1111.4  0  -1111.4  224.689  0  0  224.689  0  224.689
5.8782e+13  0  1959.4  -1111.07  0  0  -1111.07  0  -1111.07  224.59  0  0  224.59  0  224.59
5.8791e+13  0  1959.7  -1110.74  0  0  -1110.74  0  -1110.74  224.491  0  0  224.491  0  224.491
5.88e+13  0  1960  -1110.42  0  0  -1110.42  0  -1110.42  224.392  0  0  224.392  0  224.392
5.8809e+13  0  1960.3  -1110.09  0  0  -1110.09  0  -1110.09  224.293  0  0  224.293  0  224.293
5.8818e+13  0  1960.6  -1109.76  0  0  -1109.76  0  -1109.76  224.194  0  0  224.194  0  224.194
5.8827e+13  0  1960.9  -1109.43  0  0  -1109.43  0  -1109.43  224.095  0  0  224.095  0  224.095
5.8836e+13  0  1961.2  -1109.1  0  0  -1109.1  0  -1109.1  223.997  0  0  223.997  0  223.997
5.8845e+13  0  1961.5  -1108.78  0  0  -1108.78  0  -1108.78  223.898  0  0  223.898  0  223.898
5.8854e+13  0  1961.8  -1108.45  0  0  -1108.45  0  -1108.45  223.8  0  0  223.8  0  223.8
5.8863e+13  0  1962.1  -1108.12  0  0  -1108.12  0  -1108.12  223.701  0  0  223.701  0  223.701
5.8872e+13  0  1962.4  -1107.79  0  0  -1107.79  0  -1107.79  223.603  0  0  223.603  0  223.603
5.8881e+13  0  1962.7  -1107.47  0  0  -1107.47  0  -1107.47  223.504  0  0  223.504  0  223.504
5.889e+13  0  1963  -1107.14  0  0  -1107.14  0  -1107.14  223.406  0  0  223.406  0  223.406
5.8899e+13  0  1963.3  -1106.81  0  0  -1106.81  0  -1106.81  223.308  0  0  223.308  0  223.308
5.8908e+13  0  1963.6  -1106.49  0  0  -1106.49  0  -1106.49  223.209  0  0  223.209  0  223.209
5.8917e+13  0  1963.9  -1106.16  0  0  -1106.16  0  -1106.16  223.111  0  0  223.111  0  223.111
5.8926e+13  0  1964.2  -1105.83  0  0  -1105.83  0  -1105.83  223.013  0  0  223.013  0  223.013
5.8935e+13  0  1964.5  -1105.51  0  0  -1105.51  0  -1105.51  222.915  0  0  222.915  0  222.915
5.8944e+13  0  1964.8  -1105.18  0  0  -1105.18  0  -1105.18  222.817  0  0  222.817  0  222.817
5.8953e+13  0  1965.1  -1104.85  0  0  -1104.85  0  -1104.85  222.719  0  0  222.719  0  222.719
5.8962e+13  0  1965.4  -1104.53  0  0  -1104.53  0  -1104.53  222.621  0  0  222.621  0  222.621
5.8971e+13  0  1965.7  -1104.2  0  0  -1104.2  0  -1104.2  222.524  0  0  222.524  0  222.524
5.898e+13  0  1966  -1103.88  0  0  -1103.88  0  -1103.88  222.426  0  0  222.426  0  222.426
5.8989e+13  0  1966.3  -1103.55  0  0  -1103.55  0  -1103.55  222.328  0  0  222.328  0  222.328
5.8998e+13  0  1966.6  -1103.23  0  0  -1103.23  0  -1103.23  222.231  0  0  222.231  0  222.231
5.9007e+13  0  1966.9  -1102.9  0  0  -1102.9  0  -1102.9  222.133  0  0  222.133  0  222.133
5.9016e+13  0  1967.2  -1102.58  0  0  -1102.58  0  -1102.58  222.036  0  0  222.036  0  222.036
5.9025e+13  0  1967.5  -1102.25  0  0  -1102.25  0  -1102.25  221.938  0  0  221.938  0  221.938
5.9034e+13  0  1967.8  -1101.93  0  0  -1101.93  0  -1101.93  221.841  0  0  221.841  0  221.841
5.9043e+13  0  1968.1  -1101.6  0  0  -1101.6  0  -1101.6  221.743  0  0  221.743  0  221.743
5.9052e+13  0  1968.4  -1101.28  0  0  -1101.28  0  -1101.28  221.646  0  0  221.646  0  221.646
5.9061e+13  0  1968.7  -1100.95  0  0  -1100.95  0  -1100.95  221.549  0  0  221.549  0  221.549
5.907e+13  0  1969  -1100.63  0  0  -1100.63  0  -1100.63  221.452  0  0  221.452  0  221.452
5.9079e+13  0  1969.3  -1100.31  0  0  -1100.31  0  -1100.31  221.355  0  0  221.355  0  221.355
5.9088e+13  0  1969.6  -1099.98  0  0  -1099.98  0  -1099.98  221.258  0  0  221.258  0  221.258
5.9097e+13  0  1969.9  -1099.66  0  0  -1099.66  0  -1099.66  221.161  0  0  221.161  0  221.161
5.9106e+13  0  1970.2  -1099.33  0  0  -1099.33  0  -1099.33  221.064  0  0  221.064  0  221.064
5.9115e+13  0  1970.5  -1099.01  0  0  -1099.01  0  -1099.01  220.967  0  0  220.967  0  220.967
5.9124e+13  0  1970.8  -1098.69  0  0  -1098.69  0  -1098.69  220.87  0  0  220.87  0  220.87
5.9133e+13  0  1971.1  -1098.36  0  0  -1098.36  0  -1098.36  220.773  0  0  220.773  0  220.773
5.9142e+13  0  1971.4  -1098.04  0  0  -1098.04  0  -1098.04  220.676  0  0  220.676  0  220.676
5.9151e+13  0  1971.7  -1097.72  0  0  -1097.72  0  -1097.72  220.58  0  0  220.58  0  220.58
5.916e+13  0  1972  -1097.4  0  0  -1097.4  0  -1097.4  220.483  0  0  220.483  0  220.483
5.9169e+13  0  1972.3  -1097.07  0  0  -1097.07  0  -1097.07  220.387  0  0  220.387  0  220.387
5.9178e+13  0  1972.6  -1096.75  0  0  -1096.75  0  -1096.75  220.29  0  0  220.29  0  220.29
5.9187e+13  0  1972.9  -1096.43  0  0  -1096.43  0  -1096.43  220.194  0  0  220.194  0  220.194
5.9196e+13  0  1973.2  -1096.11  0  0  -1096.11  0  -1096.11  220.097  0  0  220.097  0  220.097
5.9205e+13  0  1973.5  -1095.78  0  0  -1095.78  0  -1095.78  220.001  0  0  220.001  0  220.001
5.9214e+13  0  1973.8  -1095.46  0  0  -1095.46  0  -1095.46  219.905  0  0  219.905  0  219.905
5.9223e+13  0  1974.1  -1095.14  0  0  -1095.14  0  -1095.14  219.809  0  0  219.809  0  219.809
5.9232e+13  0  1974.4  -1094.82  0  0  -1094.82  0  -1094.82  219.713  0  0  219.713  0  219.713
5.9241e+13  0  1974.7  -1094.5  0  0  -1094.5  0  -1094.5  219.616  0  0  219.616  0  219.616
5.925e+13  0  1975  -1094.18  0  0  -1094.18  0  -1094.18  219.52  0  0  219.52  0  219.52
5.9259e+13  0  1975.3  -1093.85  0  0  -1093.85  0  -1093.85  219.424  0  0  219.424  0  219.424
5.9268e+13  0  1975.6  -1093.53  0  0  -1093.53  0  -1093.53  219.329  0  0  219.329  0  219.329
5.9277e+13  0  1975.9  -1093.21  0  0  -1093.21  0  -1093.21  219.233  0  0  219.233  0  219.233
5.9286e+13  0  1976.2  -1092.89  0  0  -1092.89  0  -1092.89  219.137  0  0  219.137  0  219.137
5.9295e+13  0  1976.5  -1092.57  0  0  -1092.57  0  -1092.57  219.041  0  0  219.041  0  219.041
5.9304e+13  0  1976.8  -1092.25  0  0  -1092.25  0  -1092.25  218.945  0  0  218.945  0  218.945
5.9313e+13  0  1977.1  -1091.93  0  0  -1091.93  0  -1091.93  218.85  0  0  218.85  0  218.85
5.9322e+13  0  1977.4  -1091.61  0  0  -1091.61  0  -1091.61  218.754  0  0  218.754  0  218.754
5.9331e+13  0  1977.7  -1091.29  0  0  -1091.29  0  -1091.29  218.659  0  0  218.659  0  218.659
5.934e+13  0  1978  -1090.97  0  0  -1090.97  0  -1090.97  218.563  0  0  218.563  0  218.563
5.9349e+13  0  1978.3  -1090.65  0  0  -1090.65  0  -1090.65  218.468  0  0  218.468  0  218.468
5.9358e+13  0  1978.6  -1090.33  0  0  -1090.33  0  -1090.33  218.372  0  0  218.372  0  218.372
5.9367e+13  0  1978.9  -1090.01  0  0  -1090.01  0  -1090.01  218.277  0  0  218.277  0  218.277
5.9376e+13  0  1979.2  -1089.69  0  0  -1089.69  0  -1089.69  218.182  0  0  218.182  0  218.182
5.9385e+13  0  1979.5  -1089.37  0  0  -1089.37  0  -1089.37  218.087  0  0  218.087  0  218.087
5.9394e+13  0  1979.8  -1089.05  0  0  -1089.05  0  -1089.05  217.992  0  0  217.992  0  217.992
5.9403e+13  0  1980.1  -1088.73  0  0  -1088.73  0  -1088.73  217.897  0  0  217.897  0  217.897
5.9412e+13  0  1980.4  -1088.42  0  0  -1088.42  0  -1088.42  217.802  0  0  217.802  0  217.802
5.9421e+13  0  1980.7  -1088.1  0  0  -1088.1  0  -1088.1  217.707  0  0  217.707  0  217.707
5.943e+13  0  1981  -1087.78  0  0  -1087.78  0  -1087.78  217.612  0  0  217.612  0  217.612
5.9439e+13  0  1981.3  -1087.46  0  0  -1087.46  0  -1087.46  217.517  0  0  217.517  0  217.517
5.9448e+13  0  1981.6  -1087.14  0  0  -1087.14  0  -1087.14  217.422  0  0  217.422  0  217.422
5.9457e+13  0  1981.9  -1086.82  0  0  -1086.82  0  -1086.82  217.327  0  0  217.327  0  217.327
5.9466e+13  0  1982.2  -1086.51  0  0  -1086.51  0  -1086.51  217.233  0  0  217.233  0  217.233
5.9475e+13  0  1982.5  -1086.19  0  0  -1086.19  0  -1086.19  217.138  0  0  217.138  0  217.138
5.9484e+13  0  1982.8  -1085.87  0  0  -1085.87  0  -1085.87  217.043  0  0  217.043  0  217.043
5.9493e+13  0  1983.1  -1085.55  0  0  -1085.55  0  -1085.55  216.949  0  0  216.949  0  216.949
5.9502e+13  0  1983.4  -1085.23  0  0  -1085.23  0  -1085.23  216.854  0  0  216.854  0  216.854
5.9511e+13  0  1983.7  -1084.92  0  0  -1084.92  0  -1084.92  216.76  0  0  216.76  0  216.76
5.952e+13  0  1984  -1084.6  0  0  -1084.6  0  -1084.6  216.666  0  0  216.666  0  216.666
5.9529e+13  0  1984.3  -1084.28  0  0  -1084.28  0  -1084.28  216.571  0  0  216.571  0  216.571
5.9538e+13  0  1984.6  -1083.97  0  0  -1083.97  0  -1083.97  216.477  0  0  216.477  0  216.477
5.9547e+13  0  1984.9  -1083.65  0  0  -1083.65  0  -1083.65  216.383  0  0  216.383  0  216.383
5.9556e+13  0  1985.2  -1083.33  0  0  -1083.33  0  -1083.33  216.289  0  0  216.289  0  216.289
5.9565e+13  0  1985.5  -1083.02  0  0  -1083.02  0  -1083.02  216.195  0  0  216.195  0  216.195
5.9574e+13  0  1985.8  -1082.7  0  0  -1082.7  0  -1082.7  216.101  0  0  216.101  0  216.101
5.9583e+13  0  1986.1  -1082.38  0  0  -1082.38  0  -1082.38  216.007  0  0  216.007  0  216.007
5.9592e+13  0  1986.4  -1082.07  0  0  -1082.07  0  -1082.07  215.913  0  0  215.913  0  215.913
5.9601e+13  0  1986.7  -1081.75  0  0  -1081.75  0  -1081.75  215.819  0  0  215.819  0  215.819
5.961e+13  0  1987  -1081.44  0  0  -1081.44  0  -1081.44  215.725  0  0  215.725  0  215.725
5.9619e+13  0  1987.3  -1081.12  0  0  -1081.12  0  -1081.12  215.631  0  0  215.631  0  215.631
5.9628e+13  0  1987.6  -1080.8  0  0  -1080.8  0  -1080.8  215.538  0  0  215.538  0  215.538
5.9637e+13  0  1987.9  -1080.49  0  0  -1080.49  0  -1080.49  215.444  0  0  215.444  0  215.444
5.9646e+13  0  1988.2  -1080.17  0  0  -1080.17  0  -1080.17  215.35  0  0  215.35  0  215.35
5.9655e+13  0  1988.5  -1079.86  0  0  -1079.86  0  -1079.86  215.257  0  0  215.257  0  215.257
5.9664e+13  0  1988.8  -1079.54  0  0  -1079.54  0  -1079.54  215.163  0  0  215.163  0  215.163
5.9673e+13  0  1989.1  -1079.23  0  0  -1079.23  0  -1079.23  215.07  0  0  215.07  0  215.07
5.9682e+13  0  1989.4  -1078.91  0  0  -1078.91  0  -1078.91  214.977  0  0  214.977  0  214.977
5.9691e+13  0  1989.7  -1078.6  0  0  -1078.6  0  -1078.6  214.883  0  0  214.883  0  214.883
5.97e+13  0  1990  -1078.28  0  0  -1078.28  0  -1078.28  214.79  0  0  214.79  0  214.79
5.9709e+13  0  1990.3  -1077.97  0  0  -1077.97  0  -1077.97  214.697  0  0  214.697  0  214.697
5.9718e+13  0  1990.6  -1077.66  0  0  -1077.66  0  -1077.66  214.604  0  0  214.604  0  214.604
5.9727e+13  0  1990.9  -1077.34  0  0  -1077.34  0  -1077.34  214.511  0  0  214.511  0  214.511
5.9736e+13  0  1991.2  -1077.03  0  0  -1077.03  0  -1077.03  214.418  0  0  214.418  0  214.418
5.9745e+13  0  1991.5  -1076.71  0  0  -1076.71  0  -1076.71  214.325  0  0  214.325  0  214.325
5.9754e+13  0  1991.8  -1076.4  0  0  -1076.4  0  -1076.4  214.232  0  0  214.232  0  214.232
5.9763e+13  0  1992.1  -1076.09  0  0  -1076.09  0  -1076.09  214.139  0  0  214.139  0  214.139
5.9772e+13  0  1992.4  -1075.77  0  0  -1075.77  0  -1075.77  214.046  0  0  214.046  0  214.046
5.9781e+13  0  1992.7  -1075.46  0  0  -1075.46  0  -1075.46  213.953  0  0  213.953  0  213.953
5.979e+13  0  1993  -1075.15  0  0  -1075.15  0  -1075.15  213.86  0  0  213.86  0  213.86
5.9799e+13  0  1993.3  -1074.83  0  0  -1074.83  0  -1074.83  213.768  0  0  213.768  0  213.768
5.9808e+13  0  1993.6  -1074.52  0  0  -1074.52  0  -1074.52  213.675  0  0  213.675  0  213.675
5.9817e+13  0  1993.9  -1074.21  0  0  -1074.21  0  -1074.21  213.583  0  0  213.583  0  213.583
5.9826e+13  0  1994.2  -1073.9  0  0  -1073.9  0  -1073.9  213.49  0  0  213.49  0  213.49
5.9835e+13  0  1994.5  -1073.58  0  0  -1073.58  0  -1073.58  213.398  0  0  213.398  0  213.398
5.9844e+13  0  1994.8  -1073.27  0  0  -1073.27  0  -1073.27  213.305  0  0  213.305  0  213.305
5.9853e+13  0  1995.1  -1072.96  0  0  -1072.96  0  -1072.96  213.213  0  0  213.213  0  213.213
5.9862e+13  0  1995.4  -1072.65  0  0  -1072.65  0  -1072.65  213.121  0  0  213.121  0  213.121
5.9871e+13  0  1995.7  -1072.33  0  0  -1072.33  0  -1072.33  213.028  0  0  213.028  0  213.028
5.988e+13  0  1996  -1072.02  0  0  -1072.02  0  -1072.02  212.936  0  0  212.936  0  212.936
5.9889e+13  0  1996.3  -1071.71  0  0  -1071.71  0  -1071.71  212.844  0  0  212.844  0  212.844
5.9898e+13  0  1996.6  -1071.4  0  0  -1071.4  0  -1071.4  212.752  0  0  212.752  0  212.752
5.9907e+13  0  1996.9  -1071.09  0  0  -1071.09  0  -1071.09  212.66  0  0  212.66  0  212.66
5.9916e+13  0  1997.2  -1070.78  0  0  -1070.78  0  -1070.78  212.568  0  0  212.568  0  212.568
5.9925e+13  0  1997.5  -1070.47  0  0  -1070.47  0  -1070.47  212.476  0  0  212.476  0  212.476
5.9934e+13  0  1997.8  -1070.15  0  0  -1070.15  0  -1070.15  212.384  0  0  212.384  0  212.384
5.9943e+13  0  1998.1  -1069.84  0  0  -1069.84  0  -1069.84  212.293  0  0  212.293  0  212.293
5.9952e+13  0  1998.4  -1069.53  0  0  -1069.53  0  -1069.53  212.201  0  0  212.201  0  212.201
5.9961e+13  0  1998.7  -1069.22  0  0  -1069.22  0  -1069.22  212.109  0  0  212.109  0  212.109
5.997e+13  0  1999  -1068.91  0  0  -1068.91  0  -1068.91  212.017  0  0  212.017  0  212.017
5.9979e+13  0  1999.3  -1068.6  0  0  -1068.6  0  -1068.6  211.926  0  0  211.926  0  211.926
5.9988e+13  0  1999.6  -1068.29  0  0  -1068.29  0  -1068.29  211.834  0  0  211.834  0  211.834
5.9997e+13  0  1999.9  -1067.98  0  0  -1067.98  0  -1067.98  211.743  0  0  211.743  0  211.743
